Gene_Symbol,disease_association,essential_gene,loss_of_function_tolerance,loss_of_function_constraint,observed_expected_lof_ratio,rvis_score,gwas_associations,protein_protein_interactions,chemical_gene_interactions,drug_interaction_types,known_antibodies,antibody,antibody_availability,small_molecule,tractable_modalities,overall_therapeutic_potential,functional_characterization,protein_domains,protein_length,expression_tissue_specificity,expression_specificity,expression_broadly_expressed,alternative_splicing
A1BG,,,0.0,,0.74,,,0.7,0.85,,0.9,,,,,0.7,,,0.5,1.0,,,
A1CF,,1.0,0.0,,,,0.75,0.5,0.8,,,,0.9,,0.7,0.75,,,,,1.0,,
A2M,0.7,,0.0,,0.4,,,0.7,0.8,,,,0.9,,0.8,,,,0.8,,,,
A2ML1,,,0.0,,,,0.5,,0.6,,0.8,,,,0.8,,,,,,0.99,,0.6
A3GALT2,,,0.0,,0.95,,,,0.5,,,,0.6,,0.7,,,,0.5,,,,
A4GALT,,,0.0,,0.96,,0.6,0.5,0.7,,0.8,,,,0.9,0.7,0.85,,0.5,0.76,,,
A4GNT,,,0.17,,0.29,,,0.5,0.7,,0.94,,,,,0.75,,,0.68,,,,
AAAS,0.9,,0.0,,0.72,,,0.5,0.6,,0.7,,,,0.7,,,,0.5,,,,
AACS,,,0.0,,0.8,,,,0.8,,0.9,,,,0.6,0.7,,,0.5,0.8,,,
AADAC,,,0.0,,,,0.5,,0.8,,,,0.9,,,,,,,,,,
AADACL2,,,0.0,,0.5,,,,,,,,0.9,,0.8,,,,0.6,,,,
AADACL3,,,0.01,,0.72,,,,0.6,,0.82,,,,,,,,0.7,,,,
AADACL4,,,0.0,,0.88,,,,0.7,,0.9,,,,0.6,,,,0.75,,,,
AADAT,,,,,,,,,,,,0.9,,0.7,,,,,,,,,
AAGAB,0.8,,0.0,,0.66,,,0.7,0.8,,,,0.9,,,0.65,,,0.75,,,0.6,
AAK1,,,,1.0,0.04,,,,0.6,,0.7,,,,,,,0.9,0.8,,,,
AAMDC,,,0.0,,0.5,,,,0.7,,0.8,,,,0.8,,,,0.5,0.7,,,
AAMP,,,,0.75,0.18,,,0.5,0.7,,0.92,,,,0.8,,,,0.87,,,,
AANAT,0.8,,0.0,,0.6,,0.8,,0.7,,0.9,,,,,,,,0.5,1.0,,,0.6
AAR2,,,0.0,,0.77,,,0.6,0.5,,0.8,,,,0.7,,,,0.5,,,0.6,
AARD,,,0.33,,0.24,0.0,,,0.8,,,,,,,0.6,,,0.5,,,,
AARS2,0.7,,0.0,,0.65,,,,0.8,,,,0.9,,0.75,0.7,0.85,,0.8,,,,
AARSD1,,,0.0,,0.74,,,0.75,0.7,,0.8,,,,,,,,0.6,,,0.55,
AASDH,,,0.0,,0.61,,,,0.7,,0.9,,,,0.5,0.65,,,0.8,0.64,,,
AASDHPPT,0.5,,0.04,,0.34,,,0.4,0.67,,0.71,,,,0.5,,,,0.62,,,0.6,
AASS,0.9,,0.0,,0.58,,,,0.8,,,,0.9,,0.7,,,,0.7,,0.8,,
AATF,,1.0,0.0,,,,,,0.4,,,,0.9,,,,,,,,,1.0,
AATK,,,,0.56,0.22,,0.4,,0.5,,0.7,,,,0.85,,,0.9,0.8,0.97,,,
ABAT,0.5,,0.01,,0.33,,,,0.85,0.9,0.85,,,,0.7,,0.8,,0.5,0.85,,,
ABCA1,,1.0,0.0,,0.36,,0.9,,0.7,0.6,0.8,,,,,,,0.8,,,,,
ABCA10,,,0.0,,0.78,,,,0.5,,0.6,,,,0.5,0.55,,,0.8,,,,
ABCA11P,,,0.0,,0.0,,,,0.7,,,,,,,0.2,,,0.5,,,0.2,
ABCA12,,1.0,0.0,,0.37,,,,0.7,,,,,,0.8,,,,0.5,,1.0,,
ABCA13,,,0.0,,,,0.1,,0.8,,,,,,0.6,,,,0.7,0.95,,,0.4
ABCA2,,,,,,,,,,,,0.8,,0.6,,,,,,,,,
ABCA3,0.5,1.0,0.0,,,,,,,,,,0.8,,0.75,,,,,,0.7,,
ABCA4,0.9,,0.1,,,,,,,,,,0.9,,,,,,,,,,
ABCA5,,,0.0,,0.64,0.86,0.6,,0.75,,0.9,,,,0.8,0.65,,,0.8,0.71,,,
ABCA6,,,0.0,,0.67,,0.9,,0.75,,0.85,,,,0.7,,,,0.8,,,,
ABCA7,,,0.0,,0.89,,0.9,0.5,0.75,,0.85,,,,,0.75,,,0.8,,,,
ABCA8,,,0.0,,,,0.8,,,,,,0.9,,0.7,,,,,,,,0.6
ABCA9,,,0.0,,0.86,,,0.6,0.7,,0.9,,,,0.9,,,0.75,0.8,0.87,,,
ABCB1,,,0.0,,,,0.5,,0.6,0.7,0.9,,,,,0.75,,,,,,,
ABCB10,,,0.0,,,,,,,,,,0.9,,,,,,,0.6,,,
ABCB11,,,0.0,,0.47,,0.9,,0.75,0.6,0.7,,,,0.8,,,0.85,0.7,1.0,,,
ABCB4,,,0.0,,0.35,0.8,0.6,,0.7,0.9,0.8,,,,,0.7,0.6,,0.7,1.0,,,
ABCB5,,,0.0,,0.89,,,0.2,0.7,,0.9,,,,0.75,,,,0.8,,,,
ABCB6,0.9,,,,,,,,,,,,,,,,,,,,,,
ABCB7,,,,,,,,,,,,0.8,,0.6,,,,,,,,,
ABCB8,,,0.0,,0.8,,,,0.7,,0.96,,,,,,,,0.5,,,,0.6
ABCB9,,,0.0,,,,0.8,0.5,0.7,,,,0.9,,0.8,,0.9,,,,0.7,,
ABCC1,,,0.01,,0.26,0.11,0.6,,0.8,0.8,0.9,,,,,,,,0.76,0.71,,,
ABCC10,,,0.0,,,,0.5,,0.8,,,,0.9,,,0.7,,,,,0.65,,
ABCC11,,,0.0,,1.0,,0.5,,0.8,,0.9,,,,,,,0.7,0.8,,,,
ABCC12,,,0.0,,0.5,,,,0.6,,0.9,,,,0.7,,,0.8,0.7,,,,
ABCC13,,,1.0,,1.0,,,,0.8,,,,,,,,,,0.5,,,0.6,
ABCC2,0.8,,0.0,,,,,,,,,,0.7,,,,,,,,1.0,,
ABCC3,,,0.0,,,,,,,,,,,,,0.65,,,,,0.96,,0.5
ABCC4,,,0.0,,,,0.8,,0.85,,,,0.9,,,,,,,,0.88,,
ABCC5,,,0.02,,0.26,,0.5,,0.85,0.8,0.9,,,,,,,,0.9,,,,
ABCC6,0.8,,0.0,,,,,,,,,,,,,,,,,,0.99,,
ABCC8,0.8,,0.0,,,,,,,,,,0.9,,,,,,,,0.97,,
ABCC9,,,0.0,,0.35,,0.5,,0.6,0.4,0.9,,,,0.6,,,,0.7,,,,
ABCD1,1.0,,,1.0,0.0,,,0.5,0.7,,0.9,,,,,,,,0.6,,,,
ABCD2,,,0.0,,0.55,,,0.4,0.67,,0.85,,,,,,,,0.74,0.85,,,
ABCD3,,,,,,,,,,,,0.7,,0.5,,,,,,,,,
ABCD4,,,,,,,,,,,,0.8,,0.6,,,,,,,,,
ABCE1,,1.0,,0.98,0.16,,,,0.73,,0.85,,,,,0.78,,,0.75,,,,
ABCF1,,,0.0,,0.4,,0.9,,0.7,,0.85,,,,0.8,,,0.6,0.8,,,0.7,
ABCF2,,,0.03,,0.28,,0.75,0.6,0.7,,0.9,,,,0.9,,,0.8,0.85,,,0.65,
ABCF3,,,0.0,,0.36,,,,0.6,,0.9,,,,0.7,,,0.8,0.8,,,0.5,
ABCG1,,,0.3,,,,0.5,,,,,,0.9,,,0.7,,,,,,,0.6
ABCG2,,,0.0,,0.6,,0.8,0.6,0.7,0.4,0.9,,,,,,,,0.5,0.7,,,
ABCG4,0.75,,0.0,,,,0.8,,0.7,,,,0.9,,0.8,,,,,,0.95,,
ABCG5,0.8,,0.1,,,,,,,,,,0.9,,,,,,,,,,
ABCG8,,,0.0,,,,0.9,0.5,0.6,,0.7,,,,,,,,,1.0,,,
ABHD1,,,0.0,,0.6,0.8,,,0.7,,0.9,,,,0.6,0.7,,,0.5,1.0,,,
ABHD10,,,0.0,,0.69,0.82,,,0.8,,0.9,,,,0.7,,0.8,,0.5,,,0.6,0.7
ABHD11,,,0.0,,0.5,,,,0.7,,0.9,,,,0.8,,,,0.5,,,,
ABHD12,,,0.0,,,,0.7,0.6,0.85,,,,0.9,,0.8,,,,,,,0.75,
ABHD12B,,,0.0,,0.5,0.9,,0.3,0.6,,0.8,,,,,,,0.7,0.7,0.95,,,
ABHD13,,,,0.91,0.08,,,,0.7,,0.81,,,,0.8,,,,0.67,,,0.54,
ABHD14A,,,0.0,,0.81,,,,0.7,,0.9,,,,0.85,,,,0.6,0.73,,,
ABHD14B,,,0.0,,0.93,,,,0.9,,0.8,,,,0.9,,,0.7,0.5,0.64,,,
ABHD15,,,0.0,,0.92,,,0.5,0.67,,0.78,,,,0.6,,,,0.5,,,,
ABHD16A,,,0.4,,,,0.8,,0.7,,,,0.9,,0.8,0.7,,,,,,,
ABHD16B,,,0.0,,0.65,,,,0.5,,0.6,,,,,0.65,,,0.5,0.8,,,
ABHD17A,0.6,,0.8,,,,,,,,,,,,,,,,,,,,
ABHD17B,,,,,,,,,,,,1.0,,,,,,,,,,,
ABHD17C,,,,0.94,0.0,,,,0.5,,0.7,,,,0.75,,0.9,0.8,0.5,0.81,,,
ABHD18,,,0.0,,0.0,,,0.4,0.6,,0.8,,,,0.9,,,,0.5,,,0.6,
ABHD2,,,,0.72,0.19,,,,0.73,,,,1.0,,0.8,0.75,,,0.85,,,,
ABHD3,,,0.0,,,,0.5,,,,,,0.9,,0.8,,,,,,0.6,,
ABHD4,,,0.0,,0.7,,,,0.85,,0.9,,,,0.8,,,,0.5,0.68,,,
ABHD5,,,0.0,,0.64,,,,,,,,,,,,,,,,,,
ABHD6,,,0.0,,0.58,,0.8,,0.7,0.6,0.9,,,,0.8,0.75,,,0.7,,,,
ABHD8,,,,0.97,0.06,,,0.5,0.8,,0.99,,,,,,,,0.88,,,,
ABI1,,,,,,,,,,,,,,,,,,,,,,,
ABI2,,,0.45,,0.22,,0.1,0.5,0.64,,0.84,,,,,,,,0.51,0.61,,,
ABI3,,,0.0,,0.47,,0.2,,0.7,,0.9,,,,0.6,,,0.8,0.5,0.97,,,
ABI3BP,,,0.0,,0.38,,0.8,,0.7,,0.9,,,,0.85,,,0.6,0.5,,,,
ABL1,0.8,1.0,,1.0,0.93,,,0.5,0.6,0.9,0.7,,,,,,,0.9,,0.75,,,
ABL2,,,0.0,,0.4,,,,0.8,0.7,0.9,,,,0.8,,,,0.75,0.65,,,
ABLIM1,,,,0.89,0.19,,,0.6,0.9,,0.95,,,,0.8,,,,0.78,0.89,,,
ABLIM2,,,0.0,,0.3,,,0.5,0.7,,0.9,,,,0.7,0.65,,,0.6,0.89,,,
ABLIM3,,,0.0,,0.4,0.7,0.6,0.6,0.7,,0.8,,,,0.8,,,,0.5,,,,
ABO,0.5,,0.0,,,,,,,,,,,,,,0.7,,,,,,
ABR,,,,0.91,0.19,,0.4,,0.64,,0.74,,,,,0.7,,,0.85,,,,
ABRA,,,,,,,,,,,,,,,,,,,,,,,
ABRACL,,,0.25,,0.3,,0.1,,0.6,,0.53,,,,0.8,0.55,,,0.81,0.89,,,
ABRAXAS1,,,0.0,,0.0,,,0.5,0.6,,0.8,,,,0.8,,,,0.7,0.9,,,0.5
ABRAXAS2,,,,,,,,,,,,,,,,,,,,,,,
ABT1,,,0.8,,,,0.9,,0.75,,,,0.85,,0.8,,,,,,0.7,,
ABTB1,,,0.0,,0.46,0.9,,0.5,0.6,,0.8,,,,0.8,,,0.8,0.7,,,,
ABTB2,,,0.0,,0.3,,,0.85,0.6,,0.9,,,,0.6,,,0.75,0.7,,,,
ACAA1,0.9,,0.0,,0.75,,,0.6,0.8,,0.9,,,,0.8,,,,0.7,,,0.5,0.7
ACAA2,,,0.0,,0.87,,,0.4,0.8,,0.9,,,,0.7,,,,0.6,,,,
ACACA,,1.0,,1.0,0.15,,,,0.8,0.6,0.9,,,,,,,,0.7,,,0.5,
ACACB,,,0.0,,0.69,,,,0.75,0.6,0.7,,,,,,,,0.8,0.85,,,
ACAD10,,,0.0,,0.87,0.2,0.8,,0.7,,0.9,,,,0.8,,,,0.5,,,0.6,
ACAD11,,,0.0,,,,0.8,,,,,,0.9,,0.7,0.78,,,,,0.96,,
ACAD8,0.8,,0.0,,0.84,,,,0.7,,,,0.9,,0.7,,,,0.5,,,0.6,
ACAD9,0.8,,0.0,,,,,0.6,,,,,0.9,,0.8,0.7,0.9,,,,,,
ACADL,1.0,1.0,0.0,,0.8,,0.6,0.1,0.8,,0.9,,,,,,,,,0.89,,,
ACADM,1.0,1.0,0.0,,0.8,,0.75,,0.7,,0.6,,,,,,1.0,,,0.6,,,
ACADS,,,0.0,,0.61,,0.8,0.2,0.8,,0.9,,,,0.6,,0.9,,0.5,,,,
ACADSB,0.5,,0.0,,0.79,,,0.3,0.8,,0.9,,,,,,,,0.5,0.8,,,
ACADVL,0.8,,0.0,,,,,0.5,,,,,,,,,,,,,0.6,,
ACAN,,1.0,,1.0,0.1,,0.8,0.5,0.7,,,,,,,,,,0.6,,,0.4,
ACAP1,,,0.8,,0.5,,,,0.8,,0.9,,,,0.8,0.82,,0.75,0.7,0.95,,,
ACAP2,,,,0.94,0.19,,,,0.8,,0.85,,,,0.85,,,,0.78,,,,
ACAP3,,,0.0,,0.33,,,0.7,0.6,,0.9,,,,0.75,,,0.8,0.7,,,,
ACAT1,0.7,,0.0,,0.67,,,0.5,0.8,,0.9,,,,0.6,,,,0.5,0.7,,,
ACAT2,0.7,,0.0,,0.7,,,0.5,0.8,,0.9,,,,,,,,0.6,,,,
ACBD3,,,0.9,,0.5,,,,0.7,,0.8,,,,0.7,0.7,,,0.6,,,,
ACBD4,,,0.0,,0.57,,0.6,,0.75,,0.8,,,,0.8,,,,0.5,0.7,,,
ACBD5,0.7,,0.8,,,,,,,,,,0.9,,0.85,,0.75,,,,,,
ACBD6,,,0.0,,0.69,,,,0.8,,0.9,,,,0.7,,,,0.5,,,,
ACBD7,,,0.11,,0.4,,,0.73,0.67,,1.0,,,,0.75,,,,0.88,,,,
ACCS,,,0.0,,0.53,0.71,0.1,,0.6,,0.8,,,,,,0.5,,0.5,0.73,,,
ACCSL,,,0.0,,0.94,,,,0.5,,0.7,,,,,0.7,,,0.6,1.0,,,
ACD,,,0.0,,0.87,,0.5,0.6,0.8,,0.9,,,,0.6,,,,0.5,0.7,,,
ACE,0.9,,,,,,,,,,,,,,,,,,,,,,
ACE2,,,,1.0,0.1,,,,0.75,0.6,0.9,,,,,0.85,,,0.8,1.0,,,
ACER1,,,0.0,,0.52,,,,0.8,,0.9,,,,0.8,0.8,,,0.5,1.0,,,
ACER2,,,0.05,,0.32,,,,0.11,,0.46,,,,,,,,0.275,0.79,,,
ACER3,,,,,,,,,,,,,,,,,,,,,,,
ACHE,,1.0,,1.0,0.96,,0.8,,0.75,0.9,0.85,,,,,0.88,,,0.7,0.93,,,
ACIN1,,,,1.0,0.88,,,,0.8,,0.9,,,,,0.8,,,0.6,,,,
ACKR1,0.8,,0.0,,,,,,,,,,0.9,,,,,,,,0.86,,
ACKR2,,,0.0,,0.71,,0.8,0.2,0.6,,0.9,,,,,,,,0.5,0.86,,,
ACKR3,0.8,,0.38,,0.22,,,0.5,0.7,0.6,0.9,,,,,,,,0.5,0.85,,,
ACKR4,,,0.0,,0.5,,,,0.7,0.8,0.9,,,,,,,,0.7,0.88,,,
ACLY,,0.8,0.95,,,,0.7,,0.85,,,,0.9,,0.85,,,,,,0.7,,
ACMSD,0.9,,0.0,,,,0.8,0.2,0.7,,,,0.9,,,,,,,,1.0,,
ACO1,,1.0,0.0,,0.69,,0.9,,0.75,,0.85,,,,,,,,,0.68,,,
ACO2,,,0.18,,0.24,0.847,0.5,,0.75,,0.9,,,,0.8,,,,0.78,0.65,,,
ACOD1,,,0.0,,0.0,,,,,,0.8,,,,,0.75,,,0.5,1.0,,,
ACOT1,,,0.0,,0.62,,,,0.73,,0.86,,,,0.7,,,,0.5,,,0.52,
ACOT11,,,0.0,,0.78,0.85,0.1,0.2,0.8,,0.9,,,,0.7,,,,0.5,0.73,,,0.5
ACOT12,,,0.0,,0.75,,,0.6,0.8,,0.95,,,,0.9,,,,0.5,1.0,,,
ACOT13,,,0.0,,0.7,,,,0.8,,0.9,,,,0.7,,,,0.5,,,0.6,
ACOT2,,,0.0,,0.78,,,0.4,0.8,,0.9,,,,0.8,,,,0.5,,,,
ACOT4,,,0.0,,0.5,,,,0.7,,0.9,,,,0.7,0.7,,0.8,0.6,0.76,,,
ACOT6,,,0.0,,,,,0.6,0.8,,,,0.9,,,,0.7,,,,0.89,,
ACOT7,,,,0.79,0.16,,,,0.8,,0.85,,,,0.6,0.78,0.9,,0.76,0.82,,,
ACOT8,,,0.0,,0.6,,,0.6,0.8,,0.9,,,,0.8,0.65,,,0.5,,,0.5,
ACOT9,,,0.0,,0.8,,,,0.8,,0.9,,,,0.6,,,,0.5,0.71,,,
ACOX1,,,0.1,,0.26,,0.1,,0.8,,0.9,,,,,,0.8,,,,,0.5,
ACOX2,0.7,,0.0,,0.63,,,0.6,0.8,,,,0.9,,0.9,0.7,,,0.5,0.81,,,
ACOX3,0.3,,0.0,,0.79,,,0.6,0.85,,0.9,,,,0.7,,0.5,,0.7,0.68,,,
ACOXL,,,0.0,,0.81,,0.9,,0.7,,0.8,,,,,0.75,,,0.5,1.0,,,
ACP1,,,0.0,,,,0.8,0.6,0.7,,,,0.9,,0.8,,,,,,,0.5,
ACP2,,,0.0,,0.38,,0.6,,0.7,,0.9,,,,0.8,,,,0.8,,,0.5,0.7
ACP4,,,,,,,,,,,,,,,,,,,,,,,
ACP5,,,0.3,,,,0.5,0.4,0.6,,0.8,,,,0.8,,0.6,,,0.9,,,
ACP6,,,0.0,,0.99,,,,0.73,,0.94,,,,0.7,,0.8,,0.5,,,,
ACP7,,,0.0,,0.0,,,0.5,0.6,,0.8,,,,0.9,,,,0.5,,,,
ACR,,,0.07,,0.33,,,,0.6,0.1,0.9,,,,0.7,,,0.8,0.84,1.0,,,
ACRBP,,,0.0,,0.65,,,,0.6,,0.9,,,,0.7,,,,0.7,,,,
ACRV1,,,0.0,,0.83,,,,0.7,,0.8,,,,0.8,,,,0.5,1.0,,,0.6
ACSBG1,,,0.0,,0.39,0.72,0.6,0.1,0.7,,0.8,,,,0.7,,,,0.5,0.88,,,
ACSBG2,,,0.0,,0.62,,,0.5,0.75,,0.9,,,,0.7,,,,0.8,1.0,,,
ACSF2,,,0.0,,0.43,0.8,,0.2,0.7,,0.9,,,,0.7,,0.85,,0.6,0.78,,,
ACSF3,0.8,,0.0,,0.4,,,,0.5,,0.7,,,,0.9,,0.7,,0.5,,,0.6,
ACSL1,,,0.9,,,,,,0.6,,,,0.8,,0.75,,,,,,0.95,,
ACSL3,,,0.0,,0.32,,0.1,,0.85,,0.76,,,,,0.65,,,0.72,,,0.52,
ACSL4,0.5,,,0.99,0.11,,,,0.85,,,,0.9,,0.8,0.75,,,0.71,0.62,,,
ACSL5,,,0.0,,,,0.8,,,,,,0.9,,0.75,,0.9,,,,0.97,,
ACSL6,,,0.0,,0.3,,0.5,,0.8,,0.9,,,,0.8,,,,0.5,0.88,,,
ACSM1,,,0.0,,0.79,,,,0.7,,0.8,,,,,0.75,,,0.5,0.94,,,
ACSM2A,,,0.0,,0.5,,0.4,,0.7,,0.6,,,,0.6,,,,0.5,1.0,,,
ACSM2B,,,0.0,,0.5,0.8,0.3,,0.5,,0.6,,,,0.7,,,,0.7,1.0,,,
ACSM3,0.7,,0.0,,,,0.5,,0.7,,0.8,,,,0.5,,,,,,1.0,,
ACSM4,,,0.0,,0.9,,,,0.8,,0.9,,,,,,0.9,,0.7,1.0,,,
ACSM5,,,0.0,,0.81,0.9933,0.1,0.8,0.7,,0.9,,,,0.7,,,,0.579,1.0,,,
ACSM6,,,0.0,,0.0,,,,0.7,,0.8,,,,0.6,,,,0.5,0.95,,,
ACSS1,,,0.0,,0.5,,,,0.6,,0.8,,,,0.5,,,,0.7,,,0.5,0.7
ACSS2,,,0.0,,0.65,0.5,,,0.8,,0.9,,,,,,,,0.7,,,,
ACSS3,,,0.0,,0.64,,,,0.8,,0.9,,,,0.6,0.65,0.7,,0.5,0.84,,,
ACTA1,0.8,1.0,0.0,,0.76,0.32,,,0.8,,0.9,,,,0.7,0.75,,,,,1.0,,
ACTA2,,,,0.93,0.12,,0.6,0.7,0.85,,0.9,,,,,,,,0.75,0.95,,,
ACTB,,,,1.0,0.0,,,,,,,,,,,,,,,,,,
ACTBL2,,,0.0,,0.6,,,0.88,0.78,,0.94,,,,0.6,,,,0.75,,,,
ACTC1,,,,,,,,,,,,,,,,,,,,,,,
ACTG1,,1.0,0.0,,0.44,,0.5,,0.7,,0.9,,,,0.8,,,1.0,,0.7,,,
ACTG2,,,,,,,,,,,,,,,,,,,,,,,
ACTL10,,,0.2,,0.5,,,,0.6,,0.8,,,,0.9,0.6,,0.7,0.5,1.0,,,
ACTL6A,,,,1.0,0.08,0.9,,0.7,0.7,0.6,0.8,,,,,,,,0.7,,,,
ACTL6B,,,0.0,,0.39,,0.8,,0.7,,0.6,,,,,0.85,,,,,,,
ACTL7A,,,0.0,,0.84,,,,0.6,,0.9,,,,,,0.5,,0.5,,,,
ACTL7B,0.2,,0.0,,0.92,,,,0.4,,0.9,,,,,,0.5,,0.5,,1.0,,
ACTL8,,,0.3,,0.26,,,,0.78,,0.92,,,,0.6,,,,0.73,,,,
ACTL9,,,0.0,,,,0.8,,,,,,0.9,,,0.75,,,,,,,
ACTN1,,,,,,,,,,,,0.9,,,,,,,,,,,
ACTN2,,,,,,,,,,,,0.8,,0.6,,,,,,,,,
ACTN3,0.8,,0.0,,,,,,,,,,0.9,,0.8,0.75,,,,,,,
ACTN4,0.8,1.0,,1.0,0.98,,,,0.85,,,,0.9,,,,,,0.7,,,,
ACTR10,,,0.0,,0.39,0.75,,,0.8,,0.9,,,,0.8,,0.7,,0.5,,,0.5,
ACTR1A,,,,0.96,0.13,0.286,0.4,0.7,0.6,,0.9,,,,0.7,,,,0.75,,,0.5,
ACTR1B,,,0.0,,0.4,,,0.7,0.7,,0.9,,,,0.7,,,,0.6,,,0.5,
ACTR2,,,,,,,,,,,,0.8,,0.6,,,,,,,,,
ACTR3,,1.0,,1.0,0.0,,,0.7,0.6,,0.7,,,,0.5,,,,0.8,,,,
ACTR3B,,,,1.0,0.04,,,0.75,0.8,,0.9,,,,0.9,,,,0.7,,,,
ACTR3C,,,0.0,,,,0.5,,,,,,0.75,,0.9,0.75,,,,,,,
ACTR5,,,,,,,,,,,,,,,,,,,,,,,
ACTR6,,,,,,,,,,,,0.9,,0.6,,,,,,,,,
ACTR8,,,0.0,,0.74,,,0.7,0.8,,0.9,,,,0.7,,,,0.6,,,,
ACTRT1,,,0.0,,0.73,,,0.5,0.4,,0.76,,,,,0.65,,,0.5,,,,
ACTRT2,,,0.0,,0.73,,0.1,0.2,0.7,,0.9,,,,,,,0.8,0.5,1.0,,,
ACTRT3,,,0.0,,0.5,,0.8,0.3,0.6,,0.9,,,,,,,0.8,0.7,1.0,,,
ACVR1,0.8,1.0,0.38,,0.23,,,0.6,0.7,0.5,0.9,,,,,,,0.9,,0.76,,,
ACVR1B,,1.0,,1.0,0.04,,0.7,,0.6,0.6,0.5,,,,,,,,,0.7,,,
ACVR1C,,,0.0,,0.37,,,0.7,0.8,0.9,0.9,,,,,,,0.9,0.8,,,,
ACVR2A,0.75,1.0,,1.0,0.96,,0.8,,0.7,0.5,0.9,,,,0.8,,,0.9,,0.7,,,
ACVR2B,0.8,1.0,,0.81,0.18,,,0.7,0.75,0.6,0.9,,,,,,,0.85,,0.72,,,
ACVRL1,,1.0,0.0,,0.41,,0.6,0.3,0.4,0.5,0.7,,,,,,,0.9,,0.87,,,
ACY1,0.8,,0.0,,0.73,,,0.5,0.8,,,,0.9,,0.6,,,,0.5,,,,
ACY3,,,0.0,,0.83,0.36,0.1,,0.7,,0.8,,,,0.6,,,,0.5,1.0,,,
ACYP1,,,0.07,,0.51,,,,0.9,,0.95,,,,0.75,,,,0.99,,,0.54,0.8
ACYP2,,,0.0,,,,0.8,0.6,0.7,,,,0.9,,0.7,,,,,0.8,,,
ADA,0.8,1.0,0.0,,0.84,,,0.6,0.8,0.7,0.9,,,,,,,,,0.87,,,
ADA2,0.7,,1.0,,1.0,,,,0.85,,0.9,,,,,,,,0.8,0.86,,,
ADAD1,,,0.12,,0.26,,0.4,,0.6,,0.88,,,,,,,,0.57,1.0,,,
ADAD2,,,0.0,,0.8,,,0.5,0.6,,0.8,,,,,0.75,,,0.7,,,,
ADAM10,0.8,1.0,,1.0,0.02,,,,0.5,0.6,0.7,,,,,,,,,,,,
ADAM11,,,0.0,,,,,,,,,,,,,,,,,,0.97,,0.5
ADAM12,,1.0,0.0,,0.39,0.54,0.4,,0.6,0.5,0.7,,,,,0.7,,0.8,,,,,
ADAM15,,,0.0,,,,0.8,,,,,,0.9,,,,,,,,0.71,,
ADAM17,0.8,1.0,,1.0,0.88,,,0.5,0.9,0.6,0.7,,,,,,,,,,,,
ADAM18,,,0.0,,0.5,,,0.8,0.6,,0.9,,,,0.8,,,,0.7,,,,
ADAM19,,1.0,0.0,,0.31,,0.8,,0.7,,0.9,,,,0.8,,,,,0.79,,,
ADAM2,,,0.0,,0.87,,0.1,0.6,0.7,,0.9,,,,0.8,,,,0.5,1.0,,,
ADAM20,,,0.0,,0.0,,,0.5,0.7,,0.9,,,,0.7,,,,0.6,1.0,,,
ADAM21,,,0.0,,0.99,,,0.8,0.7,,0.9,,,,,0.75,,0.6,0.7,1.0,,,
ADAM22,0.9,1.0,0.19,,0.24,,,0.7,0.8,,,,0.95,,,,,,0.6,,,,
ADAM23,,1.0,,1.0,0.15,,0.8,0.5,0.6,,0.7,,,,,,,0.9,,0.91,,,
ADAM28,,,0.0,,,,0.5,,0.7,,0.8,,,,0.6,,,,0.6,0.9,,,
ADAM29,,,1.0,,,,0.8,,0.7,,,,0.9,,0.9,0.8,,,,1.0,,,
ADAM30,,,0.0,,,,0.5,0.7,0.6,,,,0.8,,0.9,0.6,,,0.5,1.0,,,
ADAM32,,,0.0,,0.66,,,0.7,0.6,,0.9,,,,0.8,,,,0.5,1.0,,,
ADAM33,,,0.0,,0.67,,,0.6,0.7,0.5,0.9,,,,,0.75,,,0.8,,,,
ADAM5,,,0.0,,0.0,,,,0.6,,,,,,,,,,0.5,,,,
ADAM7,,,0.0,,0.77,,,0.5,0.4,,0.8,,,,0.7,,,,0.5,,,,
ADAM8,,,0.0,,0.64,,,,0.6,0.5,0.8,,,,0.7,0.7,,0.7,0.5,,,,0.6
ADAM9,0.5,,0.03,,0.26,0.39,,,0.75,,,,0.9,,0.67,,,,0.82,,,,
ADAMDEC1,,,0.0,,0.92,,,,0.8,,0.9,,,,0.8,,,,0.5,1.0,,,
ADAMTS1,,,,,,,,,,,,0.8,,0.6,,,,,,,,,
ADAMTS10,,,,0.84,0.2,,0.92,,0.87,,0.9,,,,0.8,0.82,,,0.75,0.79,,,
ADAMTS12,,,0.0,,0.51,,,0.5,0.7,,0.62,,,,0.9,,,,0.75,0.89,,,
ADAMTS13,,,0.0,,0.52,,0.8,,0.8,,0.9,,,,,,,,0.75,0.82,,,
ADAMTS14,,,0.0,,0.5,,,,0.8,,0.9,,,,0.8,,0.7,,0.7,1.0,,,
ADAMTS15,,,0.0,,0.47,,,,0.73,,0.77,,,,0.5,,,,0.75,0.85,,,
ADAMTS16,,,0.0,,0.29,,,,0.75,,0.9,,,,0.8,,,,0.8,0.97,,,
ADAMTS17,,,0.0,,0.55,,0.9,,0.75,,0.85,,,,0.8,,,,0.8,,,,
ADAMTS18,0.7,,0.0,,,,0.8,0.5,,,,,0.9,,0.8,,,,,,1.0,,
ADAMTS19,,,0.0,,0.39,,,,0.8,,,,0.9,,,,,,0.7,,,,
ADAMTS2,,,,0.98,0.18,,,,0.85,,0.9,,,,0.6,,,,,0.93,,,
ADAMTS20,,,0.0,,0.69,,,,0.8,,0.9,,,,0.6,,,,0.8,,,,
ADAMTS3,,,0.0,,0.42,,0.9,,0.8,,0.7,,,,0.9,,,,0.6,0.8,,,
ADAMTS4,0.9,,0.0,,0.45,,0.5,0.7,0.8,0.7,0.9,,,,,,,,0.8,0.88,,,
ADAMTS5,,,0.0,,0.46,,0.4,,0.6,0.5,0.8,,,,,0.75,,,,0.91,,,
ADAMTS6,,,,1.0,0.89,,0.6,,0.5,,0.7,,,,0.7,,,,0.8,0.91,,,
ADAMTS7,0.8,,0.0,,0.47,,0.9,,0.8,,0.85,,,,0.6,0.75,,,0.75,0.83,,,
ADAMTS8,,,0.0,,0.65,,0.9,,0.75,,0.8,,,,0.7,,,,0.5,0.97,,,
ADAMTS9,,1.0,0.0,,0.3,,0.8,,0.7,,0.6,,,,0.8,,,,,0.89,,,
ADAMTSL1,,,0.0,,0.4,,0.6,0.5,0.8,,0.9,,,,0.9,,,,0.7,0.95,,,
ADAMTSL2,0.8,,0.0,,0.42,,,,,,,,0.9,,0.8,,,,0.5,,,,
ADAMTSL3,,,0.0,,0.5,,0.9,,0.75,,0.85,,,,0.9,,,,0.8,,,,
ADAMTSL4,,,0.0,,0.86,,0.5,,0.6,,0.8,,,,0.8,,0.7,,0.5,0.84,,,
ADAMTSL4-AS1,,,1.0,,1.0,,,,0.6,,,,,,,,,,0.5,,,,
ADAMTSL5,,,0.0,,0.78,,,,0.8,,,,,,,0.7,,,0.5,,,,
ADAP1,,,,,,,,,,,,,,,,,,,,,,,
ADAP2,,,0.0,,0.74,0.24,0.4,0.2,0.6,,0.7,,,,0.9,0.6,,,0.5,,,,
ADAR,,0.9,0.04,,0.26,,0.5,,0.8,,0.95,,,,,,,,0.6,,,0.57,
ADARB1,,,,0.98,0.09,,,,,,,,,,,,,,,,,,
ADARB2,,,,0.87,0.17,,0.6,,0.55,0.5,0.65,,,,0.9,,,,0.75,,,,
ADARB2-AS1,0.3,,0.0,,0.0,,,,,,,,,,,,,,0.5,,,0.8,
ADAT1,,,0.0,,0.83,,,,0.6,,0.9,,,,0.7,,,,0.75,,,,
ADAT2,,,0.0,,0.92,,,0.2,0.75,,0.85,,,,0.6,,0.8,,0.5,,,,
ADAT3,0.8,,0.2,,,,,,,,,,,,,,0.9,,,,0.6,,
ADCK1,,,0.0,,0.91,,,,0.6,,0.8,,,,0.5,,,,0.5,,,0.6,
ADCK2,,,0.0,,0.58,,,,0.8,,0.9,,,,0.75,,,,0.7,,,0.6,
ADCK5,,,0.8,,0.6,,,,0.7,,0.9,,,,0.8,0.65,,,0.5,,,,
ADCY1,,,,1.0,0.85,0.8,0.5,,0.7,0.4,0.9,,,,0.8,,,,0.7,0.96,,,
ADCY10,,,,,,,,,,,,0.9,,0.7,,,,,,,,,
ADCY2,,,,,,,,,,,,,,,,,,,,,,,
ADCY3,,,,,,,,,,,,1.0,,0.7,,,,,,,,,
ADCY4,,,0.0,,0.65,,,,0.7,,0.9,,,,0.8,,,,0.8,0.86,,,0.6
ADCY5,,,,,,,,,,,,,,,,,,,,,,,
ADCY6,0.7,,0.0,,0.29,,,,0.85,0.8,0.9,,,,0.75,0.7,,,0.6,0.7,,,
ADCY7,,,,,,,,,,,,0.8,,,,,,,,,,,
ADCY8,,,0.0,,,,0.5,,,,,,0.9,,,,,,,,0.87,,
ADCY9,,,,0.97,0.17,,0.9,0.7,0.75,,0.85,,,,0.8,,,,0.8,0.72,,,
ADCYAP1,,1.0,,0.52,0.16,,,0.75,0.8,,0.87,,,,0.75,0.8,,,0.88,,,,
ADCYAP1R1,,1.0,0.0,,0.53,,,0.2,0.8,0.85,0.9,,,,0.6,,0.9,0.8,0.9,0.88,,,
ADD1,,,,,,,,,,,,0.8,,,,,,,,,,,
ADD2,,,,1.0,0.13,,,0.6,0.8,,0.9,,,,,,,,0.7,0.94,,,
ADD3,,,,1.0,0.89,,0.75,0.5,0.8,,0.9,,,,,,,,,,,0.6,
ADGB,,,1.0,,1.0,,,,0.7,,0.9,,,,,,,,0.8,,,,
ADGRA1,,,0.0,,0.0,,,,0.8,,0.9,,,,0.8,,0.7,,0.5,,,,
ADGRA2,,,0.0,,0.0,,,,0.8,,0.9,,,,0.8,,,,0.7,0.85,,,
ADGRA3,,,0.0,,0.0,,,,0.7,,0.9,,,,0.8,,,,0.8,,,0.6,
ADGRB1,,,0.0,,,,,,0.6,,,,0.7,,,,,,,,,,
ADGRB2,,,,,,,,,,,,0.8,,,,,,,,,,,
ADGRB3,,,1.0,,1.0,,,,0.7,,0.9,,,,0.8,,,0.9,0.8,0.9,,,
ADGRD1,,,0.0,,0.0,,,,0.7,,0.9,,,,0.75,,,0.9,0.8,0.85,,,
ADGRD2,,,0.0,,0.0,,,,0.7,,0.9,,,,,,,0.6,0.8,,1.0,,
ADGRE1,,,0.0,,0.0,,,,0.7,,0.9,,,,0.7,,0.6,,0.8,,,,0.5
ADGRE2,0.8,,0.0,,,,,,,,,,0.9,,,,,,,,0.95,,
ADGRE3,,,1.0,,1.0,,,,0.8,,0.9,,,,0.8,,,,0.8,1.0,,,
ADGRE4P,,,0.0,,0.0,,,,0.6,,,,,,,,0.4,0.7,0.5,,,0.2,
ADGRE5,,,0.0,,0.0,,,0.8,0.7,,0.9,,,,,0.75,,,0.8,,,,
ADGRF1,,,,,,,,,,,,0.9,,0.7,,,,,,,,,
ADGRF3,,,0.0,,0.0,,,,0.6,,0.8,,,,0.7,,,0.9,0.5,0.87,,,
ADGRF4,,,0.0,,0.0,,,,0.6,,0.8,,,,0.7,,,,0.5,,0.99,,
ADGRF5,,,0.0,,0.0,,,,0.7,,0.9,,,,,,,,0.8,,,,
ADGRG1,0.7,,0.0,,,,,,,,,,0.9,,,,0.9,,,,0.73,,
ADGRG2,0.7,,,,,,,,,,,,,,,,,,,,0.9,,
ADGRG3,,,0.0,,,,,,0.8,0.7,0.9,,,,0.75,0.8,,,,1.0,,,
ADGRG4,,,0.0,,,,,,,,,,0.9,,0.7,,,,,,0.95,,
ADGRG5,,,0.0,,0.0,,,0.6,0.7,,0.8,,,,0.9,,,,0.5,,,,0.6
ADGRG6,0.8,,0.0,,,,,,,,,,0.9,,0.8,,0.9,,,,0.92,,
ADGRG7,,,1.0,,1.0,,,,0.7,,0.9,,,,0.8,,,0.9,0.8,1.0,,,
ADGRL1,,,,,,,,,,,,0.8,,,,,,,,,,,
ADGRL2,,,,,,,,,,,,1.0,,,,,,,,,,,
ADGRL3,,,0.0,,0.0,,,,0.7,,0.9,,,,,,0.9,,0.8,0.8,,,
ADGRL4,,,0.0,,0.0,,,,0.6,,0.8,,,,0.7,,,0.9,0.7,0.92,,,
ADGRV1,0.8,,0.0,,,,,,,,,,0.9,,0.7,0.7,0.9,,,,0.92,,
ADH1A,,,0.0,,0.5,,,0.3,0.9,0.7,0.8,,,,0.6,,0.5,0.7,0.6,1.0,,,
ADH1B,,,0.0,,0.75,,0.9,0.4,0.5,0.6,0.7,,,,0.7,,0.85,,0.5,0.89,,,
ADH1C,0.8,,0.0,,,,,0.5,0.7,,,,0.9,,0.8,,,,,,0.99,,
ADH4,,,0.0,,,,0.8,,,,,,0.9,,0.75,,,,,,1.0,,
ADH5,,,0.0,,0.92,,0.8,,0.6,0.5,0.9,,,,0.7,,,0.8,0.5,0.75,,,
ADH6,,,0.0,,0.66,,0.1,,0.7,,0.8,,,,0.6,,,0.9,0.5,1.0,,,
ADH7,,,0.0,,0.5,0.7,0.4,,0.7,,0.8,,,,0.7,,,,0.6,1.0,,,
ADHFE1,,,0.0,,0.63,,0.4,,0.7,,0.6,,,,0.5,,,,0.5,0.61,,,
ADI1,,,0.0,,0.83,,,,0.6,0.1,0.7,,,,0.6,,0.8,,0.5,0.65,,,0.5
ADIG,,,0.0,,0.0,,,,0.5,,0.6,,,,0.7,0.5,,,0.1,1.0,,,
ADIPOQ,,,0.0,,,,0.8,0.75,0.85,,0.9,,,,0.9,,,,,1.0,,,
ADIPOR1,,,,0.65,0.18,,0.1,0.5,0.8,,0.9,,,,,,,,,0.7,,,
ADIPOR2,,,,,,,,,,,,,,,,,,,,,,,
ADIRF,,,0.04,,0.76,,,,0.6,,0.8,,,,0.5,0.55,,,0.1,0.91,,,
ADK,,1.0,0.0,,0.45,,0.6,,0.7,0.5,0.9,,,,,,,,,,,0.6,
ADM,,0.9,0.8,,,,0.7,,,,,,0.9,,,,,,,,0.95,,
ADM2,,,,,,,,,,,,0.9,,0.7,,,,,,,,,
ADM5,,,0.38,,0.0,,,,0.6,,0.7,,,,0.8,,,,0.5,,,,
ADNP,,1.0,,1.0,0.03,,1.0,,0.8,,0.9,,,,,0.85,,,0.7,,,0.6,
ADNP2,,,,0.89,0.17,,,,0.6,,0.9,,,,0.8,,,0.75,0.7,,,,
ADO,,,0.48,,0.17,,0.9,,0.75,,0.85,,,,0.7,,,,0.54,0.86,,,
ADORA1,,,0.8,,,,0.6,,0.8,0.9,0.7,,,,0.75,0.75,,,,,0.85,,
ADORA2A,,,,,,,,,,,,1.0,,0.9,,,,,,,,,
ADORA2A-AS1,,,0.0,,0.0,,,,0.8,,,,,,,,,,0.5,,,0.2,
ADORA2B,,,0.0,,0.83,,,,0.75,0.9,0.8,,,,,,,,0.5,0.86,,,
ADORA3,,,0.0,,0.63,0.47,,0.15,0.22,0.77,0.54,,,,,,,,0.64,,,,
ADPGK,,,0.0,,0.39,,0.6,0.7,0.75,,0.8,,,,0.6,,,,0.5,0.64,,,
ADPRH,,,,,,,,,,,,,,,,,,,,,,,
ADPRHL1,,,0.0,,0.92,,,,0.6,,0.9,,,,0.75,,,,0.5,,,,
ADPRM,,,0.0,,0.59,,,,0.8,,0.9,,,,0.9,,,,0.5,0.7,,,
ADRA1A,,,0.0,,0.87,,0.5,,0.7,0.9,0.8,,,,0.8,,,,0.5,1.0,,,
ADRA1B,,,0.13,,0.31,,,,0.87,0.76,0.73,,,,,,,,0.52,0.92,,,
ADRA1D,,,,,,,,,,,,0.9,,0.85,,,,,,,,,
ADRA2A,0.4,,0.9,,,,,,0.8,0.85,,,0.95,,,,,,,,0.93,,
ADRA2B,,0.8,1.0,,0.79,,,,0.85,0.9,,,,,0.9,,,,0.5,,,0.0,
ADRA2C,0.8,,,0.52,0.19,,,,0.6,0.9,0.7,,,,,,,,0.8,,0.96,,
ADRB1,,1.0,0.0,,0.88,,,,0.6,0.8,0.7,,,,,,,0.9,,0.91,,,
ADRB2,,,,0.58,0.18,,,,0.75,0.95,0.9,,,,,0.8,,0.9,0.85,0.91,,,
ADRB3,0.8,,0.0,,,,,,0.8,0.9,,,0.9,,0.8,,0.9,,,,1.0,,
ADRM1,,,,,,,,,,,,0.8,,0.6,,,,,,,,,
ADSL,0.7,,0.0,,0.69,,,,0.85,,0.9,,,,0.75,,,,0.5,,0.68,,
ADTRP,,,0.0,,0.86,,0.2,,0.5,,0.6,,,,,0.65,,,0.5,,,,
AEBP1,,1.0,0.0,,0.49,,,,0.7,,0.8,,,,0.6,,,,,0.96,,,
AEBP2,,1.0,,1.0,0.0,,,0.7,0.85,,0.9,,,,0.8,,,,0.8,0.75,,,
AEN,,,0.0,,0.6,,,0.6,0.7,,0.8,,,,0.7,,,,0.7,0.75,,,
AFAP1,,,0.0,,0.42,,0.7,,0.8,,0.9,,,,0.8,,,0.6,0.8,0.7,,,
AFAP1L1,,,0.0,,0.7,,,0.5,0.5,,0.62,,,,0.9,,,,0.5,,,,
AFAP1L2,,,0.02,,0.28,,,,0.8,,0.91,,,,0.8,,,,0.818,,,,
AFDN,0.8,,0.0,,,,,,,,,,,,,,0.7,,,,0.6,,
AFDN-DT,,,0.0,,0.0,,,,0.7,,,,,,,,,0.8,0.5,,,0.6,
AFF1,,,,0.57,0.22,,0.8,,0.7,,0.9,,,,0.75,,,,,0.69,,,
AFF2,1.0,,,1.0,0.9,,,,0.8,,,,0.9,,0.6,,,,0.7,0.95,,,0.7
AFF3,,,,1.0,0.8,,0.85,,0.6,,0.75,,,,0.7,,,,0.7,0.8,,,
AFF4,0.8,1.0,,1.0,0.05,,,0.75,0.85,,,,0.9,,,,,,,0.62,,,
AFG1L,0.7,,0.0,,,,,,,,,,0.9,,,,,,,,,,0.5
AFG3L2,0.8,1.0,0.0,,,,,,,,,,0.7,,,,,,,,,,
AFM,,,,,,,,,,,,0.8,,0.7,,,,,,,,,
AFMID,,,0.0,,0.67,,,,0.9,,0.67,,,,0.6,,,,0.5,0.66,,,
AFP,,,0.0,,,,0.5,,0.7,,0.9,,,,0.6,,,,,0.99,,,
AFTPH,,,,1.0,0.97,,,,0.7,,0.85,,,,0.6,0.78,,,0.75,,,0.56,
AGA,,,,,,,,,,,,0.8,,0.6,,,,,,,,,
AGAP11,,,1.0,,1.0,,,,0.6,,,,,,,0.7,,0.8,0.5,,,0.9,
AGAP14P,,,1.0,,1.0,,,,,,,,,,,0.5,,0.8,0.5,,,0.2,
AGAP2,,,,,,,,,,,,,,,,,,,,,,,
AGAP3,,,,0.87,0.19,,,,0.8,,0.9,,,,0.7,0.8,,,0.75,,,,
AGAP4,,,0.9,,,,,,,,,,0.8,,,,,,0.6,,,,
AGAP5,,,0.9,,0.7,,,,0.6,,0.8,,,,,0.7,,,0.5,,,,
AGAP6,,,1.0,,1.0,1.0,,,0.8,,,,,,,,,,0.5,,,,
AGAP7P,,,0.0,,0.0,,,,,,,,,,,,,0.6,0.5,,,,
AGAP9,,,1.0,,1.0,,,,0.7,,0.9,,,,,0.75,,0.8,0.8,,,,
AGBL1,,,0.0,,0.9,0.0,0.5,,0.6,,0.7,,,,0.5,,0.8,0.7,0.5,,,0.4,
AGBL2,,,,,,,,,,,,,,,,,,,,,,,
AGBL3,0.5,,0.0,,0.0,,,0.6,0.7,,0.9,,,,,,0.8,,0.8,1.0,,,
AGBL4,0.5,,0.0,,,,0.6,,,,,,0.8,,,,0.7,,,,0.9,,
AGBL5,0.7,,0.0,,0.48,,,,0.8,,,,0.9,,0.8,,0.9,,0.6,,1.0,,
AGER,0.85,,0.0,,,,0.9,,0.6,,,,0.8,,,,,,,,1.0,,0.5
AGFG1,,,,0.99,0.11,,0.1,0.1,0.7,,0.78,,,,0.8,,,,0.56,,,0.52,
AGFG2,,,0.0,,0.48,,,0.5,0.6,,0.8,,,,0.7,0.6,,,0.7,0.85,,,
AGGF1,,,0.0,,0.36,,,,0.8,,0.9,,,,0.8,,,,0.5,,,0.5,
AGK,0.7,,0.0,,0.6,,,0.75,0.85,,,,0.9,,0.8,0.7,,,0.8,,,0.5,
AGL,0.7,,0.0,,0.59,,,,0.85,,,,0.9,,0.75,0.7,,,0.8,0.94,,,
AGMAT,,,0.0,,0.97,,,0.6,0.7,,0.9,,,,0.6,,,,0.5,0.97,,,
AGMO,,,,,,,,,,,,,,,,,,,,,,,
AGO1,,,,1.0,0.0,,,0.7,0.8,,0.9,,,,0.8,,,,0.8,,,0.6,0.7
AGO2,0.8,,,1.0,0.98,,,0.6,0.7,,0.9,,,,,,,,0.5,0.76,,,
AGO3,,,,1.0,0.08,,,0.7,0.8,,0.9,,,,,,,,0.8,0.6,,,
AGO4,,,,1.0,0.89,,,,0.8,,0.9,,,,0.7,0.75,,,0.5,,,0.6,
AGPAT1,,,,0.96,0.07,,0.1,0.2,0.7,,0.88,,,,0.9,,,,0.75,,,0.49,
AGPAT2,1.0,1.0,0.0,,0.98,,,0.5,0.8,,0.9,,,,0.8,,,,,0.93,,,
AGPAT3,,,,1.0,0.0,,,0.5,0.6,,0.8,,,,0.8,,,,0.7,,,0.7,
AGPAT4,,,,,,,,,,,,0.5,,,,,,,,,,,
AGPAT4-IT1,,,0.0,,0.0,,,,0.8,,,,,,,,,,0.5,,,0.9,
AGPAT5,,,0.0,,0.49,,,,0.7,,0.9,,,,0.8,,,,0.6,,,,
AGPS,0.8,1.0,,1.0,0.98,,,0.6,0.85,,,,0.9,,0.9,,,,,,,0.7,
AGR2,,,0.0,,0.97,,,,0.8,,0.9,,,,0.8,,,,0.7,,,,
AGR3,,,0.0,,0.8,,0.7,,0.8,,0.9,,,,0.7,,,,0.5,,,,
AGRN,0.8,1.0,0.0,,,,,0.6,,,,,0.9,,,,,,,,,,
AGRP,,1.0,0.0,,0.86,,1.0,0.6,0.8,0.5,0.8,,,,0.7,,,,,1.0,,,
AGT,,1.0,0.0,,0.92,,0.7,0.5,0.8,,0.9,,,,,,,,0.7,0.86,,,
AGTPBP1,,,,,,,,,,,,0.8,,,,,,,,,,,
AGTR1,,,0.0,,0.68,,,0.7,0.75,0.9,0.95,,,,,,,0.9,,,,,
AGTR2,,,0.01,,0.58,,0.6,0.2,0.75,0.8,0.7,,,,,,,,0.9,,,,
AGTRAP,,,,,,,,,,,,0.9,,,,,,,,,,,
AGXT,,,0.0,,0.64,,0.6,,0.7,,0.9,,,,0.7,,0.8,,0.5,1.0,,,
AGXT2,,,0.0,,,,0.8,,,,,,0.9,,0.7,,0.8,,,,1.0,,0.5
AHCTF1,,1.0,,1.0,0.93,,,,0.9,,,,0.74,,0.8,,,,0.9,0.66,,,
AHCY,0.5,,0.03,,0.32,,,0.4,0.6,,0.8,,,,,,,0.7,0.65,0.65,,,
AHCYL1,,,,1.0,0.87,,,0.75,0.85,,0.9,,,,,,,,0.8,,,0.6,
AHCYL2,,,,0.99,0.14,,,0.76,0.87,,0.48,,,,0.9,,0.8,0.85,0.61,,,,
AHDC1,0.9,,,1.0,0.0,,,0.5,0.6,,,,0.7,,0.8,,0.9,,0.8,0.7,,,
AHI1,,1.0,0.0,,0.73,,0.9,0.5,0.6,,0.7,,,,0.7,,,0.8,,0.84,,,
AHNAK,,,,,,,,,,,,0.8,,,,,,,,,,,
AHNAK2,,,0.0,,0.0,,,0.3,0.7,,0.9,,,,0.7,,,0.6,0.8,0.93,,,0.5
AHR,,1.0,,1.0,0.95,,0.95,,0.85,,0.9,,,,,0.85,,,0.7,0.87,,,
AHRR,,,0.8,,0.6,,0.7,,0.65,,0.75,,,,,,,0.85,0.5,0.95,,,
AHSA1,,,,1.0,0.0,,,,0.7,,0.9,,,,0.7,,,,0.8,,,0.6,
AHSA2P,,,0.0,,0.0,,,,0.6,,0.8,,,,,0.4,,,0.5,,,,
AHSG,,,0.0,,0.5,,0.8,0.4,0.8,,0.9,,,,0.8,,0.7,,0.7,,,,
AHSP,,,0.0,,0.8,,,0.5,0.6,,0.9,,,,0.7,,,,0.5,,,,
AICDA,0.8,,0.0,,0.68,,,,0.7,,,,0.9,,0.6,,,,0.5,1.0,,,
AIDA,,,0.0,,0.51,,0.5,,0.6,,0.8,,,,0.5,0.6,,,0.5,,,,
AIF1,,,,,,,,,,,,0.8,,,,,,,,,,,
AIF1L,,,0.0,,0.54,,,,0.6,,0.8,,,,0.7,,,0.9,0.75,,,,
AIFM1,0.8,1.0,,1.0,0.04,,,0.5,0.6,,,,,,,,,,,,,0.5,
AIFM2,,,,,,,,,,,,,,,,,,,,,,,
AIFM3,,,0.0,,,,0.5,0.6,0.7,,,,0.9,,0.8,,,,,,0.86,,
AIG1,,,0.9,,0.85,,,,0.7,,0.8,,,,0.8,0.75,,,0.6,,,,
AIM2,,,0.0,,0.5,,,,0.9,,0.8,,,,,0.75,,,0.6,0.97,,,
AIMP1,0.8,,0.0,,0.76,,,0.7,0.8,,0.9,,,,,,,,0.5,,,0.6,
AIMP2,,,,,,,,,,,,,,0.6,,,,,,,,,
AIP,,,,,,,,,,,,0.8,,0.6,,,,,,,,,
AIPL1,1.0,,0.0,,0.64,,,,0.6,,,,0.9,,,0.75,,,0.8,,1.0,,
AIRE,,,0.0,,0.76,,,0.7,0.8,,0.9,,,,,,,0.6,,0.91,,,
AJAP1,,,,1.0,1.0,,0.75,,0.7,,0.85,,,,0.9,,,,0.5,0.86,,,
AJM1,,,1.0,,1.0,,,,0.7,,0.9,,,,0.8,0.85,,,0.8,,,,
AJUBA,,,,,,,,,,,,0.8,,,,,,,,,,,
AK2,0.8,,0.0,,,,,,,,,,0.9,,,,,,,,,,
AK3,,,0.0,,,,0.6,,,,,,0.8,,,,0.9,,,,,,
AK4,,,,,,,,,,,,,,,,,,,,,,,
AK5,,,0.0,,,,0.8,,,,,,0.9,,0.75,0.7,,,,,,,0.7
AK6,,,1.0,,1.0,,,,0.7,,0.9,,,,0.9,0.75,0.9,,0.8,,,,0.5
AK7,0.5,,0.0,,0.61,,,,,,,,0.9,,,0.65,,,0.8,,,,
AK8,,,0.0,,0.82,,,,0.67,,0.75,,,,0.5,,,0.8,0.5,1.0,,,
AK9,,,0.0,,0.58,,,0.6,0.7,,0.9,,,,0.7,0.65,0.85,,0.8,,,,
AKAIN1,,,0.0,,0.0,,,,0.5,,0.6,,,,,,,,0.1,,,,
AKAP1,,,,0.7,0.2,,0.6,0.1,0.75,,0.8,,,,0.9,,,,0.9,0.75,,,
AKAP10,,,,,,,,,,,,,,,,,,,,,,,
AKAP11,,,,,,,,,,,,0.8,,,,,,,,,,,
AKAP12,,,0.8,,0.3,0.9,,,0.85,,0.9,,,,0.8,,,,0.7,0.76,,,
AKAP13,,,,0.94,0.21,,0.8,0.6,0.75,,0.9,,,,,0.78,,0.7,0.85,,,,
AKAP14,,,,0.58,0.15,,,0.5,0.5,,0.69,,,,,0.65,,,0.197,1.0,,,
AKAP17A,,,,0.55,0.2,,,0.8,0.75,,0.86,,,,0.8,,,,0.69,,,,
AKAP3,,,0.8,,,,0.6,,0.7,,,,0.9,,0.7,0.8,,,,,1.0,,
AKAP4,,,,0.99,0.05,,,,0.4,,0.116,,,,,0.7,,,0.854,1.0,,,
AKAP5,,,,0.68,0.16,,,0.5,0.67,,0.78,,,,,0.7,,,0.85,0.92,,,
AKAP6,,1.0,,1.0,0.16,,0.9,,0.6,,0.7,,,,0.7,,0.9,,0.5,0.8,,,
AKAP7,,,0.0,,0.77,,0.4,0.6,0.7,,0.8,,,,0.6,,,,0.5,,,0.9,
AKAP8,,,,0.92,0.17,,,,0.8,,0.9,,,,,,,,0.8,,,,
AKAP8L,,,0.09,,0.26,,,,0.8,,0.7,,,,0.5,0.7,,,0.64,,,0.6,
AKAP9,,,0.0,,0.33,,0.5,0.6,0.8,,0.9,,,,,,,,0.5,,,,
AKIP1,,,0.0,,0.89,,,,0.7,,0.9,,,,0.9,,,,0.5,,,,
AKIRIN1,,,,0.79,0.11,,,,0.8,,0.9,,,,0.9,,,,0.5,,,0.53,
AKIRIN2,,1.0,,0.92,0.08,,,0.6,0.7,,0.8,,,,0.7,0.78,,,0.5,,,0.6,
AKNA,,,0.0,,,,0.8,,,,,,0.9,,0.6,0.76,,,,,0.93,,
AKNAD1,,,0.0,,0.92,,,0.5,0.6,,0.8,,,,,,,0.9,0.7,,,,0.7
AKR1A1,,,0.0,,,,0.8,0.5,0.7,,,,0.9,,,,,,,,0.6,,
AKR1B1,,,0.0,,,,0.8,0.3,0.5,0.6,0.7,,,,,,,,,1.0,,,
AKR1B10,,,0.0,,0.84,,,0.6,0.8,,0.9,,,,,,,,0.5,0.96,,,
AKR1B15,,,0.0,,0.7,,,,0.9,,0.8,,,,0.9,0.75,,,0.5,0.9,,,
AKR1C1,,,0.0,,,,0.7,0.2,0.8,,,,0.9,,,,0.75,,,0.85,,,
AKR1C2,0.7,,0.0,,0.96,,,0.6,0.85,,0.9,,,,,,0.8,,0.5,0.93,,,
AKR1C3,,,0.0,,0.6,,,0.6,0.8,0.7,0.9,,,,,,,,0.5,0.88,,,
AKR1C4,,,0.0,,0.5,,0.6,0.5,0.8,,0.9,,,,,,0.8,,0.7,1.0,,,
AKR1D1,,,0.0,,0.7,,0.6,0.6,0.8,,0.9,,,,,0.75,,,0.8,1.0,,,
AKR1E2,,,0.0,,0.91,,0.1,,0.6,,0.7,,,,0.9,,,,0.5,1.0,,,0.5
AKR7A2,,,0.0,,0.98,,,,0.8,,0.9,,,,,,,,0.5,,,0.48,
AKR7A3,,,0.0,,0.5,,,0.5,0.6,,0.7,,,,0.7,,,,0.8,,,,
AKR7L,,,0.0,,0.83,0.0,,,0.8,,,,,,,,,,0.5,,,,
AKT1,,1.0,,0.98,0.14,,0.4,0.7,0.85,0.9,0.95,,,,,,,0.8,,,,0.6,
AKT1S1,,,0.31,,0.24,,,0.6,0.8,0.75,0.87,,,,,,,,0.51,,,0.47,
AKT2,,,,0.6,,,0.7,0.6,0.8,0.85,0.75,,,,,,,,,,0.65,,
AKT3,,,,1.0,0.04,,0.8,0.5,0.7,0.7,0.6,,,,,,,,,0.7,,,
AKTIP,,,,,,,,,,,,,,,,,,,,,,,
ALAD,,,,,,,,,,,,,,,,,,,,,,,
ALAS1,,0.9,0.2,,,,0.6,,0.7,,,,0.8,,0.7,0.7,,,,,,,0.5
ALAS2,,,,,,,,,,,,0.8,,0.6,,,,,,,,,
ALB,,,,0.61,0.21,,0.9,,0.75,0.7,0.95,,,,0.75,,,,,1.0,,,
ALCAM,,,,0.71,0.2,,0.4,0.5,0.6,,0.8,,,,,,,,0.58,,,,
ALDH16A1,,,,,,,,,,,,,,0.7,,,,,,,,,
ALDH18A1,0.8,,0.0,,0.32,,0.5,,0.7,,0.6,,,,,,,,0.8,0.79,,,
ALDH1A1,,,,0.96,0.14,,,,0.9,,0.725,,,,,0.75,,,0.5,0.78,,,
ALDH1A2,,,,,,,,,,,,,,0.9,,,,,,,,,
ALDH1A3,0.5,1.0,0.15,,0.26,0.1872,,,0.8,,0.9,,,,0.6,,0.8,,,0.89,,,
ALDH1B1,,,0.0,,0.79,,,0.6,0.8,,0.9,,,,,,,,0.7,0.94,,,
ALDH1L1,,,0.0,,0.55,,0.5,0.4,0.8,,0.9,,,,,,,,0.7,0.81,,,
ALDH1L2,,,0.0,,0.69,,,0.5,0.8,,0.9,,,,,,,,0.8,0.95,,,
ALDH2,,,0.0,,0.7,,0.9,0.6,0.7,0.6,0.7,,,,,,,,0.5,,,0.6,
ALDH3A1,0.7,,0.0,,,,0.8,0.6,0.7,,,,0.9,,,,,,,,1.0,,
ALDH3A2,0.9,,0.0,,0.5,,,0.6,0.7,,0.6,,,,,,,,0.7,0.75,,,0.6
ALDH3B1,,,,,,,,,,,,0.9,,0.6,,,,,,,,,
ALDH3B2,,,0.0,,0.5,0.9,,0.2,0.6,,0.8,,,,0.7,,,,0.7,,,,
ALDH4A1,0.8,,0.0,,,,,,,,,,0.9,,0.75,0.7,0.85,,,,0.88,,
ALDH5A1,,1.0,0.0,,0.59,,0.5,,0.7,0.6,0.7,,,,0.8,,,,,0.77,,,
ALDH6A1,,,,,,,,,,,,,,,,,,,,,,,
ALDH7A1,,,0.0,,0.92,0.23,0.5,,0.85,,0.9,,,,,0.75,,,0.5,0.62,,,
ALDH8A1,,,0.0,,0.97,,,0.6,0.8,,0.9,,,,0.8,,,,0.5,1.0,,,
ALDH9A1,,,0.8,,0.79,0.7,,,0.8,,0.9,,,,0.8,,,,0.5,,,0.6,
ALDOA,,,,,,,,,,,,,,,,,,,,,,,
ALDOB,,,0.0,,,,0.8,0.5,0.6,,0.7,,,,,,,,,,0.99,,
ALDOC,,,0.07,,0.3,,,0.1,0.67,,0.87,,,,0.8,,,,0.73,0.87,,,
ALG1,,,0.0,,0.5,0.7,0.3,,0.7,,0.9,,,,0.7,,0.8,,0.6,,,0.6,
ALG10,,,0.0,,0.74,0.33,0.1,,0.6,,0.7,,,,0.7,,,,0.5,0.81,,,
ALG10B,,,0.0,,0.85,,0.6,0.5,0.8,,0.9,,,,0.6,,,,0.8,0.79,,,
ALG11,,,,,,,,,,,,1.0,,,,,,,,,,,
ALG12,0.7,,0.0,,0.65,,,0.4,0.8,,,,0.9,,0.7,,,,0.5,,,0.6,
ALG13,0.8,1.0,,1.0,0.95,,,,0.7,,,,0.9,,,,0.9,,0.6,,0.65,,
ALG14,0.8,,0.0,,0.59,,,0.4,0.75,,,,0.9,,0.7,,,,0.5,,,0.5,
ALG1L2,,,0.0,,0.0,,,,,,0.6,,,,0.9,0.5,,,0.5,,,,
ALG2,0.8,,0.0,,0.66,,,,0.7,,,,0.9,,,,,,0.5,,0.61,,
ALG3,0.8,,0.0,,0.84,0.75,,0.7,0.85,,,,,,0.7,0.65,,,0.5,0.6,,,
ALG5,,1.0,0.3,,0.24,,,0.5,0.8,,0.9,,,,0.75,0.7,,,0.8,,,0.55,
ALG6,0.8,,0.9,,,,,0.5,,,,,0.7,,0.75,0.7,0.85,,,,0.65,,
ALG8,0.8,,0.0,,,,,,,,,,0.9,,0.8,,0.9,,,,,,
ALG9,0.8,,0.0,,,,,,,,,,0.9,,0.8,0.7,0.9,,,,,,
ALK,0.75,,,,,,,,,,,,,,,,,,,,,,
ALKAL1,,,0.0,,0.0,,,,0.6,,0.8,,,,0.7,,,,0.5,,,,
ALKAL2,,,0.0,,0.0,,,,0.7,,0.8,,,,0.8,,,,0.5,0.95,,,
ALKBH1,0.4,,0.0,,0.62,,,,0.5,,0.75,,,,,,,,0.5,,,0.59,
ALKBH2,,,,,,,,,,,,,,,,,,,,,,,
ALKBH3,0.5,,0.0,,0.94,,,0.6,0.8,,0.9,,,,,,0.9,,0.8,,,0.7,
ALKBH4,,,0.13,,0.31,,,,0.78,,0.93,,,,0.7,0.75,,,0.76,,,0.54,
ALKBH5,,,,0.95,0.07,,,,0.9,,0.72,,,,,,,,0.78,,,0.47,
ALKBH6,,,0.1,,0.31,,,,0.6,,0.8,,,,0.8,,,,0.5,,,0.5,
ALKBH7,,,,,,,,,,,,,,,,,,,,,,,
ALKBH8,0.8,,0.0,,0.39,,,,,,,,0.9,,0.7,0.75,0.9,,0.7,,,,
ALLC,,,0.0,,,,0.5,,0.6,,,,,,,,0.2,,,,,0.4,
ALMS1,,,0.0,,0.73,,0.9,,0.7,0.6,,,,,0.5,,,,0.8,0.86,,,
ALOX12,0.7,,0.0,,0.78,,0.5,,0.7,0.6,0.9,,,,,,,,0.8,0.97,,,
ALOX12B,0.8,1.0,0.0,,0.34,,,,0.85,,,,0.9,,0.6,,0.9,,,1.0,,,
ALOX15,,,0.0,,0.5,,0.8,0.4,0.75,0.9,0.85,,,,,0.8,,,0.6,1.0,,,
ALOX15B,,,0.0,,0.88,,,0.6,0.7,0.5,0.9,,,,,,,,0.8,0.96,,,
ALOX5,0.7,,0.0,,0.42,,,0.75,0.85,0.9,0.8,,,,,,,,0.8,0.94,,,
ALOX5AP,0.5,,0.08,,0.36,0.37,,0.1,0.73,0.6,0.87,,,,0.75,,,,0.16,0.99,,,
ALOXE3,0.9,,0.0,,,,,0.6,0.7,,,,0.8,,,,0.85,,,1.0,,,
ALPI,,,0.0,,0.5,,,0.5,0.7,,0.8,,,,0.8,0.7,,,0.6,,,,
ALPK1,,,0.0,,0.72,,0.5,0.6,0.85,,0.9,,,,0.8,0.75,,,0.8,,,,
ALPK2,,,,,,,,,,,,0.8,,,,,,,,,,,
ALPK3,,,0.0,,,,0.8,,0.6,,0.7,,,,,0.75,,,,,0.9,,
ALPL,,,0.0,,0.41,0.8,0.9,0.4,0.5,0.6,0.7,,,,,,,,,,0.92,,
ALPP,,0.0,0.0,,0.88,,,,0.8,,0.9,,,,0.8,,,,0.5,1.0,,,
ALS2,0.9,,0.0,,0.37,,,0.5,0.6,,0.7,,,,0.7,,0.8,0.8,0.5,,,,
ALS2CL,,,0.0,,0.86,,,,0.6,,0.8,,,,0.7,,,,0.7,,,,
ALX1,,,0.19,,0.26,,0.5,,0.8,,0.9,,,,,,0.6,,,0.91,,,
ALX3,,,0.9,,,,0.7,0.75,0.6,,,,0.95,,,,,,,,0.99,,
ALX4,,,0.3,,0.24,,0.6,,0.5,,0.9,,,,,,,,,0.94,,,
ALYREF,,,,0.93,0.0,,,0.6,0.8,,,,,,,0.8,,,0.5,0.64,,,
AMACR,0.7,,0.8,,,,,,,,,,,,,,0.85,,,,,0.5,
AMBN,0.7,,0.0,,0.73,,,0.5,0.6,,0.9,,,,0.8,,,,0.8,1.0,,,
AMBP,,,0.0,,0.98,,0.8,,0.7,,0.9,,,,,0.75,,,0.5,1.0,,,
AMBRA1,,1.0,,1.0,0.94,,0.6,,0.5,,0.7,,,,,,,,0.9,,,0.5,
AMD1,0.8,1.0,,0.98,0.06,,,,0.8,,,,0.9,,0.7,,,,0.5,,,,
AMDHD1,,,0.0,,,,0.5,0.2,0.7,,,,0.8,,0.6,,0.5,,,,1.0,,
AMDHD2,,,0.9,,0.4,,,,0.7,,0.8,,,,0.8,,0.8,,0.5,,,,
AMELX,0.8,,0.1,,,,,,,,,,0.9,,0.8,,0.9,,,,1.0,,
AMELY,,,0.0,,0.5,,,,0.6,,0.8,,,,0.8,,,,0.4,1.0,,,
AMER1,0.7,,0.36,,0.23,,,,0.85,,,,0.9,,0.8,0.7,,,0.8,,0.69,,
AMER2,,,0.1,,0.31,,,,0.6,,0.8,,,,0.7,0.6,,,0.5,,,,
AMER3,,,,0.6,0.2,,,,0.7,,0.8,,,,0.7,,,,0.5,0.9,,,
AMFR,,,0.0,,0.39,,0.5,,0.6,,0.8,,,,,0.75,,,0.5,,,0.6,
AMH,,,0.0,,0.5,,,,0.5,0.7,0.6,,,,,,,,,0.96,,,
AMHR2,0.7,,0.0,,0.63,,,,0.8,,,,0.9,,0.8,,,,0.8,,0.97,,
AMIGO1,,,,0.98,0.0,,0.5,0.7,0.8,,0.9,,,,0.7,,,,,,,,
AMIGO2,,,,0.6,0.17,,,,0.7,,0.9,,,,0.85,,,,0.8,,,,
AMIGO3,,,0.0,,0.7,,,0.7,0.8,,0.9,,,,0.9,,,,0.6,,,0.0,
AMMECR1,0.75,,,0.83,0.1,,,0.6,0.8,,,,0.84,,0.7,,0.5,,0.67,0.84,,,
AMMECR1L,,,,1.0,0.1,,,0.5,0.7,,0.9,,,,0.9,,,,0.6,,,,
AMN,1.0,1.0,0.0,,0.46,,,0.5,0.6,,,,0.7,,0.9,,0.8,,,,,,
AMN1,,,0.32,,0.24,0.46,,0.1,0.78,,0.88,,,,0.9,,,,0.51,,,,
AMOT,,,,,,,,,,,,0.8,,0.75,,,,,,,,,
AMOTL1,,,0.0,,0.3,,,0.5,0.8,,0.9,,,,0.7,0.75,,,0.6,,,,
AMOTL2,,,,,,,,,,,,0.8,,,,,,,,,,,
AMPD1,,,0.0,,,,0.8,,0.6,,0.7,,,,,,,,,1.0,,,
AMPD2,0.6,,0.8,,,,,,,,,,0.9,,0.7,,,,,,0.8,,
AMPD3,,,,,,,,,,,,0.9,,0.6,,,,,,,,,
AMPH,,,0.0,,0.36,,,0.6,0.8,,0.9,,,,0.7,,,,0.7,,,,
AMT,,,0.0,,0.43,,0.5,,0.8,,0.9,,,,0.7,,,,0.5,0.73,,,
AMTN,,,0.0,,0.5,,,0.7,0.6,,,,,,0.7,,,,0.7,1.0,,,
AMY1C,,,0.8,,0.6,,,,0.7,,0.9,,,,0.8,,,,0.5,,,,
AMY2A,,,0.0,,0.5,,,0.5,0.7,0.6,0.9,,,,,0.6,,,0.8,,,,
AMY2B,,,0.0,,0.5,0.62,,,0.7,,0.8,,,,,0.7,,,0.5,,,,
AMZ1,,,0.0,,,,0.8,0.7,0.5,,,,0.6,,,0.6,,,,0.9,,,
AMZ2,0.7,,0.0,,0.97,0.8,,,0.7,,0.9,,,,0.5,,,,0.5,,,0.55,
ANAPC1,0.7,,0.0,,,,,,,,,,0.8,,0.5,,0.9,,,,0.65,,
ANAPC10,,,0.9,,,,0.8,,,,,,0.7,,0.7,,,,,,,,
ANAPC11,,,0.35,,0.23,0.7,,,0.85,,0.95,,,,0.8,,,,0.84,,,0.48,
ANAPC13,,,0.0,,0.5,,0.8,0.7,0.6,,0.7,,,,,,,,0.3,,,0.5,
ANAPC15,,,0.29,,0.25,,,,0.64,,0.54,,,,,0.65,,,0.12,,,0.49,
ANAPC16,,,0.8,,0.55,,,0.75,0.85,,0.9,,,,0.8,0.75,,,0.6,,,0.7,
ANAPC2,,1.0,,1.0,0.94,,,,0.8,,0.9,,,,0.8,0.85,,0.9,0.7,,,,
ANAPC4,0.8,,0.0,,,,0.8,,,,,,0.9,,0.5,0.7,0.7,,,,0.6,,
ANAPC5,,,0.0,,0.53,0.85,,0.7,0.8,,0.9,,,,0.7,0.65,,,0.75,,,0.6,
ANAPC7,,,,0.85,0.18,,0.1,,0.8,,0.9,,,,0.7,,,,0.75,,,0.53,
ANG,0.8,,0.29,,0.0,,,0.5,0.8,,,,0.9,,,,,,0.5,,1.0,,
ANGEL1,,,0.0,,0.53,0.82,,,0.6,,0.94,,,,0.5,0.65,,,0.67,0.7,,,
ANGEL2,,,,,,,,,,,,,,,,,,,,,,,
ANGPT1,,,,,,,,,,,,1.0,,0.5,,,,,,,,,
ANGPT2,,1.0,,0.86,0.18,,0.5,0.5,0.8,0.6,0.9,,,,0.7,,,,,0.91,,,
ANGPT4,,,0.0,,0.91,,0.5,,0.7,,0.9,,,,0.8,,,,0.5,0.93,,,
ANGPTL1,,,0.0,,0.86,,0.6,,0.7,,0.8,,,,0.6,0.65,,,0.7,0.9,,,
ANGPTL2,,,0.0,,0.38,,,0.4,0.7,,0.9,,,,0.8,0.75,,,0.5,0.84,,,
ANGPTL3,,,0.0,,0.94,,0.9,0.5,0.6,,0.7,,,,,,,,,1.0,,,
ANGPTL4,,1.0,0.0,,0.87,,0.9,0.6,0.8,,0.7,,,,,,,,,0.93,,,
ANGPTL5,,,0.0,,0.86,,,,0.7,,0.9,,,,0.85,0.75,,,0.5,0.95,,,
ANGPTL6,,1.0,0.0,,,,,,,,,,0.9,,0.8,,,,0.5,,,,
ANGPTL7,,,0.0,,0.7,0.8,0.6,0.6,0.7,,0.9,,,,,0.75,,,0.5,,,,
ANGPTL8,,,1.0,,1.0,,,,0.8,,0.9,,,,1.0,,,,0.8,,,,
ANHX,,,0.0,,0.0,,,,,,0.8,,,,,0.7,,0.7,0.5,1.0,,,
ANK1,,,,,,,,,,,,0.8,,0.6,,,,,,,,,
ANK2,,,,1.0,0.94,,0.75,,0.85,,0.9,,,,,0.85,,,,,,,
ANK3,,,,1.0,0.05,,0.6,,0.75,,0.9,,,,0.8,0.78,,0.85,0.8,0.96,,,
ANKAR,,,0.0,,0.87,,,,0.6,,0.5,,,,0.8,,,,0.8,,,,
ANKDD1A,,,0.0,,0.93,,0.5,0.4,0.7,,0.9,,,,0.5,,,0.7,0.6,0.8,,,
ANKDD1B,,,0.0,,0.0,,,,0.6,,0.8,,,,,,,,0.5,,,,
ANKEF1,,,0.0,,0.63,,,0.6,0.7,,0.8,,,,0.7,,,0.9,0.5,,,,
ANKFN1,,,0.0,,,,0.8,,0.7,,,,0.9,,0.7,0.65,,,,,0.93,,
ANKFY1,,,,,,,,,,,,0.8,,0.6,,,,,,,,,
ANKH,,,0.33,,0.23,,0.4,0.6,0.8,,0.89,,,,,0.65,,,0.49,,,,
ANKHD1,,,,1.0,0.94,,,,0.8,,0.9,,,,0.7,,,0.7,0.6,0.64,,,
ANKIB1,,,,1.0,0.1,,,,0.8,,0.9,,,,0.8,,,,0.7,,,,
ANKK1,,,0.0,,0.82,,,,0.5,,0.75,,,,0.7,,,,0.765,,,,
ANKLE1,,,0.0,,,,0.8,,,,,,0.9,,0.8,,,,,,,,
ANKLE2,0.8,,0.0,,0.58,,,0.7,0.75,,,,0.9,,0.6,,,,0.5,0.66,,,
ANKMY1,,,0.0,,0.88,,0.1,,0.6,,0.8,,,,,,,0.7,0.5,0.91,,,
ANKMY2,,,0.0,,0.54,0.52,,0.5,0.6,,0.9,,,,0.9,,,0.8,0.7,,,0.6,
ANKRA2,,,,,,,,,,,,0.9,,,,,,,,,,,
ANKRD1,,,0.0,,,,0.5,,,,,,0.9,,,0.6,,,,,1.0,,
ANKRD10,,,0.16,,0.27,,,0.4,0.8,,0.66,,,,0.8,,,0.75,0.42,,,,
ANKRD11,,1.0,,1.0,0.95,,0.8,,0.6,,0.7,,,,0.9,,,,0.5,,,0.5,
ANKRD12,,,,1.0,0.89,,,0.6,0.8,,0.9,,,,0.9,,,0.75,0.7,,,,0.7
ANKRD13A,,,,,,,,,,,,0.9,,,,,,,,,,,
ANKRD13B,,,,,,,,,,,,0.9,,,,,,,,,,,
ANKRD13C,,,,1.0,0.9,,,,0.8,,0.9,,,,0.8,,,0.85,0.7,,,0.6,
ANKRD13D,,,0.29,,0.23,,,,0.78,,0.84,,,,0.75,,,,0.52,,,0.54,
ANKRD16,,,0.0,,0.86,,,,0.8,,0.9,,,,0.7,,,0.7,0.5,,,0.57,
ANKRD17,,1.0,,1.0,0.02,,0.9,,0.7,,0.8,,,,0.6,,,,0.6,,,,
ANKRD18A,,,0.0,,0.54,,,0.4,0.6,,0.75,,,,0.7,0.6,,0.9,0.8,,,,
ANKRD18B,,,0.0,,0.58,,,,0.7,,0.9,,,,0.9,0.7,,0.8,0.8,0.96,,,
ANKRD19P,,,0.0,,0.0,,,,0.6,,,,,,,0.2,,,0.5,,,,
ANKRD2,,,0.0,,0.8,,,,0.8,,0.9,,,,,,,,0.6,,,,
ANKRD20A1,,,0.0,,0.94,,,,0.8,,0.9,,,,0.8,,,0.6,0.7,,,0.5,
ANKRD20A12P,,,0.0,,0.0,,,,0.6,,,,,,,0.1,,,0.5,,,0.2,
ANKRD20A5P,,,0.0,,0.0,,,,0.6,,,,,,,0.2,,,0.5,,,,
ANKRD20A8P,,,0.0,,0.0,,,,0.7,,,,,,,,,,0.5,,,,
ANKRD22,,,0.0,,,,0.1,0.75,0.8,,0.9,,,,,,,,0.95,0.96,,,
ANKRD23,,,0.0,,0.4,,,,0.5,,0.8,,,,,,,0.9,0.6,1.0,,,
ANKRD24,,,0.0,,0.63,,,,0.7,,0.9,,,,0.8,,,,0.8,,,,
ANKRD26,0.8,,0.0,,,,,,,,,,0.9,,0.9,,,,0.5,,,,
ANKRD26P1,,,0.0,,0.0,,,,0.7,,,,,,,,,,0.5,,,0.4,
ANKRD27,0.75,,0.0,,,,0.8,,,,,,0.9,,0.8,0.75,0.85,,,,,,
ANKRD28,,,,1.0,0.8,,0.5,0.4,0.6,,0.8,,,,0.7,,,0.9,0.7,0.7,,,
ANKRD29,,,0.0,,0.79,,,0.6,0.7,,0.9,,,,0.8,0.75,,0.8,0.75,,,,
ANKRD30A,,,0.0,,0.5,,0.8,,0.5,,0.6,,,,0.7,,,0.8,0.7,1.0,,,
ANKRD30B,,,0.0,,0.72,,,,0.7,,0.6,,,,,,,0.9,0.8,,,,
ANKRD30BL,,,0.0,,0.0,,,,0.6,,,,,,0.8,0.4,,0.7,0.5,,,,
ANKRD31,0.8,,0.0,,,,,,,,,,0.7,,,,,,,,1.0,,
ANKRD33,,,0.0,,0.7,,,,0.5,,0.8,,,,,,,,0.6,,,,
ANKRD33B,,,0.0,,0.0,,,,0.6,,0.5,,,,,,,0.8,0.7,0.9,,,
ANKRD34A,,,,0.98,0.0,,,,0.6,,0.8,,,,0.85,,,0.75,0.7,,,0.5,
ANKRD34B,,,0.0,,0.5,,,,0.7,,0.8,,,,,,,,0.6,,,,
ANKRD34C,,,0.0,,0.0,,,,0.6,,0.8,,,,0.9,,,0.7,0.5,,,,
ANKRD35,,,,,,,,,,,,1.0,,,,,,,,,,,
ANKRD36,,,0.0,,0.5,,,0.5,0.6,,0.7,,,,0.7,,,0.9,0.8,,,,
ANKRD36B,,,0.0,,0.0,,,0.7,0.6,,0.8,,,,0.8,,,,0.7,,,,
ANKRD36BP1,,,0.0,,0.0,,,,0.5,,,,,,,,,,0.1,,,0.2,
ANKRD36C,,,0.0,,0.0,,,,0.4,,0.2,,,,0.6,0.5,,,0.5,,,,
ANKRD37,,,0.0,,0.67,,,,0.8,,0.95,,,,0.9,,,0.7,0.5,,,,
ANKRD39,,,0.0,,0.59,,,0.57,0.7,,0.66,,,,0.8,,,,0.5,,,,
ANKRD40,,,,0.65,0.18,,,,0.6,,0.85,,,,0.9,,,,0.73,,,,
ANKRD42,,,,,,,,,,,,0.9,,0.7,,,,,,,,,
ANKRD44,,,,,,,,,,,,,,,,,,,,,,,
ANKRD45,,,0.0,,,,0.5,,,,,,0.9,,0.8,,,,,,0.99,,
ANKRD46,,,,0.5,0.2,,0.3,0.6,0.5,,0.7,,,,0.7,,,0.8,0.4,,,0.5,
ANKRD49,,,0.0,,0.57,,,0.5,0.5,,0.74,,,,,,,0.8,0.5,0.68,,,
ANKRD50,,,,0.98,0.17,,,,0.6,,0.55,,,,0.7,,,0.75,0.85,,,,
ANKRD52,,,,1.0,0.02,,,,0.6,,0.7,,,,0.7,0.75,,,0.8,,,0.5,
ANKRD53,0.7,,0.0,,,,,,,,,,0.8,,,,,,,,1.0,,
ANKRD54,,,0.9,,0.5,,,,0.7,,0.8,,,,0.6,,,0.8,0.6,,,0.7,
ANKRD55,,,0.0,,0.53,0.64,0.87,0.5,0.6,,0.93,,,,,,,0.8,0.75,0.93,,,
ANKRD6,,,0.0,,0.59,,,,0.7,,0.9,,,,0.6,0.65,,,0.5,0.92,,,
ANKRD60,,,,,,,,,,,,,,,,,,,,,,,
ANKRD61,,,0.0,,0.0,,,,0.6,,0.8,,,,,,,,0.5,,,,
ANKRD62,,,,0.66,0.21,,,,,,0.9,,,,0.8,0.7,,,0.5,,,,
ANKRD63,,,0.0,,0.0,,,,0.6,,0.8,,,,,,,,0.5,1.0,,,
ANKRD65,,,,,,,,,,,,,,,,,,,,,,,
ANKRD66,,,0.0,,0.0,,,,0.6,,,,,,,0.65,,,0.5,,,,
ANKRD7,,,0.0,,0.78,,,,0.4,,0.61,,,,,,,,0.5,,,,
ANKRD9,,,,0.68,0.0,,0.4,0.6,0.5,,0.6,,,,,0.65,,,0.5,0.72,,,
ANKS1A,,,,0.68,0.21,,0.8,,0.7,,0.9,,,,0.9,0.78,,,0.6,0.69,,,
ANKS1B,,,,1.0,0.9,,0.6,,0.7,,0.9,,,,0.8,,,,0.7,,,,
ANKS3,,,0.0,,0.5,,,,0.6,,0.9,,,,0.9,,,,0.7,,,,
ANKS4B,,,0.0,,0.72,,,,0.7,,0.8,,,,0.9,0.7,,0.6,0.5,0.99,,,
ANKS6,,,0.0,,0.44,,0.5,,0.6,,0.9,,,,,0.6,,,0.5,0.85,,,
ANKUB1,,,0.0,,0.74,,,,0.7,,0.6,,,,,,,,0.5,,,,
ANKZF1,,,0.0,,0.9,,,,,,,,0.89,,,,0.9,,0.7,,,,
ANLN,0.8,,0.46,,0.22,,,,0.65,,,,0.9,,0.8,0.75,,,0.75,,,,
ANO1,,,,0.96,0.18,,,,,,,,,,,,,,,,,,
ANO10,,,,,,,,,,,,0.6,,0.4,,,,,,,,,
ANO2,,,0.0,,0.69,,0.1,,0.6,,0.8,,,,0.7,,,0.9,0.5,0.87,,,
ANO3,,,0.0,,,,0.8,,0.6,,,,0.9,,0.85,0.75,0.75,,,0.95,,,
ANO4,,,0.0,,0.29,,,,0.85,,0.9,,,,0.75,0.65,,,0.7,0.82,,,
ANO5,,,0.0,,,,0.8,,0.6,,0.9,,,,0.8,0.7,0.7,,,0.9,,,0.5
ANO6,,,0.0,,0.89,,0.5,0.7,0.8,,0.9,,,,0.6,,0.85,,0.5,0.77,,,
ANO7,,,0.0,,0.5,0.7,,,0.7,,0.8,,,,0.8,,,,0.6,1.0,,,0.6
ANO8,,,,,,,,,,,,0.85,,,,,,,,,,,
ANO9,,,0.0,,0.64,,,,0.8,,0.9,,,,0.8,0.7,,,0.7,,,,
ANOS1,1.0,,0.0,,,,,,,,,,0.9,,0.8,,0.9,,,,0.7,,
ANP32A,,,,0.99,0.0,,0.1,,0.5,,0.76,,,,0.5,0.75,,,0.5,,,,
ANP32B,,1.0,,0.96,0.07,,0.75,,0.9,,0.85,,,,0.9,,,0.8,,0.66,,,
ANP32D,,,1.0,,,,,,,,,,0.7,,,,,,0.5,,0.9,,
ANP32E,,,,0.96,0.07,,0.1,,0.8,,0.9,,,,0.7,,,,0.5,,,,
ANPEP,,,0.0,,,,0.9,,0.6,0.8,0.7,,,,,,,,,1.0,,,
ANTXR1,,,,,,,,,,,,0.85,,,,,,,,,,,
ANTXR2,,,,,,,,,,,,0.8,,0.6,,,,,,,,,
ANTXRL,,,0.0,,0.64,,,,0.5,,,,,,0.9,,,,0.5,,,0.3,
ANXA1,,,0.1,,,,,,,,,,0.9,,,,0.8,,,,0.95,,
ANXA10,,,0.0,,0.84,,,,0.8,,0.9,,,,0.7,,0.3,,0.5,,,,
ANXA11,,,0.0,,0.69,,0.5,0.3,0.9,,0.8,,,,0.6,,0.7,,0.5,0.66,,,
ANXA13,,,0.0,,0.72,,0.4,,0.6,,0.8,,,,0.7,,0.5,,0.5,1.0,,,
ANXA2,,,0.0,,0.43,,,0.6,0.8,,0.9,,,,,0.65,,,0.5,0.87,,,
ANXA2P2,0.5,,0.0,,,,,,,,,,,,,,0.7,,,,,,
ANXA2R,,,0.0,,0.0,,,,0.7,,0.8,,,,,,,,0.5,,,,
ANXA3,,,,,,,,,,,,0.8,,0.6,,,,,,,,,
ANXA4,,,0.0,,0.69,,0.5,0.2,0.9,,0.8,,,,0.7,,0.7,,0.5,0.72,,,
ANXA5,0.8,,0.0,,0.93,,,0.6,0.75,0.85,0.9,,,,,,,,0.5,0.77,,,
ANXA6,,,0.0,,,,0.8,,,,,,0.9,,0.8,,0.6,,,,0.72,,
ANXA7,,0.8,0.0,,,,,0.2,0.6,,,,0.9,,0.7,,,,0.5,,,0.7,
ANXA8L1,,,0.0,,0.0,,,0.2,0.6,,0.8,,,,0.5,,,,0.5,,,0.3,
ANXA9,,,0.0,,0.5,,0.6,0.2,0.8,,0.9,,,,0.8,,,,0.7,0.9,,,
AOAH,,,0.0,,0.7,,,,0.7,0.5,0.9,,,,0.7,,,,0.8,,,,0.6
AOC1,,,,,,,,,,,,,,,,,,,,,,,
AOC2,0.6,,0.0,,0.93,,,0.5,0.67,,0.71,,,,0.8,0.65,0.75,,0.5,0.71,,,
AOC3,0.75,,0.0,,0.72,,,0.6,0.7,0.8,0.9,,,,,,,,0.76,,,,
AOX1,,,0.0,,0.76,,,,0.7,0.6,0.9,,,,0.5,,,,0.8,,,,
AP1AR,,,0.13,,0.27,,,,0.5,,,,0.84,,0.9,0.7,,,0.76,,,0.52,
AP1B1,,,,,,,,,,,,0.7,,0.6,,,,,,,,,
AP1G1,,,,,,,,,,,,0.8,,,,,,,,,,,
AP1G2,,,0.0,,0.99,,,0.6,0.8,,0.9,,,,,0.76,,0.7,0.7,0.82,,,
AP1M1,,1.0,,0.71,0.19,,,0.65,0.75,,0.95,,,,0.8,,,,0.85,,,0.5,
AP1M2,,,0.0,,0.68,,0.8,0.6,0.7,,0.9,,,,0.7,,,,0.5,0.89,,,
AP1S1,,,0.09,,0.35,,,0.4,0.76,,,,,,0.5,,,,0.79,0.76,,,
AP1S2,0.8,,,0.88,0.0,,,0.7,0.75,,,,0.9,,0.7,,0.85,,0.5,0.61,,,
AP1S3,0.7,,0.9,,,,,0.5,,,,,0.8,,0.7,,0.8,,,,0.9,,0.6
AP2A1,,,,1.0,0.98,,,0.6,0.8,,0.9,,,,,,,,0.7,,,0.5,
AP2A2,,,,1.0,0.02,,,0.5,0.6,,0.7,,,,0.8,0.75,,,0.8,,,,
AP2B1,,,,1.0,0.14,,0.9,0.6,0.7,,0.8,,,,,0.75,,,0.5,,,0.5,
AP2M1,,1.0,,1.0,0.04,,,0.7,0.6,,0.7,,,,,,,,,,,,
AP2S1,0.6,,,0.8,0.1,,,0.7,0.8,,0.9,,,,0.8,0.75,,,0.7,,,0.5,
AP3B1,,,,,,,,,,,,0.8,,0.6,,,,,,,,,
AP3B2,,,,0.81,0.2,,0.5,,0.8,,0.9,,,,,0.8,,,0.75,,,,
AP3D1,,,,,,,,,,,,0.8,,0.6,,,,,,,,,
AP3M1,,,,,,,,,,,,1.0,,0.7,,,,,,,,,
AP3M2,,,,,,,,,,,,0.9,,,,,,,,,,,
AP3S1,,,,,,,,,,,,0.9,,0.6,,,,,,,,,
AP3S2,,,0.0,,,,0.8,,0.7,,,,0.9,,0.75,0.7,0.85,,,,,,
AP4B1,0.8,,0.0,,0.52,,,0.6,0.7,,0.9,,,,0.7,0.6,,0.5,0.5,0.62,,,
AP4E1,0.7,,0.9,,,,,,,,,,0.8,,0.7,0.7,0.8,,,,0.6,,0.5
AP4M1,0.6,,0.0,,0.94,,,0.5,0.6,,0.7,,,,,,0.8,,0.5,0.65,,,
AP4S1,0.8,,0.0,,0.93,,,0.6,0.7,,,,0.9,,0.8,,,,0.5,,,0.6,
AP5B1,,,0.0,,0.85,,0.8,,0.6,,0.7,,,,0.7,0.65,,,0.5,,,,
AP5M1,,,,,,,,,,,,0.8,,,,,,,,,,,
AP5S1,,,0.0,,0.98,,,,0.6,,0.8,,,,0.75,,,,0.4,,,0.5,
AP5Z1,0.8,,0.0,,,,,,,,,,0.9,,,,,,,,0.6,,
APAF1,,1.0,0.0,,,,,0.5,0.7,,,,0.9,,0.7,,,,0.8,,,0.6,
APBA1,,,,0.87,0.19,,0.8,0.5,0.7,,0.9,,,,,0.82,,,0.6,0.88,,,
APBA2,,,,,,,,,,,,0.85,,0.7,,,,,,,,,
APBA3,,,0.0,,0.86,,,0.8,0.7,,0.9,,,,0.8,,,,0.75,,,0.59,
APBB1,0.8,,,,,,,,,,,,0.9,,,,,,,,,,0.5
APBB1IP,,,,,,,,,,,,0.8,,,,,,,,,,,
APBB2,,,0.04,,0.27,,,0.85,0.8,,0.9,,,,0.9,,,,0.5,0.77,,,0.6
APBB3,0.8,,0.0,,0.68,,,0.7,0.8,,0.9,,,,,,,,0.5,,,,
APC,,1.0,,1.0,,,,0.4,,,,,0.9,,,,1.0,,,,0.87,,
APC2,0.9,,,1.0,0.12,,,,0.6,,0.7,,,,0.7,,,,0.8,0.87,,,
APCDD1,0.8,,0.01,,0.35,,,0.6,0.7,,,,0.9,,0.9,,,,0.5,,0.92,,
APCDD1L,,,0.22,,0.26,,,,0.8,,0.9,,,,0.7,,,,0.5,,,,
APCS,,,0.03,,0.89,,0.4,,0.7,0.6,0.8,,,,0.7,,,,0.5,,,,
APEH,,,0.0,,0.61,,0.6,,0.7,0.5,0.9,,,,,,,0.8,0.8,,,0.6,
APELA,,,0.0,,0.0,,,,0.8,,,,,,,,,,0.1,0.97,,,
APEX1,0.8,1.0,0.0,,0.77,,0.5,0.2,0.8,,0.9,,,,,,,,,,,0.6,
APEX2,,,,0.96,0.0,,,0.7,0.8,,0.137,,,,,0.8,,,0.518,0.68,,,
APH1A,,1.0,,0.75,0.15,,0.6,0.5,0.7,0.8,0.9,,,,,,,,,,,0.7,
APH1B,,,0.0,,,,0.8,0.5,0.9,0.6,0.7,,,,0.8,,,,,0.88,,,
API5,,,,1.0,0.97,,,,0.8,,0.9,,,,0.8,,,,0.6,,,0.7,0.7
APIP,,,0.0,,0.6,,0.8,0.6,0.7,,0.9,,,,0.7,0.75,,,0.5,,,0.7,
APLF,,,0.0,,0.5,,,0.7,0.6,,0.7,,,,,,,,0.8,0.75,,,
APLN,,,0.46,,0.0,,,0.2,0.8,,0.9,,,,,0.75,,,0.1,,,,
APLNR,,1.0,,0.76,0.11,,,0.85,0.8,0.88,0.9,,,,,0.85,,,0.95,0.99,,,
APLP1,,,,,,,,,,,,,,,,,,,,,,,
APLP2,,,,,,,,,,,,0.8,,,,,,,,,,,
APMAP,,,0.0,,,,0.8,,,,,,0.9,,0.8,,,,,,0.76,,
APOA1,,,0.0,,0.69,,0.85,0.6,0.8,,0.9,,,,0.75,,,,0.67,1.0,,,
APOA2,0.8,,0.2,,,,,0.6,,,,,0.9,,0.7,0.75,0.8,,,,1.0,,
APOA4,,,0.0,,0.71,,,0.5,0.7,,0.9,,,,0.6,,,,0.8,1.0,,,
APOA5,,,0.0,,,,0.9,,0.6,,0.7,,,,,,,,,1.0,,,
APOB,,1.0,0.0,,0.37,,0.8,,0.7,0.3,0.9,,,,0.7,,,,0.6,1.0,,,
APOBEC1,0.4,,0.0,,0.5,,,0.4,0.6,,0.7,,,,,,,,0.8,1.0,,,
APOBEC2,,,0.8,,0.5,,,,0.7,,0.9,,,,0.5,,,,0.6,1.0,,,
APOBEC3A,,,,,,,,,,,,,,,,,,,,,,,
APOBEC3B,,,0.0,,0.95,,,,0.7,,0.85,,,,,,,,0.75,1.0,,,
APOBEC3C,,,0.03,,0.42,,,,0.87,,0.87,,,,0.8,,,,0.76,0.86,,,
APOBEC3D,,,0.0,,0.5,,,0.8,0.7,,0.9,,,,0.75,,,,0.6,0.95,,,
APOBEC3F,,,0.0,,0.65,,,,0.6,,0.9,,,,,,,,0.8,,,,
APOBEC3G,0.8,,0.0,,,,,,,,,,,,,,,,,,0.9,,
APOBEC3H,,,0.99,,0.56,,,,0.7,,0.9,,,,0.9,0.85,,,0.8,1.0,,,
APOBEC4,,,0.0,,0.77,,,,0.8,,0.9,,,,,0.65,0.6,,0.5,,,,
APOBR,0.75,,0.0,,,,0.8,,,,,,0.9,,0.8,0.75,,,,,0.99,,
APOC1,,,0.2,,0.37,0.49,0.63,,0.73,,0.74,,,,0.5,,,,0.1,1.0,,,
APOC2,,,0.43,,0.19,,,0.5,0.75,,0.6,,,,,,,,0.1,1.0,,,
APOC3,,,0.1,,,,0.8,0.8,0.7,,,,0.9,,,,,,,1.0,,,
APOC4,,,0.0,,0.6,,0.8,0.5,0.6,,0.7,,,,0.9,,,,0.5,1.0,,,
APOD,,,0.0,,0.68,,,0.7,0.85,,0.9,,,,0.8,0.75,,,0.95,1.0,,,
APOE,,,0.0,,,,0.9,0.4,0.6,,0.7,,,,,,,,,,0.93,,
APOF,,,0.06,,0.41,,0.5,0.2,0.8,,0.9,,,,,0.65,,,0.65,1.0,,,
APOH,,1.0,0.0,,,,,0.3,0.75,,,,0.9,,0.6,,,,,1.0,,,
APOL1,,,0.0,,,,0.9,,0.6,,0.7,,,,0.8,,,,,0.8,,,
APOL2,,,,,,,,,,,,0.9,,,,,,,,,,,
APOL3,,,,,,,,,,,,0.8,,,,,,,,,,,
APOL4,,,0.0,,0.79,,,,0.6,,0.9,,,,0.85,,,,0.5,0.82,,,
APOL5,,,0.0,,0.75,,,,0.8,,1.0,,,,0.9,,,,0.5,,,,
APOL6,,,0.1,,0.5,0.6,,,0.7,,0.8,,,,,0.7,,,0.4,,,,
APOLD1,,,0.0,,,,0.8,,,,,,0.9,,0.7,0.75,,,,0.94,,,
APOM,,,,,,,,,,,,,,0.7,,,,,,,,,
APOO,,,,0.62,0.17,,,,0.8,,0.95,,,,0.75,0.78,,,0.75,,,,
APOOL,,,0.38,,0.22,,,,0.83,,0.95,,,,0.75,,,,0.67,,,,
APP,0.8,,0.06,,0.25,,,0.75,0.85,0.6,0.9,,,,,,,,0.77,,,0.57,
APPBP2,,,,,,,,,,,,0.9,,0.7,,,,,,,,,
APPL1,0.8,,,0.81,0.2,,,0.5,0.75,,0.9,,,,,0.78,,,0.7,,,0.54,
APPL2,,,0.0,,0.82,,,0.2,0.7,,0.9,,,,0.9,,,0.6,0.5,0.64,,,
APRT,0.5,1.0,0.0,,0.75,,,0.6,0.8,,0.9,,,,,0.7,,,,0.7,,,
APTX,,,0.0,,0.89,,0.5,0.6,0.8,,0.9,,,,0.8,,0.9,0.7,0.5,,,0.7,
AQP1,,1.0,0.0,,0.7,,0.5,,0.7,0.8,0.9,,,,,,,,,,,,
AQP10,,,0.0,,0.58,,0.4,,0.6,0.5,0.85,,,,0.9,,,,0.75,0.96,,,
AQP11,,1.0,0.0,,0.67,0.8,,,0.8,,,,0.9,,,,,,0.5,,0.89,,
AQP12A,,,0.8,,0.7,,,,0.6,,0.9,,,,0.7,,,,0.5,,,,
AQP12B,,,0.0,,0.5,0.0,,,0.6,,0.7,,,,0.8,0.7,,,0.5,,,,
AQP2,,1.0,0.0,,0.92,,0.5,,0.7,0.6,0.9,,,,0.7,,,,,1.0,,,
AQP3,0.5,,0.08,,0.32,,,,0.72,,0.78,,,,,,,,0.73,,0.97,,
AQP4,,,0.0,,0.49,,,,0.8,,0.9,,,,,,,,0.7,0.88,,,
AQP5,0.6,0.8,0.2,,,,,,0.7,,,,0.9,,,,,,,,,,
AQP6,,,0.01,,0.51,,,,0.9,0.5,0.57,,,,0.7,,0.8,,0.82,,,,
AQP7,0.8,,0.0,,0.6,,,,0.7,,0.9,,,,,,,,0.5,0.9,,,
AQP7P3,,,0.0,,0.0,,,,0.8,,,,,,,,,,0.5,,,0.9,
AQP8,,,0.0,,0.59,,,,0.6,0.1,0.8,,,,,0.6,0.9,,0.5,1.0,,,
AQP9,,,0.17,,0.28,,0.4,,0.73,0.5,0.84,,,,,,,,0.59,0.97,,,
AQR,,,,,,,,,,,,,,,,,,,,,,,
AR,0.7,,,0.98,0.12,,0.7,,0.75,0.81,0.9,,,,,,,,0.92,0.91,,,
ARAF,,,,,,,,,,,,,,,,,,,,,,,
ARAP1,,,,,,,,,,,,1.0,,0.5,,,,,,,,,
ARAP2,,,0.0,,0.42,,0.9,,0.8,,0.7,,,,0.5,,0.6,,0.8,,,,
ARAP3,,,,,,,,,,,,1.0,,0.7,,,,,,,,,
ARC,,1.0,,0.6,0.19,,,0.7,0.8,,0.9,,,,,,,,0.8,0.92,,,
ARCN1,,,,1.0,0.0,,,0.5,0.6,,0.7,,,,0.8,0.75,,,,0.6,,,
AREG,,,0.46,,0.18,,0.8,0.6,0.7,,0.9,,,,,0.72,,,0.5,,,,
AREL1,,,0.0,,,,,,,,,,0.9,,,,,,0.5,,,,
ARF1,0.5,,,0.89,0.0,,,0.2,0.8,,,,0.9,,,,,,0.5,,,0.47,
ARF3,,,,,,,,,,,,0.8,,0.6,,,,,,,,,
ARF4,,,,,,,,,,,,,,,,,,,,,,,
ARF5,,,,,,,,,,,,0.8,,0.5,,,,,,,,,
ARF6,,1.0,,0.74,0.0,,,0.5,0.88,,0.93,,,,,,,,0.875,,,,
ARFGAP1,,,0.0,,0.35,,,0.7,0.8,,0.9,,,,0.7,0.6,0.8,,0.5,,,0.6,
ARFGAP2,,,0.0,,0.32,,,,0.75,,0.9,,,,0.85,,,,0.5,,,0.6,
ARFGAP3,,,0.0,,0.66,,,,0.6,,0.8,,,,0.75,0.7,0.9,,0.5,,,,
ARFGEF1,,,,,,,,,,,,,,,,,,,,,,,
ARFGEF2,,1.0,,1.0,0.84,,0.9,,0.6,,0.7,,,,0.75,0.8,,,,,,0.5,
ARFGEF3,,,1.0,,1.0,,,,0.6,,0.6,,,,0.8,,,0.7,0.8,,,,
ARFIP1,,,0.0,,0.56,0.8,0.2,,0.7,,0.9,,,,0.6,,,,0.5,0.65,,,
ARFIP2,,,,0.58,0.19,,,0.1,0.83,,0.94,,,,0.8,0.65,,,0.68,,,0.52,
ARFRP1,,1.0,0.14,,0.28,,,,0.7,,0.9,,,,0.8,,,,0.8,,,0.47,
ARG1,,1.0,0.0,,0.52,,0.5,0.4,0.7,0.6,0.9,,,,,,,,,1.0,,,
ARG2,,,0.0,,0.51,,,,0.85,0.8,0.9,,,,,0.75,,,0.7,0.93,,,
ARGFX,,,0.0,,0.5,,,,0.5,,0.8,,,,,,,0.9,0.6,1.0,,,
ARGLU1,,,,0.89,0.15,,,,0.6,,0.72,,,,0.8,0.82,,,0.54,,,,
ARHGAP1,,1.0,,0.74,0.18,,0.6,,0.7,,0.8,,,,0.9,,,,,0.71,,,
ARHGAP10,,,0.0,,0.7,,0.8,,0.75,,0.9,,,,0.7,,,,0.8,,,,
ARHGAP11A,,,0.0,,0.54,,,,0.7,,0.9,,,,0.6,0.75,,,0.8,1.0,,,
ARHGAP11B,,,0.0,,0.91,,,,0.7,,0.8,,,,0.6,,,,0.5,,,,
ARHGAP12,,,0.0,,,,0.5,0.7,0.8,,,,0.9,,0.7,,,,,,,0.6,0.5
ARHGAP15,,,0.0,,0.57,,0.7,0.3,0.6,,0.9,,,,0.75,,,,0.5,0.94,,,
ARHGAP17,,,,,,,,,,,,0.9,,,,,,,,,,,
ARHGAP18,,,0.0,,,,,,,,,,0.9,,0.8,0.7,0.85,,,,0.76,,
ARHGAP19,,,0.0,,0.73,,,0.6,0.73,,0.97,,,,0.9,,,,0.5,0.95,,,
ARHGAP20,,,0.03,,0.27,,0.75,,0.8,,0.9,,,,0.9,,,0.7,0.85,0.8,,,
ARHGAP21,,,,,,,,,,,,,,,,,,,,,,,
ARHGAP22,,,0.0,,,,0.1,0.7,0.8,,,,0.9,,0.6,0.65,0.75,,,,0.85,,
ARHGAP23,,,1.0,,1.0,,,,0.85,,0.9,,,,0.75,0.7,,,0.8,,,,
ARHGAP24,,,0.0,,0.56,,0.9,,0.75,,0.7,,,,0.9,,,0.5,0.6,0.77,,,
ARHGAP25,,,,0.9,0.17,,0.8,0.7,0.75,,0.9,,,,,,,,0.645,,,,
ARHGAP26,,,,1.0,0.89,,0.8,0.7,0.6,,0.7,,,,0.8,0.85,0.9,0.8,0.8,,,,
ARHGAP27,,,0.0,,,,0.8,,,,,,0.9,,0.85,,,,,,,,
ARHGAP28,,,0.0,,0.55,,,,0.6,,0.8,,,,0.5,,,,0.5,0.97,,,
ARHGAP29,0.75,,,1.0,0.12,,0.8,,0.7,,0.9,,,,0.9,,,,0.8,0.81,,,
ARHGAP30,,,,1.0,0.9,,,,0.8,,0.9,,,,0.75,,,,0.7,,,,
ARHGAP31,,,,1.0,0.09,,0.5,,0.75,,0.85,,,,0.8,,,,0.7,0.76,,,
ARHGAP32,,,,,,,,,,,,0.9,,,,,,,,,,,
ARHGAP33,,,0.8,,0.25,,,,0.8,,0.9,,,,0.85,,,0.7,0.6,,,,0.6
ARHGAP35,,1.0,,1.0,0.0,0.9,,0.6,0.7,,,,0.9,,,,0.8,,0.8,,,0.7,
ARHGAP36,,,,0.88,0.13,,,0.65,0.83,,0.86,,,,0.8,,,,0.54,,,,
ARHGAP39,,,0.05,,0.26,,,,0.93,,0.64,,,,0.9,0.75,,,1.0,0.92,,,
ARHGAP4,,,,0.97,0.15,0.65,0.5,,0.7,,0.9,,,,0.9,,,0.85,0.8,0.96,,,
ARHGAP40,,,0.0,,0.0,,,,0.7,,0.8,,,,0.6,,,,0.5,0.9,,,
ARHGAP42,,,1.0,,1.0,,,,0.85,,0.9,,,,0.8,,,,0.8,,,,
ARHGAP44,0.75,,,1.0,0.11,,,0.7,0.8,,0.9,,,,0.8,0.82,0.9,,0.8,0.8,,,
ARHGAP45,,,1.0,,,,,,0.7,,,,0.9,,0.8,0.85,,,,,,,
ARHGAP5,,,,,,,,,,,,0.9,,,,,,,,,,,
ARHGAP5-AS1,,,0.9,,0.0,,,,0.5,,,,,,,,,,0.4,,,,
ARHGAP6,0.7,,,1.0,0.93,,0.6,,0.6,,0.7,,,,,,,,0.8,0.9,,,
ARHGAP8,,,0.0,,0.7,,,0.5,0.7,,0.6,,,,0.7,0.6,,,0.8,0.9,,,
ARHGAP9,,,0.0,,0.61,,,,0.65,,0.7,,,,0.85,0.75,,,0.75,0.97,,,
ARHGDIA,0.8,,0.03,,0.42,0.35,,,0.75,,,,0.9,,0.6,,,,0.5,,,,
ARHGDIB,,,0.0,,0.64,,,,0.7,,0.9,,,,0.7,0.65,,,0.8,,,,
ARHGDIG,,,,0.92,0.0,,,,0.75,,0.85,,,,0.8,,,,0.45,,,,
ARHGEF1,,,,,,,,,,,,0.9,,0.8,,,,,,,,,
ARHGEF10,,,0.0,,0.77,,0.5,0.6,0.8,,0.9,,,,0.6,,,,0.7,,,,
ARHGEF10L,,,0.0,,0.3,,,,0.8,,,,0.9,,0.9,,0.8,,0.5,,,,
ARHGEF11,,,,,,,,,,,,0.9,,0.8,,,,,,,,,
ARHGEF12,,,,1.0,0.89,0.9,0.8,,0.6,,0.7,,,,0.75,,0.85,0.8,0.5,,,0.7,
ARHGEF15,,,0.0,,0.45,,,,0.8,,0.9,,,,0.9,0.75,,,0.75,,,,
ARHGEF16,,,0.0,,0.72,,,0.7,0.85,,0.97,,,,0.9,0.75,,0.8,0.7,0.91,,,
ARHGEF17,,,,,,,,,,,,0.9,,0.7,,,,,,,,,
ARHGEF18,0.5,,0.0,,0.3,,,,0.7,,0.8,,,,0.8,,,,0.9,,,0.6,
ARHGEF19,,,0.0,,0.82,,,,0.7,,0.9,,,,0.8,,,0.8,0.8,,,,
ARHGEF2,,,,,,,,,,,,0.8,,0.6,,,,,,,,,
ARHGEF25,0.6,,0.0,,0.58,,,,0.6,,0.8,,,,0.8,,,,0.7,0.83,,,
ARHGEF26,0.75,,0.0,,,,0.8,0.6,,,,,0.9,,,,0.9,,,,0.85,,
ARHGEF28,0.6,,0.0,,,,0.8,,,,,,0.9,,0.7,,,,,,0.89,,
ARHGEF3,,,0.9,,,,0.8,,0.7,,,,,,0.75,,,,,,0.6,,0.5
ARHGEF33,,,0.0,,0.0,,,,0.7,,0.8,,,,,0.6,,,0.5,,,,
ARHGEF35,,,0.0,,0.0,,,0.6,0.7,,0.8,,,,,0.4,,,0.5,,,,
ARHGEF37,,,0.0,,0.78,,,,0.75,,0.8,,,,,,,,0.7,,,,
ARHGEF38,,,0.0,,,,0.5,0.6,,,,,0.8,,,,,,,,0.9,,
ARHGEF39,,,,,,,,,,,,0.8,,,,,,,,,,,
ARHGEF4,,,0.0,,0.34,,,,0.85,,0.9,,,,0.6,0.75,,,0.7,0.81,,,
ARHGEF40,,,,,,,,,,,,0.8,,,,,,,,,,,
ARHGEF5,,,0.0,,0.0,,,,0.7,,0.9,,,,0.8,,,,0.8,,,,
ARHGEF6,0.9,,,1.0,0.03,,,0.6,0.8,,0.9,,,,0.8,0.8,,0.75,0.7,,,,
ARHGEF7,,,,1.0,0.9,,0.6,0.7,0.7,,0.8,,,,0.8,0.75,,,0.7,,,0.6,
ARHGEF9,0.8,,,1.0,0.0,,,,0.8,,,,0.9,,0.6,,0.9,0.7,0.7,,,,
ARID1A,,1.0,,1.0,0.01,,0.8,,0.6,,0.7,,,,,0.78,,,,0.61,,,
ARID1B,,,,,,,,,,,,0.9,,0.7,,,,,,,,,
ARID2,,,,,,,,,,,,0.9,,0.8,,,,,,,,,
ARID3A,,1.0,,1.0,0.9,,0.6,0.5,0.8,,0.7,,,,0.6,,,,,0.9,,,
ARID3B,,1.0,0.41,,0.22,,0.9,,0.8,,0.8,,,,0.6,,,,,0.92,,,
ARID3C,,,0.0,,0.83,,,,0.7,,0.9,,,,,,,,0.5,0.96,,,
ARID4A,,,,1.0,0.94,0.9,0.6,,0.8,,0.7,,,,0.9,,,,0.8,,,0.7,
ARID4B,,1.0,,1.0,0.9,,,,0.7,,0.6,,,,0.8,,,,0.7,,,0.6,
ARID5A,,,,0.94,0.11,,,,0.67,,0.76,,,,0.6,0.75,,,0.75,,,,
ARID5B,,1.0,,1.0,0.02,,0.8,,0.6,,0.7,,,,0.8,,,,,0.78,,,
ARIH1,,,,1.0,0.03,,,0.85,0.8,,,,0.9,,0.8,,,0.75,0.8,,,0.7,
ARIH2,,,,1.0,0.13,,0.5,,0.7,,0.9,,,,,,,,,,,0.7,
ARIH2OS,,,1.0,,1.0,,,,0.8,,,,,,,,,,0.5,,,,
ARL1,,,,,,,,,,,,,,,,,,,,,,,
ARL10,,,0.0,,0.66,,,,0.6,,0.8,,,,0.8,,,,0.5,,,,
ARL11,,,0.1,,,,,0.5,0.6,,,,0.9,,0.7,0.75,,,,,0.97,,
ARL13A,,,0.0,,0.68,,,0.5,0.6,,0.9,,,,0.8,,,0.8,0.7,1.0,,,
ARL13B,0.8,1.0,0.0,,0.64,,,0.6,0.7,,,,0.9,,0.7,,,,0.5,,,,
ARL14,,,0.0,,0.6,,,,0.7,,,,0.9,,0.7,,,,0.5,,,,
ARL14EP,,,,,,,,,,,,1.0,,,,,,,,,,,
ARL14EPL,,,,,,,,,,,,,,,,,,,,,,,
ARL15,,,0.0,,0.61,,0.9,0.6,0.7,,0.8,,,,,,,,0.5,,,0.57,
ARL16,,,0.0,,0.5,,,,0.7,,0.8,,,,,,,,0.6,,,0.5,
ARL17A,,,1.0,,1.0,,,,0.7,,0.9,,,,0.9,,,0.9,0.8,0.7,,,
ARL2,0.7,,0.9,,0.5,,,0.7,0.6,,0.8,,,,0.6,,0.8,,0.5,,,0.7,
ARL2BP,,,0.0,,,,0.5,0.6,0.8,,0.9,,,,0.8,0.65,0.7,,,,,0.5,
ARL3,,1.0,0.0,,0.55,,0.75,,0.6,,0.9,,,,,0.75,,,,,,,
ARL4A,,,,0.82,0.0,,,,0.75,,0.69,,,,0.75,0.78,0.85,,0.5,0.93,,,
ARL4C,,,,0.78,0.0,,0.4,0.6,0.8,,0.58,,,,0.6,,0.75,0.7,0.192,0.85,,,
ARL4D,,,0.96,,0.54,,,0.5,0.7,,0.92,,,,0.8,,0.75,,0.8,0.83,,,
ARL5A,,,0.12,,0.32,,,,0.8,,0.53,,,,0.7,,,,0.79,,,,
ARL5B,,,,,,,,,,,,,,,,,,,,,,,
ARL5C,,,0.0,,0.0,0.0,,,0.6,,0.8,,,,,0.5,,,0.5,0.85,,,
ARL6,,,0.06,,0.34,,,0.4,0.67,,0.86,,,,,,,,0.93,,0.62,,
ARL6IP1,0.8,,0.9,,,,,,,,,,,,,,,,,,0.7,,
ARL6IP4,,,0.0,,0.54,,,0.7,0.8,,0.9,,,,0.7,,,,0.5,,,0.6,
ARL6IP5,,,,,,,,,,,,0.5,,,,,,,,,,,
ARL6IP6,,,0.98,,0.55,,,0.67,0.58,,0.84,,,,0.75,0.68,,,0.45,,,,
ARL8A,,,,,,,,,,,,0.85,,0.7,,,,,,,,,
ARL8B,0.7,,0.11,,0.3,,,,0.9,,,,0.99,,,,,,0.93,,,0.52,
ARL9,,,0.46,,0.18,,,,0.6,,0.8,,,,0.8,0.6,,0.7,0.5,0.99,,,
ARMC1,,,,0.68,0.16,,,0.75,0.5,,0.79,,,,0.7,,,,0.56,,,,
ARMC10,,,0.0,,,,,,,,,,0.9,,0.8,0.7,,,,,,,0.5
ARMC12,,,0.0,,,,,,,,,,0.8,,0.6,,,,,,,,
ARMC2,,,0.0,,0.55,,0.6,,0.7,,0.65,,,,,0.7,,,0.5,0.89,,,
ARMC3,,,0.0,,0.66,,,,0.7,,0.65,,,,,,,,0.75,,,,
ARMC5,0.8,,0.2,,,,,0.6,,,,,0.9,,0.7,0.6,0.8,,,,,,
ARMC6,,,0.0,,0.82,,,0.6,0.8,,0.9,,,,0.8,,,,0.5,,,0.6,
ARMC7,,,0.04,,0.47,,,,0.6,,0.85,,,,0.7,,,0.8,0.75,,,0.53,
ARMC8,,,,,,,,,,,,0.8,,,,,,,,,,,
ARMC9,0.8,,0.0,,0.74,,,,0.7,,0.9,,,,0.7,,,,0.5,,,,
ARMCX1,,,,,,,,,,,,0.8,,,,,,,,,,,
ARMCX2,,,,0.7,0.12,,,,0.73,,0.96,,,,0.9,0.78,,0.8,0.63,0.75,,,
ARMCX3,,,0.45,,0.18,,,0.5,0.82,,0.89,,,,0.75,,,,0.79,,,0.57,
ARMCX4,,,0.0,,0.0,,,0.5,0.8,,,,,,0.6,,,0.7,0.5,0.7,,,
ARMCX5,,,,,,,,,,,,,,,,,,,,,,,
ARMCX6,,,,,,,,,,,,0.8,,,,,,,,,,,
ARMS2,,,0.0,,,,0.8,,0.7,,,,0.6,,,,,,,,,,
ARNT,0.7,1.0,,1.0,0.15,,0.6,0.5,0.7,,0.9,,,,,,,,0.6,0.65,,,
ARNT2,0.8,0.9,,0.95,,,,0.6,,,,,0.7,,0.6,,,,,,0.85,,
ARPC1A,,,,0.7,0.19,,0.8,0.6,0.85,,0.9,,,,0.7,,,0.75,,,,0.5,
ARPC1B,,,0.9,,,,0.8,0.7,0.6,,,,,,,0.78,,,,,0.85,,
ARPC2,,,,,,,,,,,,0.9,,0.7,,,,,,,,,
ARPC3,,,,,,,,,,,,,,,,,,,,,,,
ARPC4,,,,,,,,,,,,,,,,,,,,,,,
ARPC5,,,,0.79,0.0,,,0.16,0.23,,0.94,,,,0.75,0.72,0.85,,0.151,0.7,,,
ARPC5L,,,,,,,,,,,,,,,,,,,,,,,
ARPIN,,,1.0,,1.0,,,,0.7,,0.9,,,,0.8,,,,0.8,,,0.6,
ARPP19,,,,0.78,0.0,,,,0.65,,0.75,,,,0.7,0.8,,,0.1,,,,
ARPP21,,,0.9,,,,0.8,,,,,,0.7,,0.8,,,,,,0.95,,
ARR3,0.6,,0.2,,0.3,,,,0.7,,,,0.8,,,,0.5,,0.5,,0.7,,
ARRB1,,,,0.99,0.08,,,0.7,0.82,,0.85,,,,,,,,0.75,,,,0.65
ARRB2,,,0.43,,0.22,,0.1,0.65,0.87,,0.9,,,,,,,,0.75,0.96,,,
ARRDC1,,,0.0,,0.72,,,0.7,0.6,,0.8,,,,0.9,,,,0.5,,,,
ARRDC1-AS1,,,0.0,,0.0,,,,0.5,,,,,,,,,,0.5,,,0.5,0.5
ARRDC2,,,,,,,,,,,,1.0,,,,,,,,,,,
ARRDC3,,,,0.95,,,0.8,0.75,0.7,,,,0.9,,,0.82,,,,,,,
ARRDC4,,,0.0,,,,,,,,,,0.9,,0.85,,,,,,,,
ARRDC5,,,0.9,,0.66,,,,0.6,,0.8,,,,,,,0.7,0.5,1.0,,,
ARSA,1.0,,0.0,,,,0.9,0.6,0.7,,0.8,,,,0.8,,0.9,,,,,0.6,
ARSB,,,0.0,,0.69,,0.7,,0.5,,0.6,,,,0.7,0.65,0.8,,0.8,0.61,,,
ARSD,,,0.0,,0.5,,,,0.8,,0.9,,,,0.8,0.7,,,0.5,,,,
ARSF,,,0.0,,0.5,,,,0.6,,0.9,,,,0.8,,,,0.7,,,,
ARSG,,,0.0,,0.78,,0.5,0.7,0.8,,0.9,,,,,,,,0.5,,,0.6,
ARSH,,,0.0,,0.79,,,,0.7,,0.9,,,,0.9,,,,0.8,0.94,,,
ARSI,,,0.0,,0.95,,,0.6,0.8,,0.9,,,,0.7,,,,0.5,,,,
ARSJ,,,0.0,,0.61,,,,0.8,,0.75,,,,0.9,0.65,,,0.5,0.86,,,
ARSK,,,0.0,,0.74,,,0.7,0.9,,0.76,,,,0.8,,0.8,,0.5,,,,
ART1,,,0.0,,0.5,,,0.6,0.7,0.8,0.9,,,,0.8,,0.8,,0.7,1.0,,,
ART3,,,0.0,,0.96,0.68,0.6,0.5,0.7,0.4,0.8,,,,0.8,,,,0.5,0.96,,,
ART4,,,0.0,,,,0.8,0.75,0.85,,0.9,,,,0.8,0.75,,,,0.93,,,
ART5,,,0.0,,0.49,,,,0.7,,0.85,,,,0.9,,,,0.75,1.0,,,
ARTN,,,0.36,,0.22,,,,0.8,,0.9,,,,0.7,,,,0.5,0.85,,,
ARV1,0.8,,0.0,,0.73,,,,0.7,,,,0.9,,0.7,,,,0.5,,,0.6,
ARVCF,,,0.0,,0.56,,0.9,,0.75,,0.85,,,,0.8,,,0.7,0.8,0.92,,,
ARX,0.8,1.0,,0.9,0.0,,,,0.7,,,,0.9,,0.8,,,,,,,,
AS3MT,,,0.0,,0.87,,0.9,,0.8,,0.85,,,,0.8,,0.9,,0.75,1.0,,,
ASAH1,,,0.0,,0.79,,0.6,0.5,0.7,,0.9,,,,,0.7,,,,,,0.6,
ASAH2,0.75,,0.0,,,,,,0.7,,,,0.9,,,,,,,,,,
ASAH2B,,,0.15,,0.5,,,,0.7,,,,0.8,,0.9,,,,0.5,,,,
ASAP1,,,,,,,,,,,,0.8,,0.6,,,,,,,,,
ASAP2,0.7,,,1.0,0.12,,0.5,,0.85,,0.9,,,,,,0.95,,,0.76,,,
ASAP3,,,0.0,,,,0.5,0.6,0.8,,,,0.9,,,,,,,,0.77,,0.7
ASB1,,,0.0,,,,0.8,,0.7,,,,0.9,,0.7,0.75,0.8,,,,,0.6,
ASB10,0.8,,0.0,,0.5,,,0.5,0.7,,0.9,,,,,,0.8,0.6,0.6,0.95,,,
ASB11,0.5,,0.0,,0.83,,,,0.8,,0.87,,,,,,,,0.5,0.99,,,0.6
ASB12,,,0.0,,0.92,,,,0.7,,0.8,,,,0.6,0.65,0.9,,0.5,,,,
ASB13,,,0.0,,0.5,,,0.1,0.7,,0.85,,,,0.7,,,,0.6,,,0.6,0.5
ASB14,,,0.0,,0.5,,,0.3,0.7,,0.8,,,,,,,0.9,0.6,0.8,,,
ASB15,,,0.0,,0.88,,,,0.6,,0.6,,,,,,,0.7,0.5,,1.0,,0.5
ASB16,,,0.0,,0.7,,,0.5,0.6,,0.8,,,,,0.7,0.7,,0.5,,,,
ASB16-AS1,,,0.0,,0.0,,,,0.6,,,,,,,0.3,,,0.5,,,,
ASB17,,,0.0,,0.89,,0.8,,0.7,,0.9,,,,,,,,0.5,,1.0,,
ASB18,,,0.0,,0.5,,0.3,,0.8,,0.7,,,,,,0.8,,0.6,,,,
ASB2,,,0.0,,0.86,,0.5,0.4,0.6,,0.8,,,,,,,,0.5,0.94,,,0.5
ASB3,,,0.0,,,,0.8,0.6,0.7,,,,0.9,,0.6,,,,,,,0.5,0.4
ASB4,,,0.0,,0.88,,,0.5,0.6,,0.9,,,,,,,,0.7,,,,
ASB5,,,0.0,,0.5,,,,0.6,,0.8,,,,0.8,,0.7,0.9,0.6,1.0,,,0.5
ASB6,,,0.0,,0.51,,,0.75,0.7,,0.9,,,,0.9,,,,0.6,,,0.5,0.6
ASB7,,,,0.98,0.06,,0.75,0.9,0.7,,0.85,,,,0.8,0.82,,,0.8,,,0.53,
ASB8,,,0.0,,0.72,,,0.6,0.7,,0.9,,,,0.7,,,,0.5,,,0.5,
ASB9,,,,0.71,0.12,,,0.67,0.93,,0.87,,,,0.9,,,0.8,0.75,0.99,,,
ASCC1,0.8,,0.0,,,,,,,,,,,,,,0.9,,,,,,
ASCC2,,,0.12,,0.25,,0.1,0.6,0.7,,0.85,,,,0.9,0.75,,,0.75,0.6,,,
ASCC3,,,0.0,,,,0.5,0.6,0.8,,,,0.9,,0.8,0.7,,,,,0.7,,
ASCL1,,1.0,,0.7,0.12,,0.4,,0.7,,0.9,,,,,,,,0.5,0.88,,,
ASCL2,,1.0,0.35,,0.0,,,,0.7,,0.8,,,,,0.85,,,0.9,,,,
ASCL3,,,0.9,,0.7,,,,0.6,,0.8,,,,,,,0.75,0.5,1.0,,,
ASCL4,,,0.0,,1.0,,,,0.6,,0.8,,,,,,,,0.5,0.91,,,
ASCL5,,,0.0,,,,,,0.6,,,,,,,,,,0.5,,,,
ASDURF,,,0.0,,0.0,,,,,,0.8,,,,,,,,0.5,,,0.6,
ASF1A,,,,,,,,,,,,,,0.7,,,,,,,,,
ASF1B,,,0.0,,0.8,,,0.85,0.8,,0.9,,,,0.7,0.7,0.9,,0.5,1.0,,,
ASGR1,,,0.0,,,,0.8,0.4,0.5,0.7,0.6,,,,,,,0.6,,1.0,,,
ASGR2,,,0.0,,,,0.5,0.7,0.8,,,,0.9,,0.6,,0.8,,,1.0,,,0.5
ASH1L,,,,1.0,0.02,,0.5,,0.6,,0.8,,,,0.9,,,0.9,0.4,,,0.7,
ASH2L,,,,,,,,,,,,0.8,,0.6,,,,,,,,,
ASIC1,,,,0.88,0.17,,,0.5,0.6,0.67,0.8,,,,,,,,0.52,0.87,,,
ASIC2,,,,1.0,0.04,,,,0.8,0.9,0.85,,,,0.9,,0.95,,,0.92,,,
ASIC3,,,0.0,,0.57,,,,0.78,0.87,0.93,,,,,,,,0.5,,,,
ASIC4,0.2,,0.0,,0.37,,,0.7,0.8,,0.9,,,,0.8,,0.5,,0.5,0.97,,,
ASIC5,,,0.0,,0.91,,,,0.8,,0.9,,,,0.7,0.65,,,0.5,0.97,,,
ASIP,,0.9,0.8,,,,0.7,,0.8,,,,0.9,,0.8,,0.7,,,,,,
ASL,,1.0,0.0,,0.62,,,,0.75,,0.9,,,,0.8,,,,,0.79,,,
ASMT,0.6,,0.0,,0.6,,,,0.7,,0.8,,,,,0.7,0.8,,0.5,0.9,,,
ASMTL,,,0.0,,0.65,,,,0.7,,0.9,,,,0.6,,0.8,,0.8,,,0.5,
ASNS,0.8,,0.0,,0.48,0.75,,,0.85,,0.9,,,,0.6,,,,0.5,0.63,,,
ASNSD1,,,0.0,,0.5,,,,0.6,,0.8,,,,0.5,,,,0.6,,,0.9,
ASPA,,,0.0,,0.59,,0.5,0.4,0.8,,0.9,,,,,,,,,0.82,,,
ASPDH,,,0.0,,0.77,,,0.1,0.6,,0.72,,,,,,,0.9,0.5,0.85,,,
ASPG,,,0.0,,,,0.8,,,,,,0.9,,,,,,0.6,,0.97,,
ASPH,,,0.0,,,,0.8,0.75,0.85,,,,0.9,,,,0.8,,,,0.79,,
ASPHD1,,,0.0,,0.53,,0.1,,0.6,,0.8,,,,0.7,0.65,,,0.5,,,,
ASPHD2,,,,,,,,,,,,0.8,,0.6,,,,,,,,,
ASPM,,,0.0,,,,0.5,,0.6,,0.7,,,,0.6,,,,,,0.99,,
ASPN,,,0.0,,0.76,,0.8,,0.7,,0.9,,,,,,,0.6,0.5,0.95,,,
ASPRV1,0.8,,0.01,,0.59,,,0.5,0.8,,,,0.92,,0.9,,,,0.68,,1.0,,
ASPSCR1,0.9,,0.0,,0.65,,,,0.75,,,,0.95,,,,,,0.6,,,,
ASRGL1,,,0.0,,,,0.5,,,,,,0.9,,0.6,0.65,,,,0.86,,,
ASS1,,,0.0,,0.65,,,,,,,,,,,,,,,,,,
ASTE1,,,0.0,,0.77,,,0.3,0.4,,0.8,,,,0.7,0.65,0.85,,0.5,,,,
ASTN1,,,,1.0,0.89,,,,0.8,,0.9,,,,0.8,,,0.85,0.7,,,,
ASTN2,,,,,,,,,,,,0.8,,0.6,,,,,,,,,
ASXL1,0.8,,0.0,,,,,0.6,,,,,0.9,,,,0.85,,,,0.68,,
ASXL2,0.8,1.0,,1.0,0.94,,,0.7,0.85,,,,0.9,,,,,,,,0.62,,
ASXL3,0.9,,,1.0,0.1,,,,0.7,,,,0.6,,0.7,,,,0.75,0.88,,,
ASZ1,,,0.0,,,,0.8,,,,,,0.9,,,,,,,,1.0,,
ATAD1,,,0.0,,,,0.5,0.4,0.6,,0.8,,,,0.8,0.6,0.7,,0.5,,,0.6,
ATAD2,,,,1.0,0.15,,,0.4,0.7,0.7,0.6,,,,0.75,,,0.9,0.8,,,,
ATAD2B,,,,1.0,0.08,0.69,1.0,,0.6,0.5,0.9,,,,0.8,0.85,,,0.75,0.68,,,0.7
ATAD3A,0.8,,0.0,,,,,,,,,,0.9,,,,,,,,,0.6,0.5
ATAD3B,,,0.0,,0.5,,,,0.6,,0.8,,,,0.75,,,,0.7,,,0.6,
ATAD3C,,,0.0,,0.76,,,,0.6,,0.9,,,,0.75,,,,0.7,0.8,,,
ATAD5,,1.0,,1.0,0.9,,0.7,,0.5,,0.6,,,,0.6,,,,0.4,0.9,,,
ATAT1,,,0.0,,,,0.8,0.5,0.6,,0.7,,,,0.8,,0.9,,,,,0.6,0.5
ATCAY,0.8,,,0.66,0.19,,,,0.8,,,,0.9,,0.7,,,,0.75,,0.88,,
ATE1,,,0.15,,0.25,,,,,,,,,,,,,,,,,,
ATF1,,,,0.65,0.18,,,,0.85,,0.9,,,,,0.75,,,0.55,0.65,,,
ATF2,,1.0,,0.99,0.89,,,0.6,0.7,,0.9,,,,,,,,0.8,,,,
ATF3,,,0.1,,0.33,0.61,,,0.85,,0.95,,,,0.8,0.75,,,0.9,,,,
ATF4,,0.8,0.9,,,,,0.4,0.6,,,,0.7,,,,,,,,0.6,,
ATF5,,,0.29,,0.25,,,,0.7,,0.8,,,,,0.75,,,0.5,1.0,,,
ATF6,0.5,,0.0,,0.46,,,0.1,0.8,,,,0.9,,,,,,0.67,,,0.54,
ATF6B,,,0.0,,0.52,,0.8,0.7,0.9,,0.6,,,,0.75,,,,0.7,,,0.6,
ATF7,,,,1.0,0.05,,,,0.8,,0.9,,,,0.7,0.8,,0.9,0.6,0.7,,,
ATF7IP,,,,1.0,0.08,,0.7,0.4,0.6,,0.55,,,,0.5,,,,0.8,0.66,,,
ATF7IP2,,,0.15,,0.25,,0.1,,0.7,,0.72,,,,0.8,0.65,,,0.68,,,,
ATG10,,,0.0,,0.85,,0.4,0.5,0.6,,0.8,,,,0.8,,,,0.5,,,0.7,
ATG101,,,1.0,,1.0,,,0.6,0.7,,0.8,,,,0.9,,,,0.5,,,0.6,
ATG12,,,,,,,,,,,,0.8,,0.6,,,,,,,,,
ATG13,,,,0.96,0.14,,0.75,0.6,0.7,,0.8,,,,,,,,0.85,,,0.5,
ATG14,,,0.2,,,,0.8,0.6,0.7,,,,0.9,,0.8,,0.9,,,,,0.5,
ATG16L1,,1.0,,0.94,0.18,,0.9,,0.75,,0.6,,,,,,,,,,,,
ATG16L2,,,0.0,,0.82,,0.5,,0.6,,0.7,,,,,0.75,0.8,,0.6,0.91,,,
ATG2A,,,0.04,,0.25,,,,0.7,,0.8,,,,0.6,0.75,,,0.8,0.64,,,
ATG2B,,,0.0,,0.32,,,0.4,0.75,,0.98,,,,0.8,0.65,0.9,,0.85,,,0.59,
ATG3,,,0.0,,0.36,,,0.7,0.8,,0.9,,,,,,,,0.5,,,0.7,
ATG4A,,,,0.99,0.06,,,,0.75,,0.9,,,,,0.82,,,0.8,,,0.49,
ATG4B,,,,0.99,0.09,,,,0.7,,0.9,,,,,,1.0,,0.8,,,0.52,0.6
ATG4C,,,0.0,,0.5,,,0.7,0.7,,0.9,,,,,,,,0.6,,,,
ATG4D,0.7,,0.2,,,,,,,,,,0.9,,,,,,,,,,0.5
ATG5,,1.0,,0.97,0.06,,0.7,0.5,0.85,,0.9,,,,,,,,,,,0.6,
ATG7,,1.0,0.0,,,,0.9,0.6,0.7,,,,0.8,,,,,,,,,0.7,
ATG9A,,1.0,,0.99,0.14,,,0.7,0.8,,0.9,,,,,,,,0.75,,,0.5,
ATG9B,,,0.0,,0.84,,,,0.7,,0.9,,,,0.7,0.75,,,0.8,,,,
ATIC,0.8,,0.0,,0.93,,,,0.85,,0.9,,,,,,0.9,,0.5,,,0.54,
ATL1,,,,,,,,,,,,0.9,,0.6,,,,,,,,,
ATL2,,,,,,,,,,,,0.8,,0.6,,,,,,,,,
ATL3,,,,,,,,,,,,0.8,,0.6,,,,,,,,,
ATM,,,0.0,,0.59,,0.9,0.4,0.75,0.7,0.85,,,,,,,0.6,0.8,0.71,,,
ATMIN,,1.0,0.0,,0.47,,0.5,0.4,0.6,,0.9,,,,0.7,,,,,,,0.7,
ATN1,0.8,1.0,,1.0,0.92,,,,0.7,,,,0.9,,,,,,,0.71,,,
ATOH1,0.75,0.9,0.8,,,,,,,,,,0.7,,,,0.85,,0.6,,1.0,,
ATOH7,0.9,,0.2,,,,0.8,,,,,,0.7,,,,0.85,,,,0.9,,
ATOH8,,1.0,,0.9,0.0,,,,0.6,,0.7,,,,,0.85,,,0.8,0.86,,,
ATOX1,,,,,,,,,,,,0.8,,0.6,,,,,,,,,
ATP10A,,,0.0,,0.3,,0.1,,0.9,,0.8,,,,0.9,0.65,,,0.75,,,,
ATP10B,,,0.0,,0.8,,,,0.85,,0.9,,,,0.7,0.8,,,0.8,,,,
ATP10D,,,0.0,,0.6,,0.6,,0.5,,0.7,,,,0.7,,0.85,0.9,0.8,0.75,,,
ATP11A,,,0.0,,0.3,,0.7,,0.5,,0.6,,,,0.7,0.65,,,0.5,0.73,,,
ATP11AUN,,,0.0,,0.0,,,,0.7,,,,,,,,,,0.5,,,0.2,
ATP11B,,,0.9,,0.3,,,0.5,0.7,,0.8,,,,0.6,,0.85,0.9,0.6,,,,
ATP11C,0.8,,,1.0,0.88,,,,0.7,,,,0.9,,,0.82,,,0.75,,,,
ATP12A,,,0.0,,0.6,,,0.5,0.85,,0.9,,,,0.8,0.75,,,0.7,,,,
ATP13A1,,,,0.99,0.18,,0.6,0.5,0.7,,0.8,,,,0.8,0.76,,0.9,0.75,,,0.6,
ATP13A2,,,0.0,,0.42,,0.7,,0.8,,0.9,,,,0.75,0.78,,,0.8,0.82,,,
ATP13A3,,,,1.0,0.12,,0.5,,0.6,,0.7,,,,0.7,,,0.9,0.8,0.78,,,
ATP13A4,,,0.0,,0.72,,,,0.7,,0.5,,,,0.9,,,,0.6,,,,
ATP13A5,,,0.0,,0.5,,,,0.6,,0.8,,,,0.75,0.65,0.85,,0.7,,,,
ATP1A1,,1.0,,1.0,0.04,,,,0.6,0.8,0.7,,,,0.9,,,,,0.76,,,
ATP1A1-AS1,,,0.0,,0.0,,,,0.6,,,,,,,,,0.7,0.5,,,0.8,
ATP1A2,0.9,1.0,0.0,,0.32,,,,0.5,0.7,0.6,,,,0.8,,,,0.4,0.87,,,
ATP1A3,,1.0,,1.0,0.0,,,,0.7,0.7,0.6,,,,0.8,,0.9,,0.5,0.9,,,
ATP1A4,,,0.0,,0.72,,,,0.9,0.8,0.5,,,,0.8,,,,0.7,,,,
ATP1B1,,,,1.0,0.0,,,0.5,0.7,0.7,0.6,,,,0.8,,,,,0.8,,,
ATP1B2,,1.0,0.08,,0.29,,0.2,0.5,0.6,0.8,0.9,,,,0.8,,0.7,,,,,,
ATP1B3,,,0.1,,0.3,,0.8,0.75,0.85,0.8,0.9,,,,0.75,0.65,,,0.7,,,,
ATP1B4,,,0.0,,0.5,,,0.85,0.8,,0.9,,,,,0.75,,,0.7,1.0,,,
ATP23,,,,,,,,,,,,0.8,,,,,,,,,,,
ATP2A1,,1.0,0.0,,0.62,0.8,0.9,,0.6,0.5,0.7,,,,0.7,,,,0.5,1.0,,,0.8
ATP2A2,,1.0,,1.0,0.88,,0.6,,0.6,,0.7,,,,,,,,,,,,0.7
ATP2A3,,,0.0,,0.44,0.8,,,0.9,,1.0,,,,0.8,0.7,,,0.7,,,,
ATP2B1,,1.0,,1.0,0.98,,0.85,,0.7,,0.75,,,,,,,,,,,,0.8
ATP2B2,,,,1.0,0.94,,,0.8,0.7,,0.75,,,,,,,,,,,,
ATP2B3,,,,,,,,,,,,0.8,,0.6,,,,,,,,,
ATP2B4,,,0.0,,0.3,,0.6,0.2,0.75,,0.9,,,,0.9,0.65,,,0.7,0.81,,,
ATP2C1,,,,,,,,,,,,0.8,,0.6,,,,,,,,,
ATP2C2,,,0.0,,0.7,,,,0.6,,0.8,,,,0.75,0.78,,0.9,0.5,0.93,,,
ATP4A,,,0.0,,,,0.5,0.4,0.6,,0.7,,,,,,,,,,,,
ATP4B,,,0.0,,0.61,,,,0.75,0.9,0.8,,,,0.85,,,,0.5,,,,
ATP5F1A,0.7,,0.0,,0.0,,,,0.8,,0.9,,,,0.8,0.7,,,0.8,,,0.6,
ATP5F1B,,,0.0,,0.0,,,0.6,0.7,,0.9,,,,0.8,0.7,,,0.8,,,0.5,
ATP5F1C,,,1.0,,1.0,,,0.6,0.8,,0.9,,,,0.9,,,,0.5,,,0.7,0.5
ATP5F1D,,,,,,,,,,,,,,,,,,,,,,,
ATP5F1E,0.8,,0.0,,0.0,,,,0.6,,0.7,,,,0.7,,,,0.5,,,0.5,
ATP5F1EP2,,,0.0,,0.0,,,,0.6,,,,,,,,,,0.1,,,0.5,
ATP5IF1,,,1.0,,1.0,,,0.4,0.6,,0.8,,,,,,,,0.5,,,0.5,
ATP5MC1,,,,,,,,,,,,,,,,,,,,,,,
ATP5MC2,,,0.0,,0.0,,,,0.7,,0.9,,,,0.8,0.5,0.9,,0.8,,,0.6,
ATP5MC3,,,0.0,,0.0,,,0.7,0.8,,0.9,,,,0.8,,,,0.5,,,0.6,0.5
ATP5ME,,,,,,,,,,,,,,,,,,,,,,,
ATP5MF,,,0.0,,0.0,,,,0.8,,0.9,,,,0.7,0.6,0.9,,0.1,,,0.5,0.6
ATP5MG,,,0.0,,0.0,,,,0.7,,0.8,,,,0.8,,,,0.5,,,0.6,0.5
ATP5MGL,,,1.0,,1.0,,,,0.6,,0.8,,,,0.8,,,,0.5,0.7,,,
ATP5PB,,,0.0,,0.0,,,0.6,0.7,,0.9,,,,0.8,0.6,,,0.8,,,0.5,
ATP5PD,,,1.0,,1.0,,,,0.7,,0.9,,,,0.8,,0.9,,0.8,,,0.6,0.5
ATP5PF,,,,,,,,,,,,,,,,,,,,,,,
ATP5PO,,,,,,,,,,,,,,,,,,,,,,,
ATP6AP1,,,,0.99,0.0,,,,0.7,,0.8,,,,,,,,,,,,
ATP6AP1L,,,0.02,,0.43,0.8251,0.4,,0.6,,0.7,,,,,,,,0.224,,,0.56,
ATP6AP2,0.8,,,0.89,0.09,,,0.75,0.85,,,,0.9,,,,,,0.7,,,0.55,
ATP6V0A1,,,,,,,,,,,,,,,,,,,,,,,
ATP6V0A2,0.8,,0.0,,,,,0.6,,,,,0.9,,0.7,0.7,0.8,,,,,,
ATP6V0A4,0.6,,0.0,,0.72,,,,0.8,,0.9,,,,0.7,,,0.9,0.8,0.97,,,
ATP6V0B,,,,,,,,,,,,0.8,,0.7,,,,,,,,,
ATP6V0C,,,,,,,,,,,,0.8,,0.7,,,,,,,,,
ATP6V0D1,,1.0,,0.98,0.06,,,0.85,0.8,,,,0.9,,,,,,0.75,,,0.49,
ATP6V0D2,,,0.0,,0.9,0.63,,0.5,0.6,,0.8,,,,0.7,0.75,,,0.7,,,,
ATP6V0E1,,,0.4,,0.2,,,0.7,0.85,,1.0,,,,0.8,0.65,,,0.81,,,,
ATP6V0E2,,,0.31,,0.25,,,0.2,0.9,,0.8,,,,0.8,,,,0.1,,,,
ATP6V1A,0.5,,,0.87,0.18,,,,0.66,,0.72,,,,,0.68,,,0.61,,,,
ATP6V1B1,0.8,,0.0,,0.63,,,0.7,0.85,,,,0.9,,0.8,,0.9,,0.5,,,,
ATP6V1B2,0.8,,,0.99,0.13,,,,0.8,,0.9,,,,,0.78,,,0.51,,,,
ATP6V1C1,,,0.0,,0.41,,,,0.8,,0.9,,,,,,,,0.7,,,0.6,
ATP6V1C2,0.6,,0.0,,0.62,,,0.7,0.8,,0.9,,,,,,,,0.5,0.95,,,
ATP6V1D,,,,,,,,,,,,0.8,,0.6,,,,,,,,,
ATP6V1E1,,,,0.56,0.2,,,,0.75,,,,,,,,0.85,,0.45,,,,
ATP6V1E2,,,0.0,,0.57,,,,0.85,,0.8,,,,0.6,,,,0.5,,,,
ATP6V1F,,,,,,,,,,,,0.8,,0.6,,,,,,,,,
ATP6V1G1,,,,,,,,,,,,,,,,,,,,,,,
ATP6V1G2,,,0.0,,0.58,,0.8,,0.85,,0.9,,,,0.7,0.75,,,0.5,0.95,,,
ATP6V1G3,,,0.11,,0.39,,0.5,0.1,0.14,,0.73,,,,0.8,0.55,,,0.12,1.0,,,
ATP6V1H,0.8,,0.0,,,,,0.5,,,,,0.9,,,,,,,,,,
ATP7A,0.9,1.0,,1.0,0.09,,,,0.7,,,,0.8,,,,0.9,,0.5,,0.71,,
ATP7B,,1.0,0.0,,0.93,,0.5,,0.8,,0.9,,,,,,,,0.7,0.9,,,
ATP8A1,,,,,,,,,,,,0.8,,0.7,,,,,,,,,
ATP8A2,,,0.0,,0.43,,0.5,,0.7,,0.6,,,,,0.78,,,0.7,0.94,,,
ATP8B1,,,0.0,,0.39,,0.5,,0.8,,0.9,,,,,0.65,,,0.5,0.82,,,
ATP8B2,,,0.0,,0.29,0.75,0.6,,0.7,,0.8,,,,0.8,,,,0.5,0.77,,,
ATP8B3,,,0.0,,0.77,,,,0.85,,0.9,,,,0.8,0.7,0.75,,0.6,,,,0.7
ATP8B4,,,0.0,,,,0.8,,,,,,0.9,,0.8,,,,,,,,0.6
ATP9A,,,,1.0,0.11,,,,0.85,,0.9,,,,0.9,,0.8,,0.6,,,,
ATP9B,,,0.0,,0.5,,,,0.9,,0.8,,,,0.8,,,0.8,0.6,,,0.7,
ATPAF1,,,0.9,,0.4,,,,0.7,,0.8,,,,0.9,,,,0.5,,,0.6,
ATPAF2,,,0.0,,0.85,,0.4,0.5,0.6,,0.8,,,,0.5,0.5,,,0.5,,,0.7,
ATR,,1.0,0.0,,0.3,,0.6,,0.85,0.9,0.8,,,,0.75,0.75,,,,,,,
ATRAID,,,0.0,,0.63,,,,0.5,,0.76,,,,0.9,,,,0.5,,,,
ATRIP,,,0.0,,0.41,,,0.6,0.85,,0.9,,,,0.8,0.75,,,0.7,0.77,,,
ATRN,,,,,,,,,,,,0.9,,,,,,,,,,,
ATRNL1,,,,1.0,0.17,,0.5,,0.6,,0.7,,,,0.9,,,0.9,0.6,0.92,,,
ATRX,0.8,1.0,,1.0,0.97,,,,0.7,,,,0.9,,,,,,,,,,
ATXN1,,,,0.98,0.12,,0.95,0.5,0.8,,0.9,,,,,0.82,,,,,,0.75,
ATXN10,0.8,,0.0,,0.4,,,,0.8,,0.9,,,,0.75,,,0.85,0.95,,,0.5,
ATXN1L,,,0.0,,0.0,,,,0.8,,0.9,,,,0.7,0.65,,,0.7,,,0.6,
ATXN2L,0.85,,,1.0,0.94,,0.9,,0.7,,0.8,,,,0.7,,0.6,,0.5,0.64,,,
ATXN3,0.8,,0.09,,0.27,,,0.2,0.8,,0.9,,,,,0.75,,,0.5,0.65,,,
ATXN3L,,,1.0,,1.0,,,,0.6,,0.8,,,,0.5,,,,0.5,1.0,,,
ATXN7,,,,0.99,0.12,,0.4,,0.6,,0.8,,,,,0.65,,,0.892,0.63,,,
ATXN7L1,,,,1.0,0.9,,0.8,0.7,0.65,,0.75,,,,,,,,0.7,,,,
ATXN7L2,,,,0.97,0.87,,0.5,,0.7,,0.75,,,,0.85,,,,0.8,0.82,,,
ATXN7L3,,,,1.0,0.04,,,0.75,0.8,,0.9,,,,0.8,,,,0.5,,,0.6,
ATXN7L3B,,,0.15,,0.49,0.59,,,0.8,,0.92,,,,0.9,0.7,,,0.97,,,0.53,
ATXN8,0.8,,0.0,,,,,,,,,,,,,,,,,,,,
ATXN8OS,0.8,,0.0,,,,,,,,,,,,,,,,,,,,
AUH,,,0.0,,0.59,,0.8,,0.85,,0.95,,,,,,0.75,,,,,0.6,0.7
AUNIP,,,0.0,,0.5,,,0.2,0.7,,0.8,,,,0.6,,,,0.5,1.0,,,
AUP1,0.5,,0.0,,0.49,,,0.7,0.8,,0.9,,,,0.8,,,,0.5,,,0.6,0.6
AURKA,0.8,,,,,,,,,,,,,,,,,,,,,,
AURKAIP1,,,0.0,,0.5,,,0.75,0.7,,0.8,,,,,,,,0.6,,,0.6,
AURKB,,1.0,0.0,,,,,0.6,0.7,0.8,0.9,,,,,,,,0.5,1.0,,,
AURKC,0.5,,,,,,,,,,,,,,,,,,,,,,
AUTS2,,,,1.0,0.13,,0.95,,0.7,,0.8,,,,0.8,0.78,,,,,,0.55,
AVEN,,,0.0,,0.91,,,,0.8,,0.9,,,,0.9,,,,0.5,,,,
AVIL,0.8,1.0,0.0,,0.57,,,0.6,0.7,,0.9,,,,,,0.8,,,0.81,,,
AVL9,,,0.0,,0.34,,0.6,,0.7,,0.9,,,,0.7,,,,0.8,,,0.5,
AVP,0.9,,0.2,,,,,,,,,,0.9,,,,0.8,,,,,,
AVPI1,,,0.0,,0.5,,,0.7,0.6,,0.9,,,,0.8,0.75,,,0.7,,,,
AVPR1A,,,0.0,,0.7,,,0.2,0.8,0.9,0.9,,,,0.8,,,,0.6,0.95,,,
AVPR1B,0.8,,0.0,,0.56,,,0.1,0.75,0.88,0.95,,,,0.85,0.78,,,0.5,1.0,,,
AVPR2,0.8,1.0,0.49,,0.17,,,0.5,0.75,0.9,0.85,,,,,0.8,,0.9,,0.89,,,
AWAT1,,,0.0,,0.65,,,,0.7,,0.66,,,,0.8,,0.8,,0.5,0.94,,,
AWAT2,,,0.16,,0.29,,,,0.67,,0.81,,,,0.8,0.75,,,0.67,,,,
AXDND1,,,0.0,,0.77,,,0.2,0.8,,0.9,,,,,0.7,,,0.5,1.0,,,
AXIN1,,1.0,,0.73,0.2,,0.85,0.7,0.8,,0.9,,,,,,,0.85,,,,0.75,
AXIN2,,,,,,,,,,,,0.8,,0.6,,,,,,,,,
AXL,,,0.98,,0.73,,,,0.8,0.85,0.9,,,,,,,,0.75,0.82,,,
AZGP1,0.6,,0.0,,,,0.5,0.4,0.7,,0.8,,,,,,,,0.6,1.0,,,
AZI2,,,0.9,,0.38,,,,0.7,,0.8,,,,,0.65,,,0.6,,,0.6,0.5
AZIN1,0.85,,,,,,,,,,,,,,,,,,,,,,
AZIN2,,,0.0,,0.0,,,0.5,0.6,,0.8,,,,,,,,0.7,,,,
AZU1,,,0.0,,0.9,,,0.6,0.7,,0.8,,,,0.75,,,,0.5,1.0,,,
B2M,,,,,,,,,,,,0.9,,0.6,,,,,,,,,
B3GALNT1,,1.0,0.0,,0.49,,,0.7,0.8,,,,,,0.6,,0.8,,0.5,,,,
B3GALNT2,,,0.0,,0.56,,0.5,,0.8,,0.9,,,,0.6,,0.75,,0.5,0.66,,,
B3GALT1,,,0.04,,0.37,,,,0.8,,0.66,,,,0.75,0.65,,,0.65,0.86,,,
B3GALT2,,,,0.91,0.12,,0.5,0.6,0.7,,0.9,,,,0.7,0.75,0.8,,0.84,0.86,,,
B3GALT4,0.5,,0.03,,0.34,,,,0.73,,0.66,,,,0.9,0.65,0.8,,0.75,0.72,,,
B3GALT5,,,0.0,,0.86,,,0.7,0.8,,0.74,,,,0.8,,,,0.5,,,,0.6
B3GALT5-AS1,,,0.0,,0.0,,,,0.6,,,,,,,,,,0.5,,,1.0,
B3GALT6,0.7,,0.8,,,,,,,,,,0.9,,0.9,0.75,0.75,,,,,,
B3GAT1,,,0.15,,0.28,0.39,0.1,,0.75,,0.88,,,,0.9,0.65,0.8,,0.67,0.88,,,
B3GAT2,,,0.0,,0.78,,,0.3,0.6,,0.71,,,,0.8,0.6,,,0.5,,,,
B3GAT3,,,0.0,,0.84,0.38,0.5,0.73,0.73,,0.8,,,,0.67,0.62,,,0.67,,,0.5,
B3GLCT,0.8,,0.0,,,,,,,,,,0.9,,0.75,0.7,0.85,,,,0.79,,
B3GNT2,,,,,,,,,,,,0.9,,0.7,,,,,,,,,
B3GNT3,,,,0.71,0.12,,0.1,0.45,0.64,,0.83,,,,0.5,0.65,0.8,,0.37,0.97,,,
B3GNT4,,,0.0,,0.89,,0.1,,0.7,,0.8,,,,0.6,,,,0.5,0.88,,,
B3GNT5,,1.0,,0.76,0.15,,,,,,,,0.95,,0.8,,,,0.75,,0.81,,
B3GNT6,,,0.0,,0.5,,,,0.7,,0.8,,,,0.8,0.5,,,0.6,0.99,,,
B3GNT7,,,,0.72,0.16,,0.6,,0.7,,0.79,,,,0.9,0.78,0.75,,0.8,0.91,,,
B3GNT8,,,0.0,,0.99,,0.5,,0.9,,0.8,,,,0.9,0.75,,,0.75,0.95,,,
B3GNT9,,,0.0,,0.93,,,,0.8,,0.6,,,,0.8,,,,0.5,,,,
B4GALNT1,0.8,,0.0,,0.45,,,,0.7,,0.9,,,,0.8,,,,0.5,0.93,,,
B4GALNT2,,,0.0,,0.95,,0.4,,0.6,,0.7,,,,0.8,,0.8,,0.5,0.99,,,
B4GALNT3,,,0.0,,0.57,,0.7,,0.6,,0.9,,,,0.7,,,,0.8,0.86,,,
B4GALNT4,,,0.8,,0.6,,,,0.6,,0.7,,,,0.8,,,,0.5,0.9,,,
B4GALT1,,1.0,0.04,,0.33,,0.8,,0.85,,0.9,,,,,,,,,,,,
B4GALT2,,,,,,,,,,,,0.8,,,,,,,,,,,
B4GALT3,,,,,,,,,,,,0.85,,,,,,,,,,,
B4GALT4,,,0.0,,0.71,,,0.6,0.8,,0.9,,,,,,0.8,,0.5,,,,
B4GALT5,,1.0,,1.0,0.0,,,,0.85,,0.9,,,,,,,,0.8,0.6,,,
B4GALT6,,,,0.92,0.14,,0.14,0.14,0.67,,0.88,,,,0.75,0.73,,,0.76,0.91,,,
B4GALT7,0.7,,0.0,,0.65,0.8,,,0.8,,0.9,,,,0.9,,,,0.5,,,0.6,
B4GAT1,0.7,,0.0,,,,,0.75,,,,,0.9,,0.6,0.7,0.8,,,,0.85,,
B9D1,0.8,,0.0,,0.48,,,,0.6,,0.9,,,,0.7,,,,0.5,,0.88,,
B9D2,,,0.0,,,,0.8,0.75,,,,,0.9,,,,,,,,,,
BAALC,,,0.0,,0.7,,,,0.8,,0.9,,,,0.7,,,,0.5,0.88,,,0.6
BAALC-AS2,,,0.0,,0.0,,,,0.8,,,,,,,0.1,,,0.5,,,0.2,
BAAT,0.8,,0.0,,0.82,,,0.3,0.7,,0.9,,,,,,,,0.5,,,,
BABAM1,,,,0.96,0.07,0.87,0.8,0.7,0.85,,0.9,,,,0.75,0.85,,,0.75,,,0.6,
BABAM2,,,0.0,,,,,,,,,,0.9,,,,,,,,0.7,,
BACE1,,,,0.88,0.16,,,,,,,,,,,,,,,,,,
BACE2,0.85,,0.9,,,,,,0.7,0.7,0.6,,,,,,0.9,,,0.75,,,0.6
BACH1,,,,0.53,0.21,,0.4,0.6,0.7,,0.9,,,,0.8,,,0.75,0.85,0.7,,,
BACH2,,,,1.0,0.93,0.85,0.9,,0.7,,0.8,,,,0.8,,,0.9,0.75,0.8,,,
BAD,,,0.0,,0.69,,,,0.8,,0.9,,,,0.8,,,,0.5,,,0.49,0.6
BAG1,,0.8,0.1,,,,,,,,,,,,,,,,,,,,
BAG2,,,0.04,,0.44,0.48,,,0.8,,0.9,,,,0.7,0.65,,,0.5,0.87,,,
BAG3,,1.0,,0.56,0.2,,0.4,,0.6,,0.8,,,,0.9,,,,,0.69,,,
BAG4,,,0.0,,,,0.8,0.6,,,,,0.9,,0.7,0.7,0.8,,,,,0.5,
BAG5,,,0.0,,0.77,,0.1,0.4,0.8,,0.9,,,,0.5,,,,0.5,0.76,,,
BAG6,,1.0,,1.0,0.08,0.9,,,0.6,,0.7,,,,,0.82,,,0.8,,,,
BAGE,,,0.0,,,,,,,,,,,,,,,,0.5,,,,
BAGE2,,,1.0,,1.0,1.0,,,0.8,,,,,,,,,,0.5,,,0.2,
BAGE3,,,1.0,,1.0,,,,0.7,,,,,,,,,,0.5,,,0.2,
BAGE4,,,1.0,,1.0,,,,0.5,,,,,,,,,,0.1,,,0.0,
BAGE5,,,0.0,,0.0,,,,0.6,,,,,,,,,,0.1,,,0.2,
BAHCC1,,,0.0,,0.0,,,,0.6,,,,,,0.5,0.6,,,0.8,,,0.9,
BAHD1,,,,0.98,0.14,,,,0.7,,0.66,,,,,0.8,,,0.78,,,0.6,
BAIAP2,,,,,,,,,,,,0.9,,0.65,,,,,,,,,
BAIAP2L1,,,0.0,,,,0.5,,,,,,0.9,,0.6,0.65,,,,,0.8,,
BAIAP2L2,,,0.0,,0.74,0.8,,,0.8,,0.9,,,,0.7,0.75,0.85,,0.7,,,,
BAIAP3,,,0.0,,0.76,,,,0.7,,0.9,,,,0.6,0.75,,,0.8,0.99,,,
BAK1,,,,,,,,,,,,0.8,,0.6,,,,,,,,,
BAMBI,,,0.0,,0.58,,,0.1,0.65,,0.8,,,,0.6,,,,0.5,0.92,,,
BANF1,,,,,,,,,,,,,,,,,,,,,,,
BANF2,,,0.8,,0.7,,,,0.6,,,,0.9,,,,0.7,,0.5,1.0,,,
BANK1,0.8,,0.0,,,,0.9,,,,,,0.9,,0.8,,,,,,,,0.7
BANP,,,,1.0,0.1,,0.8,,0.75,,0.85,,,,0.8,,,,0.7,0.6,,,
BAP1,,,,1.0,0.12,,0.8,0.7,0.75,,0.9,,,,0.8,0.85,,,0.7,,,0.6,
BARD1,,1.0,0.0,,0.5,,0.8,0.5,0.6,,0.7,,,,,0.85,,0.8,,0.9,,,
BARHL1,,,0.17,,0.29,0.73,,,0.7,,0.85,,,,,,,,0.65,1.0,,,
BARHL2,,,,0.61,0.17,,0.6,,0.7,,0.8,,,,,,,,,1.0,,,
BARX1,,,,0.57,0.15,,0.4,,0.6,,0.8,,,,,,,,0.5,,1.0,,
BARX2,,,0.21,,0.27,,,,0.5,,0.66,,,,0.8,0.65,,,0.79,0.97,,,
BASP1,,,,,,,,,,,,,,,,,,,,,,,
BATF,,,,0.87,0.0,,0.1,,0.1,,0.286,,,,,0.75,,,0.125,1.0,,,
BATF2,,,,0.6,0.0,,,,0.6,,0.148,,,,,0.8,,,0.274,0.95,,,
BATF3,,,0.03,,0.52,,0.1,0.75,0.6,,0.79,,,,0.8,,,,0.13,0.77,,,
BAX,,,0.3,,0.25,0.1775,0.6,0.1,0.8,0.1,0.9,,,,,,,,0.192,0.78,,,
BAZ1A,,,,1.0,0.1,,0.9,,0.75,,0.85,,,,0.6,,,0.8,0.7,0.78,,,
BAZ1B,,1.0,,1.0,0.04,,0.8,,0.6,,0.7,,,,,,,,0.5,,,,
BAZ2A,,,,1.0,0.93,0.85,0.5,,0.65,0.6,0.7,,,,0.8,,,0.9,0.8,0.65,,,
BAZ2B,,,,0.97,0.2,,,0.6,0.7,0.8,0.9,,,,,,,,,,,,
BBC3,,,0.0,,0.8,,0.5,,0.7,,0.8,,,,0.9,,,,0.5,0.66,,,
BBIP1,0.8,,0.0,,,,,,,,,,0.9,,,,0.85,,,,0.6,,0.5
BBOF1,,,1.0,,1.0,,,,0.6,,0.8,,,,0.7,,,,0.5,0.9,,,
BBOX1,,,0.0,,0.99,,,0.5,0.7,,0.9,,,,,0.75,,,0.6,,,,
BBS1,1.0,1.0,0.0,,0.67,,,0.8,0.8,,,,0.75,,0.5,,,,,0.6,,,
BBS10,0.9,,0.0,,0.92,,,0.4,0.5,,0.6,,,,0.5,,,,0.7,,,0.6,
BBS12,0.8,,0.0,,,,,0.5,,,,,0.7,,0.6,0.7,0.9,,,,0.7,,
BBS2,0.8,,0.0,,0.74,,,,0.75,,,,0.9,,0.8,,,,0.7,,,,
BBS4,,,,,,,,,,,,1.0,,,,,,,,,,,
BBS5,0.9,,0.0,,,,,0.6,,,,,0.8,,,,0.6,,,,,,
BBS7,0.7,,0.0,,,,,0.7,,,,,0.8,,0.7,,,,,,,,
BBS9,,,0.0,,0.6,,0.8,,0.8,,0.9,,,,0.6,,0.5,,0.5,0.69,,,
BBX,,,0.43,,0.22,,0.4,,0.75,,0.82,,,,0.6,,,,0.94,0.71,,,
BCAM,,,0.0,,0.52,,0.5,0.6,0.7,,0.9,,,,,,,0.9,,0.87,,,
BCAN,,,0.0,,0.41,,0.5,0.6,0.8,,0.9,,,,0.8,,,,0.7,,,,
BCAP29,,,,,,,,,,,,0.9,,,,,,,,,,,
BCAP31,0.8,,0.42,,0.21,,,,,,,,0.9,,,,,,0.49,,,,0.6
BCAR1,0.7,1.0,,1.0,0.9,,0.6,0.2,0.7,,0.8,,,,,,,0.8,0.5,,,,
BCAR3,,,,,,,,,,,,1.0,,0.8,,,,,,,,,
BCAS1,,,0.0,,,,0.7,,,,,,0.8,,,,,,,,0.95,,
BCAS2,,,0.0,,0.87,,,0.75,0.8,,0.9,,,,0.7,,,,0.5,,,0.6,
BCAS3,,,0.0,,0.3,,0.9,,0.75,,0.85,,,,,,,,0.7,,,0.6,
BCAS4,,,0.0,,0.75,,,0.7,0.8,,,,0.9,,0.6,0.65,,,0.5,0.95,,,
BCAT1,,,0.0,,0.68,,0.6,0.7,0.75,,0.8,,,,,0.7,,,0.5,0.88,,,
BCAT2,,1.0,0.0,,0.85,,,0.2,0.6,0.5,0.8,,,,0.5,,0.7,,,,,0.6,
BCCIP,,,0.9,,0.4,,,0.5,0.6,,0.8,,,,0.7,,,,0.5,,,0.6,
BCDIN3D,,,,,,,,,,,,0.8,,0.6,,,,,,,,,
BCHE,,,0.0,,0.88,,0.9,0.65,0.75,0.7,0.6,,,,,,,,0.6,,,,
BCKDHA,,,0.0,,0.61,,0.5,0.4,0.7,,0.9,,,,0.7,,,,0.5,,,0.6,
BCKDHB,,,0.0,,0.64,0.24,0.8,0.5,0.6,,0.75,,,,,,,,,,,0.5,
BCKDK,,1.0,0.0,,0.5,,0.5,0.6,0.7,,0.9,,,,0.8,,0.9,,,,,0.6,
BCL10,,1.0,0.35,,0.23,,0.1,0.2,0.8,,0.9,,,,,,,,,0.72,,,
BCL11A,,1.0,,0.9,0.8,,0.85,,0.7,,0.6,,,,,0.83,,,,,,,
BCL11B,,1.0,,0.9,0.1,,0.8,,0.5,,0.6,,,,0.6,,,0.9,0.4,0.9,,,
BCL2,,1.0,,0.57,0.15,,0.85,0.6,0.8,0.75,0.9,,,,0.8,,,,,0.85,,,
BCL2A1,,,,,,,,,,,,,,,,,,,,,,,
BCL2L1,,1.0,,0.94,0.0,,0.5,0.6,0.7,0.8,0.9,,,,,,,,,,,0.5,
BCL2L10,,,0.01,,0.79,,,0.4,0.6,0.5,0.8,,,,,0.75,,,0.5,0.92,,,
BCL2L11,,1.0,,0.89,0.0,,0.9,0.6,0.7,,0.8,,,,,,,,,0.77,,,
BCL2L12,,,0.0,,0.87,,,0.6,0.8,,0.9,,,,0.75,,,,0.5,,,,
BCL2L13,,,0.0,,0.43,,0.6,0.2,0.9,,0.7,,,,0.9,,,,0.5,,,0.6,
BCL2L14,,,0.0,,0.65,,,0.6,0.7,,0.8,,,,,0.75,,0.9,0.5,0.99,,,
BCL2L15,,,0.8,,,,0.7,0.5,0.6,,,,,,,,,,,,0.9,,
BCL2L2,,,,,,,,,,,,0.8,,0.6,,,,,,,,,
BCL3,,,,1.0,0.0,,0.8,,0.7,,0.9,,,,,0.8,,,0.5,0.81,,,
BCL6,,,,0.96,0.15,,0.8,0.5,0.85,,0.9,,,,,,,,,0.73,,,
BCL6B,,,0.06,,0.3,0.14,,0.1,0.6,,0.53,,,,0.7,,,,0.48,0.92,,,
BCL7A,,,0.2,,,,0.8,0.7,0.6,,0.7,,,,0.8,,,,,0.8,,,
BCL7B,,,0.19,,0.28,,0.1,,0.8,,0.9,,,,0.9,0.65,,0.75,0.4,,,0.6,
BCL7C,,,0.8,,,,0.5,0.6,0.7,,,,0.9,,0.5,0.6,,,,0.6,,,
BCL9,,,0.44,,,,,,,,,,,,,,0.75,,,,0.62,,
BCL9L,,,,,,,,,,,,,,,,,,,,,,,
BCLAF1,,,1.0,,1.0,,,,0.8,,0.9,,,,0.6,,,,0.8,0.7,,,
BCLAF3,,,0.0,,0.0,,,,0.6,,0.8,,,,0.9,,,,0.5,,,,
BCO1,0.8,,0.0,,,,,,,,,,0.9,,,,,,,,0.84,,
BCO2,,,0.0,,0.93,,0.8,,0.6,,0.7,,,,0.7,0.75,,,0.5,0.84,,,
BCOR,,1.0,,1.0,0.02,,,,0.7,,0.9,,,,0.8,,,0.6,,0.63,,,
BCORL1,0.7,,,1.0,0.05,,,,0.8,,0.9,,,,0.9,,,,0.8,,,,
BCORP1,,,0.0,,0.0,,,,,,,,,,,,,,0.5,,,0.0,
BCR,,,,1.0,0.16,,,,0.9,0.9,0.85,,,,,,,,0.7,,,0.6,
BCS1L,0.8,,0.0,,,,,,,,,,0.9,,,0.75,,,,,,,
BDH1,,,0.0,,0.91,,,,0.85,,0.9,,,,0.7,,,,0.5,,,,
BDH2,,,0.0,,0.84,,0.1,,0.8,,0.9,,,,0.7,,,,0.5,,,,
BDKRB1,,,,,,,,,,,,,,,,,,,,,,,
BDKRB2,,,0.13,,0.31,,,,,,,,,,,,,,,,,,
BDNF,,1.0,,0.7,0.16,,0.52,,0.3,,0.723,,,,,0.78,,,,0.89,,,
BDP1,0.5,,0.0,,0.47,,,0.4,0.6,,0.7,,,,0.6,,,0.9,0.8,0.7,,,
BEAN1,0.8,,0.0,,,,,,,,,,0.9,,0.7,,,,,,0.7,,0.4
BECN1,,,,0.91,0.16,,,,,,,,,,,,,,,,,,
BECN2,,,1.0,,1.0,,,,0.7,,0.9,,,,,,0.8,,0.8,,,,
BEGAIN,,,,,,,,,,,,0.8,,,,,,,,,,,
BEND2,,,0.1,,0.27,,,,0.5,,0.6,,,,,,,,0.79,1.0,,,
BEND3,,,,0.94,0.15,,0.5,,0.6,,0.8,,,,0.7,0.78,,,0.75,0.76,,,
BEND4,,,,0.98,0.1,,,,0.9,,1.0,,,,0.8,,,,0.75,,,,
BEND5,,,0.21,,0.26,0.34,,,0.8,,0.98,,,,0.9,,,,0.84,,,,
BEND6,,,,,,,,,,,,,,,,,,,,,,,
BEND7,,,0.9,,,,0.7,0.5,0.6,,,,0.8,,0.9,,,,,,0.8,,
BEST1,0.8,,0.2,,,,,,,,,,0.7,,,,0.9,,,,,,
BEST2,0.7,,0.0,,0.93,,,,0.8,,0.9,,,,0.9,,0.8,,0.5,1.0,,,
BEST3,,,0.0,,0.99,,0.4,,0.7,,0.8,,,,0.8,,,,0.5,0.97,,,
BEST4,0.6,,0.0,,0.51,,,,0.8,,0.9,,,,0.8,,0.7,,0.5,0.94,,,
BET1,,,0.0,,0.74,,,0.6,0.75,,0.9,,,,0.8,,,,0.5,,,0.59,
BET1L,,,0.0,,,,0.7,0.5,,,,,0.8,,0.7,,,,,,,0.6,
BEX1,,,,0.57,0.0,,,,0.8,,0.93,,,,,0.75,,,0.25,0.88,,,
BEX2,,,0.1,,0.41,,,,0.8,,0.7,,,,0.7,0.75,,,0.5,0.85,,,
BEX3,,,0.0,,0.0,,,,0.7,,0.8,,,,0.9,,,,0.5,0.72,,,
BEX4,,,,0.69,0.0,,,,0.7,,0.9,,,,0.75,0.7,,,0.12,,,,
BEX5,,,0.0,,0.8,,,0.6,0.7,,0.9,,,,0.8,,,,0.5,,,,
BFAR,,,,,,,,,,,,0.9,,,,,,,,,,,
BFSP1,0.8,,0.0,,0.72,,,0.6,0.7,,0.9,,,,0.8,,,,0.5,0.65,,,
BFSP2,0.8,,0.0,,0.62,,,0.7,0.6,,0.9,,,,0.8,,,,0.5,1.0,,,
BGLAP,,,0.0,,0.5,,,0.6,0.7,,0.9,,,,0.7,,,,0.6,,,,
BGN,,,,,,,,,,,,0.8,,,,,,,,,,,
BHLHA15,,,0.1,,1.0,,,0.7,0.6,,0.9,,,,0.8,,,,0.5,,,,
BHLHA9,0.8,,0.0,,,,,,,,,,0.9,,,,,,,,0.95,,
BHLHE22,,,,0.8,0.0,,,,0.7,,0.9,,,,0.6,0.75,,,0.5,0.94,,,
BHLHE23,,,0.19,,0.38,,,,0.5,,0.75,,,,,0.65,,,0.5,1.0,,,
BHLHE40,,,,1.0,0.0,,,,0.85,,0.9,,,,,,,,0.8,,,,
BHLHE41,0.9,,,1.0,0.0,,,,0.7,,,,0.9,,,0.8,,,0.8,0.76,,,
BHMT,,,0.0,,0.95,,0.8,0.5,0.7,,0.9,,,,,,,,0.6,1.0,,,
BHMT2,0.85,,0.0,,0.5,,0.8,0.5,0.75,,0.9,,,,0.7,,,,0.6,0.95,,,0.6
BICC1,,1.0,,0.84,0.2,,0.8,,0.7,,0.9,,,,0.6,,,0.6,,0.84,,,
BICD1,0.6,,0.0,,0.35,,,,0.8,,0.9,,,,,,0.8,,0.7,0.91,,,
BICD2,0.7,,,0.98,0.14,,,0.6,0.8,,0.9,,,,0.8,0.78,0.85,,0.75,0.77,,,
BICDL1,0.7,,0.0,,,,,,,,,,0.8,,,,,,,,0.88,,
BICDL2,,,0.0,,0.0,,,,0.7,,0.8,,,,,0.5,,,0.5,,,,
BICRA,,,0.0,,0.0,,,,0.7,,0.9,,,,0.5,,,,0.8,0.6,,,
BICRAL,,,0.0,,0.0,,,,0.7,,0.8,,,,,,,,0.5,,,,
BID,,,0.0,,,,,,,,0.9,,,,0.6,,,,,,,,0.5
BIK,,,0.0,,0.7,0.8,0.6,,0.75,,0.9,,,,0.85,,,,0.5,0.93,,,
BIN1,,1.0,,0.77,0.2,,0.9,,0.75,,0.85,,,,,0.78,,,0.5,0.88,,,
BIN2,,,0.0,,0.67,,,0.4,0.78,,,,,,,0.55,,,,0.99,,,
BIN3,,,0.0,,,,0.5,0.7,0.8,,,,0.9,,0.7,0.65,0.8,,,,0.6,,
BIRC2,,,0.45,,0.22,,,0.67,0.74,0.93,0.99,,,,0.85,,,,0.62,,,,
BIRC3,,,0.06,,0.28,,,0.2,0.36,0.11,0.5,,,,,,,,0.604,0.96,,,
BIRC5,,1.0,0.06,,0.41,,,0.6,0.85,0.8,0.9,,,,,,,,0.71,0.97,,,
BIRC6,,1.0,,1.0,0.93,,,,0.85,,0.9,,,,0.9,,,,0.8,,,0.6,
BIRC7,,,0.0,,0.81,,,0.7,0.85,0.8,0.9,,,,0.6,,,,0.75,,,,
BIRC8,,,0.0,,0.0,,,0.6,0.7,,0.9,,,,,,,,0.8,1.0,,,
BIVM,,,0.0,,0.4,,,,0.7,,,,0.9,,,,,,0.5,,0.54,,
BLACE,0.9,,0.0,,0.0,,,,,,0.75,,,,,0.5,,0.8,0.5,,,,
BLCAP,,,,0.52,0.0,,,,0.7,,0.75,,,,0.8,,,,0.87,,,0.57,
BLID,,,0.0,,,,0.5,,,,,,0.8,,,,,,,,0.9,,
BLK,,,0.0,,0.83,,0.9,,0.7,0.75,0.85,,,,,0.85,,0.9,0.7,0.99,,,
BLM,0.8,1.0,0.0,,,,,0.6,,,,,0.9,,,,0.85,,,,0.96,,
BLMH,,1.0,0.33,,0.23,0.47,,0.1,0.87,,0.88,,,,0.75,,,,0.91,,,,
BLNK,0.8,,,0.9,0.18,,,0.5,0.8,,,,0.95,,,,,0.7,0.91,0.97,,,
BLOC1S1,,,0.07,,0.38,,,,0.92,,0.98,,,,0.75,,,,0.76,,,0.47,
BLOC1S2,,,0.9,,0.54,,,,0.6,,0.8,,,,0.9,,,,0.7,,,0.7,0.6
BLOC1S3,0.8,,0.0,,,,,,,,,,0.9,,0.75,,0.85,,,,,,
BLOC1S4,,,0.1,,0.83,0.0,,,0.6,,0.8,,,,,0.7,,,0.5,,,0.52,
BLOC1S5,0.8,,0.0,,0.5,,,,0.7,,0.9,,,,0.7,,,,0.5,0.6,,,
BLOC1S6,0.8,,0.0,,0.5,,,0.7,0.6,,0.7,,,,0.8,,,,0.6,,,0.5,0.5
BLVRA,0.8,,0.0,,0.52,,,0.5,0.7,,0.9,,,,0.8,0.65,,,0.5,,,,
BLVRB,,,0.0,,,,,,0.75,0.9,,,0.85,,,,,,,0.65,,,
BLZF1,,,0.0,,0.63,,,0.5,0.7,,0.9,,,,0.7,,,,0.8,,,0.6,
BMF,,,0.9,,,,0.8,0.5,0.6,,,,0.7,,,0.75,,,,0.9,,,
BMI1,0.8,0.9,,0.94,,,,0.6,,,,,0.9,,,,,,,,,0.53,
BMP1,,,0.0,,0.31,,0.9,0.7,0.4,,0.6,,,,,,,,,,,,
BMP10,,,,,,,,,,,,1.0,,0.5,,,,,,,,,
BMP15,0.8,,0.0,,0.72,,,0.6,0.7,,0.9,,,,0.8,,,0.9,0.5,1.0,,,
BMP2,,1.0,,1.0,1.0,,0.9,,0.8,,0.6,,,,,,,,,0.85,,,
BMP2K,,,0.45,,0.22,,0.1,,0.6,0.5,0.8,,,,0.7,,,0.9,0.5,0.71,,,
BMP2KL,,,0.0,,0.0,,,,,,,,,,,0.1,,,0.5,,,0.2,
BMP3,,,0.06,,0.31,,0.5,,0.6,,0.9,,,,0.8,,,,0.85,,,,
BMP4,,,,0.96,0.07,,0.9,0.6,0.7,,0.8,,,,,0.85,,,,,,,
BMP5,,1.0,0.0,,,,0.8,0.6,0.7,,0.9,,,,0.9,,,,,0.93,,,
BMP6,,,,0.78,0.18,,0.75,,0.72,,0.85,,,,,0.76,,,0.65,,,,
BMP7,,1.0,0.4,,0.22,,0.8,0.6,0.7,,0.9,,,,,,,,0.5,,,,
BMP8A,,,0.0,,,,0.5,,,,,,0.9,,0.7,0.75,,,,,0.94,,
BMP8B,,1.0,0.0,,,,,,,,,,0.9,,0.7,,,,0.5,,,,
BMPER,1.0,1.0,0.0,,0.44,,,,0.7,,0.8,,,,0.8,,,,,0.91,,,
BMPR1A,0.8,,,0.85,0.18,,,,0.65,0.5,0.6,,,,,,,,,,,,
BMPR1B,0.8,,,1.0,0.07,,,,0.85,,,,0.9,,0.75,,,0.9,0.5,,0.86,,
BMPR2,,,,,,,,,,,,0.8,,0.7,,,,,,,,,
BMS1,0.5,,0.0,,0.29,,,,0.8,,,,0.9,,0.7,,0.9,,0.7,,,0.6,
BMX,,,0.0,,0.67,,,0.5,0.85,0.6,0.8,,,,,,,,0.75,0.82,,,
BNC1,0.8,,,0.9,,,,,,,,,0.7,,,,0.85,,,,0.95,,
BNC2,,0.85,,0.9,0.7,,0.75,,0.65,,0.6,,,,0.8,,,,,0.95,,,
BNIP1,,,0.0,,,,0.8,0.2,0.7,,,,0.9,,0.6,,,,,,,0.5,
BNIP2,,,0.0,,0.5,,0.7,,0.8,,0.9,,,,0.8,,,,0.6,0.7,,,
BNIP3,,,0.0,,0.82,,,0.6,0.8,,0.9,,,,,,,,0.5,,,,
BNIP3L,,,,,,,,,,,,0.8,,,,,,,,,,,
BNIPL,,,0.0,,0.8,,,,0.6,,0.8,,,,,0.78,,,0.7,,,,0.75
BOC,,,0.0,,0.41,,,0.6,0.75,,0.9,,,,,0.75,,,0.8,,,,
BOD1,,,0.2,,,,0.5,0.6,0.7,,,,0.9,,0.7,0.6,0.8,,,,,,
BOD1L1,,,,1.0,0.17,,,,0.8,,0.9,,,,0.8,,,,0.75,,,,
BOD1L2,,,0.2,,0.4,,,,0.5,,0.6,,,,,,,,0.5,,1.0,,
BOK,,,0.16,,,,,,0.7,,,,,,,,,,,,0.76,,
BOLA1,,,0.04,,0.7,,,0.6,0.8,,0.95,,,,0.7,0.75,,,0.85,,,0.7,
BOLA2B,,,0.0,,0.0,,,,0.6,,0.8,,,,0.7,,0.9,,0.1,,,0.7,0.5
BOLA3,0.8,,0.15,,0.34,,,,0.9,,,,0.6,,0.7,,,,0.107,,,,
BOLL,,,0.05,,0.3,,0.4,0.6,0.7,,0.8,,,,,,,,0.75,1.0,,,
BOP1,,,0.1,,,,0.5,0.2,0.8,,,,0.9,,0.6,0.5,,,,,,0.3,
BORA,,,0.0,,0.41,,,,0.8,,0.9,,,,0.7,,,,0.7,,,,
BORCS5,,,,,,,,,,,,0.8,,,,,,,,,,,
BORCS6,,,0.9,,0.9,,,0.7,0.6,,0.8,,,,,,0.85,,0.7,,,0.8,
BORCS7,,,1.0,,1.0,,,0.8,0.7,,0.9,,,,0.8,,,,0.8,,,0.6,
BORCS8,,,1.0,,1.0,,,,,,,,0.9,,0.8,,,,0.8,,,0.6,
BORCS8-MEF2B,,,,,,,,,,,,,,,,,,,,,,,
BPESC1,0.7,,0.0,,0.0,,,,0.8,,,,,,,,,,0.5,,,,
BPGM,0.7,,0.8,,,,,0.6,,,,,0.9,,0.75,0.78,0.9,,,,,,
BPHL,,,0.0,,0.82,0.86,,0.4,0.67,,0.91,,,,,,,,0.5,,,0.57,
BPI,,,0.0,,0.88,,0.5,,0.8,,0.9,,,,0.8,,,,0.5,1.0,,,
BPIFA1,,,0.0,,,,,,,,,,,,,0.75,,,,,,,
BPIFA2,,,0.0,,0.91,,,,0.8,,0.9,,,,0.8,,,,0.75,,,,
BPIFA3,,,0.0,,0.7,,,,0.6,,0.8,,,,0.7,0.7,,,0.5,,,,
BPIFA4P,,,0.0,,0.0,,,,0.6,,,,,,,,,,0.5,,,0.4,
BPIFB1,,,0.0,,0.62,,0.1,0.6,0.7,,0.8,,,,0.8,,,,0.5,1.0,,,
BPIFB2,,,0.0,,0.81,,,,,,,,0.9,,0.8,0.7,,,0.7,1.0,,,
BPIFB3,,,0.0,,0.9,,,,0.4,,0.6,,,,0.8,,,,0.76,1.0,,,
BPIFB4,,,,,,,,,,,,0.8,,,,,,,,,,,
BPIFB6,,,0.0,,0.89,,,,0.7,,0.8,,,,0.8,,,,0.5,1.0,,,
BPIFC,,,0.0,,0.55,,,,0.7,,0.9,,,,0.9,0.75,,,0.8,1.0,,,
BPNT1,,,,,,,,,,,,,,,,,,,,,,,
BPTF,,1.0,,1.0,0.05,,0.9,,0.6,,0.8,,,,,,,0.9,,0.7,,,
BPY2,0.7,,0.0,,,,,,,,,,0.8,,,,,,,,,,
BRAP,,,0.0,,0.38,0.8,0.9,,0.75,,0.85,,,,0.9,0.75,,0.6,0.7,0.79,,,
BRAT1,0.8,,0.0,,0.67,,,,0.7,,0.9,,,,0.8,0.75,,,0.75,,,0.6,
BRCA1,,1.0,0.0,,0.72,,0.8,0.7,0.85,,0.95,,,,,,,,0.6,0.99,,,
BRCA2,,1.0,0.0,,,,0.9,,0.6,,0.7,,,,,0.85,,,,0.99,,,
BRCC3,,,0.0,,0.46,,,0.6,0.8,,0.9,,,,,,,,0.5,,,0.54,
BRD1,,1.0,,1.0,0.12,,0.5,,0.7,0.6,0.9,,,,0.6,,,0.8,0.5,0.68,,,
BRD2,,1.0,,1.0,0.8,,0.6,,0.8,0.8,0.9,,,,,,,,,,,0.6,
BRD3,,,,0.98,0.14,,0.9,0.5,0.6,0.8,0.7,,,,,,0.9,,0.75,,,0.7,
BRD4,,1.0,,1.0,0.0,,,0.4,0.5,0.7,0.6,,,,,,,,0.8,,,0.6,
BRD7,,,,1.0,0.89,,,0.2,0.7,0.6,0.8,,,,0.6,,,,0.65,,,0.48,
BRD8,,,0.0,,0.33,,0.5,,0.8,,0.9,,,,0.9,,,,0.7,0.68,,,
BRD9,,,0.9,,,,,,0.6,0.8,0.7,,,,0.8,,,,,,,0.7,
BRDT,0.8,,0.0,,,,,,,,,,0.9,,,,0.8,,,,1.0,,
BRF1,,,0.0,,0.35,,0.7,0.4,0.8,,0.9,,,,0.6,,,,0.6,,,0.7,
BRF2,,,0.0,,0.81,,,0.6,0.8,,0.9,,,,0.7,,,,0.5,,,0.56,
BRI3,,,0.7,,0.8,,,,0.8,,0.9,,,,0.8,,,,0.5,,,,
BRI3BP,,,,,,,,,,,,1.0,,,,,,,,,,,
BRICD5,,,0.0,,0.5,,,,0.6,,0.8,,,,0.7,,,,0.3,,,,
BRINP1,,,,0.9,0.7,,,,,,,,0.8,,0.8,,,,0.5,,0.9,,
BRINP2,,,,1.0,0.93,,0.5,0.6,0.7,,0.9,,,,0.75,,0.85,,0.8,0.91,,,
BRINP3,0.75,,0.3,,,,0.7,0.6,0.8,,,,0.9,,0.6,,,,,,0.85,,
BRIP1,,,0.0,,,,0.5,,0.7,,0.9,,,,0.6,0.75,,,,0.99,,,
BRIX1,,,,,,,,,,,,,,,,,,,,,,,
BRK1,,,,,,,,,,,,,,,,,,,,,,,
BRMS1,,,0.0,,0.72,,,0.6,0.8,,0.9,,,,0.9,,,,0.5,,,0.54,
BRMS1L,,,0.8,,0.6,,,,0.7,,0.9,,,,0.7,,,,0.5,,,0.6,
BROX,,,0.0,,0.73,0.45,,0.6,0.7,,0.8,,,,0.7,0.6,,,0.5,,,0.5,
BRPF1,,,,,,,,,,,,0.8,,0.9,,,,,,,,,
BRPF3,,,,1.0,0.93,,,,0.85,,0.9,,,,0.9,0.85,,0.8,0.7,,,0.6,
BRS3,,,,0.91,0.0,,,,0.85,0.95,0.95,,,,,0.88,,,0.399,,,,
BRSK1,,,,,,,,,,,,,,,,,,,,,,,
BRSK2,,,,0.95,0.17,,,,0.8,0.67,0.85,,,,,0.82,,0.9,0.73,,,,
BRWD1,,,,,,,,,,,,,,,,,,,,,,,
BRWD1-AS2,,,0.0,,0.0,,,,0.8,,,,,,,,,,0.5,,,,
BRWD3,,,,1.0,0.0,0.9,0.5,,0.7,,0.6,,,,0.8,,,0.8,0.7,0.6,,,
BSCL2,,,0.0,,0.69,,,0.6,0.7,,,,,,0.7,0.75,,,,0.86,,,
BSDC1,,,0.02,,0.31,,,,0.7,,0.84,,,,0.8,,,,0.86,,,0.48,
BSG,0.7,,0.0,,,,,,,,,,0.9,,,,,,,,,,
BSN,,,,,,,,,,,,0.8,,,,,,,,,,,
BSND,0.8,1.0,0.0,,0.5,,,,,,,,0.9,,0.8,0.7,0.9,,,,1.0,,
BSPH1,,,1.0,,1.0,,,,0.8,,,,,,0.8,,,,0.5,,,,
BSPRY,,,0.0,,,,0.5,0.7,0.6,,,,0.8,,0.8,,,,0.5,,,,
BST1,,,0.0,,0.86,,0.7,0.6,0.8,,0.9,,,,,,,,0.5,0.85,,,
BST2,,,0.0,,0.7,,,,0.8,,,,0.9,,,0.7,,,0.5,,,,
BSX,,,0.04,,0.45,,0.8,,0.7,,0.9,,,,,0.78,,,0.93,1.0,,,
BTAF1,,,,1.0,0.93,,,,0.6,,0.9,,,,0.8,,,0.8,0.7,,,,
BTBD1,,,0.0,,0.49,0.8,,0.7,0.7,,0.9,,,,0.9,,,,0.6,,,0.5,0.5
BTBD10,,,0.0,,0.36,,,,0.8,,0.95,,,,0.9,,,,0.75,,,0.54,
BTBD16,,,0.0,,,,,,,,,,0.9,,,0.7,,,,,,,
BTBD17,,,0.1,,0.3,,,,0.7,,0.8,,,,0.8,,,0.6,0.5,,,,
BTBD18,,,1.0,,1.0,,,,0.7,,0.8,,,,0.8,,,,0.5,,,,
BTBD19,,,0.0,,0.0,,,,0.6,,0.9,,,,,,,0.7,0.8,,,,
BTBD2,,,,0.86,0.15,,0.1,,0.75,,0.92,,,,0.9,,,0.8,0.52,,,0.54,
BTBD3,,,0.47,,0.21,0.52,0.7,,0.9,,0.9,,,,0.7,,,,0.52,,,,
BTBD6,,,0.0,,0.66,,,0.6,0.8,,0.9,,,,0.7,,,0.75,0.7,,,,
BTBD7,,,0.0,,0.32,,0.7,,0.75,,0.85,,,,0.7,,0.9,,0.8,0.65,,,
BTBD8,,,0.0,,,,0.5,0.3,,,,,0.85,,,0.6,0.9,,,,,,
BTBD9,0.8,,0.0,,0.58,,0.8,,0.6,,0.7,,,,0.5,,,,,,,0.6,
BTC,,,0.06,,0.4,,,0.75,0.85,,0.99,,,,,,,,0.89,,,,
BTD,,,0.0,,,,0.5,0.4,0.7,,0.9,,,,0.6,,,,,0.6,,,
BTF3,,1.0,,0.71,0.12,,,0.72,0.78,,0.86,,,,0.5,,,,0.5,,,,0.6
BTF3L4,,,,,,,,,,,,,,,,,,,,,,,
BTG1,,,,0.56,0.15,,,,0.75,,0.95,,,,,0.78,,,0.85,0.77,,,
BTG2,,,0.8,,,,0.7,,,,,,0.9,,0.6,,,,,,0.8,,
BTG3,,,,0.92,0.08,,,,0.67,,1.0,,,,0.9,,,,0.63,,,,
BTG4,0.8,,0.14,,0.31,0.32,,,0.7,,0.9,,,,,,,,0.5,1.0,,,
BTK,,,,1.0,0.0,,,0.5,0.6,0.8,0.7,,,,,,,0.9,,0.95,,,
BTLA,,,0.38,,0.22,,,0.6,0.7,,0.574,,,,0.9,,,,0.289,1.0,,,
BTN1A1,,,0.0,,0.74,,0.8,0.4,0.7,,0.9,,,,0.6,,,,0.5,,,,
BTN2A1,0.8,,0.0,,,,0.8,0.6,0.7,,,,0.9,,0.9,,,,,,0.7,,0.5
BTN2A2,,,0.0,,0.85,,0.8,,0.8,,0.84,,,,,0.75,,,,0.73,,,
BTN2A3P,,,0.0,,0.0,,,,0.7,,,,,,,,,,0.5,,,,
BTN3A1,,,,,,,,,,,,0.8,,0.6,,,,,,,,,
BTN3A2,,,0.0,,0.96,,0.2,0.6,0.8,,0.9,,,,,0.75,,,0.5,,,,
BTN3A3,,,0.0,,0.5,,0.8,0.6,0.7,,0.9,,,,,,,0.8,0.6,0.9,,,
BTNL2,,,0.0,,,,0.8,,0.6,,0.9,,,,0.8,0.75,,,0.5,,,,
BTNL3,,,0.0,,0.47,,,0.6,0.5,,0.8,,,,0.9,,,,0.7,,,,
BTNL8,,,0.0,,0.62,,,0.8,0.9,,1.0,,,,1.0,,,,0.5,,,,
BTNL9,,,0.0,,0.89,,,,0.85,,0.9,,,,0.8,,,,0.7,0.96,,,
BTRC,0.7,,0.9,,,,0.6,0.75,0.7,,,,0.8,,,,0.85,,,,,0.65,
BUB1,0.8,1.0,0.0,,,,,0.4,0.5,,,,0.7,,,,,,,,1.0,,
BUB1B,0.8,1.0,0.0,,,,,,,,,,,,,,,,,,1.0,,
BUB3,,1.0,,0.83,0.16,,0.1,0.7,0.8,,0.9,,,,0.9,,,,0.5,0.65,,,
BUD13,,,,,,,,,,,,,,,,,,,,,,,
BUD23,,,0.0,,0.0,,,0.4,0.6,,0.8,,,,,,,,0.5,,,0.6,0.5
BUD31,,,0.23,,0.28,,,,0.87,,0.86,,,,0.7,,,,0.5,,,0.52,
BYSL,,1.0,0.0,,,,0.7,0.75,0.8,,,,0.9,,0.8,,0.85,,,0.62,,,
BZW1,,,,0.94,0.14,,,0.6,0.75,,0.85,,,,0.85,,,0.65,0.7,0.64,,,
BZW2,,,,,,,,,,,,0.9,,,,,,,,,,,
C10ORF105,,,0.0,,0.0,,,,,,,,,,0.8,,,,0.5,0.91,,,
C10ORF120,,,0.0,,0.5,,,0.3,,,0.9,,,,,0.4,,,0.6,1.0,,,
C10ORF126,,,0.0,,0.0,,,,,,,,,,,0.3,,,0.5,1.0,,,
C10ORF53,,,,0.59,0.0,,,0.1,,,0.85,,,,,0.5,,,0.1,1.0,,,
C10ORF55,,,0.2,,0.5,,,0.4,,,0.9,,,,,,,0.8,0.6,1.0,,,
C10ORF62,,,0.0,,,,,,,,0.9,,,,,,,,0.5,1.0,,,
C10ORF67,,,0.0,,0.5,,,,,,0.8,,,,,,,,0.6,1.0,,,
C10ORF71,,,0.0,,0.56,,,0.5,,,0.75,,,,,,,,0.85,1.0,,,
C10ORF88,0.4,,0.9,,,,,,,,,,,,0.5,,,,,,,,
C10ORF90,,,0.0,,,,0.5,,,,,,0.8,,0.7,,,,,,0.93,,
C10ORF95,,,0.0,,0.5,,0.6,,,,,,,,,0.4,,,0.5,,,,
C11ORF16,,,0.0,,0.5,,,,,,0.8,,,,,0.6,,,0.7,,,,
C11ORF21,,,0.0,,0.0,,,,,,0.8,,,,,,,,0.5,,,,
C11ORF24,,,0.0,,0.87,0.64,,0.8,,,,,0.9,,0.8,,,,0.5,,,,
C11ORF40,,,0.0,,0.5,,,,,,0.9,,,,,0.5,,,0.7,1.0,,,
C11ORF42,,,0.0,,0.89,,,0.6,,,0.85,,,,0.9,0.75,,,0.5,1.0,,,
C11ORF52,,,0.0,,0.94,,,,,,0.9,,,,0.7,,,,0.5,0.86,,,
C11ORF54,,,0.0,,0.93,,,0.4,,,0.9,,,,0.8,0.6,,,0.5,,,,
C11ORF58,,,,0.52,0.19,,0.4,,,,0.75,,,,0.8,,,,0.73,,,0.5,
C11ORF65,,,0.0,,,,0.8,0.6,,,,,0.9,,,,,,,,1.0,,
C11ORF68,,,,,,,,,,,,,,0.7,,,,,,,,,
C11ORF71,,,0.2,,0.37,,,,,,0.8,,,,,0.65,,,0.75,,,,
C11ORF86,,,0.0,,0.0,,,,,,0.8,,,,,,,,0.5,1.0,,,
C11ORF87,,,0.28,,0.27,,0.67,0.72,,,0.84,,,,0.5,0.65,,,0.79,,,,
C11ORF91,,,0.0,,0.0,,,,,,0.8,,,,,0.4,,,0.5,,,,
C11ORF96,,,,,,,,,,,,,,,,,,,,,,,
C11ORF97,,,0.0,,0.0,,,,,,,,,,,0.5,0.6,0.8,0.5,1.0,,,
C11ORF98,,,,,,,,,,,,,,,,,,,,,,,
C12ORF42,,,0.0,,0.5,,,,,,0.8,,,,,0.5,,,0.7,1.0,,,
C12ORF43,,,0.0,,0.78,,0.4,,,,0.6,,,,,,,,0.5,,,,
C12ORF50,,,0.0,,0.52,,,0.1,,,0.9,,,,,,,,0.5,1.0,,,
C12ORF54,,,0.0,,0.92,,,,,,,,0.85,,,,,,0.5,,,,
C12ORF56,,,0.0,,0.5,,,,,,0.8,,,,0.7,0.5,,,0.6,1.0,,,
C12ORF57,0.8,,0.0,,,,,,,,,,0.9,,0.5,,,,,,0.65,,0.7
C12ORF60,,,,,,,,,,,,,,,,,,,,,,,
C12ORF71,,,0.0,,0.82,,,,,,0.6,,,,,0.5,,,0.5,1.0,,,
C12ORF75,,,0.0,,0.0,,,,,,0.8,,,,0.7,0.4,,,0.5,,,,
C12ORF76,,,0.0,,0.6,,0.5,,,,0.7,,,,,,,,0.5,,0.9,,
C14ORF119,,,0.01,,0.63,,,0.4,,,0.76,,,,0.5,,,,0.14,,,0.54,
C14ORF132,,,0.0,,0.0,,,,,,,,,,0.9,0.5,,0.8,0.1,0.89,,,
C14ORF180,,,0.98,,0.6,,,,,,0.9,,,,0.75,0.8,,,0.8,0.95,,,
C14ORF39,,,0.0,,,,0.8,,,,0.6,,,,0.5,,0.9,,,1.0,,,
C14ORF93,,,0.9,,0.7,,,,,,0.8,,,,0.9,,,,0.5,,,,
C15ORF32,,,0.0,,0.73,,,0.8,,,,,,,,0.4,,,0.5,,,0.0,
C15ORF39,,,0.9,,0.7,,,,,,,,0.9,,0.85,0.85,,,0.6,,0.88,,
C15ORF40,,,0.14,,0.36,,,,,,0.96,,,,0.9,0.65,,,0.76,,,0.49,
C15ORF48,,,0.0,,0.5,0.4,,,,,,,0.8,,,,,,0.2,,,,
C15ORF61,,,0.0,,0.0,,,,,,0.6,,,,0.9,,,,0.5,,,0.6,
C15ORF62,,,0.0,,0.0,,,,,,,,0.7,,0.8,,0.8,,0.5,,0.92,,
C16ORF46,,,0.0,,0.99,,,0.1,,,0.74,,,,0.8,0.6,,,0.5,0.83,,,
C16ORF54,,,,,,,,,,,,1.0,,,,,,,,,,,
C16ORF74,,,,,,,,,,,,,,,,,,,,,,,
C16ORF78,,,0.0,,0.7,,,,,,0.9,,,,0.8,,,,0.5,,,,
C16ORF82,0.2,,0.0,,0.0,,,,,,,,,,,,,,0.5,1.0,,,
C16ORF86,,,,,,,,,,,,,,,,,,,,,,,
C16ORF87,,,0.0,,0.53,,,0.8,,,0.87,,,,,0.65,,0.9,0.75,,,,
C16ORF89,,,0.0,,0.5,,,,,,0.7,,,,0.8,,,,0.6,,1.0,,
C16ORF90,,,0.0,,0.74,,,,,,0.9,,,,,0.5,,,0.5,1.0,,,
C16ORF92,,,0.9,,0.6,,,0.6,,,0.4,,,,0.7,,,,0.5,1.0,,,
C16ORF95,,,0.0,,0.0,,,,,,0.7,,,,,0.3,,,0.5,,,,
C16ORF96,,,0.0,,0.81,,,,,,0.6,,,,0.5,0.55,,,0.8,,,,
C17ORF100,,,,,,,,,,,,,,,,,,,,,,,
C17ORF107,,,0.07,,0.52,,,,,,0.86,,,,,,,,0.76,0.92,,,
C17ORF50,,,0.0,,0.4,,,,,,0.8,,,,,0.3,,,0.5,,,0.2,
C17ORF58,,,,,,,,,,,,1.0,,,,,,,,,,,
C17ORF67,,,0.0,,0.8,0.9,0.7,,,,0.6,,,,0.8,0.7,,,0.5,0.8,,,
C17ORF75,,,,0.81,0.16,,,0.6,,,0.7,,,,0.7,0.65,,,0.5,,,0.52,
C17ORF78,,,0.9,,0.8,,,,,,0.85,,,,0.9,,,,0.6,,,0.7,
C17ORF99,,,1.0,,1.0,,,,,,0.9,,,,0.9,,,,0.8,0.96,,,
C18ORF15,,,0.0,,0.0,,,,,,,,,,,,,,0.5,,,1.0,
C18ORF32,,,0.21,,0.35,,,,,,0.25,,,,0.9,0.7,,,0.76,,,0.6,
C18ORF54,,,0.0,,0.7,,,0.1,,,0.9,,,,0.8,0.7,,,0.5,,,,
C18ORF63,,,0.0,,0.0,,,,,,0.6,,,,,,,,0.8,1.0,,,
C19ORF12,,,,,,,,,,,,0.5,,,,,,,,,,,
C19ORF18,,,0.0,,0.98,,,0.6,,,0.95,,,,0.9,0.7,,,0.5,,,,
C19ORF25,,,,,,,,,,,,,,,,,,,,,,,
C19ORF33,,,,,,,,,,,,0.8,,,,,,,,,,,
C19ORF38,,,0.0,,0.0,,,,,,0.9,,,,0.8,0.6,,0.8,0.5,1.0,,,
C19ORF44,,,,,,,,,,,,,,,,,,,,,,,
C19ORF47,,,0.13,,0.28,,0.5,,,,0.8,,,,0.7,0.5,,,0.5,,0.64,,
C19ORF53,,,0.8,,0.6,,,,,,0.9,,,,0.8,0.7,,,0.5,,,,
C19ORF67,,,1.0,,1.0,,,,,,0.9,,,,,,,,0.5,,,,
C19ORF73,,,0.08,,,,,,,,0.85,,,,,0.55,,,0.65,0.78,,,
C19ORF81,0.3,,,,,,,,,,,,,,,,,,,,,,
C19ORF84,,,0.0,,,,,,,,,,,,,,,,,,,,
C1D,,,0.7,,,,,,,,,,,,0.7,,,,,,,,
C1GALT1,,,,0.77,0.15,,0.4,0.1,0.85,,0.78,,,,,0.75,,,,,,0.56,
C1GALT1C1,0.8,1.0,,0.83,0.0,,,,,,,,0.72,,0.7,,,,,,0.69,,
C1GALT1C1L,,,0.0,,0.0,,,,0.6,,,,,,0.7,,,,0.5,,,,
C1ORF105,,,,,,,,,,,,,,,,,,,,,,,
C1ORF115,,,,,,,,,,,,0.9,,,,,,,,,,,
C1ORF116,,,0.0,,0.4,,,,,,0.9,,,,0.9,,,,0.8,0.95,,,
C1ORF122,,,,,,,,,,,,,,,,,,,,,,,
C1ORF141,,,0.0,,0.58,,0.5,,,,0.9,,,,0.7,,,,0.8,1.0,,,
C1ORF146,,,0.0,,0.68,,,0.7,,,0.9,,,,,,,0.6,0.5,1.0,,,
C1ORF159,,,0.0,,0.69,0.37,,,,,,,0.84,,0.5,,,,0.76,,,0.6,
C1ORF162,,,0.0,,0.5,,,0.6,,,0.8,,,,0.8,,,,0.6,,0.9,,
C1ORF167,,,0.0,,,,0.8,,,,0.6,,,,,,,,,,1.0,,
C1ORF174,,,0.0,,0.84,,,0.7,,,0.8,,,,0.8,,,,0.5,,,0.55,
C1ORF185,,,0.0,,0.0,,,,,,0.8,,,,0.7,,,,0.5,,,,
C1ORF198,,,0.0,,0.54,,,0.6,,,0.9,,,,0.7,,,,0.5,,,,
C1ORF21,,,,0.9,0.0,,,0.6,,,0.39,,,,0.8,0.65,,,0.12,,,,
C1ORF210,,,0.0,,0.5,,,,,,0.9,,,,0.8,,,,0.7,,,,
C1ORF216,,,0.0,,0.78,,,,,,0.9,,,,,,,,0.5,0.72,,,
C1ORF220,,,0.0,,0.0,,,0.7,,,,,,,,0.1,,,0.5,,,0.2,
C1ORF226,,,,0.94,0.0,,,,,,0.75,,,,0.8,,,,0.54,,,,
C1ORF232,,,0.0,,0.0,,,,,,,,,,,0.3,,,0.5,,,,
C1ORF35,,,,,,,,,,,,1.0,,,,,,,,,,,
C1ORF50,,,0.03,,0.42,,,,,,0.86,,,,0.8,0.6,,,0.5,,,0.48,
C1ORF52,,,0.8,,0.6,,,,,,,,0.9,,0.8,0.75,,,0.5,,,0.8,
C1ORF53,0.5,,0.0,,0.5,,0.4,,,,0.8,,,,,0.6,,,0.6,0.9,,,
C1ORF54,,,0.0,,0.82,,0.5,,,,0.9,,,,0.8,,,,0.5,0.77,,,
C1ORF56,,,0.1,,,,,,,,,,0.9,,,,,,0.5,,1.0,,
C1ORF74,,,,,,,,,,,,1.0,,0.0,,,,,,,,,
C1ORF87,,,0.0,,0.5,,0.6,0.7,,,0.8,,,,,,,0.8,0.7,1.0,,,
C1ORF94,0.5,,,,,,,,,,,,,,,,,,,,,,
C1QA,0.8,,0.0,,,,,,,,,,0.9,,,,,,,,0.97,,
C1QB,0.8,,0.16,,0.33,,,0.6,0.7,0.8,0.9,,,,,,,,0.75,,,,
C1QBP,,,0.0,,0.98,,0.5,,0.75,,0.9,,,,,,,,,,,0.6,
C1QC,,,0.2,,0.29,,0.5,0.6,0.8,,0.9,,,,,0.75,,,0.5,0.99,,,
C1QL1,,,0.0,,0.5,,,,0.8,,0.9,,,,0.7,,,,0.5,,,,
C1QL2,,,0.03,,0.5,0.0,,,0.4,,0.68,,,,0.8,0.65,,,0.5,0.92,,,
C1QL3,,,,0.6,0.2,,,,0.7,,0.8,,,,0.75,0.78,,,0.5,0.95,,,
C1QL4,,,,,,,,,,,,0.8,,,,,,,,,,,
C1QTNF1,,,0.0,,0.61,,,,0.7,,0.9,,,,0.9,,,,0.5,,,,
C1QTNF12,,,1.0,,1.0,,,,0.7,,0.9,,,,,,,,0.8,,,,
C1QTNF2,,,0.0,,0.61,0.8,,0.7,0.6,,0.9,,,,0.9,0.75,,,0.5,,,,
C1QTNF3,,,0.0,,0.8,,,0.2,0.8,,0.9,,,,0.8,,,,0.5,,,,
C1QTNF4,,,,,,,,,,,,0.9,,,,,,,,,,,
C1QTNF5,,,,0.84,0.0,,0.4,,0.5,,0.7,,,,0.9,,,,0.5,0.81,,,
C1QTNF6,,,0.0,,0.83,,0.6,,0.7,,0.8,,,,0.8,,,,0.5,0.73,,,
C1QTNF7,,,0.0,,0.76,,0.6,,0.7,,0.9,,,,0.8,,,,0.5,0.87,,,
C1QTNF8,,,0.0,,0.2,0.0,,,0.6,,0.8,,,,0.9,,,,0.5,,,,
C1QTNF9,,,0.0,,0.75,,,0.65,0.8,,0.88,,,,0.9,0.75,,,0.5,0.87,,,
C1QTNF9B,,,0.0,,0.91,,,0.7,0.6,,0.8,,,,0.9,,,,0.5,0.92,,,
C1R,0.8,,,0.74,0.19,,,0.4,0.7,0.5,0.6,,,,,,,,0.5,,0.79,,
C1RL,,,0.0,,,,0.8,,,,,,0.9,,0.75,0.7,,,,,,,
C1S,,,0.0,,0.36,,0.8,0.5,0.75,0.9,0.85,,,,,,,,0.7,0.79,,,
C2,,,0.0,,,,0.85,0.6,0.8,,0.9,,,,,,,,,,0.95,,
C20ORF141,,,0.05,,0.64,,,0.7,,,0.9,,,,0.8,0.75,,,0.85,1.0,,,
C20ORF144,,,0.0,,0.5,,,,,,0.8,,,,,,,,0.5,,,,
C20ORF173,,,1.0,,1.0,,,,,,0.8,,,,0.9,,,,0.5,1.0,,,
C20ORF202,,,0.0,,0.0,,,,,,0.85,,,,,,,,0.5,0.77,,,
C20ORF203,,,0.0,,0.0,,,0.5,,,,,,,,,,,0.5,,,,
C20ORF204,,,,,,,,,,,,,,,,,,,,,,,
C20ORF96,,,0.0,,0.97,,,0.2,,,0.9,,,,0.6,0.5,,,0.5,0.78,,,
C21ORF140,,,0.0,,0.0,,,,,,0.6,,,,,,,,0.5,0.73,,,
C21ORF58,,,0.0,,0.5,,,0.7,,,0.9,,,,,,,,0.6,,,,
C21ORF91,,,0.9,,0.5,,,,,,0.6,,,,0.7,,,,0.7,0.79,,,
C22ORF15,,,0.0,,0.59,,,,,,0.76,,,,0.8,,,0.7,0.5,,,,
C22ORF23,,,0.0,,0.5,,,0.2,,,0.8,,,,,,,,0.5,1.0,,,
C22ORF31,,,0.0,,0.89,,,0.3,,,0.72,,,,0.5,,,,0.58,,,,
C22ORF39,,,0.0,,0.5,,,,,,,,0.9,,0.8,0.65,,,0.7,,,0.6,
C22ORF42,,,,,,,,,,,,,,,,,,,,,,,
C2CD2,,,0.0,,0.38,,,0.5,0.6,,0.8,,,,0.8,,,,0.7,0.91,,,
C2CD2L,,,,0.99,0.13,0.32,,,0.67,,0.86,,,,0.75,,,,0.85,0.62,,,
C2CD3,0.8,1.0,0.0,,0.5,,,,0.7,,,,0.9,,0.7,,0.85,,0.6,,,,
C2CD4A,,,0.8,,,,0.7,,0.6,,,,,,,,,,0.5,1.0,,,
C2CD4B,,,0.0,,,,0.8,,,,,,0.7,,,,,,,,,,
C2CD4C,,,1.0,,1.0,,,,0.75,,0.85,,,,,0.75,,0.8,0.5,,,,
C2CD4D,,,0.0,,0.0,,,,0.6,,0.5,,,,,0.4,,,0.5,,,,
C2CD5,,,,,,,,,,,,,,,,,,,,,,,
C2ORF15,,,0.04,,0.44,,,,,,0.8,,,,,,,,0.25,,,,
C2ORF42,,,0.98,,0.31,,,,,,0.69,,,,0.9,0.75,,,0.57,,,,
C2ORF49,,,0.1,,0.35,,,,,,,,0.9,,0.6,,0.8,,0.5,,,,
C2ORF66,,,0.9,,0.8,,,,,,0.8,,,,,,,,0.6,,,,
C2ORF68,,,0.0,,0.98,,,0.7,,,0.8,,,,,0.4,,,0.5,,,,
C2ORF69,,,0.8,,0.4,,,,,,,,0.9,,0.6,,,,0.6,,,0.5,
C2ORF72,,,,,,,,,,,,0.8,,,,,,,,,,,
C2ORF74,,,0.0,,0.0,,,,,,0.7,,,,0.9,0.4,,,0.5,,,0.2,
C2ORF76,,,0.99,,0.66,,,,,,0.72,,,,0.8,0.65,,,0.5,,,0.52,
C2ORF78,,,,,,,,,,,,,,,,,,,,,,,
C2ORF80,,,0.0,,0.5,,,,,,0.9,,,,,,,,0.5,0.93,,,
C2ORF81,,,1.0,,1.0,,,,,,,,,,,,,,0.5,,,0.8,
C3,,,,0.94,0.21,,0.9,0.5,0.8,,0.95,,,,,,,,0.85,,,,
C3AR1,,,0.0,,,,0.5,0.6,0.7,0.9,0.8,,,,0.8,,,,0.5,0.93,,,
C3ORF18,,,0.0,,0.87,,,,,,0.9,,,,0.85,,,,0.5,,,,
C3ORF20,,,0.0,,0.87,,,0.2,,,0.9,,,,0.8,0.7,,,0.8,,,,
C3ORF22,,,0.38,,0.21,,,,,,0.56,,,,,,,0.8,0.14,,1.0,,
C3ORF33,,,0.0,,0.82,,,,,,,,0.9,,0.8,0.65,,,0.5,,,0.57,
C3ORF36,,,0.0,,0.0,,,,,,0.8,,,,,0.4,,,0.5,0.94,,,
C3ORF38,,,,,,,,,,,,1.0,,,,,,,,,,,
C3ORF49,,,,,,,,,,,,,,,,,,,,,,,
C3ORF52,0.6,,0.0,,0.5,,,,,,0.8,,,,0.75,0.7,,,0.7,0.95,,,
C3ORF62,0.5,,0.0,,,,0.5,0.6,,,,,0.8,,,,,,,,,0.7,
C3ORF70,,,0.0,,0.74,0.83,0.1,,,,0.9,,,,,0.65,,,0.5,0.75,,,
C3ORF80,,,0.0,,0.0,,,,,,0.6,,,,0.9,0.5,,,0.5,,0.94,,
C3P1,,,1.0,,1.0,,,,0.6,,,,,,,0.7,,0.7,0.8,,,0.5,
C4B,0.8,,0.1,,,,,,,,,,0.7,,,,,,0.5,,0.9,,
C4BPA,,,,,,,,,,,,1.0,,,,,,,,,,,
C4BPB,,,0.0,,0.72,,0.1,0.7,0.8,,0.9,,,,0.7,,,,0.5,1.0,,,
C4ORF17,,,0.0,,0.91,,,,,,0.8,,,,,,,,0.5,1.0,,,
C4ORF33,,,0.0,,0.8,,0.1,,,,0.6,,,,0.8,,,,0.5,,,0.54,
C4ORF36,,,0.0,,0.5,,0.8,,,,0.6,,,,,,,0.9,0.7,0.8,,,
C4ORF46,,,0.04,,0.74,,,,,,1.0,,,,0.6,,,,0.11,0.85,,,0.7
C4ORF50,,,0.0,,0.96,,,,,,0.8,,,,,,,,0.5,0.93,,,
C4ORF51,,,0.0,,0.82,,,,,,0.9,,,,,0.5,,,0.5,,,,
C5,,,0.0,,0.56,0.49,0.5,0.4,0.6,0.6,0.7,,,,,,,,0.8,,,,
C5AR1,0.8,,0.39,,0.0,,,0.1,0.8,0.8,0.9,,,,,0.76,0.9,,0.7,0.99,,,
C5AR2,,,,,,,,,,,,,,,,,,,,,,,
C5ORF15,,,,,,,,,,,,1.0,,,,,,,,,,,
C5ORF22,,,0.0,,0.45,,,,,,0.76,,,,0.8,,,,0.7,,,0.48,
C5ORF24,,,,0.75,0.0,,,0.16,,,0.48,,,,0.9,0.7,,,0.188,,,0.53,
C5ORF34,,,0.0,,0.8,,,,,,0.8,,,,,,,,0.5,0.8,,,
C5ORF46,,,0.07,,0.5,,,0.4,,,,,,,0.8,,,,0.87,,,,
C5ORF47,0.0,,0.0,,0.0,,,,,,,,,,,0.3,,,0.5,,,,
C5ORF52,,,0.0,,0.0,,,,,,0.6,,,,,,,,0.5,,,,
C5ORF58,0.4,,,,,,,,,,,,,,,,,,,,,,
C5ORF63,,,0.0,,0.0,,,,,,0.6,,,,0.9,,,0.7,0.5,,,,
C5ORF67,0.1,,,,,,,,,,,,,,,,,,,,,,
C6,,,0.0,,0.74,,0.5,0.5,0.7,0.6,0.9,,,,,,,,0.8,,,,
C6ORF118,,,,,,,,,,,,,,,,,,,,,,,
C6ORF120,,,1.0,,,,,,,,,,0.9,,0.8,0.75,,,,,,,0.7
C6ORF132,,,,,,,,,,,,,,,,,,,,,,,
C6ORF136,,,,0.95,0.11,,,0.6,,,0.8,,,,0.9,,,,0.5,,,0.53,
C6ORF141,,,0.0,,0.0,,,0.7,,,0.8,,,,,0.5,,,0.5,,,,
C6ORF15,,,0.9,,,,0.8,,,,,,0.7,,0.7,,,,,,,,
C6ORF163,,,,,,,,,,,,,,,,,,,,,,,
C6ORF47,,,0.07,,0.37,,0.5,,,,0.8,,,,0.9,,,,0.73,,,0.54,
C6ORF52,,,,,,,,,,,,,,,,,,,,,,,
C6ORF58,,,0.0,,0.83,,,,,,0.8,,,,0.8,0.65,,,0.5,1.0,,,
C6ORF62,,,,,,,,,,,,,,,,,,,,,,,
C6ORF89,,,0.0,,0.66,,,0.2,,,0.9,,,,0.7,,,,0.6,,,0.5,
C7,,,0.0,,0.68,,0.9,0.5,0.6,0.8,0.7,,,,,,,,0.5,0.86,,,
C7ORF25,,,,,,,,,,,,,,,,,,,,,,,
C7ORF33,,,0.0,,0.5,,,0.7,,,0.9,,,,,0.5,,,0.6,,,,
C7ORF57,,,0.0,,0.5,,,,,,0.8,,,,,0.5,,,0.7,,1.0,,
C8A,,,0.0,,0.84,,0.6,0.75,0.8,,0.9,,,,0.9,,,,0.8,1.0,,,
C8B,,,0.0,,0.96,,0.9,0.5,0.6,,0.7,,,,,,,,0.5,1.0,,,
C8G,,,0.0,,0.7,0.3,0.6,0.6,0.7,0.8,0.9,,,,0.8,,,,0.5,,,,
C8ORF17,,,0.0,,0.0,,,,,,,,,,,,,,0.5,,,,
C8ORF33,,,,,,,,,,,,,,,,,,,,,,,
C8ORF34,,,0.0,,0.79,,,0.2,,,0.8,,,,,,,0.6,0.5,,,,
C8ORF44,,,,,,,,,,,,,,,,,,,,,,,
C8ORF48,,,,,,,,,,,,,,,,,,,,,,,
C8ORF58,,,0.0,,0.61,,,,,,0.88,,,,,0.55,,,0.5,0.75,,,
C8ORF74,,,,,,,,,,,,,,,,,,,,,,,
C8ORF76,,,0.0,,0.5,,,,,,0.8,,,,0.9,0.6,,,0.6,,,,
C8ORF82,,,0.0,,0.5,,,,,,0.8,,,,0.9,,,,0.5,,,0.6,
C8ORF88,,,0.0,,0.0,,,,,,,,,,,,,,0.5,0.95,,,
C8ORF89,0.1,,0.0,,0.0,,,,,,,,,,,,,,0.5,,,,
C9,,,0.0,,,,0.8,0.5,0.6,,0.7,,,,0.7,,,,0.5,1.0,,,
C9ORF152,,,0.02,,0.48,,,,,,,,0.94,,,0.7,,,0.5,,,,
C9ORF153,,,,,,,,,,,,1.0,,0.0,,,,,,,,,
C9ORF163,,,1.0,,1.0,,,,,,,,,,,0.5,,,0.5,,,,
C9ORF40,,,,,,,,,,,,,,,,,,,,,,,
C9ORF43,,,0.0,,0.7,,,0.5,,,0.9,,,,0.8,,,0.9,0.8,1.0,,,
C9ORF50,,,0.0,,0.89,,,,,,0.8,,,,0.7,0.5,,,0.5,1.0,,,
C9ORF57,,,0.0,,0.0,,,,,,0.8,,,,0.9,0.5,,,0.5,,,,
C9ORF72,,,0.0,,,,0.8,0.6,,,0.7,,,,,,,,,0.75,,,
C9ORF78,,,0.0,,0.57,,,0.2,,,,,0.98,,0.7,0.6,,,0.5,,,0.47,
C9ORF85,,,0.0,,0.98,,,0.8,,,0.9,,,,,0.4,,,0.5,,,0.6,
CA1,,,0.0,,0.5,,0.7,,0.7,0.9,0.8,,,,0.7,,,,0.6,1.0,,,
CA10,,,,0.53,0.21,,0.8,0.75,0.7,,0.9,,,,0.6,,,,0.66,0.99,,,
CA11,,,0.0,,,,0.1,,,,,,0.75,,0.7,,,,,,0.9,,
CA12,0.7,,0.0,,0.88,,,,0.75,0.9,0.85,,,,0.9,,,,0.5,0.94,,,
CA13,,,0.0,,0.67,,,,0.8,0.5,0.9,,,,0.6,,,,0.5,,,,
CA14,,,,,,,,,,,,0.9,,0.7,,,,,,,,,
CA2,0.8,,0.0,,0.83,,,,0.5,0.7,0.6,,,,,,0.9,,0.5,,,,
CA3,,,0.0,,0.45,,0.4,,0.6,0.5,0.8,,,,0.6,,0.7,,0.5,1.0,,,
CA4,,1.0,0.0,,,,,0.2,0.7,0.9,0.8,,,,0.75,,,,,,,,
CA5A,,,0.0,,0.55,,0.6,0.4,0.6,0.7,0.9,,,,0.7,,,,0.5,1.0,,,
CA5B,,,0.0,,0.64,,,0.2,0.6,0.1,0.8,,,,0.5,,,,0.5,0.78,,,
CA5BP1,,,0.0,,0.0,,,,0.7,,,,,,,,,,0.5,,,0.2,
CA6,,,0.0,,,,0.8,0.6,0.7,,,,0.9,,0.7,,0.4,,,1.0,,,
CA7,,,0.12,,0.29,,,,0.75,0.9,0.85,,,,0.8,,,,0.8,,,,
CA8,,,0.04,,0.3,0.53,0.8,0.75,0.85,,0.9,,,,,0.68,,,0.58,0.93,,,0.7
CA9,,,,,,,,,,,,,,,,,,,,,,,
CAAP1,,,,0.8,0.14,,,,0.8,,0.9,,,,0.7,,,,0.5,,,0.6,
CAB39,,,,,,,,,,,,1.0,,0.7,,,,,,,,,
CAB39L,,,0.0,,0.59,,,0.5,0.6,,0.8,,,,0.8,,,0.7,0.5,,,,
CABCOCO1,,,0.0,,0.0,,,0.5,0.7,,0.6,,,,,0.5,,,0.5,0.95,,,
CABIN1,,1.0,0.0,,,,,0.6,0.7,,,,0.9,,0.6,,,,0.8,,,,
CABLES1,,,0.0,,,,0.9,0.5,0.7,,0.8,,,,0.6,0.7,,,,0.79,,,
CABLES2,,,0.0,,0.5,,,,0.7,,0.9,,,,0.6,0.65,,,0.6,,,,
CABP1,,,,,,,,,,,,,,,,,,,,,,,
CABP2,0.8,,0.0,,0.5,,,,0.6,,0.9,,,,0.8,,,0.7,0.5,0.97,,,
CABP4,,,0.0,,1.0,,0.8,,0.6,,0.7,,,,0.7,,,0.8,0.5,1.0,,,
CABP5,,,0.9,,0.5,,,0.4,0.6,,0.7,,,,,,0.5,0.8,0.8,0.99,,,
CABP7,,,0.16,,0.29,,,,0.7,,0.79,,,,0.9,,,0.85,0.43,0.97,,,
CABS1,0.4,,0.9,,0.6,,,0.7,0.6,,0.8,,,,,,,,0.5,1.0,,,
CABYR,,,0.0,,0.68,,,,0.7,,0.9,,,,0.7,,,,0.5,1.0,,,0.6
CACFD1,,,0.0,,0.66,,,,0.8,,0.8,,,,,,,,0.5,,,,
CACHD1,,,0.0,,0.4,,,,0.8,,,,,,0.75,0.7,,,0.5,0.73,,,
CACNA1A,,,,,,,,,,,,0.8,,0.6,,,,,,,,,
CACNA1B,,,,,,,,,,,,0.8,,0.9,,,,,,,,,
CACNA1C,,1.0,,1.0,0.05,,0.95,0.6,0.75,0.9,0.85,,,,,,,,,,,,
CACNA1D,,,,1.0,0.13,,0.8,0.6,0.75,0.9,0.85,,,,,,,,,0.89,,,
CACNA1E,,,,,,,,,,,,,,,,,,,,,,,
CACNA1F,0.7,,0.0,,0.3,,,0.5,0.7,0.9,0.8,,,,0.8,,,,0.6,0.9,,,
CACNA1G,,,,,,,,,,,,0.8,,0.9,,,,,,,,,
CACNA1H,0.5,,0.0,,0.36,,,,0.75,0.9,0.85,,,,0.7,,0.8,,0.8,0.92,,,
CACNA1I,,,,1.0,0.89,0.85,0.9,,0.75,0.8,0.7,,,,0.9,,,,0.75,0.87,,,
CACNA1S,,1.0,0.0,,0.4,,0.8,0.5,0.7,0.9,0.6,,,,0.8,,,,,1.0,,,
CACNA2D1,,,,,,,,,,,,0.8,,0.6,,,,,,,,,
CACNA2D2,,,,,,,,,,,,0.8,,0.9,,,,,,,,,
CACNA2D3,,,,,,,,,,,,0.8,,0.7,,,,,,,,,
CACNA2D4,0.5,,0.0,,0.82,,,,0.65,0.6,0.7,,,,0.9,,,,0.75,,,,
CACNB1,,,,,,,,,,,,0.85,,0.75,,,,,,,,,
CACNB2,,,,,,,,,,,,0.7,,0.8,,,,,,,,,
CACNB3,,,0.0,,0.42,,,0.5,0.75,0.6,0.8,,,,0.7,,,0.9,0.5,0.79,,,
CACNB4,,,0.2,,,,0.8,0.4,0.7,0.6,0.5,,,,0.8,,,,0.5,0.9,,,
CACNG1,,,0.0,,0.5,,,0.7,0.75,0.9,0.85,,,,0.8,,,,0.6,1.0,,,
CACNG2,,,,,,,,,,,,0.7,,0.5,,,,,,,,,
CACNG3,0.8,,,1.0,0.0,,,0.4,0.5,0.6,0.7,,,,0.7,,,,0.8,0.9,,,
CACNG4,,,0.8,,0.6,,,0.6,0.75,0.9,0.85,,,,0.8,,,0.7,0.5,0.95,,,
CACNG5,,,,,,,,,,,,0.8,,0.7,,,,,,,,,
CACNG6,,,0.0,,0.97,,,,0.7,0.6,0.8,,,,0.7,,,,0.5,,,,
CACNG7,,,,0.9,0.09,,,,0.65,0.6,0.68,,,,0.7,,,,0.55,0.87,,,
CACNG8,,,0.0,,0.0,,,0.5,0.6,,0.8,,,,0.75,0.65,,0.9,0.7,0.92,,,
CACTIN,,,,,,,,,,,,,,0.6,,,,,,,,,
CACTIN-AS1,,,0.0,,0.0,,,,,,,,,,,,,,0.5,,,0.0,
CACUL1,,,,0.96,0.11,,,,0.7,,0.9,,,,0.8,,,,0.5,,,0.52,
CACYBP,,,,,,,,,,,,,,,,,,,,,,,
CAD,,,,,,,,,,,,,,,,,,,,,,,
CADM1,,,,0.63,0.2,,0.8,0.5,0.75,,0.9,,,,,0.73,,,,,,,
CADM2,,,,0.88,0.15,,0.72,,0.8,,0.9,,,,0.75,,,,0.87,0.86,,,
CADM3,,,,0.9,,,,0.5,0.6,,,,0.8,,0.8,,,,,,,,
CADM4,,,,1.0,0.0,0.9,,,0.6,,0.7,,,,0.9,,,0.9,0.8,0.85,,,
CADPS,,1.0,0.0,,,,0.8,0.5,0.6,,0.7,,,,0.7,,,,,0.9,,,
CADPS2,,,,,,,,,,,,0.8,,,,,,,,,,,
CAGE1,,,0.0,,0.64,,,,0.7,,0.9,,,,,0.75,,,0.8,,,,
CALB1,0.7,,0.29,,0.24,,0.4,,0.7,,0.8,,,,0.9,0.65,,0.6,0.5,0.96,,,
CALB2,,,0.0,,0.66,,,,0.8,,0.9,,,,0.6,,,,0.5,0.96,,,
CALCA,,,0.9,,0.71,,,0.7,0.85,0.8,0.9,,,,0.9,,,,0.5,,,0.6,
CALCB,,,,,,,,,,,,0.8,,0.6,,,,,,,,,
CALCOCO1,,,,,,,,,,,,,,,,,,,,,,,
CALCOCO2,,,0.0,,,,0.5,0.6,0.7,,,,0.9,,0.8,,,,,0.8,,,
CALCR,,1.0,0.0,,0.54,,0.7,0.6,0.85,0.9,,,,,0.8,0.75,,0.9,,1.0,,,
CALCRL,,1.0,,0.98,0.12,,0.75,0.6,0.68,0.84,0.7,,,,0.8,,,,,,,,
CALD1,,,,,,,,,,,,0.8,,,,,,,,,,,
CALHM1,,,0.0,,0.86,0.45,,,0.6,,0.94,,,,0.8,0.65,,,0.5,,,,
CALHM2,,,0.0,,0.93,,,,0.6,,0.8,,,,0.75,0.7,,,0.5,,,,
CALHM3,0.5,,0.0,,,,,,,,,,0.86,,0.8,,0.9,,,,0.94,,
CALHM4,,,,,,,,,,,,0.8,,0.7,,,,,,,,,
CALHM5,,,0.0,,0.0,,,0.2,0.6,,0.8,,,,0.8,0.5,,,0.5,,,,
CALHM6,,,1.0,,1.0,,,,0.6,,0.8,,,,0.8,0.85,,,0.5,,,,
CALM3,,,,,,,,,,,,0.7,,0.6,,,,,,,,,
CALML3,,,0.0,,0.7,,,0.85,0.8,,0.9,,,,0.8,,,,0.5,,,,
CALML4,,,0.0,,0.87,,,,,,,,0.96,,,,,,0.5,,,,
CALML5,,,0.0,,0.0,,,,0.6,,0.7,,,,0.8,,,,0.8,1.0,,,
CALML6,,,0.0,,1.0,,,,0.21,,0.88,,,,,,,0.8,0.5,,,,
CALN1,,,0.8,,,,0.7,0.4,0.6,,,,0.9,,0.7,,0.85,,,,0.95,,0.6
CALR,,,,,,,,,,,,0.8,,0.5,,,,,,,,,
CALR3,0.8,,0.0,,0.79,,,0.5,0.6,,0.9,,,,0.7,,,,0.5,1.0,,,
CALU,,,0.8,,,,0.7,0.4,0.6,,,,0.9,,0.8,0.7,0.7,,,,0.9,,
CALY,,,0.04,,0.46,,,,0.75,,0.68,,,,0.8,0.7,,,0.5,0.92,,,
CAMK1,,,0.0,,0.49,,,,0.8,,0.9,,,,0.7,,,,0.5,0.66,,,
CAMK1D,,,,1.0,0.0,,0.5,0.7,0.6,0.7,0.9,,,,0.8,,,0.8,,0.85,,,
CAMK1G,,,0.0,,,,0.5,0.6,0.8,,,,0.9,,0.8,0.7,,,,,,,
CAMK2A,,,,,,,,,,,,,,0.7,,,,,,,,,
CAMK2B,,,,0.91,0.18,,0.4,,0.7,0.2,0.8,,,,,0.75,,0.9,0.67,0.92,,,
CAMK2D,0.75,,0.9,,,,0.8,0.65,0.75,0.7,0.6,,,,,,,,,,,,
CAMK2G,,,,,,,,,,,,0.7,,0.5,,,,,,,,,
CAMK2N1,,,0.3,,,,0.7,,,,,,0.8,,,,0.85,,,,0.9,,
CAMK2N2,,,0.23,,0.33,0.62,,,0.6,,0.52,,,,,0.75,,,0.79,,,,
CAMK4,,,,0.51,0.21,,,0.6,0.8,,0.9,,,,0.85,,,,0.75,0.99,,,
CAMKK1,,,0.0,,0.35,,,0.4,0.7,0.5,0.9,,,,0.7,,,0.8,0.6,0.85,,,
CAMKK2,,,0.08,,0.27,,0.5,,0.85,0.5,0.9,,,,0.8,,,0.9,0.88,0.97,,,
CAMKMT,,,0.0,,,,0.8,0.6,0.7,,,,0.9,,0.7,,0.8,,,,,0.5,
CAMKV,,,,1.0,0.8,,0.9,0.8,0.7,,0.8,,,,0.8,,,0.9,0.6,,0.95,,
CAMLG,,1.0,0.0,,,,,0.6,0.8,,,,0.9,,0.7,,,,0.5,,,0.7,
CAMP,,,0.2,,,,,,,,,,,,,,,,,,,,
CAMSAP1,,,,1.0,0.14,,,,0.7,,0.9,,,,0.8,,,,0.8,,,0.6,
CAMSAP2,,,,1.0,0.91,,,,0.5,,0.6,,,,0.75,0.8,,,0.7,,,0.7,
CAMSAP3,0.7,,,1.0,0.94,,,,0.6,,,,0.9,,,,,,0.8,0.93,,,
CAMTA1,,,,1.0,0.08,,0.8,,0.6,,0.7,,,,0.7,,,,,0.77,,,
CAMTA2,,,,1.0,0.16,,0.6,0.4,0.5,,0.7,,,,0.5,,,0.8,0.8,,,0.6,
CAND1,,,,1.0,0.98,,,0.5,0.6,,0.7,,,,0.75,,,0.8,0.8,,,0.7,0.6
CAND2,,,0.0,,,,0.8,,,,,,0.9,,0.6,,,,,,0.91,,
CANT1,0.8,,0.0,,0.81,,,0.6,0.7,,0.9,,,,0.8,,0.75,,0.4,0.69,,,
CANX,,,,,,,,,,,,0.8,,,,,,,,,,,
CAP1,,,0.99,,0.68,,,0.6,0.9,,0.8,,,,0.8,,,,0.75,,,,
CAP2,0.85,,,0.68,0.2,,,0.6,0.8,,0.9,,,,0.7,,,,0.75,0.89,,,
CAPG,,,0.0,,0.97,,,0.6,0.7,,0.9,,,,0.6,,,,0.5,,,,
CAPN1,0.5,,0.0,,0.52,,,0.75,0.85,,0.9,,,,0.8,,,0.6,0.8,0.7,,,
CAPN10,0.7,,0.0,,0.71,,,,0.8,,0.9,,,,0.8,0.65,,,0.6,,,,
CAPN11,,,0.0,,0.87,,,,0.8,,0.9,,,,,,,0.7,0.5,1.0,,,
CAPN12,,,0.0,,0.5,,,,0.7,,0.8,,,,,0.7,0.85,,0.6,,,,
CAPN13,,,0.0,,0.83,,,0.7,0.6,,0.9,,,,0.8,,,0.75,0.5,0.97,,,
CAPN14,,,0.0,,0.0,,,,0.6,,0.8,,,,,0.5,,0.9,0.7,1.0,,,
CAPN15,,,,0.98,0.17,,,,0.7,,0.9,,,,0.6,0.75,,,0.8,,,,
CAPN2,,1.0,0.0,,,,0.5,0.7,0.6,0.5,0.8,,,,0.7,,0.8,0.9,,0.72,,,
CAPN3,,,0.0,,0.72,,0.7,,0.6,,0.9,,,,0.8,,,0.7,0.5,0.99,,,
CAPN5,0.7,0.9,0.0,,0.54,,,0.5,0.8,,,,0.9,,0.7,,,,0.6,,,,
CAPN6,,,,0.74,0.18,,,0.67,0.93,,0.93,,,,,0.65,,,0.64,,,,
CAPN7,,,0.0,,0.58,,,,0.7,,0.9,,,,0.6,0.6,,,0.8,0.65,,,
CAPN8,,,0.0,,,,0.5,0.6,,,,,0.8,,,,0.7,,,,0.9,,
CAPN9,,,0.0,,0.89,,,,0.7,,0.75,,,,0.9,0.75,,,0.85,,,,
CAPNS1,,1.0,0.0,,,,,0.6,,,,,0.9,,0.7,,,,0.5,,,0.7,
CAPNS2,,,,,,,,,,,,1.0,,0.5,,,,,,,,,
CAPRIN1,,1.0,,0.95,0.18,,,,0.73,,0.85,,,,0.8,0.82,,,0.7,,,0.54,
CAPRIN2,,,0.13,,0.24,0.79,,,0.7,,0.61,,,,0.9,0.75,,,0.85,0.75,,,
CAPS,,,0.0,,0.5,,,0.75,0.7,,0.9,,,,0.9,,,,0.6,0.71,,,
CAPS2,,,0.0,,0.97,,,,0.7,,0.9,,,,0.6,0.7,,,0.5,,,,
CAPSL,,,0.0,,0.92,,,,0.6,,0.9,,,,0.9,,,0.7,0.5,1.0,,,
CAPZA1,,,,,,,,,,,,0.8,,0.6,,,,,,,,,
CAPZA2,,,,1.0,0.0,,0.8,0.7,0.6,,0.7,,,,0.9,,0.8,,,,,0.5,
CAPZA3,,,0.0,,0.7,,,,0.8,,0.9,,,,,0.7,0.7,,0.5,1.0,,,
CAPZB,,,,0.93,0.12,,,0.6,0.75,,0.9,,,,0.7,,,,0.77,,,0.52,
CARD10,,1.0,0.0,,0.29,,0.9,,0.6,,0.7,,,,0.5,,,,,0.76,,,
CARD11,,,,,,,,,,,,0.9,,,,,,,,,,,
CARD14,,,0.0,,0.73,,0.6,,0.85,,0.9,,,,0.7,,,0.75,0.8,0.96,,,
CARD16,,,0.4,,0.2,,,,0.8,,0.9,,,,0.7,,,,0.5,,,,
CARD18,0.5,,0.0,,0.5,,,,0.7,,0.8,,,,,,,,0.6,1.0,,,
CARD19,,,0.0,,0.0,,,,0.7,,0.9,,,,,0.5,,,0.5,,,,
CARD6,,,0.0,,0.88,,0.5,,0.8,,0.9,,,,0.6,,,,0.5,,,,
CARD8,0.8,,0.0,,0.56,,,0.75,0.8,,0.9,,,,,,,,0.7,,,,
CARD9,,,0.0,,,,0.9,0.5,0.6,,0.7,,,,,,,,,0.86,,,
CARF,,,0.0,,,,0.5,,,,,,0.9,,,,0.7,,,,0.65,,
CARHSP1,,,0.0,,0.6,,,,0.7,,0.8,,,,0.7,,,,0.4,0.9,,,
CARM1,,1.0,,1.0,1.0,0.9,0.8,,0.7,0.7,0.6,,,,,,,0.8,,,,0.6,
CARMIL1,,,,,,,,,,,,0.8,,,,,,,,,,,
CARMIL2,0.8,,0.0,,,,,,,,,,0.6,,0.5,,,,,,0.84,,
CARMIL3,,,0.0,,0.0,,,,0.6,,0.7,,,,0.9,,,,0.8,,,,
CARNMT1,,,0.0,,0.0,,,0.6,0.7,,0.8,,,,0.8,0.6,,,0.5,,,,
CARNS1,,,0.0,,0.56,,,,0.7,,0.9,,,,0.8,,,,0.8,1.0,,,
CARS2,0.7,,0.0,,0.56,,,,0.8,,0.9,,,,0.8,,,,0.6,,,0.7,0.5
CARTPT,0.8,,0.11,,0.4,,,0.75,0.8,,0.9,,,,0.8,,,,0.12,,,,
CASC2,,,0.0,,,,,,0.5,,,,,,,,,,,,,,
CASC3,,,,0.52,0.22,,,0.1,0.8,,0.9,,,,0.6,0.7,,,0.85,,,0.53,
CASD1,,,,,,,,,,,,0.9,,,,,,,,,,,
CASK,,,,,,,,,,,,0.8,,0.6,,,,,,,,,
CASKIN1,,,,1.0,0.07,,0.5,,0.8,,0.9,,,,0.7,0.85,,,0.8,0.88,,,
CASKIN2,,,,1.0,0.9,,,,0.8,,0.9,,,,0.8,,,,0.7,0.82,,,
CASP1,,,0.0,,0.49,,,0.6,0.85,0.9,0.95,,,,,,,,0.7,0.92,,,
CASP10,,,0.0,,0.87,,0.5,0.3,0.7,0.4,0.9,,,,0.5,,,,0.7,0.9,,,
CASP12,0.8,,0.0,,0.6,,,,0.7,,0.9,,,,0.5,,,,0.5,0.86,,,
CASP14,0.8,,0.0,,0.77,,,,0.7,0.6,0.9,,,,0.9,,,,0.5,1.0,,,
CASP2,,,0.8,,0.6,,,,0.85,0.9,0.9,,,,0.75,,,,0.4,0.7,,,0.6
CASP3,,0.9,0.28,,0.25,0.72,,0.4,0.85,0.9,0.95,,,,,0.82,,,0.5,,,,
CASP4,,,0.0,,0.74,0.68,,,0.85,0.8,0.9,,,,,,,,0.5,,,,
CASP5,,,0.0,,0.5,,,0.6,0.8,0.8,0.9,,,,0.7,,,,0.7,0.96,,,
CASP6,0.7,,0.0,,0.62,,,,0.9,0.75,0.85,,,,,,,,0.5,,,,
CASP7,,,0.0,,,,0.8,,0.85,0.7,0.9,,,,,0.78,,,,0.72,,,
CASP8,,1.0,0.0,,0.53,,0.8,0.2,0.7,0.6,0.9,,,,,,,,,0.86,,,
CASP8AP2,,,0.0,,0.0,,,,0.7,,,,,,,,,,0.8,,,0.6,
CASP9,,1.0,0.0,,,,0.8,,0.6,0.7,0.9,,,,0.8,,,,,0.81,,,
CASQ1,0.8,,0.0,,,,,,,,,,0.9,,0.8,,,,,,1.0,,
CASQ2,,,0.0,,,,0.8,0.7,0.6,,0.7,,,,0.8,0.75,,,,0.95,,,
CASR,,1.0,0.06,,0.26,,0.9,,0.75,0.9,0.85,,,,,,,,,1.0,,,
CASS4,,,0.4,,,,0.6,0.3,0.5,,,,0.7,,0.7,0.6,,,,,0.9,,
CAST,,,0.0,,,,0.8,,0.85,,,,0.9,,,,0.75,,0.5,0.65,,,0.6
CASTOR1,,,0.0,,0.0,,,0.5,0.6,,0.7,,,,0.7,0.65,,,0.5,0.76,,,
CASTOR2,,,1.0,,1.0,,,,0.8,,0.9,,,,0.7,,,,0.5,,,1.0,
CASZ1,,,,1.0,0.07,,0.9,,0.6,,0.7,,,,0.5,,,0.9,0.8,0.88,,,
CAT,,,0.0,,,,0.8,,0.7,,0.9,,,,0.8,0.7,,,,0.7,,,
CATIP,,,0.0,,0.0,,,,0.6,,0.8,,,,0.7,,,0.7,0.5,0.96,,,
CATR1,,,0.0,,0.0,,,,,,,,,,,0.4,,0.8,0.5,,,0.2,
CATSPER1,0.5,,0.0,,0.68,0.8,,0.5,0.6,0.7,0.9,,,,0.8,0.6,,,0.7,1.0,,,
CATSPER2,,,0.0,,0.88,,,0.4,0.6,0.6,0.9,,,,0.7,,,,0.8,0.96,,,
CATSPER3,,,0.0,,0.56,,0.8,0.4,0.5,0.6,0.9,,,,0.7,,,,0.75,1.0,,,
CATSPER4,,,0.0,,0.82,0.76,,0.4,0.5,0.6,0.7,,,,0.8,0.65,,,0.5,1.0,,,
CATSPERB,,,0.0,,0.67,,0.2,,0.6,,0.7,,,,0.7,,,,0.5,0.94,,,
CATSPERD,,,0.0,,0.69,,,0.1,0.5,,0.82,,,,0.8,0.75,,,0.8,,,,
CATSPERE,,,0.0,,0.0,,,,0.6,,,,0.9,,0.7,,,,0.5,,1.0,,
CATSPERG,,,0.0,,0.67,,,,0.8,,0.9,,,,0.7,,,,0.6,1.0,,,
CATSPERZ,,,0.0,,0.0,,,,0.8,,,,,,0.7,0.6,,,0.5,,,,
CAV1,,,0.9,,0.61,,0.8,0.75,0.8,,0.9,,,,0.85,,,,0.6,0.85,,,
CAV2,,,,,,,,,,,,0.9,,,,,,,,,,,
CAV3,0.75,,0.01,,0.65,0.777,,0.7,0.85,,0.8,,,,0.9,,,,0.151,,,,0.6
CAVIN1,0.8,,1.0,,1.0,,,0.6,0.7,,,,0.9,,0.7,0.75,,,0.5,0.83,,,
CAVIN2,,,1.0,,1.0,,,,0.8,,0.9,,,,0.8,,,,0.8,,,,
CAVIN3,,,1.0,,,,,,,,,,0.9,,0.8,,,,,,,,
CAVIN4,,,1.0,,1.0,,,,0.8,,0.9,,,,0.8,0.85,,,0.5,1.0,,,
CBARP,,,0.0,,0.0,,,,0.6,,0.8,,,,0.75,,,,0.5,0.88,,,
CBFA2T2,,1.0,,1.0,0.1,,,0.4,0.6,,0.7,,,,0.7,,,,0.8,,,0.5,
CBFA2T3,,,0.06,,0.27,,0.4,,0.9,,0.82,,,,,,,,0.653,0.96,,,
CBFB,,0.9,,0.9,0.8,,0.6,0.6,0.7,,0.8,,,,,,,,,0.7,,,
CBL,0.85,,0.1,,,,,,,,,,0.9,,,,,,,,0.7,,
CBLB,,,,1.0,0.14,0.8,0.5,,0.7,,0.9,,,,,,,,0.6,0.7,,,
CBLC,0.8,,0.0,,0.78,,,0.6,0.7,,0.8,,,,0.7,,0.6,,0.5,0.94,,,
CBLL1,,,,1.0,0.0,,,,0.6,,0.8,,,,0.7,,,0.8,0.7,,,,0.4
CBLL2,,,1.0,,1.0,,,0.7,0.6,,0.8,,,,0.7,,,,0.5,1.0,,,
CBLN1,,,0.15,,0.34,,0.75,,0.8,,0.9,,,,0.9,0.75,,,0.5,1.0,,,
CBLN2,,,0.12,,0.38,,,,0.7,,0.9,,,,0.8,,,,0.45,0.99,,,
CBLN3,,,0.0,,0.65,,0.5,,0.6,,0.7,,,,0.8,,,,0.5,1.0,,,
CBLN4,,,0.15,,0.34,,0.4,0.65,0.6,,0.85,,,,0.9,,,,0.75,0.92,,,
CBR1,,,0.0,,0.81,0.7,0.5,,0.9,0.8,0.9,,,,,0.6,,,0.5,,,,
CBR3,,,0.0,,,,0.2,0.5,0.7,,,,0.8,,0.6,0.5,,,,,0.8,,
CBR4,,,0.0,,0.5,0.72,0.1,,0.9,,0.8,,,,0.6,0.6,,,0.5,,,,
CBS,,1.0,0.0,,0.45,,0.6,,0.9,,,,,,0.7,0.65,,,,,,1.0,
CBX1,,,,0.98,0.0,,,,0.8,,0.9,,,,0.7,,,,0.5,,,0.54,0.6
CBX2,0.8,1.0,,1.0,0.0,,,,0.6,,,,0.7,,0.7,,,,,,0.95,,
CBX3,,,,0.95,0.0,,,,0.8,,0.92,,,,0.75,0.82,,,0.73,,,0.57,
CBX4,,,,0.98,0.06,,,,0.85,0.8,0.9,,,,0.75,0.78,,,0.56,,,0.49,
CBX5,,,,0.94,0.0,,,,0.8,,0.9,,,,0.7,,,,0.5,,,0.56,0.6
CBX6,,,,0.9,,,0.8,,,,,,0.7,,0.75,0.8,0.85,,,,0.7,,
CBX7,,,,0.68,0.16,,0.75,0.65,0.7,,0.8,,,,0.9,0.75,,,0.51,0.71,,,
CBX8,,,,0.95,0.9,,,,0.75,,0.85,,,,0.8,,,,0.7,,,,
CBY1,,0.9,0.0,,,,,0.7,,,,,0.9,,0.75,,,,0.5,,,,
CBY3,,,0.0,,0.0,,,,0.5,,0.6,,,,0.5,0.6,,,0.8,1.0,,,
CC2D1A,0.7,0.8,0.9,,,,,,,,,,0.6,,0.7,,,,0.5,,,,
CC2D1B,,,0.0,,0.67,,,0.6,0.7,,0.8,,,,0.8,0.7,,,0.75,,,,
CC2D2A,,,0.0,,,,0.8,,0.6,,0.7,,,,0.75,0.7,,,,0.8,,,
CC2D2B,,,0.0,,0.58,,,,0.7,,0.9,,,,,,,0.6,0.8,,,,
CCAR1,,,,1.0,0.87,,,,0.8,,0.9,,,,0.7,0.82,,,0.8,,,,
CCAR2,,,,0.95,0.18,,,0.75,0.85,,,,0.9,,,,,,0.8,,,0.5,
CCBE1,0.8,,0.0,,0.63,,,,0.7,,,,0.9,,0.8,,,,0.4,,0.99,,
CCDC102A,,,0.0,,0.5,,,,0.8,,0.9,,,,0.7,0.6,,,0.7,,,,
CCDC102B,,,0.0,,,,0.5,0.8,0.7,,,,0.9,,0.8,0.65,,,,,0.87,,
CCDC106,,,0.8,,0.6,,,0.6,0.7,,0.9,,,,0.9,,,,0.5,,,,
CCDC107,,,0.0,,0.8,,,0.8,0.7,,0.9,,,,0.8,0.75,,,0.6,,,,0.8
CCDC110,,,0.0,,0.91,,,0.2,0.7,,0.85,,,,,,,,0.8,1.0,,,
CCDC112,,,,0.83,0.18,,,,0.67,,1.0,,,,0.75,0.73,,,0.89,0.66,,,
CCDC116,,,0.0,,0.73,,,0.4,0.5,,0.75,,,,,,,,0.5,,,,
CCDC117,,,,0.8,0.1,,,0.6,0.8,,0.9,,,,0.7,,,,0.5,,,0.6,
CCDC12,,,,,,,,,,,,,,,,,,,,,,,
CCDC120,,,0.42,,0.22,,,0.45,0.71,,0.96,,,,0.8,,,,0.63,,,,
CCDC121,,,,0.73,0.0,,0.1,0.5,0.67,,0.48,,,,0.8,,,,0.78,,,,
CCDC122,,,0.0,,0.75,,,,0.6,,0.9,,,,,0.65,,,0.5,,,,
CCDC124,,,,,,,,,,,,0.8,,0.6,,,,,,,,,
CCDC125,,,0.0,,0.7,,0.9,,0.75,,0.85,,,,0.9,0.75,,,0.8,,,0.6,
CCDC126,,,0.3,,,,0.7,,,,,,0.8,,0.9,,,,,,0.75,,
CCDC127,,,0.0,,0.62,,,,0.8,,0.61,,,,0.9,,,,0.5,,,0.52,
CCDC13,,,0.0,,0.5,,,,0.8,,0.9,,,,0.7,,,,0.7,0.96,,,
CCDC134,,,0.0,,0.9,,0.5,,0.7,,0.8,,,,0.9,0.7,,,0.5,0.81,,,
CCDC136,,,0.0,,0.52,,,0.7,0.8,,0.9,,,,0.7,,,,0.7,,,,
CCDC137,,,0.0,,0.79,,,,0.7,,0.9,,,,0.9,0.75,,0.6,0.8,,,0.6,
CCDC138,,,0.0,,0.64,,0.4,,0.6,,0.7,,,,0.9,,,,0.5,0.93,,,
CCDC14,,,0.0,,0.68,,0.5,,0.7,,0.9,,,,0.8,,,,0.5,0.7,,,
CCDC140,,,0.0,,,,0.8,,,,,,0.9,,,,0.6,,,,,,
CCDC141,,,0.0,,0.76,,0.9,,0.7,,0.85,,,,0.8,,,,0.8,0.92,,,
CCDC142,,,0.0,,0.68,,,0.67,0.67,,0.87,,,,0.8,0.65,,,0.75,,,,
CCDC144A,,,0.0,,0.0,,,,0.6,,0.8,,,,0.7,,,,0.7,,,,
CCDC144CP,,,0.0,,0.0,,,,0.6,,,,,,,0.1,,,0.5,,,0.2,
CCDC144NL,,,0.0,,0.5,,,,0.6,,0.8,,,,,,,,0.7,,,,
CCDC146,,,0.0,,0.83,,,0.4,0.67,,0.78,,,,0.6,,,,0.5,,,,
CCDC148,,,0.0,,0.5,,0.6,0.5,0.7,,0.8,,,,,,,,0.7,0.9,,,
CCDC149,,,0.0,,0.5,,,,0.8,,0.9,,,,0.8,,,,0.5,,,0.6,
CCDC15,,,0.0,,0.78,,,,0.6,,0.9,,,,0.8,,,,0.7,,,,
CCDC150,,,,,,,,,,,,,,,,,,,,,,,
CCDC152,,,1.0,,1.0,,,,0.7,,0.9,,,,0.8,0.75,,,0.8,,,,
CCDC154,,,0.0,,0.77,,,,0.6,,,,0.6,,0.7,,,,0.5,,,,
CCDC157,,,0.0,,0.5,,,,0.5,,0.7,,,,,0.5,,,0.6,,,,
CCDC158,,,0.0,,0.75,,0.5,0.4,0.6,,0.9,,,,,,,,0.7,1.0,,,
CCDC159,,,0.0,,0.51,,,,0.6,,0.8,,,,0.9,,,,0.5,0.64,,,
CCDC160,,,0.98,,0.66,,,,0.7,,0.7,,,,0.8,0.7,,,0.65,0.89,,,
CCDC162P,,,1.0,,1.0,,,,0.7,,,,,,,,,0.6,0.5,,,0.4,
CCDC166,,,0.0,,0.0,,,,0.5,,0.6,,,,,,,,0.5,,,,
CCDC167,,,0.0,,0.8,0.6,,,0.5,,0.7,,,,0.8,0.65,,,0.4,,,,
CCDC169,,,0.0,,0.0,,,,0.6,,0.7,,,,,0.4,,,0.5,,,,
CCDC17,,,0.0,,,,0.5,,,,,,0.9,,,,,,,,0.7,,
CCDC170,,,0.0,,0.99,,0.8,,0.6,,0.85,,,,,,,,0.7,0.93,,,
CCDC171,,,0.0,,0.98,,,,0.6,,0.8,,,,0.8,,,,0.7,,,,
CCDC172,,,0.0,,0.57,,,0.7,0.6,,0.9,,,,,0.7,,,0.6,1.0,,,
CCDC174,0.7,,0.0,,,,,,,,,,0.8,,0.9,,,,,,0.5,,
CCDC175,,,0.0,,0.0,,,,0.5,,0.6,,,,0.9,0.4,,0.7,0.8,,,,
CCDC177,,,0.0,,0.0,,,,0.7,,,,,,0.8,,,,0.7,,,,
CCDC178,,,0.0,,0.86,,,,0.6,,0.9,,,,0.5,,,,0.5,,,,
CCDC179,0.3,,1.0,,1.0,,,,,,,,,,,,,,0.1,1.0,,,
CCDC18,,,1.0,,1.0,,,,0.7,,0.9,,,,0.8,0.75,,,0.8,,,,
CCDC180,0.6,,0.0,,0.76,,,,0.7,,0.8,,,,,0.5,,,0.5,,,,0.7
CCDC181,,,0.0,,0.72,,,0.6,0.7,,0.9,,,,,0.65,,,0.5,,,,
CCDC182,,,0.0,,0.0,,,,,,0.7,,,,,,,,0.5,,,,
CCDC183,,,,,,,,,,,,,,,,,,,,,,,
CCDC184,,,0.0,,0.0,,,,0.7,,0.9,,,,0.8,0.5,,,0.5,,,,
CCDC185,,,0.0,,0.0,,,0.2,0.6,,0.9,,,,0.8,0.4,,,0.5,,,,
CCDC186,,,0.0,,0.0,,,,0.6,,0.8,,,,0.9,,,,0.5,,,,
CCDC187,,,0.0,,0.0,,,,,,0.8,,,,,,,,0.5,,,0.2,
CCDC188,,,0.0,,0.0,,,,,,0.6,,,,0.8,0.5,,,0.5,,1.0,,
CCDC190,,,,,,,,,,,,,,,,,,,,,,,
CCDC191,,,,,,,,,,,,,,,,,,,,,,,
CCDC192,,,0.0,,0.0,,,,0.5,,,,,,,,,,0.5,,,,
CCDC194,0.2,,0.0,,0.0,,,,,,,,,,,0.4,,,0.5,,,,
CCDC195,0.2,,0.0,,0.0,,,,,,,,,,,,,,0.8,,,1.0,
CCDC196,,,0.0,,0.0,,,,0.7,,,,,,,,,,0.5,,,,
CCDC197,,,0.0,,0.0,,,,0.6,,,,,,,,,,0.5,,,0.7,
CCDC198,,,0.0,,0.0,,,0.6,0.7,,0.8,,,,0.8,,,,0.5,,,,
CCDC22,,,,1.0,0.0,,,0.6,0.7,,0.9,,,,,,,,,,,0.7,
CCDC24,,,0.0,,0.96,,,,0.6,,0.8,,,,0.9,0.65,,,0.5,,,,
CCDC25,,,0.9,,0.4,0.6,,,0.7,,0.8,,,,0.8,,,,0.5,,,0.6,
CCDC26,,,0.0,,0.0,,,,0.6,,,,,,,0.4,,,0.5,,,0.4,
CCDC27,,,0.0,,0.9,,0.4,0.5,0.5,,0.6,,,,0.7,0.6,,,0.8,1.0,,,
CCDC28A,,,0.0,,0.5,,,0.6,0.5,,0.8,,,,,,,,0.6,,,0.5,
CCDC28B,0.6,,0.0,,0.7,,,,0.7,,0.9,,,,0.8,,,,0.5,0.9,,,
CCDC3,,,0.0,,,,0.5,,,,,,0.76,,0.8,0.7,,,,,0.96,,
CCDC30,,,0.0,,0.74,,,,0.6,,0.76,,,,,0.65,,,0.78,,,,
CCDC32,0.7,,1.0,,1.0,,,0.7,0.8,,0.9,,,,0.9,,,,0.8,,,0.6,
CCDC33,,,0.0,,0.81,,,0.6,0.7,,0.9,,,,0.9,,,0.75,0.8,,,,
CCDC34,,,0.0,,0.57,,,0.4,0.7,,0.8,,,,0.5,,,,0.5,,,,
CCDC38,,,0.0,,,,0.5,,,,,,0.9,,,0.7,,,,,,,
CCDC39,,,,,,,,,,,,0.7,,0.5,,,,,,,,,
CCDC40,,,,,,,,,,,,0.8,,0.6,,,,,,,,,
CCDC42,,,0.0,,0.68,,,,0.7,,0.9,,,,,0.75,,,0.5,1.0,,,
CCDC43,,,0.0,,0.55,,,0.4,0.6,,0.9,,,,0.8,0.55,,,0.5,,,0.5,
CCDC47,,,0.0,,0.59,,,,0.8,,0.9,,,,0.8,,,,,,,0.7,
CCDC50,0.8,,0.0,,0.48,,,0.2,0.7,,0.9,,,,0.6,,,,0.5,0.7,,,
CCDC51,,,0.0,,0.75,,,0.8,0.7,,0.9,,,,0.85,0.7,,,0.5,,,0.49,
CCDC54,,,0.0,,0.7,,,,0.6,,0.8,,,,,0.5,,,0.5,,,,
CCDC57,,,0.0,,,,0.5,,,,,,0.85,,,,,,,,0.69,,
CCDC59,,,0.0,,0.5,,,0.7,0.6,,0.8,,,,0.8,,,,0.7,,,,
CCDC6,,,,0.7,0.3,,,0.5,0.6,,0.8,,,,0.7,,,,0.5,,,0.7,
CCDC60,,,0.0,,0.65,,,0.6,0.8,,0.9,,,,,,,,0.7,,,,
CCDC61,,,0.0,,0.97,,,,0.6,,0.92,,,,0.9,0.65,0.7,,0.5,,,,
CCDC62,,,0.0,,,,0.8,,,,,,0.9,,0.5,,,,,,,,
CCDC63,,,0.0,,,,0.8,,,,,,0.9,,,,0.85,,,,,,
CCDC66,,,0.0,,0.98,,0.1,,0.5,,0.79,,,,0.8,,,,0.75,0.66,,,
CCDC68,,,0.0,,0.93,,0.8,0.6,0.7,,0.9,,,,,,,,0.5,0.92,,,
CCDC69,,,0.0,,0.84,,0.4,0.7,0.8,,0.9,,,,0.8,,,,0.5,0.85,,,
CCDC7,,,0.0,,0.68,,,,0.8,,0.9,,,,,0.75,,,0.5,,,,
CCDC70,,,0.9,,0.8,0.7,,,0.7,,0.8,,,,0.9,,,0.8,0.6,,,,
CCDC71,,,0.99,,0.58,,,,0.7,,0.9,,,,0.8,,,,0.75,,,,
CCDC71L,,,,0.57,0.0,,0.75,,0.8,,0.6,,,,0.9,,,0.9,0.5,0.77,,,
CCDC73,,,0.0,,0.67,,,,0.7,,0.9,,,,,0.7,,,0.6,,,,
CCDC74A,,,,,,,,,,,,,,,,,,,,,,,
CCDC74B,,,0.0,,0.95,,,0.7,0.6,,0.5,,,,,,,,0.75,0.96,,,
CCDC77,,,0.0,,0.94,,,,0.8,,0.8,,,,0.9,,,,0.5,,,,
CCDC78,0.8,,0.0,,0.7,,,0.4,0.5,,0.6,,,,0.7,,,,0.5,0.9,,,
CCDC8,0.8,,0.24,,0.27,,,0.1,0.33,,,,0.98,,0.5,,,,0.54,0.86,,,
CCDC80,,,0.0,,,,0.5,,,,,,0.9,,0.75,,0.7,,,,0.92,,
CCDC81,,,0.0,,0.94,,,,0.5,,0.85,,,,0.9,0.75,,,0.85,,,,
CCDC82,,,0.9,,0.7,,,0.7,0.75,,0.85,,,,0.8,,,,0.6,,,0.8,
CCDC83,,,0.0,,0.7,,,0.6,0.7,,0.9,,,,,,,,0.8,,,,
CCDC85A,,,0.0,,0.55,,0.6,,0.7,,0.8,,,,0.9,,,,0.5,0.9,,,
CCDC85B,,,0.31,,0.25,,,,0.7,,0.9,,,,0.8,,,0.85,0.8,,,0.56,
CCDC85C,,,1.0,,1.0,,,,0.7,,0.8,,,,0.6,0.75,,,0.5,0.85,,,
CCDC86,,,,,,,,,,,,,,,,,,,,,,,
CCDC87,,,0.0,,0.99,,,,0.7,,0.9,,,,0.5,0.75,,,0.8,,,,
CCDC88A,,,,1.0,0.93,,0.5,,0.8,,0.9,,,,,,,,0.7,0.69,,,
CCDC88B,,,,,,,,,,,,0.9,,,,,,,,,,,
CCDC88C,,,0.0,,,,0.8,0.5,0.6,,0.7,,,,0.7,0.7,0.8,,,0.9,,,
CCDC89,,,0.0,,0.63,,,0.7,0.8,,0.9,,,,,,,,0.5,,1.0,,
CCDC9,,,0.0,,0.49,,,0.7,0.7,,0.89,,,,0.8,,,,0.5,,,,
CCDC90B,,,0.0,,0.63,0.81,,0.4,0.6,,0.9,,,,0.8,,,,0.5,,,0.54,
CCDC91,,,0.0,,0.51,,0.9,0.6,0.7,,0.85,,,,0.7,0.75,,,0.8,0.83,,,
CCDC92,,,0.18,,0.28,,,0.75,0.8,,0.91,,,,0.85,,,,0.83,,,0.6,
CCDC93,,,0.0,,0.42,,0.1,,0.6,,0.8,,,,0.7,0.5,,,,,,0.54,
CCDC97,,,0.0,,,,0.8,0.6,0.7,,,,0.9,,0.7,0.7,,,,,,0.5,
CCDC9B,,,0.0,,0.0,,,,0.6,,0.8,,,,,0.4,,,0.5,,,,
CCER1,,,0.0,,0.62,,0.5,,0.8,,0.5,,,,,,,,0.5,1.0,,,
CCER2,,,0.0,,0.0,,,,0.5,,,,0.6,,0.9,,,,0.5,,,,
CCHCR1,0.7,,0.0,,0.64,,0.6,0.2,0.4,,0.67,,,,0.5,,,,0.782,0.96,,,
CCIN,,,0.12,,0.29,,,,0.8,,0.95,,,,,,,0.75,0.88,,,,
CCK,,,0.0,,0.5,,0.8,0.4,0.7,,0.9,,,,0.8,,,,0.6,0.97,,,
CCKAR,,,0.0,,0.45,,,0.2,0.8,0.9,0.85,,,,0.8,,,,0.5,0.95,,,
CCKBR,,,0.0,,0.65,,,0.6,0.7,0.8,0.9,,,,,,,,0.9,,,,
CCL1,,,0.9,,0.8,,,0.5,0.7,,0.8,,,,0.8,,,,0.6,0.95,,,
CCL11,0.8,,0.9,,,,,,,,,,0.85,,,,,,,,0.95,,
CCL13,,,0.03,,0.81,,,,0.8,,0.9,,,,0.8,,,,0.1,0.94,,,
CCL14,,,0.0,,0.95,,0.6,0.4,0.5,,0.8,,,,0.9,,,,0.1,,,0.2,
CCL15,,,,,,,,,,,,0.9,,0.7,,,,,,,,,
CCL16,,,0.18,,0.41,0.73,0.8,,0.85,,0.9,,,,0.9,,,,0.12,,,0.0,
CCL17,,,0.0,,,,0.8,0.6,0.7,,,,0.9,,0.75,,,,,0.93,,,
CCL18,,,0.9,,,,0.7,,,,,,0.8,,0.7,0.8,,,,,,0.8,
CCL19,,,0.25,,0.3,,0.4,0.7,0.8,,0.9,,,,0.8,,,,0.98,0.86,,,
CCL2,,,,0.62,0.0,,0.75,,0.7,0.6,0.9,,,,0.8,,,,0.99,0.92,,,
CCL20,,,,,,,,,,,,0.8,,0.6,,,,,,,,,
CCL21,,,0.03,,0.49,0.47,0.86,0.75,0.88,,0.95,,,,0.9,0.78,,,0.67,0.95,,,
CCL22,,,0.9,,,,0.7,0.7,0.6,,,,0.8,,,,,,,,1.0,,
CCL23,,,0.0,,0.87,,0.6,0.2,0.7,,0.8,,,,0.9,,,,0.5,,,0.3,
CCL24,,,0.9,,0.8,,0.7,,0.7,,0.75,,,,0.9,,,,0.6,1.0,,,
CCL25,,,0.9,,,,0.8,0.7,0.75,,,,0.85,,0.8,0.8,,,,1.0,,,
CCL26,,,0.9,,0.7,,,0.8,0.75,,0.85,,,,0.7,,,,0.6,,,,
CCL27,,,0.9,,0.7,,,0.3,0.75,,0.8,,,,0.7,,,,0.5,1.0,,,
CCL28,,,0.8,,0.6,,,0.4,0.8,,0.9,,,,,,,,0.5,1.0,,,
CCL3,,,0.36,,0.22,,0.4,,0.8,,0.9,,,,0.8,,,,0.92,,,0.0,
CCL3L1,0.7,,0.0,,,,,,,,,,0.9,,0.8,,,,,,,,0.6
CCL4,,,0.21,,0.35,,0.1,0.5,0.7,,0.8,,,,0.8,,,,0.92,,,0.0,
CCL4L2,,,0.38,,0.0,,0.1,,0.5,,0.67,,,,0.7,,,,0.92,,,0.0,0.6
CCL5,,,0.0,,,,0.5,0.6,0.8,,0.9,,,,0.8,,,,,,,0.4,
CCL7,,,0.0,,,,0.5,,,,,,0.9,,0.8,,,,,,0.99,,
CCL8,,,0.96,,0.68,,0.75,,0.87,,0.9,,,,0.8,,,,0.99,0.88,,,
CCM2,,1.0,0.01,,0.35,,0.5,0.6,0.6,,0.9,,,,,0.65,,,,,,0.55,
CCM2L,,,0.0,,0.69,,,,0.7,,0.8,,,,0.9,,,0.6,0.5,,,,
CCNA1,,,0.0,,0.41,,,,0.85,,0.9,,,,0.6,,,,0.5,1.0,,,
CCNA2,,1.0,,1.0,0.0,,,0.75,0.85,,0.9,,,,0.7,,,,0.8,,1.0,,
CCNB1,,1.0,0.17,,0.26,,,0.1,0.7,,0.95,,,,0.75,,,,0.85,0.97,,,
CCNB1IP1,,,0.0,,0.61,,,0.2,0.8,,0.9,,,,,,,0.8,0.5,0.71,,,
CCNB2,,1.0,0.0,,,,,0.2,,,,,0.9,,0.7,0.7,,,0.5,,1.0,,
CCNB3,,,,,,,,,,,,,,,,,,,,,,,
CCNC,,,,1.0,0.0,,,0.7,0.6,,0.7,,,,0.8,0.75,,,0.8,,,0.5,
CCND1,,1.0,,0.9,0.08,,0.7,0.65,0.75,0.5,0.8,,,,0.7,,,,,0.8,,,
CCND2,,,,1.0,0.0,,0.9,0.7,0.75,,0.8,,,,0.7,,,,,,,,
CCND3,,,,0.97,0.0,,0.39,0.15,0.35,,0.61,,,,,0.75,,,,0.68,,,
CCNDBP1,,,0.0,,0.41,,,0.6,0.7,,0.8,,,,0.5,,,,0.5,,,,
CCNE1,,,,0.96,0.13,,0.8,0.2,0.85,,0.9,,,,,,,,,0.94,,,
CCNE2,,,,0.88,0.16,,,0.4,0.75,,0.95,,,,0.6,,,,0.81,0.89,,,
CCNF,0.8,0.9,0.1,,,,,,,,,,0.7,,,,,,,,,,
CCNG1,,,0.0,,0.55,,,0.6,0.8,,0.9,,,,0.7,,,,0.5,,,,
CCNG2,,,0.9,,0.4,,,0.5,0.7,,0.8,,,,0.6,,,,0.6,,,,
CCNH,,,0.0,,,,0.8,0.6,,,,,0.9,,0.8,0.75,,,,,,0.7,
CCNI,,,,0.85,0.13,,,0.1,0.6,,0.95,,,,0.7,,,,0.75,,,,
CCNI2,,,0.0,,0.92,,,0.4,0.6,,0.75,,,,0.9,,,,0.5,,,,
CCNJ,,,,1.0,1.0,,0.8,0.6,0.75,,0.85,,,,,,,,0.7,0.65,,,
CCNJL,,,0.8,,,,0.6,0.75,0.7,,,,0.9,,,,,,,0.95,,,
CCNK,0.7,0.9,,1.0,0.9,,,0.5,0.6,,,,0.8,,0.6,,,,,0.7,,,
CCNL1,,,,1.0,0.1,,0.7,0.7,0.8,,0.9,,,,0.7,,,,0.6,0.68,,,
CCNL2,,,0.11,,0.26,,,0.76,0.67,,0.88,,,,,0.75,,,0.52,,,,
CCNO,0.8,,0.0,,,,,,,,,,0.85,,,,,,,,0.9,,
CCNQ,0.8,,,,,,,,,,,,,,,,,,,,,,
CCNT1,,,,,,,,,,,,,,,,,,,,,,,
CCNT2,,,,,,,,,,,,,,,,,,,,,,,
CCNY,,,,,,,,,,,,,,,,,,,,,,,
CCNYL1,,,,0.88,0.13,,,0.8,0.6,,0.93,,,,0.7,0.78,,,0.75,,,,
CCNYL2,,,1.0,,1.0,,,,,,,,,,,,,,0.5,,,0.0,
CCNYL3,,,0.0,,0.0,,,,,,,,,,,0.4,,,0.5,,,1.0,
CCP110,,,0.8,,0.4,,,0.3,0.7,,0.9,,,,0.5,,,,0.5,0.6,,,
CCPG1,,,,,,,,,,,,0.8,,0.6,,,,,,,,,
CCR1,,,0.34,,0.23,,,0.55,0.73,0.93,0.93,,,,0.67,,,,0.71,0.99,,,
CCR10,,1.0,0.0,,0.68,,,,0.75,0.67,0.93,,,,0.67,,,0.8,0.5,0.8,,,
CCR2,,,,,,,,,,,,0.8,,0.6,,,,,,,,,
CCR3,,,0.0,,0.72,,0.8,0.6,0.75,0.85,0.9,,,,0.85,,,,0.5,,,,
CCR4,,,0.07,,0.38,,0.4,0.1,0.67,0.73,0.85,,,,0.6,,,0.9,0.72,0.96,,,
CCR5,,,0.0,,0.7,,,0.4,0.8,0.9,0.9,,,,0.8,,,0.9,,0.95,,,
CCR6,,,,,,,,,,,,0.9,,0.7,,,,,,,,,
CCR7,,,,,,,,,,,,0.9,,0.6,,,,,,,,,
CCR8,,,,,,,,,,,,0.8,,0.6,,,,,,,,,
CCR9,0.9,,0.0,,,,,,,,,,0.9,,,,0.75,,,,1.0,,
CCRL2,,,,,,,,,,,,0.8,,0.6,,,,,,,,,
CCS,,,0.0,,0.85,,,,0.8,,0.9,,,,0.6,,,,0.5,,,0.54,
CCSAP,,,0.11,,0.33,,,,0.6,,0.8,,,,,,,,0.5,0.87,,,
CCSER1,,,0.0,,0.34,,0.5,0.4,0.6,,0.8,,,,0.9,,,,0.5,,,,
CCSER2,,,,0.66,0.21,,,,,,,,0.9,,0.7,,,,0.8,,,,
CCT2,,,,,,,,,,,,,,,,,,,,,,,
CCT3,,,,,,,,,,,,0.8,,0.6,,,,,,,,,
CCT4,,,,,,,,,,,,,,,,,,,,,,,
CCT5,0.9,,,1.0,0.8,,,0.8,0.7,,,,0.8,,0.7,,,,0.7,,,,0.5
CCT6A,,,,,,,,,,,,,,,,,,,,,,,
CCT6B,,,0.0,,0.77,,,,0.5,,0.85,,,,0.6,,,,0.5,,,,0.5
CCT7,,,,0.95,0.8,,0.5,0.7,0.8,,0.9,,,,0.7,,,,0.6,,,0.6,0.5
CCT8,,,,,,,,,,,,0.8,,0.5,,,,,,,,,
CCT8L1P,,,0.0,,0.0,,,,,,,,,,,,,,0.5,,,0.0,
CCT8L2,,,0.0,,0.93,,,,0.6,,0.8,,,,,,,,0.5,1.0,,,
CCZ1,,,0.0,,0.55,,,,0.7,,0.9,,,,0.9,,,,0.5,,,0.5,
CD101,,,0.0,,0.62,,,,0.7,,0.9,,,,0.8,,,,0.8,,,,
CD109,,,,,,,,,,,,0.9,,,,,,,,,,,
CD14,,,0.0,,0.84,,,0.6,0.7,0.8,0.9,,,,0.8,,,,0.5,,,,
CD151,,,0.0,,0.62,,0.5,,0.7,,0.9,,,,,,,,0.5,0.83,,,
CD160,,,0.0,,0.79,,,0.7,0.8,,0.9,,,,,0.8,,,0.5,1.0,,,
CD163,,,,,,,,,,,,0.9,,0.7,,,,,,,,,
CD163L1,,,0.0,,0.69,,0.4,,0.6,,0.8,,,,0.8,,,,0.5,1.0,,,
CD164,,,,,,,,,,,,0.9,,,,,,,,,,,
CD164L2,,,0.0,,0.94,,,0.5,0.5,,0.8,,,,0.7,,,,0.5,,,,
CD177,0.9,,0.0,,0.0,,,0.6,0.8,,,,,,0.8,0.75,,,0.5,,,,
CD180,,,0.0,,0.57,,0.1,0.2,0.7,,0.8,,,,0.75,,,,0.5,,,,
CD19,,,,0.89,0.17,,0.5,0.7,0.8,0.83,0.95,,,,,,,,0.56,,,,
CD1A,,,,,,,,,,,,0.8,,0.5,,,,,,,,,
CD1B,,,,,,,,,,,,,,,,,,,,,,,
CD1C,,,,,,,,,,,,,,,,,,,,,,,
CD1D,,,0.0,,0.62,,,0.4,0.7,,0.9,,,,0.8,,,,0.5,,,,
CD1E,,,0.0,,,,0.8,0.6,0.7,,,,0.9,,0.75,,0.9,,,0.95,,,
CD2,,,0.42,,0.21,,0.1,0.2,0.85,0.8,0.9,,,,0.8,,,0.75,0.7,0.97,,,
CD200,,,0.44,,0.21,,0.6,0.2,0.8,0.5,0.9,,,,0.6,,,0.85,0.78,0.75,,,
CD200R1,,,0.0,,0.87,,0.75,,0.8,,0.85,,,,0.8,,,,0.65,,,,
CD200R1L,,,0.0,,0.48,,,,,,0.9,,,,0.8,,,0.8,0.7,1.0,,,
CD207,,,0.0,,0.84,,0.5,,0.8,,0.9,,,,0.8,,,,0.5,1.0,,,
CD209,,,0.0,,0.9,,0.5,0.7,0.8,,0.9,,,,,,,0.8,,,,,
CD22,,,,,,,,,,,,1.0,,0.7,,,,,,,,,
CD226,,,,,,,,,,,,1.0,,,,,,,,,,,
CD24,,,1.0,,1.0,,,,0.8,,,,,,0.7,,,,0.5,,,0.9,
CD244,,,0.8,,,,,0.7,0.8,,,,0.9,,,,,,,,1.0,,
CD247,,,,,,,,,,,,0.8,,0.6,,,,,,,,,
CD248,,,0.24,,0.24,,,,0.7,0.1,0.5,,,,0.8,,,,0.75,0.93,,,
CD27,,,0.01,,0.46,,0.5,0.7,0.75,,0.9,,,,,0.75,,,0.65,0.99,,,
CD274,,,0.8,,,,,0.8,0.7,,,,0.9,,,,,,,,0.95,,0.6
CD276,,,0.0,,,,0.8,,0.7,,0.9,,,,0.7,,,,,,,,
CD28,,,0.37,,0.22,,0.88,0.64,0.86,0.67,0.95,,,,,0.76,,,0.44,,,,0.75
CD2AP,,,0.29,,0.23,,,,0.73,,0.9,,,,0.8,0.78,,,0.85,0.66,,,
CD2BP2,,,0.0,,0.66,,,0.6,0.7,,0.9,,,,0.7,,,,0.5,,,0.5,
CD300A,,,0.0,,0.76,,0.5,,0.8,,0.9,,,,0.8,0.75,,,0.5,,,,
CD300C,,,0.0,,0.87,,0.1,0.4,0.8,,0.9,,,,0.8,,,,0.5,1.0,,,
CD300E,,,0.02,,0.43,,,0.6,0.75,,0.95,,,,0.7,,,,0.85,,,,
CD300LB,,,0.0,,0.99,,,,0.9,,0.74,,,,0.8,,,,0.5,,,,
CD300LD,,,0.0,,0.87,,,,0.7,,0.85,,,,0.9,,,,0.5,,,,
CD300LF,,,,,,,,,,,,0.9,,,,,,,,,,,
CD300LG,,,0.0,,0.54,,0.1,,0.9,,0.8,,,,0.8,0.7,,,0.5,0.99,,,
CD302,,,0.0,,0.86,,,,0.8,,0.9,,,,0.75,,,,0.5,,,,
CD320,0.8,,0.0,,0.6,,,,0.7,,0.9,,,,0.8,,,,0.5,,,0.6,0.6
CD33,,,0.0,,,,0.6,0.5,0.7,0.8,0.9,,,,0.8,,,0.9,,0.96,,,
CD34,,,0.0,,0.61,,0.4,,0.7,,0.9,,,,0.9,0.75,,,0.75,0.86,,,
CD36,,,0.0,,0.8,,0.9,0.6,0.8,,0.95,,,,,,,,0.5,,,,
CD37,,,,,,,,,,,,1.0,,0.7,,,,,,,,,
CD38,,,,,,,,,,,,0.8,,0.6,,,,,,,,,
CD3D,0.8,,0.0,,,,,,0.6,,,,0.9,,0.8,0.75,,,,,0.95,,
CD3E,0.8,,0.0,,,,,0.7,0.85,,,,0.95,,0.8,,,,,,0.99,,
CD3G,0.8,,0.0,,0.69,,,,0.7,0.6,0.9,,,,0.8,,,,0.9,,1.0,,
CD4,0.8,,0.0,,,,,,,,,,0.9,,,0.85,,,,,0.96,,
CD40,0.88,,,0.86,0.13,,0.92,,0.87,0.8,0.95,,,,0.75,,,,0.77,0.89,,,
CD40LG,,,,0.73,0.12,,0.1,,0.7,0.6,0.9,,,,0.75,,,,0.261,0.97,,,
CD44,,,0.0,,,,0.6,0.75,0.8,,0.9,,,,,,,,,0.81,,,
CD46,,,,,,,,,,,,1.0,,0.7,,,,,,,,,
CD47,,,,0.91,0.12,,,0.4,0.76,,0.85,,,,,,,,0.65,,,,
CD48,,,0.0,,0.73,0.8,0.1,0.5,0.8,,0.9,,,,0.8,0.7,,,,,1.0,,
CD5,,,0.0,,,,0.8,,0.7,,,,0.9,,0.75,0.8,0.85,,,0.97,,,
CD52,,,0.41,,0.0,,0.1,,0.7,0.8,0.9,,,,0.9,,,,0.61,0.97,,,
CD53,0.8,,0.0,,0.51,,,,0.7,,0.9,,,,0.75,,,,0.6,0.97,,,0.6
CD55,,,,,,,,,,,,0.9,,0.6,,,,,,,,,
CD58,,,,,,,,,,,,1.0,,,,,,,,,,,
CD59,,,,0.62,0.0,,0.5,0.2,0.7,,0.9,,,,0.6,,,,0.5,0.73,,,
CD5L,,,0.0,,0.5,,,,0.6,,0.8,,,,,0.75,,,0.5,,,,
CD6,,,0.0,,,,0.8,,0.7,,,,0.9,,0.7,,,,,0.95,,,
CD63,0.8,,0.9,,,,,,,,,,0.95,,,,,,,,0.7,,
CD68,,,,,,,,,,,,0.9,,,,,,,,,,,
CD69,,,,,,,,,,,,,,,,,,,,,,,
CD7,,,0.8,,0.5,0.7,,0.6,0.85,0.9,0.95,,,,0.8,,,,0.6,,,,
CD70,0.8,,0.01,,0.77,,,0.7,0.85,0.6,0.9,,,,0.8,,,,0.5,,1.0,,
CD72,,,0.9,,0.32,,,0.5,0.7,,0.8,,,,0.9,,,,0.6,1.0,,,
CD74,,,0.26,,0.25,0.43,,0.4,0.95,0.75,0.85,,,,,0.78,,,0.59,0.89,,,
CD79A,0.8,,,0.68,0.16,,,0.75,0.7,0.6,0.9,,,,0.7,,,0.85,0.45,0.99,,,
CD79B,,,,,,,,,,,,0.8,,0.6,,,,,,,,,
CD80,,,0.9,,,,0.8,,0.75,0.7,0.85,,,,,,,,,,,,
CD81,0.8,,,0.93,0.08,,,,0.8,,,,0.9,,,0.78,,,0.47,,0.72,,
CD82,,,0.0,,0.82,,0.9,,0.75,,0.8,,,,,,,,0.5,,,,
CD83,,,,,,,,,,,,1.0,,,,,,,,,,,
CD84,,,,,,,,,,,,0.9,,,,,,,,,,,
CD86,,,,,,,,,,,,1.0,,0.5,,,,,,,,,
CD8A,0.8,,0.0,,0.86,,,,0.75,,0.9,,,,,,,,0.5,,,,
CD8B,,,0.0,,0.78,,0.1,0.7,0.85,0.8,0.9,,,,,,,0.9,,,,,
CD8B2,,,1.0,,1.0,,,,0.8,0.8,,,,,0.9,,,,0.5,,,,
CD9,,,0.9,,,,0.8,0.5,,,,,0.95,,0.8,,,,,,0.7,,
CD93,,,0.0,,0.77,,,0.7,0.83,,0.95,,,,,0.78,,,0.65,,,,
CD96,,,,,,,,,,,,0.9,,,,,,,,,,,
CD99,,,0.0,,0.47,,,,0.8,,1.0,,,,,,,,0.5,,,,
CD99L2,,,0.0,,0.6,,,0.1,0.7,,0.8,,,,0.7,0.5,,,0.5,0.64,,,
CDA,,,0.9,,,,0.7,0.5,0.6,,,,0.8,,0.75,0.7,,,,,0.95,,
CDADC1,,,0.0,,0.78,,,,0.6,,0.8,,,,,,,,0.5,,,0.59,
CDAN1,0.8,1.0,0.0,,0.52,,,,0.8,,,,0.9,,0.7,,0.6,,,,0.7,,
CDC123,,,0.0,,0.54,0.75,0.8,0.5,0.6,,0.9,,,,0.8,,,,0.5,,,0.7,
CDC14A,0.8,,0.0,,0.51,,,0.6,0.7,,0.9,,,,0.75,,,,0.5,0.81,,,
CDC14B,,,,0.94,0.15,,0.4,0.1,0.65,,0.9,,,,,,,,0.75,0.61,,,
CDC14C,,,1.0,,1.0,,,,0.8,,,,,,0.9,,,,0.5,,,0.0,
CDC16,,,,0.64,0.21,,,0.83,0.78,,0.85,,,,0.8,,,,0.62,,,0.53,0.7
CDC20,,1.0,0.0,,,,0.5,0.7,0.8,,,,0.9,,0.8,0.75,,,,,0.97,,
CDC20B,,,0.0,,0.78,,,0.7,0.8,,0.9,,,,,,,0.8,0.5,1.0,,,
CDC23,,,,0.95,,,0.7,,,,,,0.9,,0.8,0.85,,,,,,,
CDC25A,,,,0.84,,,,0.5,,,,,0.9,,,,,,,,,,
CDC25B,,,0.25,,,,0.5,0.6,0.8,,,,0.9,,0.8,,,,,,0.71,,
CDC25C,,,0.0,,,,0.5,0.6,0.8,,,,0.9,,0.8,0.7,,,,,1.0,,
CDC26,,,,0.66,0.0,,,0.13,0.27,,0.54,,,,0.7,0.65,,,0.1,,,0.47,
CDC27,,,,1.0,0.88,,,,0.7,,0.9,,,,0.8,,,,0.8,,,0.56,
CDC34,,,,0.96,0.0,,,0.7,0.8,,0.9,,,,,0.75,,,0.5,,,0.48,
CDC37,,,,,,,,,,,,,,,,,,,,,,,
CDC37L1,,,,,,,,,,,,0.8,,,,,,,,,,,
CDC40,,,,,,,,,,,,,,,,,,,,,,,
CDC42,,,,,,,,,,,,1.0,,0.7,,,,,,,,,
CDC42BPA,,,,,,,,,,,,0.8,,0.5,,,,,,,,,
CDC42BPB,,,,,,,,,,,,0.8,,0.6,,,,,,,,,
CDC42BPG,,,0.0,,0.64,,,,0.8,,0.9,,,,0.7,,,,0.8,,,,
CDC42EP1,,,0.0,,0.99,,,,0.7,,0.9,,,,0.6,0.7,,,0.5,0.7,,,
CDC42EP2,,,0.04,,0.72,,,,0.9,,0.8,,,,0.8,0.7,,,0.21,0.8,,,
CDC42EP3,,,0.19,,0.31,,0.4,0.1,0.9,,0.62,,,,0.8,0.55,,,0.51,0.8,,,
CDC42EP4,,,0.23,,0.28,0.1973,,0.87,0.67,,1.0,,,,0.5,0.6,,,0.356,,,0.54,
CDC42EP5,,,0.33,,0.0,,,,0.7,,0.9,,,,,,,,0.8,0.82,,,
CDC42SE1,,,0.0,,0.79,,,0.4,0.6,,0.6,,,,0.7,0.65,,,0.79,0.65,,,
CDC42SE2,,,,,,,,,,,,0.9,,,,,,,,,,,
CDC45,0.5,1.0,0.0,,,,,,,,,,0.9,,0.75,0.7,,,,,1.0,,
CDC5L,,,,,,,,,,,,,,,,,,,,,,,
CDC6,,,,,,,,,,,,,,,,,,,,,,,
CDC7,,1.0,0.0,,,,0.9,,0.6,0.8,0.7,,,,0.8,,,,,0.92,,,
CDC73,,1.0,,1.0,0.07,,0.5,0.6,0.7,,0.9,,,,0.5,0.75,,,,0.7,,,
CDCA2,,,0.0,,0.72,,,,0.6,,0.9,,,,0.5,,,,0.8,1.0,,,
CDCA3,,,,0.62,0.17,,,0.5,0.8,,0.93,,,,0.75,,,,0.68,,,,
CDCA4,,,0.2,,0.5,,,0.6,0.7,,0.8,,,,0.9,,,,0.6,0.9,,,
CDCA5,,,0.0,,0.57,,,0.5,0.75,,0.74,,,,0.6,,,,0.5,,,,
CDCA7,,,0.2,,,,0.9,0.6,0.7,,,,0.9,,0.5,,,,,,0.93,,
CDCA7L,,,0.0,,,,0.5,,0.6,,0.7,,,,0.8,0.75,,,,0.79,,,
CDCA8,,,,,,,,,,,,,,,,,,,,,,,
CDCP1,,,,,,,,,,,,0.9,,,,,,,,,,,
CDCP2,,,0.0,,0.8,,,,0.7,,0.9,,,,0.8,0.75,,,0.5,,,,
CDH1,,,,,,,,,,,,0.9,,0.7,,,,,,,,,
CDH10,,,0.33,,0.23,,0.1,,0.8,,0.8,,,,0.7,,,0.9,0.79,0.95,,,
CDH11,,,,1.0,0.97,0.9,0.8,,0.7,,0.6,,,,0.7,,0.8,,0.5,0.93,,,
CDH12,,,0.0,,0.33,,0.1,,0.6,,0.8,,,,0.8,0.7,,0.7,0.79,0.92,,,
CDH13,,,0.0,,,,0.85,0.75,0.8,,,,0.9,,0.8,,,,,,,,
CDH15,0.5,,0.0,,0.76,,,,0.8,,0.9,,,,0.7,,,0.9,0.7,1.0,,,
CDH16,,,0.0,,0.5,0.8,,,0.6,,0.9,,,,0.7,,,,0.7,,,,0.5
CDH17,,,0.0,,0.7,,0.8,,0.7,,0.9,,,,0.7,,,0.9,0.6,1.0,,,
CDH18,,,0.22,,0.24,,0.1,,0.7,,0.85,,,,0.75,0.65,,0.9,0.79,0.94,,,
CDH19,,,0.0,,0.76,,,0.75,0.6,,0.8,,,,0.7,,,,0.7,,,,
CDH2,,1.0,,0.95,0.15,,0.6,,0.8,,0.9,,,,0.6,,,,0.7,0.8,,,
CDH20,,,0.43,,0.22,,,,0.5,,0.89,,,,0.8,,,,0.8,0.87,,,
CDH22,,,,0.53,0.21,,,,0.7,,0.9,,,,0.8,0.75,,,0.8,0.97,,,
CDH23,,,0.0,,0.37,0.8,0.9,,0.6,,0.7,,,,0.8,,,0.9,0.6,0.95,,,
CDH24,,,0.0,,0.54,,0.5,,0.7,,0.8,,,,0.8,,,0.9,0.5,0.82,,,
CDH26,,,0.0,,0.95,,,0.2,0.6,,0.9,,,,0.8,0.65,,,0.8,,,,
CDH3,,,,,,,,,,,,0.9,,0.7,,,,,,,,,
CDH4,,,,0.81,0.2,,0.8,,0.7,,0.9,,,,0.8,,,0.85,0.75,0.88,,,
CDH5,,1.0,0.38,,0.23,,,0.68,0.67,,0.73,,,,0.5,0.75,,,0.78,,,,
CDH6,,,,0.86,0.19,,0.8,,0.7,,0.9,,,,,0.82,,0.9,0.75,0.88,,,
CDH7,,,,0.62,0.21,,0.1,,0.9,,0.85,,,,0.8,,,0.75,0.78,0.99,,,0.8
CDH8,,,,0.99,0.87,,0.4,0.5,0.6,,0.8,,,,0.7,,,0.9,,0.89,,,
CDH9,,,,0.86,0.18,,,,0.9,,0.92,,,,0.75,0.8,0.85,,0.79,0.94,,,
CDHR1,0.8,,0.0,,0.97,,,,0.6,,,,0.9,,0.7,,,,0.5,,1.0,,
CDHR2,,,,,,,,,,,,0.8,,,,,,,,,,,
CDHR3,,,0.0,,0.97,,0.8,,0.6,,0.9,,,,0.7,0.75,,0.75,0.85,0.88,,,
CDHR4,,,0.0,,0.71,0.7,0.5,,0.6,,0.85,,,,0.7,,,0.9,0.8,1.0,,,
CDHR5,,,0.0,,0.91,,,0.5,0.6,,0.7,,,,0.8,,0.4,,0.85,,,,
CDIP1,,,,0.87,0.0,,0.5,,0.7,,0.8,,,,0.8,,,,0.5,,,,
CDIPT,,,0.34,,0.23,,0.1,0.5,0.6,,0.8,,,,0.6,,,,0.5,,,0.55,
CDK1,,1.0,,1.0,0.0,,,0.7,0.75,0.9,0.85,,,,,,,,0.8,,,,0.6
CDK10,,,0.0,,,,0.8,0.5,0.7,0.6,0.9,,,,0.7,,0.8,,,,,0.6,
CDK11A,,,,,,,,,,,,,,,,,,,,,,,
CDK11B,,1.0,0.0,,,,,,,,,,,,,,,,,,,0.9,0.6
CDK12,,,,1.0,0.95,,0.9,,0.75,0.8,0.85,,,,0.7,,,0.9,0.7,0.65,,,
CDK13,0.5,,,0.98,0.18,,,0.75,0.7,0.8,0.9,,,,0.9,0.75,0.8,,0.85,0.6,,,
CDK14,,,0.0,,0.65,0.8,0.5,0.6,0.7,0.8,0.9,,,,0.8,0.75,,,0.6,0.7,,,
CDK15,,,0.0,,,,0.8,0.7,0.5,0.6,0.7,,,,0.7,,,,,,0.9,,
CDK16,,,,,,,,,,,,0.85,,0.75,,,,,,,,,
CDK17,,,,1.0,0.09,,0.5,0.6,0.7,0.8,0.9,,,,0.8,,,,0.7,,,0.6,
CDK18,,,0.0,,0.76,,,0.4,0.6,0.5,0.8,,,,0.7,,,,0.5,0.99,,,
CDK19,0.8,,,1.0,0.03,,,0.8,0.75,0.9,0.85,,,,0.8,,,,0.7,0.6,,,
CDK2,,1.0,,0.89,0.13,,0.8,0.7,0.75,0.9,0.85,,,,,0.85,,,,,,,0.6
CDK20,,,0.0,,0.5,0.8,,,0.8,0.7,0.9,,,,0.8,,,,0.6,0.7,,,
CDK2AP1,,,,,,,,,,,,,,,,,,,,,,,
CDK2AP2,,,,0.77,0.0,,,,0.7,,0.9,,,,0.9,0.75,,,0.5,,,0.49,
CDK3,,,0.0,,0.76,,,0.6,0.5,0.4,0.65,,,,0.7,,,,0.5,,,,
CDK4,,,0.08,,0.3,,,,,,,,,,,,,,,,,,
CDK5,0.8,1.0,0.1,,0.29,,,0.7,0.75,0.9,0.85,,,,,,,,,,0.82,,
CDK5R1,,,,,,,,,,,,,,,,,,,,,,,
CDK5R2,,,,0.68,0.13,,,,0.8,,0.9,,,,0.7,0.75,,,0.5,0.88,,,
CDK5RAP1,,,0.0,,,,0.5,0.6,0.7,,,,0.9,,0.8,,0.8,,,,,0.6,
CDK5RAP2,,,,,,,,,,,,,,,,,,,,,,,
CDK5RAP3,,,0.0,,0.75,,,0.6,0.8,,0.9,,,,,,,,0.5,,,,0.7
CDK6,,,,0.98,0.06,,,0.12,0.35,0.28,0.73,,,,,0.78,,,,,,,
CDK7,,,0.0,,0.59,,,0.6,0.7,0.8,0.9,,,,,,,,0.5,,,0.6,
CDK8,,,,,,,,,,,,,,,,,,,,,,,
CDK9,,,0.0,,0.53,,,0.7,0.8,0.9,0.85,,,,,,,,0.75,0.62,,,
CDKAL1,,,0.8,,,,0.7,0.5,0.6,,,,,,0.9,0.65,,,,0.7,,,
CDKL1,,,0.0,,0.7,,,0.6,0.5,0.1,0.9,,,,0.5,,,0.8,0.5,,,,
CDKL2,,,0.0,,0.98,0.8,0.5,0.6,0.8,0.7,0.9,,,,0.8,,,0.9,0.6,0.92,,,
CDKL3,0.6,,0.0,,0.79,0.73,0.1,0.4,0.5,,0.76,,,,,,,,0.59,0.94,,,0.5
CDKL4,,,0.0,,0.7,,,0.7,0.6,,0.8,,,,0.75,,,,0.5,,,,
CDKL5,0.9,,,1.0,0.09,,,0.7,0.8,,,,0.95,,0.8,0.85,,,0.75,0.81,,,
CDKN1A,,,0.0,,,,0.9,0.75,0.85,0.8,0.7,,,,,,,,,0.79,,,0.6
CDKN1B,,,,0.66,0.13,,0.75,0.6,0.85,,0.9,,,,0.7,,,,0.5,,,0.57,
CDKN1C,0.8,,,0.82,0.0,,,,0.75,,,,0.9,,,,,,0.5,0.89,,,
CDKN2A,,,0.38,,0.21,,0.84,0.4,0.75,,0.95,,,,,,,0.6,,,,0.0,
CDKN2A-AS1,0.4,,0.0,,0.0,,,,,,,,,,,,,,0.1,,,0.2,
CDKN2AIP,,,,0.99,0.05,,,0.7,0.8,,0.9,,,,0.85,,,,0.75,,,0.8,
CDKN2AIPNL,,,0.35,,0.23,,,,0.7,,0.85,,,,0.8,,,,0.5,,,0.47,
CDKN2B,,,0.01,,0.9,,0.8,0.7,0.85,,0.9,,,,,,,,0.69,,,,0.6
CDKN2C,,,0.41,,0.2,,0.83,0.6,0.67,,0.76,,,,0.8,,,0.75,0.84,0.75,,,
CDKN2D,,,,0.5,0.0,,,0.6,0.8,,0.95,,,,,0.78,,0.75,0.66,0.84,,,
CDKN3,,,0.0,,0.44,,,0.6,0.7,0.8,0.9,,,,0.8,,,,0.5,,,,0.7
CDNF,0.8,,0.0,,,,0.8,0.5,0.7,,,,0.9,,0.8,,,,,0.95,,,
CDO1,,,0.9,,,,0.7,0.5,0.6,,,,0.8,,0.7,0.75,0.9,,,,0.8,,
CDON,,1.0,0.0,,0.59,,0.8,0.5,0.6,,0.9,,,,,,,,,0.85,,,
CDPF1,,,0.0,,0.6,,,0.8,0.7,,0.9,,,,,0.6,,,0.5,,,0.6,
CDR1,,,0.0,,0.0,,,,0.6,,0.8,,,,,0.5,,,0.5,,,,
CDR2,,,0.0,,0.63,,,0.8,0.7,,0.276,,,,,,,0.9,0.454,0.68,,,
CDR2L,,,0.9,,0.4,,,,0.7,,0.8,,,,0.8,,,,0.5,,,,
CDRT15,,,0.0,,0.5,,0.5,0.5,0.4,,0.6,,,,0.7,0.5,,0.8,0.5,1.0,,,
CDRT15L2,,,0.0,,0.98,,,,0.5,,1.0,,,,0.8,0.6,,,0.5,,,,
CDRT4,0.5,,,,,,,,,,,,,,,,,,,,,,
CDS1,,,0.0,,,,,0.5,0.7,,,,0.6,,,0.85,,,,,0.8,,
CDS2,,1.0,0.0,,0.56,,,,0.7,,0.9,,,,0.8,0.7,,,0.5,,,,
CDSN,,1.0,0.47,,0.2,,0.5,,0.73,,,,,,1.0,,,,,,,0.0,
CDT1,,,,,,,,,,,,,,,,,,,,,,,
CDV3,,,,,,,,,,,,1.0,,,,,,,,,,,
CDX1,,,0.13,,0.36,,,0.7,0.8,,,,0.9,,,0.75,,,0.5,,,,
CDX2,,1.0,,0.53,0.19,,0.1,,0.8,,0.9,,,,0.8,0.75,,,0.5,1.0,,,
CDX4,,,0.9,,0.65,,,,0.6,,0.8,,,,,,0.7,,0.5,1.0,,,
CDY1,,,1.0,,1.0,,,,0.7,,0.9,,,,0.5,,,,0.8,,,0.2,
CDY2A,0.5,,1.0,,1.0,,,0.6,0.7,,,,0.9,,,,0.8,,0.8,1.0,,,
CDYL,,,,0.99,0.05,,,0.7,0.8,,0.9,,,,,0.8,,,0.85,0.7,,,
CDYL2,,,0.8,,,,0.7,,,,,,0.6,,0.6,,0.7,,,,0.9,,
CEACAM1,,,0.0,,0.42,,,,0.8,,0.9,,,,,0.75,,,0.5,,0.97,,
CEACAM16,0.9,,0.0,,0.5,,,,0.5,,0.6,,,,0.8,,,,0.8,0.95,,,
CEACAM18,,,0.0,,0.5,,,,0.6,,0.7,,,,0.8,,,,0.8,,,0.2,
CEACAM19,,,0.0,,0.5,,,,0.8,,0.9,,,,0.8,0.7,,0.9,0.6,,,,
CEACAM20,,,1.0,,1.0,,,,0.7,,,,,,0.6,,,0.9,0.8,,,0.5,
CEACAM21,,,0.0,,0.8,0.9,,0.7,0.6,,0.7,,,,0.8,,,,0.5,,,,
CEACAM3,,,0.0,,0.9,,,,0.7,0.1,0.8,,,,0.8,,,,0.5,,,,0.6
CEACAM4,,,0.0,,0.96,0.9,,,0.7,,0.6,,,,0.5,0.7,,0.9,0.8,1.0,,,
CEACAM5,,,0.0,,,,,,0.6,,,,0.9,,,,,,,,,,
CEACAM6,,,0.0,,0.78,,,,0.8,,0.9,,,,0.8,,,,0.7,,,,
CEACAM7,,,0.0,,0.92,0.9,,,0.7,,0.8,,,,0.8,,,,0.5,1.0,,,
CEACAM8,,,0.0,,0.75,,,,0.8,,0.9,,,,0.8,0.75,,,0.5,,,,
CEBPA,0.8,,0.0,,,,,,,,,,0.9,,,,0.85,,,,0.94,,
CEBPB,,1.0,0.35,,0.22,,0.4,,0.8,,0.9,,,,,,,,,0.76,,,
CEBPD,,,,0.6,0.0,,0.9,,0.7,,0.8,,,,0.7,,,,0.5,0.77,,,
CEBPE,,,0.9,,0.5,,0.8,,0.6,,0.7,,,,0.75,,,,0.6,1.0,,,
CEBPG,,1.0,0.44,,0.19,,0.1,0.6,0.7,,0.8,,,,0.9,,,,0.5,,,0.52,
CEBPZ,,,0.0,,0.37,,,,0.6,,0.8,,,,0.75,,,0.7,0.5,,,0.6,
CEBPZOS,,,,,,,,,,,,0.5,,,,,,,,,,,
CECR2,,,,,,,,,,,,,,,,,,,,,,,
CECR9,,,0.0,,0.0,,,,,,,,,,,,,,0.5,0.5,,,
CEL,,,0.0,,,,0.8,,0.9,,,,,,0.75,,,,,,1.0,,
CELA1,,,0.0,,0.49,,,0.7,0.6,0.1,0.8,,,,0.5,,,,0.5,,,,
CELA2A,,,0.0,,0.7,0.4,0.8,,0.6,,0.7,,,,0.8,,,,0.6,1.0,,,
CELA2B,,,0.0,,0.68,,0.1,0.8,0.7,,0.6,,,,0.8,,,0.9,0.5,1.0,,,
CELA3A,,,0.0,,0.87,,,0.7,0.6,,0.9,,,,0.8,0.6,,,0.5,1.0,,,
CELA3B,,,0.0,,0.5,,,,0.6,,0.8,,,,0.5,,,,0.7,,,,
CELF1,,1.0,,1.0,0.04,,0.8,,0.6,,0.7,,,,,,,,0.5,0.6,,,
CELF2,,,,1.0,0.0,0.9,,,0.6,,0.8,,,,,,,,0.5,0.68,,,
CELF2-AS1,,,0.0,,0.0,,,,0.7,,,,,,,0.4,,0.8,0.5,,,0.6,
CELF3,,,,0.98,0.12,,,0.6,0.7,,0.85,,,,0.75,0.82,,,0.75,,,,
CELF4,,1.0,,1.0,0.08,,0.8,,0.6,,0.7,,,,0.8,,,,0.5,,,,
CELF5,,,,1.0,0.8,,,0.6,0.5,,0.6,,,,0.8,,,,0.7,0.89,,,
CELF6,,,0.0,,0.37,,,,0.7,,0.87,,,,0.6,0.7,,,0.5,0.79,,,
CELSR1,,1.0,,1.0,0.84,,,,0.8,,0.9,,,,0.7,,,,0.8,0.91,,,
CELSR2,,,,1.0,0.18,,0.9,,0.75,,0.85,,,,0.7,,,,0.7,0.79,,,
CELSR3,,1.0,,1.0,0.17,,0.5,,0.7,,0.9,,,,0.8,0.75,,,0.6,0.97,,,
CEMIP,,,0.0,,0.0,,,,0.7,,0.9,,,,0.9,0.85,,,0.8,1.0,,,
CEMP1,0.6,,0.0,,,,,,,,,,0.9,,,,,,,,0.2,,
CEND1,,,,0.59,0.0,,,,0.6,,0.79,,,,0.5,,,,0.75,0.88,,,
CENPA,,0.9,0.1,,,,,0.6,,,,,0.8,,,,0.85,,0.5,,,,
CENPB,,,,1.0,0.0,,,,0.6,,0.8,,,,0.7,,,,0.7,,,0.5,
CENPC,,,0.0,,0.32,,,0.6,0.7,,0.9,,,,0.8,0.5,,,0.8,0.65,,,
CENPE,,1.0,0.17,,0.23,,0.8,,0.75,0.6,0.7,,,,0.8,,,,0.5,0.99,,,
CENPF,0.5,,0.0,,0.61,,,,0.7,,0.9,,,,0.7,,,,0.8,1.0,,,
CENPH,,,0.0,,0.69,,,0.4,0.85,,0.9,,,,0.7,,,,0.5,1.0,,,
CENPI,0.8,,,1.0,0.0,,,0.5,0.6,,0.7,,,,0.7,0.85,,,0.8,1.0,,,
CENPK,,,0.0,,0.91,,,,0.85,,0.9,,,,0.8,0.75,,,0.5,0.97,,,
CENPL,,,0.2,,0.26,,,0.1,0.75,,0.9,,,,0.7,,,,0.8,0.88,,,
CENPM,,,0.08,,0.37,,0.8,0.7,0.85,,0.95,,,,0.8,,,,0.9,1.0,,,
CENPN,,,0.0,,0.35,,,,0.7,,,,0.8,,0.5,,,,0.5,,,,
CENPO,,,0.0,,,,0.8,0.6,,,,,0.9,,0.8,,,,,,0.5,,
CENPP,,,0.05,,0.32,,,0.8,0.9,,1.0,,,,0.7,,,,0.288,0.8,,,
CENPQ,,,0.0,,0.72,,,,0.8,,0.9,,,,0.7,,,,0.5,,,0.59,
CENPS,,,0.0,,0.0,,,,0.7,,0.8,,,,0.7,0.75,,,0.5,0.96,,,
CENPT,0.5,,0.0,,0.51,,,,0.6,,0.7,,,,0.8,,,,0.8,0.69,,,
CENPU,,,0.0,,0.0,,,0.5,0.6,,0.8,,,,0.6,0.6,,,0.5,1.0,,,
CENPV,,,0.33,,0.24,,,,0.6,,0.8,,,,0.9,,,,0.5,,,0.59,
CENPW,,,0.42,,0.19,,0.8,0.5,0.67,,0.75,,,,0.7,,,,0.88,0.95,,,
CENPX,,,1.0,,1.0,,,0.3,0.7,,0.8,,,,0.9,0.8,,,0.5,,,0.6,
CEP104,,,0.0,,0.52,,0.5,,0.7,,0.9,,,,0.6,,,,0.7,,,,
CEP112,,,0.0,,0.88,,0.8,,0.7,,0.9,,,,0.8,,0.7,,0.5,0.79,,,
CEP120,,,0.0,,0.58,,0.6,,0.7,,0.9,,,,0.5,,,0.6,0.8,0.69,,,
CEP126,,,0.0,,0.0,,,,0.5,,0.6,,,,0.8,0.6,,,0.8,0.7,,,
CEP128,,,0.0,,0.64,,0.5,,0.6,,0.8,,,,0.9,,,,0.5,0.69,,,
CEP131,,,1.0,,1.0,,,,0.7,,0.8,,,,0.6,,,,0.5,0.69,,,
CEP135,0.8,,0.0,,0.64,,,,0.85,,0.9,,,,0.7,,0.9,,0.5,,0.8,,
CEP152,0.8,,0.0,,,,,,,,,,0.9,,0.6,,0.85,,,,0.87,,
CEP162,,,0.0,,0.0,,,0.4,0.6,,0.8,,,,0.5,,,,0.7,0.75,,,
CEP164,,,0.0,,0.67,,0.5,,0.7,,0.9,,,,0.6,,,,0.5,0.68,,,
CEP170,,,,1.0,0.8,,,0.6,0.7,,0.9,,,,0.7,,,,0.5,0.7,,,
CEP170B,,,,1.0,0.9,,,0.2,0.6,,0.7,,,,0.5,,,,0.8,0.65,,,
CEP170P1,,,0.0,,0.0,,,,0.4,,,,,,,,,,0.5,,,0.2,
CEP19,0.8,,0.2,,,,,,,,,,0.9,,,,0.9,,,,0.75,,
CEP192,,,,,,,,,,,,,,,,,,,,,,,
CEP250,,,0.0,,0.52,,0.5,,0.8,,0.9,,,,0.8,,,,0.5,,,0.6,
CEP290,,,,,,,,,,,,0.9,,,,,,,,,,,
CEP295,,,0.0,,0.0,,,,0.6,,0.7,,,,0.5,0.6,,,0.8,,,,
CEP295NL,,,0.0,,0.0,,,,0.6,,0.8,,,,,0.5,,,0.5,1.0,,,
CEP350,,,,1.0,0.89,,,,0.5,,0.6,,,,0.8,0.7,,,0.7,0.64,,,
CEP41,0.8,,0.2,,,,,,,,,,,,,,0.7,,,,0.9,,0.6
CEP44,,,0.0,,0.68,,,,0.7,,0.8,,,,0.6,,,,0.5,0.65,,,
CEP55,0.8,,0.0,,0.77,,,,,,,,0.9,,0.6,,,,0.5,0.99,,,
CEP57,,,0.07,,0.27,,0.8,,0.7,,0.85,,,,0.9,,,,0.75,0.66,,,
CEP57L1,,,0.0,,0.62,,,,0.6,,0.8,,,,0.9,,,,0.5,,,,
CEP63,0.7,,0.0,,0.95,,,,0.85,,0.9,,,,0.75,,,,0.6,,,0.7,
CEP68,,,,0.52,0.21,,0.6,,0.7,,0.8,,,,0.8,,0.7,,0.75,,,,0.5
CEP70,,,0.0,,0.74,,,,0.7,,0.8,,,,0.9,0.65,,,0.5,,,,
CEP72,,,0.0,,,,0.8,0.6,0.7,,,,0.9,,0.7,0.65,,,,,,,
CEP76,,,0.0,,0.51,,,0.1,0.8,,0.9,,,,0.6,,0.8,,0.5,,,,
CEP78,0.8,,0.0,,0.69,,,,0.85,,,,0.9,,0.7,,,,0.5,,,,
CEP83,0.8,,1.0,,,,,,,,,,,,0.4,,0.9,,,,0.5,,
CEP85,,,0.0,,0.31,,0.1,0.6,0.8,,0.9,,,,0.7,,,,0.76,0.87,,,
CEP85L,,,0.0,,0.49,,0.4,,0.5,,0.7,,,,0.5,,,,0.8,0.79,,,
CEP89,,,0.0,,0.93,,,,0.7,,0.9,,,,0.6,,,,0.8,0.65,,,
CEP95,,,0.0,,0.71,,,,0.78,,0.94,,,,0.9,0.75,,,0.82,,,,
CEP97,,,,,,,,,,,,,,,,,,,,,,,
CEPT1,,,,0.95,0.8,,0.6,0.5,0.75,,0.8,,,,0.9,0.78,,,0.7,0.76,,,
CER1,,,0.0,,0.5,,,0.5,0.9,,0.8,,,,0.7,,,,0.6,,,,
CERCAM,,,,,,,,,,,,0.8,,,,,,,,,,,
CERK,,,0.0,,0.43,,,,0.6,0.2,0.9,,,,0.5,,,,0.8,,,0.6,
CERKL,,,0.0,,0.5,,0.5,0.6,0.7,,0.9,,,,,0.6,,,0.6,0.9,,,
CERS1,0.8,,0.1,,0.3,,,,0.7,,,,0.9,,0.8,,0.85,,0.75,,,,
CERS2,,,0.4,,0.22,,0.4,,0.5,,0.8,,,,,0.65,,,0.76,0.66,,,
CERS3,,,0.01,,0.34,,0.5,,0.75,,0.9,,,,0.7,,,0.9,0.383,0.96,,,
CERS4,,,0.0,,0.8,,0.9,,0.7,,0.8,,,,0.8,,,,0.5,,,,
CERS5,,,0.0,,0.64,,0.6,,0.7,,0.8,,,,0.75,0.7,0.85,,0.5,,,,
CERS6,,,,,,,,,,,,0.8,,0.6,,,,,,,,,
CES1,0.5,,0.0,,0.96,,,0.6,0.7,,0.9,,,,,,,,0.8,,,,
CES1P1,,,0.0,,0.0,,,,0.6,,,,,,,,,0.4,0.5,,,0.2,
CES2,,,,,,,,,,,,0.8,,0.85,,,,,,,,,
CES3,,,0.0,,0.82,,,0.1,0.7,,0.9,,,,,,,0.8,0.5,0.95,,,
CES4A,,,0.0,,0.58,,,,0.8,,0.9,,,,0.8,0.75,,,0.5,0.85,,,
CES5A,,,0.0,,0.5,,,,0.6,,0.8,,,,0.7,,,0.9,0.7,0.92,,,
CETN1,,,0.21,,0.35,,,0.78,0.71,,0.99,,,,0.8,0.75,,,0.86,,,,
CETN2,,,,,,,,,,,,,,,,,,,,,,,
CETN3,,,0.0,,0.77,,,0.2,0.8,,0.9,,,,0.7,,,0.8,0.5,0.93,,,0.6
CETP,,,0.0,,0.5,0.6,0.9,,0.7,0.9,0.8,,,,0.8,,,,0.7,1.0,,,
CFAP100,,,,,,,,,,,,,,,,,,,,,,,
CFAP126,,,0.0,,0.0,,,,0.6,,0.8,,,,0.7,,0.7,,0.5,,,,
CFAP157,,,0.0,,0.0,,,,0.7,,0.9,,,,0.6,,,,0.5,,,,
CFAP161,,,1.0,,1.0,,,,0.7,,0.8,,,,0.6,,,,0.5,,,,
CFAP20,,,1.0,,1.0,,,0.7,0.8,,0.9,,,,0.7,,,,0.5,,,0.6,
CFAP206,,,1.0,,1.0,,,,0.7,,0.9,,,,0.7,,,,0.8,1.0,,,
CFAP221,,,0.0,,0.0,,,,0.6,,0.8,,,,0.9,,,0.7,0.5,1.0,,,
CFAP36,,,1.0,,1.0,,,0.6,0.7,,0.9,,,,0.9,,,,0.8,,,,
CFAP43,0.6,,1.0,,1.0,,,,0.7,,,,0.8,,0.9,0.75,,,0.8,,1.0,,
CFAP44,0.8,,0.0,,,,,,,,,,0.9,,0.5,0.65,,,,,,,
CFAP45,0.5,,0.0,,0.0,,,0.2,0.7,,0.8,,,,0.7,,,,0.5,1.0,,,
CFAP46,,,0.0,,0.0,,,,0.6,,0.8,,,,,,,,0.5,,,,
CFAP47,0.5,,0.0,,,,,0.4,,,,,0.9,,,,,,,,,,
CFAP52,,,0.0,,0.0,,,0.6,0.7,,0.9,,,,0.5,,,,0.5,1.0,,,
CFAP53,0.8,,0.0,,,,,,,,,,0.6,,0.8,,0.9,,,,1.0,,
CFAP54,,,0.0,,0.0,,,,0.6,,0.7,,,,0.8,,,,0.8,0.9,,,
CFAP57,0.9,,0.0,,0.0,,,0.3,0.5,,0.6,,,,0.8,,,0.7,0.8,,,,0.5
CFAP58,0.8,,0.0,,,,,,,,,,0.9,,0.6,,,,,,1.0,,
CFAP61,,,1.0,,1.0,,,,0.7,,0.9,,,,0.6,,0.8,,0.8,,,,
CFAP65,0.7,,0.0,,,,,,,,,,0.9,,0.8,,0.8,,,,1.0,,
CFAP69,0.8,,0.0,,,,,,,,,,0.9,,,0.7,0.85,,,,,,
CFAP70,0.7,,0.0,,,,,,,,,,0.8,,0.5,,0.9,,,,,,
CFAP73,,,0.0,,0.0,,,,0.6,,0.7,,,,0.9,,,,0.5,0.85,,,
CFAP74,0.8,,0.0,,,,,,,,,,0.6,,,,0.7,,,,0.9,,
CFAP77,,,1.0,,1.0,,,0.2,0.6,,0.8,,,,0.5,,,,0.5,1.0,,,
CFAP97,,,,,,,,,,,,,,,,,,,,,,,
CFAP97D1,,,1.0,,1.0,,,0.6,0.7,,0.9,,,,0.8,,,0.9,0.8,1.0,,,
CFAP99,,,1.0,,1.0,,,,0.5,,,,,,,,,,0.5,,,,
CFB,,,0.0,,0.54,,0.75,0.6,0.7,0.5,0.9,,,,,,,,0.8,1.0,,,
CFC1,0.8,1.0,0.1,,0.42,,,,0.7,,,,0.9,,0.8,,,,0.5,,1.0,,
CFC1B,,,1.0,,1.0,,,,0.7,,0.9,,,,0.9,0.85,,0.8,0.8,1.0,,,
CFD,0.8,,0.0,,0.85,,,,0.5,0.6,0.7,,,,0.7,,,0.9,0.5,0.87,,,
CFDP1,,,0.0,,0.41,,0.9,,0.6,,0.8,,,,0.5,,,,0.5,,,0.7,
CFH,,,,,,,,,,,,0.8,,0.7,,,,,,,,,
CFHR1,,,0.0,,0.94,,0.8,,0.6,,0.9,,,,0.8,,,,0.5,1.0,,,
CFHR2,0.85,,0.0,,,,0.8,0.2,0.7,,,,0.9,,0.9,,0.75,,,,1.0,,0.6
CFHR3,,,0.0,,,,0.8,0.6,0.7,,0.9,,,,0.8,,,,,1.0,,,
CFHR4,,,0.0,,0.95,,0.9,,0.6,,0.7,,,,0.8,,,,0.8,1.0,,,
CFHR5,,,0.0,,0.5,,0.8,,0.6,,0.7,,,,0.9,,,,0.6,1.0,,,
CFI,0.85,,0.0,,0.53,,0.6,0.2,0.8,,0.9,,,,0.7,,,0.7,,0.88,,,
CFL1,,,,,,,,,,,,0.8,,0.6,,,,,,,,,
CFL2,,,0.0,,0.78,,0.5,,0.7,,0.9,,,,0.8,0.7,,,0.5,0.82,,,
CFLAR,,1.0,,1.0,0.04,,,0.5,0.6,,0.7,,,,0.8,,,,0.8,0.65,,,
CFP,,,,,,,,,,,,1.0,,0.7,,,,,,,,,
CFTR,,1.0,0.0,,0.5,,0.5,0.4,0.8,0.9,0.9,,,,,,,0.6,,1.0,,,
CGA,,,0.34,,0.23,,,,0.76,,0.9,,,,0.8,0.65,,,0.11,1.0,,,
CGAS,,,0.0,,0.0,,,0.5,0.7,,0.9,,,,,0.75,,,0.8,,,,
CGB1,,,0.04,,0.73,,,,0.8,,0.86,,,,0.7,,,,0.93,,,,
CGB2,,,0.8,,0.7,,,0.7,0.6,,,,,,0.9,,0.5,,0.5,,,0.4,
CGB7,0.7,,0.0,,0.5,,,,0.6,,,,,,0.8,,,,0.5,,,,
CGB8,,,0.8,,0.4,,,0.3,0.7,,,,,,,,,,0.5,,0.9,,
CGGBP1,,,,0.77,0.0,,0.4,0.4,0.5,,0.8,,,,0.9,,,,0.167,0.61,,,
CGN,,,0.0,,0.79,,,0.6,0.7,,0.58,,,,0.75,,,,0.8,,,,
CGNL1,,,0.0,,,,0.5,0.6,0.7,,,,0.8,,0.6,,0.7,,,,0.9,,0.5
CGREF1,,,0.0,,0.7,,,,0.8,,0.9,,,,0.8,,,0.7,0.6,,,,
CGRRF1,,,0.9,,0.6,,,0.6,0.7,,0.8,,,,0.5,,,0.8,0.5,,,0.7,
CH25H,,,0.25,,0.27,,,,0.73,0.67,0.92,,,,0.75,0.78,,,0.54,0.86,,,
CHAC1,,,0.0,,0.65,,,,0.8,,0.9,,,,0.6,,,,0.5,,,,
CHAC2,,,0.0,,0.8,,,0.6,0.8,,0.9,,,,0.7,0.7,,,0.5,0.9,,,
CHAD,,,0.9,,0.5,,,0.5,0.7,,0.8,,,,0.7,,,0.8,0.6,,,,
CHADL,,,0.0,,,,0.8,,,,,,0.9,,0.8,0.7,,,,,0.95,,
CHAF1A,,1.0,,1.0,0.03,,0.6,,0.5,,0.7,,,,0.8,,,,,0.78,,,
CHAF1B,,,0.4,,0.22,,0.1,,0.6,,0.9,,,,0.5,,,0.8,0.559,0.79,,,
CHAMP1,0.8,,,0.99,0.08,,,,0.7,,,,0.9,,0.6,0.82,,,0.75,0.76,,,
CHAT,,1.0,0.0,,0.63,,0.8,,0.6,,0.7,,,,0.75,,,,,0.96,,,
CHCHD1,,,0.0,,0.5,,,,0.7,,0.8,,,,0.8,,,,0.4,,,0.5,
CHCHD10,0.9,,0.0,,,,,,,,,,,,0.8,,,,,,,,0.6
CHCHD2,0.7,,0.0,,0.5,,,0.6,0.7,,0.8,,,,0.7,,,,0.6,,,0.5,
CHCHD2P9,,,0.0,,0.0,,,,,,,,,,,0.4,,,0.5,,,0.0,
CHCHD3,,1.0,0.03,,0.32,,0.1,,0.7,,0.8,,,,0.8,0.65,,,0.5,,,0.59,
CHCHD4,,,0.17,,0.32,,,0.8,0.75,,0.86,,,,0.7,,,,0.71,,,0.48,
CHCHD5,,,0.94,,0.6,,,0.7,0.88,,0.88,,,,0.7,0.75,,,0.88,,,0.5,
CHCHD6,,,0.0,,0.92,,,,0.8,,0.9,,,,0.7,,,,0.5,,,,
CHCHD7,,,0.96,,,,0.8,0.5,0.6,,0.7,,,,0.7,,,,,,,0.5,
CHD1,,,,,,,,,,,,,,,,,,,,,,,
CHD1L,,,0.0,,0.5,,,0.7,0.6,,0.8,,,,0.7,,,,0.7,,,0.6,
CHD2,0.8,1.0,,1.0,0.03,,,,0.6,,,,0.7,,0.7,,0.9,,,0.6,,,
CHD3,,,,1.0,0.09,,0.9,,0.75,,0.85,,,,0.8,,,0.8,,,,0.6,
CHD4,0.8,,,1.0,0.08,,,,0.8,,,,0.9,,0.8,,0.9,,0.7,,,,
CHD5,,,,1.0,0.08,,,,0.6,,0.9,,,,0.6,,,,0.8,,,,
CHD6,,,,1.0,0.9,,,,0.7,,0.6,,,,0.6,0.8,,,0.7,,,,
CHD7,,1.0,,1.0,0.03,,0.9,,0.6,,0.7,,,,0.7,,,0.8,0.5,0.95,,,
CHD8,0.8,1.0,,1.0,0.04,,,0.6,0.75,,,,0.9,,0.7,,0.85,,0.5,,,0.7,0.6
CHD9,,,,1.0,0.1,,0.8,,0.7,,0.6,,,,0.9,0.78,,0.9,0.5,0.63,,,
CHDH,,,0.0,,0.57,,,,0.75,,0.9,,,,0.7,0.65,,,0.6,0.8,,,
CHEK1,,1.0,0.0,,,,,,0.7,0.8,0.9,,,,,,,,0.5,0.96,,,
CHEK2,,,0.0,,,,0.9,,0.7,0.7,0.6,,,,,,,,,0.8,,,
CHERP,,,,1.0,0.0,0.9,,,0.6,,0.8,,,,0.6,,,,0.7,,,0.7,
CHFR,,,0.0,,0.32,,,,0.8,,0.9,,,,0.75,,,,0.7,,,0.6,0.6
CHGA,,,,,,,,,,,,1.0,,,,,,,,,,,
CHGB,,,0.0,,0.52,,,,0.6,,1.0,,,,0.9,,,,0.677,,,,
CHI3L1,,,0.0,,0.58,,0.4,0.6,0.8,,0.9,,,,0.7,0.65,,,0.76,0.85,,,
CHI3L2,,,0.0,,0.5,,,,0.7,,0.9,,,,0.8,,,,0.6,,,,
CHIA,,,0.0,,0.88,,,0.7,0.75,,0.9,,,,0.9,,,,0.8,,,,
CHIC1,,,,0.85,0.0,,,0.11,0.6,,0.16,,,,0.75,,,,0.22,,,0.56,0.5
CHIC2,,,,0.53,0.19,,0.4,,0.8,,0.9,,,,0.6,,,,0.33,0.68,,,
CHID1,,,0.8,,0.6,0.7,,,0.8,,0.9,,,,0.8,,,,0.5,,,0.7,
CHIT1,,,0.0,,0.95,,0.6,0.5,0.85,,0.9,,,,0.75,,,,0.8,0.97,,,
CHKA,,1.0,0.21,,0.25,,,,0.7,0.5,0.8,,,,0.6,,,,0.5,,,,
CHKB,0.5,,0.0,,0.59,,,0.4,0.8,,0.9,,,,0.7,,,,0.7,,,,
CHL1,0.75,,0.0,,,,0.8,0.6,0.7,,,,0.9,,,,0.9,,,,0.88,,
CHM,0.9,1.0,,1.0,0.04,,,,0.7,,,,0.8,,0.7,,,,,,,0.6,
CHML,,,0.0,,0.54,,,,0.8,,0.9,,,,0.6,,,,0.5,,,,
CHMP1A,,,0.0,,0.61,,0.4,,0.7,,0.8,,,,0.7,,0.9,,0.5,,,0.5,
CHMP1B,,,,,,,,,,,,0.8,,,,,,,,,,,
CHMP2A,,,,,,,,,,,,0.8,,0.7,,,,,,,,,
CHMP2B,0.8,,0.0,,0.71,,,,0.7,,0.9,,,,0.8,0.75,,,0.5,,,0.6,
CHMP3,,,0.0,,0.45,,,,0.85,,0.8,,,,0.75,,,,0.5,,,0.5,0.6
CHMP4A,0.8,,0.0,,0.5,0.7,,,0.8,,0.9,,,,0.7,,,,0.5,,,0.6,
CHMP4B,0.8,1.0,,0.97,0.0,,,,0.75,,,,0.9,,,,,,,,,0.5,
CHMP4BP1,,,0.0,,0.0,,,,0.6,,,,,,,,,,0.5,,,0.4,
CHMP4C,,,0.0,,0.85,,0.75,,0.8,,0.9,,,,0.8,,,,0.5,0.88,,,
CHMP5,,,,,,,,,,,,0.8,,,,,,,,,,,
CHMP6,,,,,,,,,,,,0.8,,,,,,,,,,,
CHMP7,,,,0.88,0.16,,,,0.5,,0.6,,,,0.85,0.7,,,0.75,,,0.48,
CHN1,0.75,,0.11,,0.27,,,0.5,0.7,,,,0.9,,,,,,0.8,0.94,,,
CHN2,0.95,,0.01,,0.32,,,,0.8,,0.85,,,,0.7,,,0.9,0.75,1.0,,,
CHODL,,,0.0,,0.85,,,,0.8,,0.9,,,,0.8,0.7,,,0.5,,,,
CHORDC1,,,,,,,,,,,,,,,,,,,,,,,
CHP1,,,,,,,,,,,,0.8,,0.6,,,,,,,,,
CHP2,,,0.0,,0.91,,,,0.7,,0.9,,,,0.75,0.78,,,0.5,0.97,,,
CHPF,,,0.1,,0.3,,,,0.7,,0.9,,,,0.9,0.75,0.8,,0.6,,,,
CHPF2,,,0.0,,0.86,,,,0.5,,0.74,,,,0.6,0.65,,,0.5,0.71,,,
CHPT1,,,0.0,,,,0.5,,,,,,0.8,,0.9,,,,,,,,
CHRAC1,,,0.07,,0.51,,,,0.5,,0.8,,,,0.9,,,,0.13,,,,
CHRD,,1.0,0.0,,0.34,,0.5,,0.7,,0.9,,,,0.9,,,,,0.96,,,
CHRDL1,0.8,,0.24,,0.24,,,0.5,0.6,,,,0.95,,0.9,,,,0.45,0.87,,,
CHRDL2,,,0.0,,0.57,0.75,0.4,,0.6,,0.8,,,,0.8,,,,,0.99,,,
CHRFAM7A,,,,,,,,,,,,,,,,,,,,,,,
CHRM1,,,,0.99,0.0,,,,0.75,0.9,0.8,,,,0.85,,,0.95,0.7,,,,
CHRM2,,,,0.54,0.19,,,0.4,0.87,0.95,0.99,,,,0.75,,,0.85,0.93,0.97,,,
CHRM3,,,,0.99,0.94,,0.9,0.7,0.8,0.95,0.85,,,,0.9,,,,0.75,0.91,,,
CHRM4,,,,0.97,0.0,,,0.75,0.73,0.8,0.87,,,,0.8,,,,0.79,0.97,,,
CHRM5,,,0.0,,0.41,,,,0.7,0.9,0.8,,,,0.8,,,,0.5,,,,
CHRNA1,,1.0,0.0,,0.68,,,,0.6,0.9,0.7,,,,0.8,,,,,1.0,,,
CHRNA10,,,0.0,,0.86,,,,0.7,0.8,0.9,,,,0.75,0.78,0.85,,0.9,0.97,,,
CHRNA2,,,0.0,,,,0.8,,0.7,0.7,0.6,,,,0.8,,,,,,0.95,,
CHRNA3,,1.0,0.0,,0.74,,,0.8,0.7,0.7,0.6,,,,,,,,,0.96,,,
CHRNA4,,1.0,0.0,,0.47,,0.5,0.6,0.7,0.9,0.8,,,,,,,,0.5,0.92,,,
CHRNA5,,,0.0,,0.7,,0.64,0.1,0.18,0.5,0.237,,,,,0.5,,,0.468,,,,
CHRNA6,,,0.0,,0.72,,,0.6,0.75,0.9,0.85,,,,0.9,,,,0.5,0.97,,,
CHRNA9,,,0.0,,0.61,,,0.85,0.7,0.8,0.9,,,,0.75,,0.9,,0.5,,,,
CHRNB1,,,,,,,,,,,,1.0,,0.6,,,,,,,,,
CHRNB2,0.8,,0.0,,0.45,,,,0.7,0.9,0.85,,,,0.7,,,,0.5,0.88,,,
CHRNB3,,,,,,,,,,,,,,,,,,,,,,,
CHRNB4,,,0.09,,0.29,,0.75,0.78,0.73,0.83,0.87,,,,,,,,0.996,1.0,,,0.7
CHRND,0.9,,0.0,,,,,,,,,,0.7,,0.8,0.75,,,,,1.0,,
CHRNE,,,,,,,,,,,,0.8,,0.6,,,,,,,,,
CHRNG,0.8,1.0,0.0,,0.5,,,0.6,0.8,0.9,0.9,,,,0.8,,,,,1.0,,,
CHST1,,,,0.7,0.16,,0.4,,0.6,,0.8,,,,0.5,0.7,,0.9,0.411,0.88,,,
CHST10,,,0.0,,0.55,,0.5,0.6,0.8,,0.9,,,,0.8,0.75,,,0.7,0.71,,,
CHST11,,,,,,,,,,,,1.0,,,,,,,,,,,
CHST12,,,0.0,,0.7,,0.4,0.6,0.7,,0.8,,,,0.75,,0.9,,0.85,,,0.6,
CHST13,,,0.0,,,,0.8,0.6,0.7,,0.9,,,,0.7,0.7,0.8,,,1.0,,,
CHST14,0.8,,0.45,,0.2,,,0.5,0.6,,0.9,,,,0.7,,,,0.75,0.75,,,
CHST15,,,,,,,,,,,,0.9,,,,,,,,,,,
CHST2,,,0.8,,0.4,,,,0.7,,0.9,,,,0.8,0.7,,,0.6,0.87,,,
CHST3,,,0.01,,0.39,0.3,0.5,,0.8,,0.9,,,,0.6,,,,0.48,0.77,,,
CHST4,,,0.0,,0.5,,,,0.9,,0.8,,,,0.8,0.7,,,0.7,,,,
CHST5,,,0.0,,0.58,,,,0.9,,0.76,,,,0.8,0.65,,,0.5,,,,
CHST6,,,0.0,,0.5,0.6,0.5,0.7,0.8,,0.9,,,,0.8,0.7,,,0.7,,,,
CHST7,,,,,,,,,,,,0.8,,,,,,,,,,,
CHST8,0.7,,0.8,,,,,0.75,,,,,0.9,,0.8,0.82,0.9,,,,0.95,,
CHST9,,,0.0,,0.73,0.5,0.6,0.5,0.7,,0.8,,,,0.8,0.7,,,0.5,0.97,,,
CHSY1,,,,0.91,0.16,,0.9,,0.65,,0.75,,,,0.7,,0.85,,0.8,0.78,,,
CHSY3,,,0.0,,0.33,,,0.5,0.6,,0.8,,,,0.7,,,,0.5,,,,
CHTF18,,,,,,,,,,,,,,,,,,,,,,,
CHTF8,,,,0.84,0.0,,,,0.5,,1.0,,,,0.8,,,,0.121,,,1.0,0.7
CHTOP,,,,0.71,0.18,,,0.7,0.8,,,,0.96,,,0.75,,,0.5,,,0.48,0.6
CHUK,,1.0,,1.0,0.85,,0.8,0.5,0.75,0.6,0.9,,,,,,,,,,,,
CHURC1,,,0.0,,0.6,,,0.6,0.7,,0.9,,,,0.9,,,,0.5,,,0.7,
CIAO1,,,0.0,,0.43,,,,0.6,,0.9,,,,0.7,,,,0.5,,,0.7,
CIAPIN1,,,,,,,,,,,,,,,,,,,,,,,
CIART,,,0.0,,0.0,,,0.5,0.6,,0.8,,,,,0.65,,,0.5,0.74,,,
CIB1,0.8,,0.0,,,,,,,,,,0.9,,,,,,,,0.6,,0.5
CIB2,0.8,,0.04,,0.38,,,0.75,0.7,,0.9,,,,0.8,,,,0.5,,0.71,,
CIB3,,,0.0,,0.5,,,,0.7,,0.8,,,,0.7,,0.5,0.9,0.4,1.0,,,
CIB4,,,0.0,,0.94,,,0.1,0.5,,0.92,,,,,,,0.8,0.5,1.0,,,
CIC,0.7,,,1.0,0.08,,,,0.6,,,,0.9,,0.5,,,,0.8,0.7,,,
CIDEA,0.75,,0.0,,,,,,,,,,,,,,,,,,,,0.5
CIDEB,,,0.0,,0.7,0.3,,0.2,0.6,,0.8,,,,0.8,,,,0.5,0.9,,,
CIDEC,0.7,,0.9,,,,,0.5,,,,,0.8,,,0.75,,,,,0.95,,
CIITA,,,0.0,,0.41,,0.6,,0.75,,0.85,,,,,0.78,,,0.7,0.94,,,
CILP,,,0.0,,,,0.8,,0.6,,0.7,,,,0.7,,,,,,,,
CILP2,,,0.0,,0.46,,0.9,,0.75,,0.85,,,,0.9,,,,0.8,,,,
CINP,,,0.06,,0.34,,,0.6,0.9,,0.7,,,,0.5,,,,0.212,,,0.47,
CIP2A,,,,,,,,,,,,,,,,,,,,,,,
CIPC,,,0.9,,,,,,,,,,0.8,,0.7,0.6,,,,,,0.7,
CIRBP,,,,,,,,,,,,,,,,,,,,,,,
CIRBP-AS1,,,,,,,,,,,,,,,,,,,,,,,
CISD1,,,0.8,,,,,0.5,0.6,,,,0.9,,0.9,0.75,0.8,,,,,0.6,
CISD2,,,0.41,,0.2,,0.5,0.1,0.8,,0.86,,,,0.75,,,,0.68,,,0.49,
CISD3,,,,,,,,,,,,,,,,,,,,,,,
CISH,,,,,,,,,,,,0.8,,,,,,,,,,,
CIT,0.8,1.0,,1.0,0.19,,,,0.7,,,,0.9,,0.8,,,,0.5,,0.83,,
CITED1,,0.8,0.3,,,,0.6,0.5,0.7,,,,,,,0.7,,,,,0.9,,
CITED2,,1.0,,0.75,0.0,,0.8,0.6,0.7,,0.9,,,,,0.85,,,,0.88,,,0.5
CITED4,,,0.35,,0.0,,,0.4,0.8,,1.0,,,,,,,,0.5,,,,
CIZ1,,,0.05,,0.26,,,,0.8,,0.75,,,,0.6,,0.7,0.9,0.8,,,0.54,
CKAP2,,,0.0,,0.76,,,,0.87,,,,0.84,,0.9,0.75,,,0.5,,,,
CKAP2L,,,0.0,,0.36,,0.5,,0.6,,0.9,,,,0.5,,,,0.8,0.97,,,
CKAP4,,,,0.54,0.2,,,,0.85,,0.9,,,,0.7,0.75,0.8,,0.8,,,,
CKAP5,,,,1.0,0.09,,,,0.85,,0.9,,,,0.8,,,,0.8,,,0.7,0.6
CKB,,,,,,,,,,,,0.8,,0.75,,,,,,,,,
CKLF,,,0.9,,0.65,,,0.4,0.6,,0.8,,,,0.7,,,,0.5,,,,0.6
CKM,,,0.99,,0.6,,0.75,0.5,0.7,,0.85,,,,0.65,,,,0.76,1.0,,,
CKMT1A,,,0.0,,1.0,,,0.2,0.7,,0.8,,,,0.8,0.7,,,0.5,,,,
CKMT2,,,0.0,,0.5,,,0.5,0.6,,0.8,,,,0.8,,,,0.6,1.0,,,
CKS1B,,,,,,,,,,,,,,,,,,,,,,,
CKS2,,,,,,,,,,,,,,,,,,,,,,,
CLASP1,,,,1.0,0.08,,0.6,,0.5,,0.7,,,,0.7,,,,0.8,,,0.5,
CLASP2,,,,,,,,,,,,0.9,,0.6,,,,,,,,,
CLASRP,,,0.36,,0.23,,,0.75,0.78,,0.92,,,,0.9,,,,0.85,,,,
CLBA1,,,0.0,,0.0,,,0.3,0.6,,0.7,,,,,0.5,,,0.5,0.9,,,
CLC,,,0.0,,0.5,,0.6,,0.7,,0.9,,,,0.7,,,,0.7,,,,
CLCA1,,,0.0,,0.49,,,,0.7,,0.9,,,,0.8,,,,0.8,,,,
CLCA2,,,0.0,,0.99,,,0.2,0.8,,0.9,,,,0.9,,,,0.7,,0.97,,
CLCA3P,,,1.0,,,,,,,,,,,,,,,,,,,0.2,
CLCA4,,,0.0,,0.79,,,,0.73,,0.74,,,,0.9,,,,0.5,1.0,,,
CLCC1,0.7,,0.9,,,,,0.5,,,,,0.8,,0.8,,0.8,,,,,,
CLCF1,,,,0.95,0.0,,0.1,,0.85,,0.9,,,,0.8,,,,0.225,0.77,,,
CLCN1,0.9,,0.0,,0.76,,,,0.6,0.7,0.8,,,,0.75,,,,0.988,1.0,,,
CLCN2,,,0.0,,0.57,0.79,,,0.6,0.4,0.8,,,,,,0.9,,,0.87,,,
CLCN3,,1.0,,1.0,0.9,,0.5,,0.8,0.6,0.9,,,,0.7,0.75,,,0.7,,,0.6,
CLCN4,0.8,,,1.0,0.0,,,,0.8,,0.9,,,,0.7,0.85,0.8,,0.7,0.9,,,
CLCN5,0.8,,,1.0,0.93,,,0.6,0.75,,,,0.9,,,,0.85,,0.7,0.77,,,
CLCN6,,,0.0,,0.43,,0.8,,0.7,0.5,0.9,,,,0.8,,,,0.5,,,0.6,
CLCN7,,,,,,,,,,,,0.7,,0.5,,,,,,,,,
CLCNKA,0.8,,0.0,,0.86,,,0.5,0.7,0.6,0.9,,,,0.8,,0.85,,0.7,,,,
CLCNKB,,,0.0,,,,0.5,0.4,0.5,0.6,0.7,,,,0.7,,0.9,,,1.0,,,
CLDN1,0.8,1.0,0.0,,,,,,,,,,0.9,,0.75,,,,,,,,
CLDN10,0.7,,0.0,,0.62,,,0.6,0.8,,,,0.9,,0.8,,0.85,,0.5,,0.89,,
CLDN11,,,,0.92,0.0,,0.1,,0.6,,0.8,,,,0.7,,,0.7,0.5,0.96,,,0.5
CLDN12,0.8,,0.8,,0.6,,,,0.7,,0.9,,,,,,,,0.5,,,0.6,
CLDN14,,,0.0,,0.96,0.8,0.7,,0.7,,0.6,,,,0.8,,,,0.5,1.0,,,
CLDN15,,,0.8,,0.6,,,,0.7,,0.9,,,,0.9,0.75,,0.8,0.5,,,,
CLDN16,0.8,,0.03,,0.36,,,,0.75,,,,0.9,,0.7,,0.85,,0.61,0.99,,,
CLDN17,,,0.0,,0.5,,,0.2,0.7,,0.9,,,,0.6,,,0.8,0.6,,,,
CLDN18,0.7,,0.0,,0.69,,,0.4,0.8,0.1,0.9,,,,,,,,0.5,1.0,,,
CLDN19,0.8,,,,,,,,,,,,,,,,,,,,,,
CLDN2,,,,,,,,,,,,0.8,,0.6,,,,,,,,,
CLDN20,,,0.0,,0.6,0.8,,,0.7,,0.9,,,,0.8,,,,0.5,,,,
CLDN22,,,0.8,,0.5,,,,0.7,,0.9,,,,0.8,,,0.8,0.6,,,0.4,
CLDN23,,,0.0,,0.94,,0.8,,0.7,,0.9,,,,0.6,,,,0.5,0.96,,,
CLDN24,,,0.0,,0.5,,,,0.6,,0.2,,,,0.7,,,,0.5,0.95,,,
CLDN25,,,0.0,,0.6,,,,0.6,,0.8,,,,0.8,,,,0.5,,,,
CLDN3,,,,0.53,0.16,,0.4,,0.48,,0.72,,,,0.6,0.68,,0.85,0.22,0.97,,,
CLDN34,,,0.0,,0.0,,,,0.6,,,,,,0.7,,,,0.5,,,,
CLDN4,,,0.0,,0.5,,,,0.7,,0.8,,,,,,,,0.7,0.9,,,
CLDN5,,1.0,,0.9,0.0,,,,0.7,,0.8,,,,0.8,,,,0.5,,,,
CLDN6,,,0.0,,0.76,,,,0.7,,0.8,,,,0.7,,,,0.5,,,,
CLDN7,,0.8,0.0,,0.58,,0.5,0.4,0.7,,0.9,,,,0.6,,,0.6,,0.96,,,
CLDN8,,,,,,,,,,,,1.0,,,,,,,,,,,
CLDN9,0.8,,0.0,,0.6,0.7,,,0.7,,,,0.9,,0.8,,,,0.5,,,,
CLDND1,,,0.16,,0.27,,,0.7,0.6,,0.9,,,,0.85,,,,0.5,,,,
CLDND2,,,0.0,,0.5,,,,0.7,,0.9,,,,0.8,,,0.8,0.6,1.0,,,
CLEC10A,,,0.0,,0.69,,,0.4,0.7,,0.9,,,,0.75,0.78,,,0.5,,,,
CLEC11A,,,0.0,,,,0.8,0.6,0.7,,,,0.9,,0.8,0.7,0.75,,,0.84,,,
CLEC12A,,,0.0,,0.87,,0.1,0.7,0.8,,0.9,,,,,,,,0.5,0.99,,,
CLEC12B,,,0.0,,0.66,,,,0.8,,0.9,,,,0.9,,,,0.5,1.0,,,
CLEC14A,,,0.0,,0.71,,,0.5,0.5,,0.9,,,,0.8,,,,0.5,,,,
CLEC16A,0.75,,0.19,,0.24,,0.87,,0.7,,0.9,,,,0.85,,,,0.85,,,0.57,
CLEC17A,,,0.0,,0.52,,,,0.6,,0.85,,,,0.75,,,,0.5,1.0,,,
CLEC18A,,,0.9,,0.6,,,0.5,0.6,,0.8,,,,0.8,,,0.8,0.7,0.96,,,0.6
CLEC18B,,,1.0,,1.0,,,,0.7,,0.8,,,,0.8,,,,0.5,,,,
CLEC18C,,,0.03,,0.53,,,,0.5,,0.61,,,,0.9,,,,0.5,,,,
CLEC19A,,,0.0,,0.0,,,,0.7,,,,,,0.7,,,,0.5,,,,
CLEC1A,0.7,,0.0,,0.6,,,0.4,0.5,,0.9,,,,,0.7,,0.8,0.5,0.9,,,
CLEC1B,,1.0,0.0,,0.89,,,,0.7,,0.8,,,,0.8,0.82,,,0.9,,,,
CLEC20A,,,1.0,,1.0,,,,,,,,,,0.9,,,0.8,0.5,,,0.2,
CLEC2A,,,1.0,,1.0,,,,0.6,,0.9,,,,0.8,0.85,,,0.5,1.0,,,
CLEC2B,,,0.9,,0.52,,,0.75,0.6,,0.8,,,,0.8,0.78,,,0.7,0.86,,,
CLEC2D,,,0.22,,0.27,,,0.73,0.7,,0.219,,,,0.8,,,,0.191,,,,0.6
CLEC2L,,,0.9,,0.5,,,,0.7,,0.8,,,,0.7,,,0.85,0.6,0.95,,,
CLEC3A,,,0.0,,0.6,,,0.7,0.7,,,,,,0.9,,,0.9,0.5,,,,
CLEC3B,,,,,,,,,,,,,,,,,,,,,,,
CLEC4A,,,,,,,,,,,,0.9,,0.7,,,,,,,,,
CLEC4C,,,0.0,,0.8,,,0.4,0.6,0.5,0.7,,,,0.7,,,,0.5,0.97,,,
CLEC4D,,,0.0,,0.94,,,,0.8,,0.9,,,,0.8,0.85,,,0.5,0.99,,,
CLEC4E,,,0.0,,0.75,,,0.4,0.6,0.1,0.8,,,,0.7,,,,0.5,0.99,,,
CLEC4F,,,0.0,,0.91,,0.5,,0.6,,0.7,,,,0.7,,,0.9,0.8,0.95,,,
CLEC4G,,,0.0,,,,0.5,0.3,0.8,,,,0.9,,0.8,,,,,0.97,,,
CLEC4M,,,0.0,,0.69,,0.5,0.6,0.7,,0.9,,,,,,,,0.8,0.97,,,
CLEC5A,,,0.12,,0.32,,,0.67,0.73,,0.87,,,,0.8,0.75,,,0.75,,,,
CLEC6A,,,,,,,,,,,,0.8,,,,,,,,,,,
CLEC7A,0.8,,0.0,,0.5,0.7,,,0.8,,,,0.9,,0.7,,,,0.6,,0.95,,
CLEC9A,,,0.0,,0.69,,,,0.5,,0.95,,,,0.7,,,,0.85,,,,
CLGN,0.75,,0.0,,0.68,,0.9,,0.7,,0.8,,,,0.7,,0.8,,0.5,0.99,,,
CLHC1,,,0.0,,1.0,,,,0.6,,0.9,,,,0.5,0.4,,0.7,0.8,,,,
CLIC1,,,0.0,,0.69,0.42,0.8,0.6,0.7,,0.9,,,,0.85,,,,0.5,0.71,,,
CLIC2,0.8,,0.06,,0.41,,,,0.85,,0.9,,,,0.8,0.75,0.75,,0.75,0.86,,,
CLIC3,,,0.0,,0.4,,,,0.7,,0.8,,,,0.9,0.75,,,0.5,,,,
CLIC4,,,0.0,,0.59,,0.1,0.6,0.7,,0.8,,,,0.8,,,0.9,0.5,0.86,,,
CLIC5,,,0.0,,0.73,,0.5,0.6,0.8,,0.9,,,,0.7,,0.85,,0.5,0.92,,,
CLIC6,,,0.0,,0.65,,,,0.7,,0.9,,,,0.8,0.65,0.75,,0.8,0.92,,,
CLINT1,,,,0.52,0.21,,,0.65,0.8,,0.95,,,,0.7,0.68,,,0.75,0.61,,,
CLIP1,,,,,,,,,,,,0.8,,,,,,,,,,,
CLIP2,0.7,,,1.0,0.09,0.9,,,0.8,0.9,0.85,,,,0.75,,0.85,,0.8,0.76,,,
CLIP3,,,,0.91,0.16,,,0.1,0.8,,0.85,,,,0.6,,,0.9,0.75,,,,0.5
CLIP4,,,0.0,,0.54,,,0.4,0.8,,0.93,,,,0.9,,,0.6,0.7,,,0.56,
CLK1,,,0.0,,0.51,,,,0.7,0.8,0.9,,,,0.8,,,0.9,0.5,,,,0.6
CLK2,,,,1.0,0.05,,,0.75,0.85,0.8,0.9,,,,0.9,,,0.9,0.7,,,,
CLK3,,,,,,,,,,,,,,,,,,,,,,,
CLK4,,,0.0,,0.44,,,,0.7,0.6,0.9,,,,0.7,,,0.9,0.8,0.93,,,
CLLU1,,,0.0,,0.99,,,,0.5,,,,,,,,,,0.1,,,,
CLMN,,,0.0,,0.5,,0.8,0.6,0.7,,0.9,,,,0.9,,,,0.6,0.78,,,
CLMP,,,0.0,,,,0.8,0.5,0.6,,0.7,,,,0.6,,,,0.4,0.9,,,
CLN3,,,0.0,,0.6,,0.75,,0.8,,0.9,,,,,,,,0.5,0.62,,,
CLN5,0.9,,0.0,,,,,,,,,,0.8,,0.75,0.7,0.85,,,0.66,,,
CLN6,1.0,,0.0,,,,,,,,,,0.9,,0.7,,,,,,,,
CLN8,,,0.0,,0.58,,0.5,,0.8,,0.9,,,,0.8,,,,0.5,,,0.6,
CLNK,,,0.0,,0.7,,0.8,,0.6,,0.9,,,,,0.75,,,0.5,,,,
CLNS1A,,,,,,,,,,,,1.0,,0.7,,,,,,,,,
CLOCK,,,,1.0,0.87,,0.5,0.6,0.7,,0.9,,,,,0.75,,,0.5,,,0.6,
CLP1,0.75,,0.16,,0.27,,,0.1,0.8,,,,0.9,,0.8,,,,0.85,,0.7,,
CLPB,,,0.0,,0.34,,0.5,0.6,0.7,,0.9,,,,0.9,,,,0.7,,,,
CLPP,,,,,,,,,,,,,,,,,,,,,,,
CLPS,,1.0,0.06,,0.54,,0.1,0.2,0.8,,0.9,,,,0.8,,,,,1.0,,,
CLPSL1,,,0.0,,0.7,,,0.6,0.5,,,,0.6,,0.9,,,,0.5,,,,
CLPSL2,,,0.19,,0.4,0.73,,,0.6,,,,,,0.85,0.65,,,0.1,,,,
CLPTM1,,,,,,,,,,,,0.9,,,,,,,,,,,
CLPTM1L,,,0.0,,0.4,,0.9,,0.75,,0.85,,,,0.7,,,,0.7,,,0.6,
CLPX,,,,0.91,0.18,0.36,,,0.6,,,,,,0.8,0.7,,,0.63,,,,
CLRN1,0.8,,0.0,,,,,,,,,,0.9,,0.6,,,,,,0.95,,
CLRN2,0.8,,0.0,,0.92,,,,,,,,0.9,,0.7,,,,0.5,,0.96,,
CLRN3,,,,,,,,,,,,0.8,,,,,,,,,,,
CLSPN,,,0.0,,0.28,,,0.2,0.8,,0.9,,,,,0.75,,,0.7,0.97,,,
CLSTN1,,,,0.95,0.85,,,,0.75,,0.9,,,,0.7,,,,0.7,0.77,,,
CLSTN2,,,,,,,,,,,,0.9,,,,,,,,,,,
CLSTN3,,,,0.99,0.15,,,,0.75,,0.92,,,,,,,,0.85,,,,
CLTA,,,,0.97,0.07,,,,0.85,,0.95,,,,0.8,,,,0.99,,,0.53,0.75
CLTB,,,0.37,,0.23,0.36,,,0.95,,0.76,,,,0.7,,0.8,,0.45,,,,0.5
CLTC,,,,,,,,,,,,1.0,,0.7,,,,,,,,,
CLTCL1,0.7,,0.0,,0.78,,,,0.75,,0.9,,,,0.6,,,,0.8,,,,
CLTRN,,,1.0,,1.0,,,,0.7,,0.9,,,,0.9,0.85,,,0.8,1.0,,,
CLU,0.75,,0.0,,0.51,,0.8,0.7,0.7,0.6,0.9,,,,,,,,0.5,0.76,,,
CLUAP1,,,0.0,,,,0.5,0.1,0.9,,,,0.96,,0.8,,,,,,,,0.7
CLUH,,,,0.95,0.8,,,,0.5,,0.6,,,,0.7,,,,0.7,,,0.6,
CLUHP3,,,0.0,,0.0,,,,0.6,,,,,,,,,,0.5,,,0.0,
CLUL1,,,0.0,,0.83,,0.5,,0.6,,0.8,,,,0.8,,,,0.5,0.89,,,
CLVS1,,,,0.86,0.13,,,,0.9,,0.61,,,,0.8,0.78,,,0.71,,,,
CLVS2,,,0.9,,0.5,0.7,,,0.7,,0.8,,,,0.75,0.75,0.8,,0.6,0.99,,,
CLYBL,,,0.0,,,,0.5,,,,,,0.9,,0.7,,0.9,,,,,,
CMA1,,,0.0,,0.6,0.7,,0.75,0.85,0.8,0.9,,,,0.7,,,0.9,0.5,0.93,,,
CMAHP,,,0.0,,0.0,,,,0.6,,,,,,,,,,0.8,,,0.9,
CMAS,,,,0.88,0.16,,,,0.73,,,,0.83,,0.9,,,,0.87,,,,0.6
CMBL,,,0.0,,0.62,,,,0.8,,0.68,,,,0.75,,0.7,,0.5,,,,
CMC1,,,0.1,,0.41,0.51,0.8,,0.7,,0.9,,,,0.6,,,,0.15,,,0.52,
CMC2,,,0.2,,0.37,,,,0.9,,0.59,,,,0.75,,,,0.79,,,0.5,
CMC4,,,,0.53,0.0,,,,0.6,,0.7,,,,0.7,,,,0.1,,,0.2,
CMIP,,,,1.0,0.05,,,0.5,0.6,,0.7,,,,0.8,,,0.8,0.6,,,0.7,
CMKLR1,,,0.9,,,,0.8,0.8,0.7,0.7,0.6,,,,,,,,,0.9,,,
CMPK1,,,,,,,,,,,,,,,,,,,,,,,
CMPK2,,,0.0,,0.85,,,,0.8,,0.9,,,,0.8,,,,0.5,0.76,,,
CMSS1,,,0.0,,0.43,,0.1,0.6,0.7,,0.8,,,,0.9,,,0.5,0.5,,,0.6,
CMTM1,,,0.0,,0.62,,,,0.6,,0.9,,,,0.8,,,,0.5,1.0,,,0.5
CMTM2,,,0.0,,0.92,,,,0.6,,0.9,,,,0.8,,,,0.5,,,,
CMTM3,,,0.0,,1.0,,,,0.8,,0.9,,,,0.8,0.7,,,0.5,,,,
CMTM4,,,,,,,,,,,,0.8,,,,,,,,,,,
CMTM5,,,0.06,,0.41,,,,0.75,,0.83,,,,0.85,,,,0.45,,,,
CMTM6,,,0.43,,0.19,,0.75,,0.8,,0.85,,,,0.7,0.75,,,0.5,0.68,,,
CMTM7,,,0.04,,0.45,,,,0.8,,0.98,,,,0.85,,,,0.88,0.88,,,
CMTM8,,,0.07,,0.38,,0.14,0.56,0.73,,0.71,,,,0.5,,,,0.87,0.82,,,
CMTR1,,,,,,,,,,,,,,,,,,,,,,,
CMTR2,,,0.0,,0.73,,,,0.6,,0.8,,,,0.8,,,,0.5,,,,
CMYA5,,,0.0,,0.76,,,,0.7,,0.9,,,,,0.75,,,0.8,1.0,,,
CNBD1,,,,,,,,,,,,,,,,,,,,,,,
CNBD2,,,0.0,,0.86,,,,0.7,,0.8,,,,,,,,0.5,1.0,,,
CNBP,0.8,1.0,,0.95,0.0,,,0.85,0.7,,,,0.9,,0.8,0.82,0.9,,,,,0.56,
CNDP1,,,0.0,,0.68,,0.1,0.6,0.7,,0.8,,,,0.8,,,,0.5,0.95,,,
CNDP2,,,0.0,,0.63,,,,0.8,,0.9,,,,0.6,0.65,,,0.5,0.63,,,
CNEP1R1,,,,,,,,,,,,0.8,,0.7,,,,,,,,,
CNFN,,,0.03,,0.53,,,,0.67,,0.78,,,,0.9,0.75,,,0.11,0.99,,,
CNGA1,0.8,,0.0,,,,,0.4,0.5,,,,0.7,,0.7,,0.8,,,,0.9,,
CNGA2,,1.0,0.0,,,,,,,,,,0.8,,0.6,0.6,0.9,,,,1.0,,
CNGA3,0.8,,0.0,,0.5,0.6,,0.8,0.6,0.7,0.9,,,,0.8,,0.9,,0.7,0.95,,,
CNGA4,,,0.0,,0.61,,,0.4,0.8,,0.85,,,,0.7,0.65,,,0.75,1.0,,,
CNGB1,0.8,1.0,0.0,,0.92,,,0.5,0.6,,0.7,,,,0.8,0.75,0.9,,,0.97,,,
CNGB3,0.8,,0.0,,,,,,,,,,0.9,,0.8,0.75,0.9,,,,1.0,,
CNIH1,,,,,,,,,,,,,,,,,,,,,,,
CNIH2,0.6,,,0.95,0.0,,,0.2,0.75,,0.9,,,,0.8,,,,0.8,,,,0.7
CNIH3,,,,0.85,0.09,,0.1,0.1,0.85,,0.92,,,,0.8,,,,0.32,0.77,,,
CNIH4,,,0.8,,0.6,,,,0.7,,0.9,,,,0.8,,,,0.5,,,0.6,
CNKSR1,,,0.0,,0.98,,,0.7,0.85,,0.9,,,,0.8,,,,0.9,,,,
CNKSR2,,,,1.0,0.93,0.85,0.5,,0.8,,0.9,,,,0.7,,,,0.7,0.94,,,
CNKSR3,,,0.8,,,,0.6,0.5,0.7,,,,0.9,,0.9,0.75,,,,,0.7,,
CNMD,,,0.0,,0.0,,,,0.7,,0.8,,,,0.6,,,,0.5,,,,
CNN1,,,0.11,,0.3,,,,0.9,,0.93,,,,0.75,0.7,,,0.59,,,,
CNN2,,,,,,,,,,,,0.8,,0.6,,,,,,,,,
CNN3,,,,0.63,0.19,0.72,0.1,0.2,0.7,,0.8,,,,0.5,,,,0.5,0.76,,,
CNNM1,,,,,,,,,,,,0.8,,,,,,,,,,,
CNNM2,,,,0.95,0.8,,0.9,,0.75,,0.8,,,,0.85,,0.9,,0.7,,0.65,,
CNNM3,,,0.0,,0.63,,,,0.7,,0.8,,,,0.9,,,,0.5,,,,
CNNM4,0.8,,0.0,,,,,,,,,,0.9,,0.6,,0.7,,,,0.8,,
CNOT1,,,,1.0,0.0,,0.8,,0.6,,0.7,,,,0.75,0.8,,,,0.7,,,
CNOT10,,,,0.98,0.16,,,0.68,0.73,,0.84,,,,0.9,0.8,,,0.75,,,,
CNOT11,,,,0.5,0.21,,,0.6,0.7,,0.9,,,,0.5,,,,0.8,,,0.6,
CNOT2,,,,,,,,,,,,0.9,,,,,,,,,,,
CNOT3,0.8,1.0,,1.0,0.0,,,0.7,0.6,,,,0.7,,0.7,,,,,,,0.9,
CNOT4,,,,1.0,0.9,,,,0.85,,0.9,,,,0.8,,,,0.7,,,,
CNOT6,,,0.8,,0.5,,,0.4,0.8,,0.9,,,,0.6,,,,0.6,0.7,,,
CNOT6L,,,,,,,,,,,,,,,,,,,,,,,
CNOT7,,,,,,,,,,,,,,,,,,,,,,,
CNOT8,,,0.16,,0.27,,,,0.8,,0.95,,,,0.7,,,,0.58,,,0.56,
CNOT9,,,,,,,,,,,,,,,,,,,,,,,
CNP,0.9,,,0.95,0.8,,,0.5,0.7,,0.75,,,,0.7,,,0.8,0.6,0.9,,,
CNPPD1,,,0.0,,0.71,,,0.5,0.5,,0.61,,,,0.75,,,,0.85,,,0.56,
CNPY1,,,0.0,,0.7,,,,,,,,0.9,,,0.7,,,0.5,,,,
CNPY2,,,0.0,,0.5,,0.5,0.7,0.7,,0.9,,,,0.8,,,,0.6,,,0.6,
CNPY3,0.5,1.0,0.42,,0.22,,,0.7,0.8,,,,0.9,,0.8,,,,,,0.62,,
CNPY4,,,0.0,,0.5,,,,0.7,,0.9,,,,0.8,,,,0.6,,,,
CNR1,0.7,,,,,,,,,,,,,,,,0.9,,,,,,
CNR2,,,0.0,,0.97,,0.75,,0.85,0.8,0.9,,,,0.8,,,,0.5,0.99,,,
CNRIP1,,,,,,,,,,,,0.8,,,,,,,,,,,
CNST,,,,,,,,,,,,0.8,,,,,,,,,,,
CNTD1,,,0.0,,0.39,,,,0.6,,0.9,,,,,,,,0.5,,,,
CNTF,,1.0,0.0,,0.5,,0.2,0.6,0.7,,0.9,,,,0.9,0.75,,,,1.0,,,
CNTFR,,1.0,,0.95,0.11,,0.5,,0.8,0.7,0.9,,,,0.8,,,,,0.8,,,0.6
CNTLN,,,0.0,,0.94,,,,0.7,,0.76,,,,0.9,0.75,,,0.85,0.76,,,
CNTN1,,,,,,,,,,,,0.8,,,,,,,,,,,
CNTN2,,,0.0,,0.28,,0.8,,0.6,,0.9,,,,0.75,,,,0.5,0.94,,,
CNTN3,,,0.0,,0.34,0.72,0.6,,0.5,,0.7,,,,0.8,,,,0.8,0.88,,,
CNTN4,,,,,,,,,,,,0.9,,,,,,,,,,,
CNTN5,,,0.8,,,,0.7,0.5,0.6,,,,0.9,,0.7,0.75,,,,,0.9,,0.6
CNTN6,,,0.0,,0.92,0.9,0.6,,0.5,,0.7,,,,0.8,0.75,,,0.8,,,,
CNTNAP1,,1.0,0.0,,0.31,,0.5,0.6,0.7,,0.8,,,,0.8,0.65,,,0.9,0.92,,,
CNTNAP2,,,0.0,,,,0.8,,0.6,,0.9,,,,0.7,,,,,0.9,,,
CNTNAP3,,,0.0,,0.58,,,0.6,0.7,,0.9,,,,0.9,,,,0.8,0.84,,,
CNTNAP3B,,,0.0,,0.0,,,,0.7,,0.9,,,,0.7,,,0.6,0.8,,,,
CNTNAP4,0.6,,0.0,,,,0.5,,,,,,0.9,,0.8,,,,,,0.97,,
CNTNAP5,,,,0.99,0.18,0.87,0.75,,0.7,,0.8,,,,0.8,,,,0.9,,0.88,,
CNTRL,,,0.0,,0.75,,,,0.75,,0.9,,,,0.6,,,0.6,0.8,0.85,,,
CNTROB,,,0.0,,0.6,,,,0.6,,0.9,,,,0.5,,,,0.8,,,,
COA1,,,,,,,,,,,,0.8,,,,,,,,,,,
COA3,0.8,,0.3,,0.5,,,0.6,0.7,,,,0.9,,0.8,,0.9,,0.5,,,0.6,
COA4,,,0.23,,0.32,,,,0.6,,0.81,,,,0.9,0.65,,,0.87,,,0.48,
COA5,0.8,,0.1,,0.42,,,,0.7,,,,0.6,,0.75,,0.85,,0.74,,,0.49,
COA6,0.8,,0.1,,0.63,,,,0.6,,0.7,,,,0.7,,,,0.5,,,0.5,
COA7,0.8,,1.0,,,,,,,,,,0.9,,0.75,,,,,,,,
COASY,0.9,,0.0,,0.73,,,0.7,0.8,,,,0.9,,0.8,,,,0.8,,,,0.6
COBL,,,0.0,,0.3,,0.8,0.6,0.7,,0.9,,,,0.75,0.7,,,0.9,0.79,,,
COBLL1,,,0.2,,0.3,0.8,0.9,,0.6,,0.7,,,,0.9,0.7,,,0.5,0.8,,,
COCH,,,0.0,,0.58,,0.8,,0.7,,0.9,,,,0.8,,,,0.5,0.93,,,
COG1,0.5,,0.0,,0.42,,,,0.75,,,,0.9,,0.7,,,,0.8,,,,
COG2,0.8,,0.0,,0.4,,,0.7,0.8,,,,0.9,,0.8,,0.9,,0.5,,,0.6,
COG3,,,,,,,,,,,,0.8,,,,,,,,,,,
COG4,,,0.0,,0.51,,0.6,0.6,0.9,,,,,,0.7,,,,0.7,,,0.5,
COG5,,,,,,,,,,,,0.8,,,,,,,,,,,
COG6,,,0.0,,,,0.9,0.75,0.6,,0.7,,,,0.85,0.7,,,,,,0.5,
COG7,0.8,,0.0,,,,,0.6,,,,,0.9,,0.8,,0.9,,,,,,
COG8,0.8,,0.0,,,,,,,,,,0.7,,0.7,,0.9,,,,,,
COIL,,,0.01,,0.33,,,,0.8,,0.91,,,,0.75,,,,0.57,,,,
COL10A1,,1.0,0.0,,0.55,,0.8,0.5,0.7,,0.6,,,,0.8,,,,,0.89,,,
COL11A1,,,,,,,,,,,,0.8,,0.6,,,,,,,,,
COL11A2,,,0.42,,0.23,,0.4,,0.7,,0.9,,,,0.7,,,0.6,0.87,0.95,,,
COL12A1,,,,,,,,,,,,1.0,,,,,,,,,,,
COL13A1,0.5,,0.0,,0.57,,,,0.8,,0.9,,,,0.7,,0.6,,0.7,0.96,,,
COL14A1,,,0.0,,0.41,,,,0.6,,0.9,,,,0.8,,0.75,,0.7,,,,
COL15A1,,,0.0,,0.36,,0.1,,0.8,,0.74,,,,0.7,,,0.9,,,,,
COL16A1,,,0.0,,0.51,,0.7,,0.75,,0.6,,,,0.8,,,,0.8,,,,
COL17A1,,1.0,0.0,,0.6,,0.5,,0.7,,0.9,,,,0.8,,,,,1.0,,,
COL18A1,,,,,,,,,,,,0.9,,0.7,,,,,,,,,
COL19A1,,1.0,0.0,,0.75,,,,0.7,,0.9,,,,0.8,,,,0.8,,,,
COL1A1,0.9,1.0,,1.0,0.95,,,0.5,0.6,,,,,,0.8,,,,,0.95,,,
COL1A2,,,,,,,,,,,,0.8,,0.5,,,,,,,,,
COL20A1,,,0.0,,0.89,,,0.65,0.75,,0.95,,,,0.8,,,,0.85,,,,
COL21A1,,,0.0,,0.73,,0.6,,0.75,,0.8,,,,0.8,,,0.9,0.5,0.94,,,0.7
COL22A1,,,0.0,,0.74,,0.5,,0.7,,0.9,,,,0.8,,,0.85,0.8,1.0,,,
COL23A1,,,0.0,,0.62,,0.1,,0.8,,0.9,,,,0.7,0.5,,,0.5,1.0,,,
COL24A1,,,0.0,,0.76,,0.6,,0.5,,0.7,,,,0.7,,,,0.8,0.87,,,
COL25A1,0.7,,0.0,,0.64,,,,0.8,,0.9,,,,0.8,0.65,,,0.8,0.96,,,
COL26A1,,,0.8,,,,0.7,,,,,,0.9,,0.7,,,,,,0.95,,0.5
COL27A1,0.8,,,0.83,0.21,,,,,,,,0.85,,0.7,,,,0.75,,,,
COL28A1,,,,,,,,,,,,0.8,,0.5,,,,,,,,,
COL2A1,,1.0,,1.0,0.93,,,0.4,0.6,,,,0.7,,0.8,,,,,,,,
COL3A1,0.9,1.0,,1.0,0.04,,,0.5,0.6,,,,0.7,,0.75,,,,,,,,
COL4A1,,1.0,,1.0,0.94,,0.8,,0.7,,0.9,,,,0.7,,,0.8,,0.86,,,
COL4A2,,,,,,,,,,,,1.0,,0.5,,,,,,,,,
COL4A3,,,0.0,,0.38,,,0.4,0.7,,0.9,,,,,,,,,,,,
COL4A4,,,0.0,,0.47,,0.4,0.6,0.7,,0.85,,,,0.75,,,,,,,,
COL4A5,,,,,,,,,,,,0.8,,0.7,,,,,,,,,
COL4A6,0.8,,,0.81,0.21,,,,0.7,,0.9,,,,0.75,0.78,,0.6,0.85,1.0,,,
COL5A1,,,,,,,,,,,,1.0,,0.5,,,,,,,,,
COL5A1-AS1,,,0.0,,0.0,,,,0.5,,,,,,,0.3,,,0.1,,,0.8,
COL5A2,,,,,,,,,,,,0.8,,0.7,,,,,,,,,
COL5A3,0.9,,0.0,,0.47,,,,0.7,,0.9,,,,0.8,0.75,,,0.8,0.76,,,
COL6A1,,,,,,,,,,,,1.0,,0.5,,,,,,,,,
COL6A2,,,0.0,,0.39,,0.5,,0.8,,0.9,,,,0.7,0.65,,0.7,0.7,0.9,,,
COL6A3,,,0.0,,0.44,,0.6,,0.75,,0.9,,,,0.7,0.65,,,0.8,0.97,,,
COL6A5,,,0.0,,0.77,0.0,,,0.7,,,,,,0.7,,,0.8,0.5,0.97,,,0.6
COL6A6,,,,,,,,,,,,0.8,,0.5,,,,,,,,,
COL7A1,,1.0,0.0,,0.53,,0.1,,0.7,,0.9,,,,0.7,,,,,0.94,,,
COL8A1,,,0.36,,0.23,,0.9,,0.8,,0.85,,,,0.9,,,,0.74,0.97,,,
COL8A2,,,0.11,,0.29,,0.8,0.6,0.7,,0.9,,,,,0.7,,,0.7,0.95,,,
COL9A1,0.9,,0.0,,,,,0.6,,,,,0.8,,0.7,0.75,,,,,0.8,,
COL9A2,0.8,,0.0,,,,,,,,,,0.7,,0.8,0.7,,,,,,,
COL9A3,0.8,,0.0,,0.54,0.82,,,0.75,,,,0.9,,0.5,0.65,,,0.7,,0.86,,
COLCA1,,,0.0,,,,0.5,,0.7,,,,,,,,,,,,,0.3,
COLEC10,,,0.0,,0.49,,0.8,0.6,0.7,,0.9,,,,0.8,,,,0.5,1.0,,,
COLEC11,,,0.02,,0.39,0.45,0.8,0.75,0.85,,0.9,,,,0.8,,,0.8,0.54,0.93,,,
COLEC12,,,,0.91,0.17,,0.4,0.5,0.6,,0.8,,,,0.75,,,,0.74,,,,
COLGALT1,0.8,,0.0,,,,,,,,,,0.85,,0.7,,0.9,,,,0.69,,
COLGALT2,,,0.0,,0.59,,,0.7,0.8,,0.9,,,,0.6,,,,0.5,0.83,,,
COLQ,0.7,0.8,0.0,,0.78,,,0.7,0.6,,0.9,,,,0.5,,,,,0.63,,,
COMMD1,,,0.21,,0.29,,0.5,0.8,0.85,,0.75,,,,,0.75,,,,,,0.48,
COMMD10,,,0.0,,0.6,,,0.85,0.8,,0.9,,,,0.9,,,,0.7,,,0.5,
COMMD2,,,0.0,,0.5,,,0.7,0.7,,0.9,,,,0.8,,,,0.6,,,0.6,
COMMD3,,,0.0,,,,0.5,0.7,0.8,,,,0.9,,0.7,0.65,0.8,,,,,,
COMMD4,,,,,,,,,,,,0.8,,,,,,,,,,,
COMMD5,,,0.0,,0.5,,,,0.5,,0.7,,,,0.9,,,,0.6,,,0.6,
COMMD6,,,0.17,,0.32,,,0.85,0.8,,0.8,,,,0.9,0.65,,,0.1,0.7,,,
COMMD7,,,0.0,,0.83,,,,0.6,,0.82,,,,0.9,,,,0.5,,,0.47,
COMMD8,,,0.0,,0.98,,,0.7,0.6,,0.8,,,,0.7,0.75,,,0.5,,,0.55,
COMMD9,,,,,,,,,,,,0.9,,,,,,,,,,,
COMP,0.8,,0.0,,0.54,,,,0.7,,0.9,,,,0.8,,,0.6,0.5,1.0,,,
COMT,,,0.0,,0.88,,0.8,,0.8,0.9,0.6,,,,0.8,,,,,,,0.7,
COMTD1,,,0.0,,0.76,,,0.7,0.8,,0.9,,,,0.9,,,,0.5,,,,
COP1,,,0.0,,,,,,0.5,,,,,,0.7,,,,,,,0.6,
COPA,,,,,,,,,,,,0.9,,0.7,,,,,,,,,
COPB1,,,,1.0,0.9,0.8,0.6,0.5,0.8,,0.9,,,,0.8,,,,0.7,,,,
COPB2,,,,,,,,,,,,0.9,,0.7,,,,,,,,,
COPE,,,,0.92,0.12,,,0.4,0.8,,1.0,,,,0.6,0.75,,,0.308,,,0.47,
COPG1,,,0.11,,0.25,0.81,,0.73,0.76,,0.89,,,,0.8,,,,0.87,,,0.6,
COPG2,,,0.9,,,,0.7,0.5,0.6,,,,0.8,,0.5,0.65,,,0.4,0.6,,,
COPRS,,,0.19,,0.3,,,0.6,0.7,,,,0.8,,0.8,0.65,,,0.5,0.72,,,
COPS2,,1.0,,1.0,0.0,,,0.85,0.7,,0.9,,,,0.8,0.85,,,0.8,,,,
COPS3,,1.0,,1.0,0.96,,,0.7,0.8,,0.9,,,,0.8,0.85,,,0.7,,,0.6,
COPS4,,,,1.0,0.04,,,,0.8,,0.9,,,,0.8,,,,0.7,,,0.6,
COPS5,,1.0,,1.0,1.0,,,0.7,0.7,,,,0.8,,0.9,,,,0.5,,,0.6,
COPS6,,0.9,,0.95,0.8,,,0.8,0.75,,0.7,,,,0.75,,,,0.6,,,0.7,
COPS7A,,,0.18,,0.26,,,,0.67,,0.77,,,,0.9,0.65,,,0.55,,,0.48,
COPS7B,,,,0.63,0.19,,,0.87,0.8,,0.67,,,,0.9,0.75,,,0.66,,,0.54,
COPS8,,1.0,,0.75,0.15,,0.1,0.7,0.8,,0.9,,,,0.8,0.75,,,,,,0.54,
COPS9,,,0.0,,0.0,,,,0.6,,0.8,,,,,,,,0.2,,,0.5,
COPZ1,,,,,,,,,,,,0.8,,,,,,,,,,,
COPZ2,,,0.0,,0.5,,,0.5,0.6,,0.8,,,,0.8,0.6,0.7,,0.7,0.9,,,
COQ10A,,,,,,,,,,,,0.8,,,,,,,,,,,
COQ10B,,,,,,,,,,,,0.8,,,,,,,,,,,
COQ2,0.8,,0.0,,,,,,,,,,0.9,,0.8,,,,,,0.7,,
COQ3,,,0.0,,0.84,,,0.1,0.8,,0.9,,,,0.7,,,,0.5,,,0.6,
COQ4,0.8,,0.0,,0.82,,,,0.6,,,,0.9,,0.8,,,,0.5,,,,0.6
COQ5,0.8,,0.0,,0.55,,,0.6,0.7,,0.9,,,,0.75,,,,0.5,,,0.7,
COQ6,0.8,,0.0,,0.94,,,,0.7,,,,0.9,,,,0.9,,0.5,,,0.6,
COQ7,,,,,,,,,,,,,,,,,,,,,,,
COQ8A,,,,,,,,,,,,0.8,,0.6,,,,,,,,,
COQ8B,0.8,,0.0,,,,,,,,,,0.9,,0.7,,,,,,0.7,,
COQ9,0.8,,0.0,,0.62,,,,0.7,,,,0.9,,0.7,,0.9,,0.5,,,,
CORIN,0.8,,0.0,,,,,,,,,,0.9,,,,0.9,,,,0.95,,
CORO1A,,,,,,,,,,,,0.9,,,,,,,,,,,
CORO1B,,,0.0,,0.47,,,,0.75,,0.9,,,,0.8,0.65,,,0.5,0.66,,,
CORO1C,,,,1.0,0.04,,,0.5,0.6,,0.8,,,,0.7,,,0.8,0.7,,,,
CORO2A,,,,,,,,,,,,0.9,,,,,,,,,,,
CORO2B,,,0.8,,0.3,,,0.5,0.8,,0.9,,,,0.6,,,0.7,0.6,0.9,,,
CORO6,,,0.0,,0.61,,,0.7,0.8,,0.9,,,,0.9,,,0.85,0.5,,,,
CORO7,,,0.0,,,,0.5,,,,,,0.9,,0.7,,,,,,0.6,,0.4
CORT,,,0.9,,0.7,,,0.6,0.7,,0.8,,,,0.9,0.75,,,0.5,0.9,,,
COTL1,,,,,,,,,,,,0.9,,,,,,,,,,,
COX10,0.8,,0.06,,0.31,,,,0.75,,0.9,,,,0.7,,,,0.88,0.65,,,
COX11,,,,,,,,,,,,0.8,,,,,,,,,,,
COX14,,,,,,,,,,,,0.8,,,,,,,,,,,
COX15,,1.0,0.0,,0.89,,,,0.7,,,,,,0.7,,,,0.5,,,0.6,
COX16,,,0.0,,0.5,,,0.5,0.8,,,,0.7,,0.7,,0.8,,0.4,,,0.6,
COX17,,,0.21,,0.35,,,,0.9,,0.8,,,,0.7,0.75,,,0.1,,,0.5,
COX18,,,0.0,,0.5,,0.8,,0.7,,0.9,,,,0.8,,,,0.6,,,0.6,
COX19,,,0.16,,0.48,,,,0.85,,0.92,,,,0.9,,,,0.9,,,0.54,
COX20,0.8,,0.02,,0.62,,,0.6,0.7,,,,0.9,,0.8,,,,0.5,,,0.5,
COX4I1,0.5,,0.38,,0.22,,,0.75,0.85,,,,0.95,,0.8,,,,0.84,,,0.46,
COX4I2,0.5,,0.0,,0.7,,,,0.8,,,,0.95,,0.8,,,,0.171,0.88,,,
COX5A,,,,,,,,,,,,0.8,,0.6,,,,,,,,,
COX5B,,,,,,,,,,,,0.8,,0.6,,,,,,,,,
COX6A1,0.8,,0.0,,0.85,,,0.6,0.7,,,,0.9,,0.8,0.65,,,0.5,,,0.6,
COX6A2,0.5,,0.19,,0.39,,,,0.87,,,,0.82,,0.8,0.75,,,0.97,,0.99,,
COX6B1,,,,,,,,,,,,0.8,,0.6,,,,,,,,,
COX6B2,,,0.0,,0.73,,,,0.8,,0.9,,,,0.8,,,,0.1,,,,
COX6C,,,,,,,,,,,,0.9,,0.6,,,,,,,,,
COX7A1,,,0.0,,0.5,0.7,,,0.6,,0.8,,,,0.8,0.6,,,0.2,0.9,,,
COX7A2,,,,,,,,,,,,0.8,,0.7,,,,,,,,,
COX7A2L,,,0.0,,0.7,,,,0.85,,0.9,,,,0.7,0.75,,,0.5,,,0.6,
COX7A2P2,,,0.0,,0.0,,,,,,,,,,,,,,0.5,,,0.2,
COX7B,0.8,,,0.68,0.0,,,,0.85,,0.9,,,,0.75,,,,0.1,,,0.6,
COX7B2,,,0.0,,0.0,,,,0.7,,0.9,,,,0.8,0.7,,,0.5,1.0,,,
COX7C,,,,,,,,,,,,0.8,,0.6,,,,,,,,,
COX8A,,,,,,,,,,,,0.8,,0.6,,,,,,,,,
COX8C,,,0.11,,0.81,0.56,,,0.75,,0.8,,,,0.9,0.75,,,0.1,1.0,,,
CP,0.8,,0.0,,,,,,,,,,0.9,,0.75,0.7,0.85,,,,0.9,,
CPA1,0.7,,0.0,,0.87,,,,0.6,0.1,0.8,,,,0.7,,0.5,,0.5,1.0,,,
CPA2,,,0.0,,0.97,,0.5,0.6,0.7,,0.9,,,,0.8,,,,0.5,1.0,,,
CPA3,,,0.0,,0.96,,0.5,,0.8,,0.9,,,,0.8,,,,0.75,0.85,,,
CPA4,,,0.0,,,,0.5,,,,,,0.9,,0.75,,0.7,,,,0.97,,
CPA5,,,0.0,,0.41,,0.1,0.7,0.6,,0.8,,,,0.7,,,,0.5,,,,
CPA6,0.8,,0.0,,0.88,,,0.7,0.6,,0.9,,,,0.8,,,,0.5,0.95,,,
CPAMD8,,,,,,,,,,,,0.9,,,,,,,,,,,
CPB1,,,0.0,,0.7,,0.5,,0.7,0.6,0.8,,,,,0.6,,,0.5,1.0,,,
CPB2,,1.0,0.0,,,,0.9,,0.6,0.8,0.7,,,,0.8,,0.9,,,1.0,,,
CPD,,,0.0,,0.29,,,0.5,0.85,,0.9,,,,0.6,0.65,0.7,,0.8,0.75,,,
CPE,,,,,,,,,,,,0.85,,0.75,,,,,,,,,
CPEB1,,,,1.0,0.93,0.85,0.5,0.7,0.8,,0.9,,,,0.8,,,0.9,,0.86,,,
CPEB2,,,0.0,,0.35,,,,0.7,,0.9,,,,0.5,,,,0.8,,,,0.6
CPEB3,,,,1.0,0.04,,,,0.8,,0.9,,,,,,,,0.7,0.77,,,
CPEB4,,,,0.98,0.15,,,,0.75,,0.85,,,,,0.82,,,,,,,
CPED1,,,0.0,,0.8,,0.9,,0.6,,0.7,,,,0.8,0.7,,,0.8,,,,
CPLX1,0.8,,,0.82,0.0,,,0.4,0.67,,,,0.93,,0.7,,,,0.67,0.93,,,
CPLX2,0.6,,,0.54,0.16,,,0.5,0.67,,0.93,,,,0.8,,,,0.67,0.93,,,
CPLX3,,,0.24,,0.27,,0.1,0.85,0.7,,0.91,,,,0.75,0.76,,,0.79,0.97,,,
CPLX4,,,0.0,,0.5,,,0.7,0.7,,0.9,,,,0.8,,,,0.6,,,,
CPM,,,0.0,,0.53,0.79,0.1,0.2,0.6,0.5,0.8,,,,0.7,,,,0.5,0.94,,,
CPN1,,,0.0,,0.73,,0.9,0.6,0.7,0.8,0.9,,,,0.8,,,,0.6,1.0,,,
CPN2,,,0.0,,0.54,,0.6,,0.7,,0.8,,,,0.9,,,,0.5,1.0,,,
CPNE1,,,0.0,,0.81,,0.8,,0.85,,0.9,,,,0.9,0.75,0.8,,0.7,,,,
CPNE2,,,0.0,,0.34,,,0.75,0.6,,0.8,,,,0.7,,,,0.7,,,0.6,
CPNE3,,,0.0,,,,0.1,,0.6,,0.8,,,,0.7,0.6,,,0.5,0.65,,,
CPNE4,,,,,,,,,,,,0.8,,,,,,,,,,,
CPNE5,,,,,,,,,,,,0.9,,,,,,,,,,,
CPNE6,,,,,,,,,,,,0.9,,,,,,,,,,,
CPNE7,,,0.0,,0.5,,,0.5,0.6,,0.8,,,,0.6,,0.8,0.7,0.6,0.9,,,
CPNE8,,,0.18,,0.24,,0.1,,0.8,,0.99,,,,0.7,,,,0.56,0.68,,,
CPNE9,,,,,,,,,,,,0.9,,,,,,,,,,,
CPO,0.7,,0.0,,0.6,,,,0.7,,0.9,,,,0.8,,,,0.5,1.0,,,
CPOX,0.5,,0.18,,0.26,,,,0.8,,,,0.87,,0.7,,,,0.454,,0.81,,
CPPED1,,,0.0,,0.91,,,0.1,0.8,,0.9,,,,0.7,,,,0.5,0.8,,,
CPQ,,,0.0,,0.5,,,,0.8,,0.9,,,,0.6,0.7,,,0.7,0.9,,,
CPS1,,,,,,,,,,,,0.8,,0.6,,,,,,,,,
CPSF1,,,0.0,,0.36,,,,0.7,,0.9,,,,0.8,0.65,,,0.5,0.63,,,
CPSF2,,,0.0,,,,0.8,0.6,0.7,,,,0.9,,0.8,0.7,,,,,,0.7,
CPSF3,,,,,,,,,,,,,,,,,,,,,,,
CPSF4,,,0.28,,0.24,0.41,0.1,0.6,0.8,,0.77,,,,0.8,0.65,,,0.54,,,0.52,
CPSF4L,,,0.0,,0.0,,,0.6,0.7,,0.8,,,,,,,,0.5,0.8,,,
CPSF6,,,,,,,,,,,,,,,,,,,,,,,
CPSF7,0.7,,,1.0,0.04,,,,,,,,0.9,,0.8,0.75,,,0.5,,,,
CPT1A,,1.0,0.0,,,,,0.6,0.7,,0.9,,,,0.8,,0.9,,,0.7,,,
CPT1B,,1.0,0.0,,0.61,,,,0.8,0.6,0.9,,,,0.7,,,,0.7,0.91,,,
CPT1C,0.7,,0.0,,0.48,,,,0.6,,0.8,,,,0.8,0.7,,,0.5,0.87,,,
CPT2,,,0.0,,0.78,,0.5,,0.7,0.9,0.8,,,,0.8,,,,0.5,,,0.6,
CPTP,,,,,,,,,,,,0.8,,0.6,,,,,,,,,
CPVL,,1.0,0.0,,0.74,,0.4,0.6,0.8,,0.9,,,,0.7,,,,0.5,,,,
CPXCR1,,,0.0,,0.0,,0.1,,0.4,,0.9,,,,,0.5,,0.8,0.75,1.0,,,0.6
CPXM1,,,0.0,,0.64,,0.8,,0.6,,0.9,,,,0.7,,0.3,,0.7,0.94,,,
CPXM2,,,0.0,,0.65,,,0.5,0.8,,0.9,,,,0.9,,,,0.7,,,,
CPZ,,,0.0,,0.5,0.7,0.8,0.6,0.7,,0.9,,,,0.9,,,,0.6,1.0,,,0.5
CR1,0.8,,0.0,,0.76,,0.9,,0.75,,0.95,,,,0.7,0.78,,,0.8,1.0,,,
CR1L,,,0.0,,,,0.5,,,,,,0.9,,0.85,0.7,0.8,,,,0.95,,
CR2,0.8,,0.0,,,,,,,,,,0.9,,0.75,,0.85,,,,1.0,,
CRABP1,,,0.01,,0.63,0.41,,,0.93,,0.76,,,,0.75,0.72,,,0.68,0.94,,,
CRABP2,,,0.0,,0.71,,,,0.8,,0.9,,,,0.8,,,,0.5,1.0,,,0.6
CRACR2A,0.7,,0.0,,,,,0.7,,,,,0.9,,,,,,,,,,
CRACR2B,,,0.9,,,,,0.6,,,,,0.85,,,,,,,,0.95,,
CRADD,,1.0,,0.86,0.0,,0.5,,0.7,,0.8,,,,0.9,,,,,,,0.5,
CRAMP1,,,1.0,,1.0,,,0.6,0.7,,0.9,,,,0.8,,,,0.8,0.75,,,
CRAT,,,0.0,,0.7,0.8,0.9,0.5,0.8,,0.9,,,,0.8,,,,0.6,0.82,,,
CRB1,,1.0,0.0,,0.61,,0.6,,0.8,,0.9,,,,0.8,,,,0.7,0.87,,,
CRB2,,,,,,,,,,,,0.8,,0.6,,,,,,,,,
CRB3,,,0.37,,0.21,,,0.1,0.9,,0.79,,,,0.8,,,,0.6,0.89,,,
CRBN,,,0.0,,0.4,,0.8,0.5,0.7,0.6,0.9,,,,0.8,,,,0.5,,,0.6,
CRCP,,,0.0,,0.5,,,0.2,0.6,,0.8,,,,0.8,0.65,,,0.5,,,0.6,
CRCT1,,,,,,,,,,,,,,,,,,,,,,,
CREB1,,1.0,,1.0,0.95,,0.7,0.6,0.8,,0.9,,,,0.85,,,,,0.65,,,
CREB3,0.7,,,,,,,,,,,,,,,,,,,,,,
CREB3L1,0.5,,,0.98,0.1,,,0.6,0.75,,,,0.85,,,0.78,,,0.519,,0.96,,
CREB3L2,,0.8,0.0,,,,,,,,,,0.9,,0.7,,,,,,,,
CREB3L3,,,0.0,,0.5,,,,0.9,,0.8,,,,0.8,,,,0.6,,,,0.7
CREB3L4,,,0.0,,,,0.5,,0.7,,0.8,,,,,,,,,0.9,,,
CREB5,,,,,,,,,,,,1.0,,,,,,,,,,,
CREBBP,,1.0,,1.0,0.97,,0.6,0.5,0.75,0.7,0.9,,,,,,,0.85,,,0.65,,
CREBL2,,,,0.73,,,,,,,,,0.9,,,,,,,,,,
CREBRF,,,,1.0,0.0,0.9,0.5,0.4,0.6,,0.8,,,,,,,,0.7,0.65,,,
CREBZF,,,0.11,,0.33,,,,0.8,,0.76,,,,0.8,0.73,,,0.71,,,,
CREG1,,,0.0,,,,,,,,,,0.9,,0.9,,,,,,0.7,,
CREG2,,,0.0,,0.91,,,,0.7,,0.9,,,,,0.6,,,0.5,,,,
CRELD1,,,0.0,,0.75,,0.5,,0.7,,0.9,,,,0.6,,,0.8,0.5,0.65,,,
CRELD2,,,,,,,,,,,,0.9,,,,,,,,,,,
CREM,,,,0.54,0.2,,0.75,,0.8,,0.9,,,,0.8,,,,0.361,0.92,,,
CRH,0.8,,,0.72,0.0,,,0.4,0.8,,0.9,,,,,,,,0.5,,,,
CRHBP,,,0.23,,0.25,,0.1,0.6,0.7,,0.8,,,,0.8,,,,0.64,0.99,,,
CRHR1,,,,,,,,,,,,,,,,,,,,,,,
CRHR2,,,0.0,,0.92,,,0.4,0.75,0.9,0.8,,,,0.8,0.75,,,0.5,,,,
CRIM1,,,,,,,,,,,,0.8,,,,,,,,,,,
CRIP1,,,0.0,,0.94,,,0.4,0.8,,0.9,,,,0.7,,,,0.1,,,,
CRIP2,,,,,,,,,,,,0.8,,,,,,,,,,,
CRIP3,,,0.0,,0.55,,0.4,,0.6,,0.6,,,,0.5,,,,0.5,,,,
CRIPT,0.8,1.0,0.0,,0.79,,,,,,,,0.9,,0.6,,0.7,,,,,,
CRISP1,,,0.0,,0.84,0.75,,,0.8,,1.0,,,,0.9,,,,0.5,1.0,,,
CRISP2,,,0.0,,,,0.5,0.5,0.6,,,,0.8,,0.9,0.6,0.7,,,1.0,,,
CRISP3,,,0.0,,0.68,,,,0.8,,0.9,,,,0.8,,,,0.5,1.0,,,0.6
CRISPLD1,,,0.0,,0.55,,,,0.7,,0.9,,,,0.8,,,,0.5,1.0,,,
CRISPLD2,,,0.0,,0.56,,0.1,,0.7,,0.9,,,,0.6,,,,0.5,,,,
CRK,,,,,,,,,,,,0.8,,0.6,,,,,,,,,
CRKL,,1.0,0.46,,0.2,,0.1,0.2,0.85,,0.9,,,,0.9,,,0.8,,,,0.49,
CRLF1,0.8,1.0,0.0,,0.54,,,0.5,0.6,,,,0.9,,0.8,,,,,0.99,,,
CRLF2,0.7,,0.0,,0.85,,,,0.7,,0.9,,,,,,,0.8,0.5,0.89,,,
CRLF3,,,0.0,,,,0.5,,,,,,0.89,,0.7,,,,0.6,,0.68,,0.5
CRLS1,,,0.0,,0.47,,,,0.8,,,,1.0,,0.7,,,,0.5,,,0.6,
CRMP1,,,,0.95,0.8,,,,0.85,,,,0.9,,0.8,0.85,,,0.6,0.9,,,
CRNKL1,,,,,,,,,,,,,,,,,,,,,,,
CRNN,,,0.0,,0.76,,0.1,0.4,0.6,,0.7,,,,,,,,0.5,1.0,,,
CROCC,,,,,,,,,,,,0.9,,0.6,,,,,,,,,
CROCC2,,,0.0,,0.0,,,,0.6,,0.8,,,,,0.5,,0.7,0.5,,,,
CROCCP2,,,,,,,,,,,,,,,,,,,,,,,
CROCCP3,,,,,,,,,,,,,,,,,,,,,,,
CROT,,,0.0,,0.86,,,0.6,0.8,,0.9,,,,0.8,,,,0.7,0.7,,,
CRP,,,0.0,,,,0.85,0.6,0.7,,,,0.9,,0.75,,,,,,,,
CRTAC1,,,0.0,,0.5,,0.7,0.7,0.6,,0.9,,,,0.7,,,0.8,0.6,,,,0.5
CRTAM,,,0.0,,0.76,,,,0.8,,0.85,,,,0.8,0.85,,,0.9,,,,
CRTAP,,,0.0,,0.43,,0.5,,0.7,,0.9,,,,0.8,0.65,,,0.5,,,,
CRTC1,,,,,,,,,,,,,,,,,,,,,,,
CRTC2,0.7,,,1.0,0.9,0.85,0.6,0.7,0.8,,0.9,,,,0.8,,,,0.7,0.64,,,
CRTC3,,,,0.87,0.18,,0.4,0.5,0.6,,0.8,,,,0.7,0.7,,,0.75,0.71,,,
CRX,0.8,,,,,,,,,,,,0.9,,,,,,,,1.0,,0.5
CRY1,0.7,,0.0,,0.56,,,0.5,0.6,,,,0.9,,,,,,0.5,0.71,,,
CRY2,,,0.0,,,,0.8,0.6,0.7,,,,0.9,,,,,,,,,0.7,
CRYAA,,,0.14,,0.36,,0.75,0.65,0.6,,0.9,,,,0.5,,,,0.87,1.0,,,
CRYAB,0.7,,0.8,,,,,0.75,,,,,0.9,,0.7,0.78,,,,,0.9,,
CRYBA1,,,0.0,,0.56,0.77,0.5,,0.6,,0.9,,,,,0.65,,,0.5,0.85,,,
CRYBA2,0.8,,0.0,,0.71,,,,,,,,0.9,,,,,,0.5,,0.97,,
CRYBA4,0.5,,0.0,,0.88,,,0.6,0.7,,0.9,,,,,,,,0.5,1.0,,,
CRYBB1,0.8,,0.0,,0.53,0.7,,,0.6,,0.9,,,,0.7,0.65,,,0.5,0.86,,,
CRYBB2,0.8,,0.31,,0.24,,,,0.7,,0.71,,,,,,,,0.41,0.82,,,
CRYBB3,0.8,,0.0,,0.5,,,0.4,0.5,,0.6,,,,0.7,,,,0.7,,0.9,,
CRYBG1,,,1.0,,1.0,,,,0.7,,0.8,,,,0.9,,,,0.5,,,,
CRYBG2,,,1.0,,1.0,,,0.7,0.6,,0.9,,,,0.9,,,,0.8,,,,
CRYBG3,,,0.0,,0.38,,,,0.6,,0.8,,,,0.7,0.5,,,0.5,,,,
CRYGA,,,0.0,,0.5,,,,0.5,,0.8,,,,,,,,0.6,,,,
CRYGB,0.8,,0.0,,0.5,,,,,,,,0.9,,,,,,0.5,,1.0,,
CRYGC,0.8,,0.0,,,,,,,,,,0.9,,,,0.9,,,,1.0,,
CRYGD,0.6,,0.0,,0.75,,,,,,,,0.9,,,,,,0.5,,1.0,,
CRYGN,,,0.0,,0.5,0.7,,0.4,0.5,,0.8,,,,,,,,0.6,,,,0.6
CRYGS,0.8,,0.98,,0.58,,,,0.7,,,,0.9,,,,,,0.5,0.78,,,
CRYL1,,,0.0,,0.64,,,0.6,0.75,,0.8,,,,0.9,,,,0.7,,,0.6,
CRYM,0.8,,0.03,,0.35,0.5853,,,0.65,,0.9,,,,0.6,,0.75,,0.314,0.93,,,
CRYZ,,,0.0,,0.5,,,0.5,0.6,,0.7,,,,0.5,,,0.9,0.6,,,,
CRYZL1,,,0.0,,0.73,,,,0.6,,0.9,,,,0.7,,0.8,,0.5,,,,0.4
CS,,,,0.98,0.13,0.514,0.4,,0.95,,0.8,,,,0.7,,,,0.466,,,0.53,
CSAD,,,,,,,,,,,,1.0,,0.7,,,,,,,,,
CSAG1,,,0.12,,0.68,,,,0.4,,0.36,,,,0.8,,,,0.78,,,,
CSAG3,,,0.0,,0.0,,,,0.6,,,,,,,0.5,,,0.5,,,0.2,
CSDC2,,,0.8,,0.6,,0.3,,0.6,,0.9,,,,0.6,,,,0.5,0.9,,,
CSDE1,,,,,,,,,,,,0.8,,,,,,,,,,,
CSE1L,,1.0,,1.0,0.96,,0.6,,0.65,,0.7,,,,0.9,,,,0.5,0.6,,,
CSF1,,0.95,,0.9,0.8,,0.85,0.5,0.7,0.6,0.75,,,,,,,,,0.9,,,
CSF1R,,1.0,0.11,,0.25,,0.7,,0.75,0.9,0.85,,,,,0.8,,,0.5,0.96,,,
CSF2,,1.0,,0.84,0.0,,0.4,,0.8,0.6,0.9,,,,0.7,,,,,0.97,,,
CSF2RA,0.6,,0.0,,0.75,,,0.5,0.85,0.7,0.9,,,,0.7,,,0.8,0.8,,0.93,,
CSF2RB,,,,,,,,,,,,0.8,,0.6,,,,,,,,,
CSF3,,,0.67,,0.76,,0.9,,0.8,,0.95,,,,0.85,,,,0.85,1.0,,,
CSF3R,,,0.0,,0.55,,0.9,,0.8,0.6,0.7,,,,0.8,,,0.9,0.8,1.0,,,
CSGALNACT1,,,0.0,,0.9,,,0.5,0.6,,,,,,0.6,0.6,,,0.5,0.77,,,
CSGALNACT2,,,0.27,,0.24,,0.1,0.86,0.67,,0.74,,,,0.6,,,,0.54,0.72,,,0.5
CSH1,0.8,,0.0,,,,0.8,0.6,0.7,,,,0.9,,0.7,0.75,,,,1.0,,,
CSH2,,,0.8,,,,0.6,,0.7,,,,0.9,,0.7,,,,,1.0,,,
CSHL1,,,0.0,,0.5,,,0.3,0.6,,0.8,,,,0.8,,,,0.7,1.0,,,0.4
CSK,,1.0,,1.0,0.04,,0.8,0.5,0.7,0.7,0.6,,,,0.8,,,0.9,,0.89,,,0.6
CSKMT,,,0.0,,0.0,,,,0.5,,0.6,,,,,,0.9,0.8,0.5,0.7,,,
CSMD1,,,,1.0,0.85,,,,0.9,,,,,,0.6,0.75,,,0.7,0.5,,0.0,
CSMD2,,,,,,,,,,,,,,,,,,,,,,,
CSMD3,,,,,,,,,,,,0.9,,0.7,,,,,,,,,
CSN1S1,,,0.0,,0.5,,,0.6,0.7,,0.9,,,,0.8,0.75,,,0.8,,,,
CSN2,,,0.0,,0.78,,,0.4,0.8,,0.9,,,,0.85,,,,0.5,1.0,,,
CSN3,,,0.07,,0.5,,,,0.7,,0.8,,,,0.9,0.78,,,0.9,,,,
CSNK1A1,,,,1.0,0.05,,,0.6,0.8,0.7,0.9,,,,0.75,,,0.9,,0.7,,,
CSNK1A1L,,,0.9,,0.6,,,,0.75,,0.85,,,,0.8,,,,0.7,1.0,,,
CSNK1D,0.8,1.0,,1.0,0.95,,,0.6,0.7,0.7,0.6,,,,,,,,,,,0.7,
CSNK1E,,,,1.0,0.0,,,0.7,0.8,0.7,0.9,,,,0.9,,,,0.8,,,,
CSNK1G1,,,,1.0,0.93,,0.6,0.4,0.8,0.5,0.9,,,,0.75,,,0.9,0.7,0.72,,,
CSNK1G2,,,,0.99,0.05,,0.5,0.6,0.7,0.5,0.8,,,,0.7,0.68,,0.9,,,,0.57,
CSNK1G2-AS1,,,0.0,,0.0,,,,0.7,,,,,,,0.3,,,0.5,,,,
CSNK1G3,,,,1.0,0.93,,0.9,0.5,0.7,0.6,0.8,,,,0.8,,,0.9,0.7,,,0.6,
CSNK2A1,0.8,1.0,,0.98,0.87,,,0.5,0.7,0.8,0.9,,,,,,,0.9,,,,0.6,
CSNK2A2,,,,1.0,0.04,,0.7,0.75,0.8,0.6,0.9,,,,,,,0.9,0.5,0.7,,,
CSNK2A3,,,0.0,,,,,,,,,,0.8,,,,,,,,0.7,,
CSNK2B,,,,,,,,,,,,0.8,,0.6,,,,,,,,,
CSPG4,,,0.0,,,,0.5,,,,,,0.8,,,,,,,,0.94,,
CSPG4P5,,,1.0,,1.0,,,,,,,,,,,0.3,,0.5,0.5,,,0.0,
CSPG5,,,,,,,,,,,,0.9,,,,,,,,,,,
CSPP1,0.9,,0.0,,0.69,,,0.7,0.6,,0.7,,,,,0.7,,,0.8,0.62,,,
CSRNP1,,,0.33,,0.23,,,,,,,,,,0.5,,,,,0.78,,,0.8
CSRNP2,,,,0.96,0.11,,,,0.8,,0.85,,,,0.7,,,,0.54,,,0.54,0.6
CSRNP3,,,,0.52,0.21,,0.8,,0.8,,0.99,,,,0.75,,,,0.58,0.82,,,
CSRP1,,,0.0,,0.61,,,,0.7,,0.9,,,,0.6,,,,0.5,0.91,,,
CSRP2,,,0.0,,0.94,,,,0.9,0.75,0.85,,,,0.6,,,,0.5,,,,
CSRP3,,,0.0,,0.68,,0.75,,0.8,,0.9,,,,,0.85,,,,0.99,,,
CST1,,,0.0,,0.7,,0.6,0.7,0.8,,0.9,,,,0.9,,,,0.5,1.0,,,
CST11,,,0.0,,0.5,,,,0.7,,0.8,,,,0.8,,,,0.4,1.0,,,
CST2,,,0.0,,0.6,,0.5,,0.7,,0.8,,,,,0.7,,,0.7,0.94,,,
CST3,,,0.0,,,,0.8,,,,,,0.9,,0.8,,,,,,,0.7,
CST4,,,0.0,,0.6,0.7,0.8,,0.7,,0.9,,,,0.9,0.75,,,0.5,0.99,,,
CST5,,,0.0,,0.6,,0.5,0.7,0.8,,0.9,,,,0.9,,,,0.7,1.0,,,
CST6,,1.0,0.38,,0.21,,0.4,,0.5,,0.6,,,,0.7,0.65,,,,1.0,,,
CST7,,,0.0,,,,0.8,0.5,0.6,,,,0.9,,0.8,0.7,,,,1.0,,,
CST8,,,0.0,,0.74,,,0.7,0.8,,0.9,,,,0.8,,,,0.5,,,,0.6
CST9,,,0.0,,0.7,,0.6,0.6,0.7,,0.9,,,,0.8,,,,0.5,0.9,,,
CST9L,,,0.0,,0.8,0.2,,0.6,0.7,,0.9,,,,0.7,,,,0.5,1.0,,,
CST9LP1,,,1.0,,1.0,,,,,,,,,,,,,,0.5,,,1.0,
CSTA,0.7,,0.0,,,,,0.6,,,,,0.9,,0.8,,,,,,1.0,,
CSTB,0.8,,0.01,,0.97,,,,0.75,,,,0.9,,0.7,,,,0.98,,1.0,,
CSTF1,,,,0.96,0.89,,,0.2,0.65,,0.78,,,,0.7,,,0.75,0.85,,,0.6,
CSTF2,,,,1.0,0.0,,,0.5,0.6,,0.8,,,,0.8,,,0.9,0.7,0.7,,,
CSTF2T,,,0.09,,0.29,,,0.6,0.87,,0.64,,,,0.75,,,,0.61,,,0.52,
CSTF3,,,,1.0,0.85,,,,0.75,,0.9,,,,0.8,,,,0.7,,,0.6,
CSTL1,,,0.0,,0.7,,,0.7,0.6,,0.8,,,,0.8,,,,0.5,1.0,,,
CT45A1,,,1.0,,1.0,,,,0.6,,0.8,,,,0.7,0.6,,,0.5,,,,
CT45A10,,,0.0,,0.0,,,,,,0.8,,,,,,,0.7,0.5,,,0.6,
CT45A2,,,0.0,,,,,,,,,,1.0,,1.0,,,,,,,0.0,
CT45A3,,,0.0,,0.0,,,,0.6,,0.7,,,,0.7,0.5,,0.8,0.5,0.4,,0.2,
CT45A6,,,0.0,,0.0,,,,0.5,,,,,,0.9,0.4,,,0.5,,,,
CT47A1,,,1.0,,1.0,,,,,,0.8,,,,,,,0.9,0.5,0.6,,0.2,
CT47B1,,,0.0,,0.5,,,,0.6,,0.9,,,,,,,,0.5,1.0,,,
CT55,,,1.0,,1.0,,,0.6,0.7,,0.9,,,,,,0.9,,0.8,1.0,,,
CT62,,,0.02,,,,,,0.4,,0.6,,,,,,,,0.68,1.0,,,
CT83,,,0.0,,0.0,,,,0.6,,0.8,,,,0.7,,,0.7,0.5,,,,
CTAG1A,,,0.1,,,,,,0.6,,,,0.9,,,,,,,,,,
CTAG2,,,0.3,,,,,,,,,,,,0.8,,,,,,,,
CTAGE1,,,0.0,,,,0.5,,,,,,0.9,,0.7,,0.7,,,,1.0,,
CTAGE15,,,0.0,,0.0,,,,0.6,,0.8,,,,0.8,,,,0.5,,,0.4,
CTAGE3P,,,0.0,,0.0,,,,0.5,,,,,,,,,,0.5,,,0.2,
CTAGE6,,,0.0,,0.0,,,0.4,0.6,,0.8,,,,0.8,,,,0.5,1.0,,,
CTAGE8,,,1.0,,1.0,,,,,,,,0.9,,0.7,0.85,,,0.8,,,,
CTAGE9,,,0.0,,0.0,,,,,,0.5,,,,0.9,,,0.8,0.5,1.0,,,
CTBP1,0.8,1.0,,0.9,,,,0.7,,,,,0.7,,0.8,,0.9,,,,,,0.6
CTBP2,,1.0,0.0,,,,0.5,,0.8,,,,0.9,,0.6,,,,,,,,
CTBS,,,0.0,,0.74,,,,0.7,,0.9,,,,0.7,0.65,,,0.6,0.65,,,
CTC1,,,0.0,,0.47,,0.5,,0.8,,0.9,,,,,0.75,,,0.6,0.7,,,
CTCF,,1.0,,1.0,0.03,,0.5,,0.6,,0.7,,,,,,,0.9,,,,0.5,
CTCFL,,,0.0,,0.36,,0.1,,0.6,,0.7,,,,,,,,0.8,1.0,,,0.5
CTDNEP1,,,,0.98,0.0,,,0.1,0.9,,1.0,,,,,0.75,,,0.244,,,0.48,
CTDP1,,,0.0,,,,0.8,,0.6,,0.7,,,,0.75,0.7,,,,0.65,,,
CTDSP1,,,,,,,,,,,,,,,,,,,,,,,
CTDSP2,,,0.12,,0.29,,,0.68,0.83,,0.99,,,,0.85,0.7,,,0.54,,,,
CTDSPL,,,0.9,,0.41,,,,0.7,,0.8,,,,,0.75,,,0.5,,,,
CTDSPL2,,,,1.0,0.04,,0.5,,0.6,,0.8,,,,0.9,,,,0.7,0.68,,,
CTF1,,,0.04,,0.78,,0.6,,0.7,,0.8,,,,0.9,,,,0.5,0.84,,,
CTH,0.5,,0.0,,0.61,,,0.2,0.75,0.8,0.9,,,,0.7,,,,0.81,0.92,,,
CTHRC1,0.9,,0.8,,0.76,,,,0.8,,0.9,,,,0.7,,,,0.5,1.0,,,
CTIF,,,,1.0,0.0,,0.8,,0.6,,0.7,,,,0.7,,,,,0.5,,,
CTLA4,,,,,,,,,,,,1.0,,0.7,,,,,,,,,
CTNNA1,,,,,,,,,,,,0.8,,0.6,,,,,,,,,
CTNNA2,,,,,,,,,,,,1.0,,,,,,,,,,,
CTNNA3,,,0.0,,0.61,,0.5,0.7,0.8,,0.9,,,,,,0.8,,0.5,0.96,,,
CTNNAL1,,,,,,,,,,,,0.9,,0.6,,,,,,,,,
CTNNB1,,1.0,,1.0,0.03,,0.8,0.5,0.6,,0.7,,,,,,,,0.7,,,0.4,
CTNNBIP1,,1.0,0.02,,0.55,,,0.7,0.87,,0.99,,,,0.9,0.82,,,0.81,0.96,,,
CTNNBL1,,,0.9,,0.31,,,,0.75,,0.8,,,,0.8,,,,0.6,,,,
CTNND1,,,,1.0,0.08,,0.5,0.7,0.6,,0.9,,,,0.8,,,,0.7,,,,
CTNND2,,,,,,,,,,,,0.8,,,,,,,,,,,
CTNS,,,,,,,,,,,,1.0,,0.8,,,,,,,,,
CTPS1,,,,,,,,,,,,,,,,,,,,,,,
CTPS2,0.85,,,,,,,,,,,,,,,,,,,,,,0.5
CTR9,,,,1.0,0.94,,,,0.85,,0.9,,,,0.8,,,,0.7,,,0.6,
CTRB1,0.7,,0.0,,0.5,,0.8,0.4,0.6,,0.9,,,,0.9,,,0.8,0.7,1.0,,,
CTRB2,,,0.0,,0.8,,0.8,0.3,0.7,,,,,,0.6,,,0.9,0.5,1.0,,,
CTRC,,,0.0,,,,0.8,0.4,0.5,,0.9,,,,0.7,,0.8,,0.5,1.0,,,
CTRL,,,0.0,,0.5,,,0.5,0.7,,0.9,,,,0.7,0.6,,0.8,0.6,1.0,,,
CTSA,0.8,,0.0,,,,,,0.7,,,,0.9,,0.6,0.7,,,,,0.7,,
CTSB,0.8,,0.0,,0.92,0.54,,,0.6,0.4,0.8,,,,0.6,0.65,,,0.5,,,,
CTSC,0.8,,0.0,,0.67,,,,0.7,0.6,0.9,,,,0.75,,0.85,,0.7,,,,
CTSD,0.8,,0.0,,,,,,,,,,0.9,,0.6,,,,,,0.7,,
CTSE,,,,,,,,,,,,,,,,,,,,,,,
CTSF,,,0.0,,0.84,,0.4,,0.6,0.5,0.7,,,,0.6,,,0.8,0.5,0.7,,,
CTSG,,,0.0,,0.78,,,0.5,0.7,0.6,0.9,,,,,,,,0.5,0.92,,,
CTSH,,,0.0,,0.59,,0.5,,0.6,0.4,0.7,,,,0.7,,,,0.5,0.79,,,
CTSK,0.8,,0.0,,,,,0.7,0.75,,,,0.85,,0.8,0.75,,,,,0.86,,
CTSL,,,0.9,,0.4,,,0.5,0.6,0.8,0.7,,,,,,,,0.5,0.79,,,
CTSL3P,0.1,,0.0,,0.0,,,,,,,,,,,,,,0.5,,,0.2,
CTSO,0.9,,0.0,,0.87,0.53,,0.2,0.2,0.1,0.97,,,,0.7,,,,0.64,0.71,,,
CTSS,,,,,,,,,,,,0.9,,0.7,,,,,,,,,
CTSV,,,0.0,,,,,,,,,,0.9,,,,0.6,,,,,,0.5
CTSW,,,0.0,,0.99,,,,0.8,,0.9,,,,0.8,0.75,,,0.7,,,,
CTSZ,,,0.0,,,,0.8,,0.7,0.5,0.9,,,,0.8,,,,0.6,0.7,,,
CTTN,,,,,,,,,,,,1.0,,,,,,,,,,,
CTTNBP2,,,0.0,,,,0.8,,,,,,0.9,,0.7,,0.85,,,,0.7,,
CTTNBP2NL,,,0.9,,0.7,,,,0.65,,0.75,,,,0.7,0.8,0.85,,0.6,,,,
CTU1,,,0.2,,,,0.8,0.5,0.7,,,,0.9,,0.7,0.65,0.8,,,,0.6,,
CTU2,,,0.0,,0.5,,0.6,0.5,0.7,,0.8,,,,0.9,,,,0.8,,,0.6,0.7
CTXN1,,,,,,,,,,,,0.9,,0.7,,,,,,,,,
CTXN2,,,0.0,,0.0,,,,0.5,,,,,,0.7,0.5,,,0.1,,,,
CTXN3,,,0.15,,0.51,0.7745,,,0.6,,,,,,0.8,0.7,,,0.81,,,,
CUBN,,,,,,,,,,,,0.7,,0.5,,,,,,,,,
CUEDC1,,,0.0,,0.72,,,0.6,0.7,,0.9,,,,0.9,,,,0.5,,,,
CUEDC2,,,0.07,,0.3,,,0.6,0.8,,0.9,,,,,0.75,,,0.8,,,0.5,
CUL1,,1.0,,1.0,0.94,,,0.6,0.7,,0.9,,,,,,,,,,,0.6,
CUL2,,,,,,,,,,,,,,,,,,,,,,,
CUL3,,1.0,,1.0,0.9,,0.6,0.7,0.6,,0.5,,,,,,,,,,,,0.5
CUL4A,,1.0,,1.0,0.03,,0.5,0.5,0.7,0.6,0.8,,,,,,,,0.7,0.6,,,
CUL4B,0.7,,,1.0,0.0,,,0.6,0.8,,,,0.9,,,0.8,,,0.8,,,,
CUL5,,,,1.0,0.94,,,0.75,0.8,,0.9,,,,,,,,0.7,,,0.6,
CUL7,0.8,,0.0,,0.59,,,,0.85,,,,0.9,,,,,,,,0.73,,
CUL9,,,,0.99,0.2,,,0.5,0.8,,,,0.95,,,0.8,,,0.85,,,0.75,
CUTA,,,0.0,,0.5,,,0.7,0.6,,0.8,,,,0.9,,,,0.7,,,0.6,
CUTC,,,0.0,,0.46,,,,0.65,,0.8,,,,0.6,,,,0.5,0.89,,,
CUX1,,1.0,,1.0,0.8,,0.9,,0.8,,0.7,,,,0.7,,,,,,,0.6,
CUX2,,1.0,,1.0,0.8,,0.7,,0.8,,0.6,,,,,,,,0.5,,,,
CUZD1,,,0.0,,0.78,,,,0.6,,0.95,,,,0.8,,,,0.5,,,,
CWC15,,,,,,,,,,,,,,,,,,,,,,,
CWC22,,,0.0,,,,0.5,,,,,,0.8,,0.6,0.6,0.9,,,,0.65,,
CWC25,,,0.0,,0.48,,0.5,,0.8,,0.9,,,,0.7,,,,0.5,,,0.2,
CWC27,,,0.0,,0.56,,0.8,,0.75,,0.9,,,,0.8,,,,0.5,,,0.6,
CWF19L1,0.7,,0.0,,0.84,,,,0.6,,,,0.9,,0.7,,,,0.5,,,0.6,
CWF19L2,,,,,,,,,,,,,,,,,,,,,,,
CWH43,,,0.0,,0.92,,,,0.6,,0.9,,,,0.8,,,,0.7,0.95,,,
CX3CL1,0.8,,,0.88,0.09,,0.5,,0.85,,0.9,,,,,,,,0.75,0.84,,,
CX3CR1,,,0.06,,0.41,,,0.2,0.6,0.4,0.9,,,,,,,,0.71,0.88,,,
CXADR,,,,,,,,,,,,1.0,,0.6,,,,,,,,,
CXCL1,,,0.13,,0.36,,0.8,0.5,0.68,,0.9,,,,0.8,,,,0.107,1.0,,,
CXCL10,,,0.39,,0.21,,,0.2,0.85,0.1,0.9,,,,,,,,0.98,0.94,,,
CXCL11,,,0.33,,0.24,,0.5,0.1,0.95,,0.9,,,,0.8,,,,0.94,0.95,,,
CXCL12,,1.0,0.13,,0.37,,0.75,,0.85,,0.9,,,,,0.8,,,,0.85,,,
CXCL13,,,,0.83,0.0,,0.4,0.2,0.7,,0.9,,,,0.6,,,,0.5,1.0,,,
CXCL14,,0.9,0.8,,,,,0.6,0.7,,,,0.9,,0.7,0.75,,,,0.95,,,
CXCL16,,,0.0,,,,0.5,,,,,,0.9,,0.6,0.7,0.8,,,,0.91,,
CXCL17,,,0.9,,,,,,,,0.9,,,,0.8,,,,0.6,,0.99,,
CXCL2,,,0.0,,0.5,,0.8,0.4,0.7,0.6,0.9,,,,0.8,,,,0.2,1.0,,,
CXCL3,,,0.0,,,,0.5,0.6,0.8,,,,0.9,,0.7,0.75,,,,,0.95,,
CXCL5,,,0.0,,0.7,,0.6,0.7,0.8,,0.9,,,,0.8,0.75,,,0.5,1.0,,,
CXCL6,,,0.0,,0.8,,0.7,0.4,0.8,,0.9,,,,0.8,,,,0.5,1.0,,,
CXCL8,0.8,,,,,,,,,,,,,,,,,,,,,,
CXCL9,,,0.0,,0.85,,,0.2,0.8,,0.9,,,,0.7,,,,0.5,0.88,,,
CXCR1,,,0.0,,0.5,,0.7,,0.8,0.9,0.9,,,,0.8,,,0.9,0.6,1.0,,,
CXCR2,,,0.01,,0.6,,0.11,,0.32,0.66,0.64,,,,0.75,0.75,,0.85,0.72,1.0,,,
CXCR3,,,,,,,,,,,,0.9,,0.7,,,,,,,,,
CXCR4,,1.0,0.01,,0.5,,,0.6,0.7,0.9,0.85,,,,,,,,0.5,0.97,,,
CXCR5,,,,0.7,0.12,0.73,0.8,0.2,0.6,0.5,0.9,,,,0.75,0.78,,0.85,0.74,0.99,,,
CXCR6,,,0.0,,0.86,,,0.1,0.6,0.4,0.8,,,,0.7,,,0.9,0.5,,,,
CXORF38,,,0.0,,0.67,,,,,,0.8,,,,0.9,,,,0.5,,,,
CXORF49B,,,0.0,,0.0,,,,,,,,,,0.8,0.4,,,0.5,,,,
CXORF58,,,0.0,,0.82,,,0.2,,,0.9,,,,0.7,,,0.8,0.5,1.0,,,
CXORF65,,,,0.88,0.0,,,,,,0.6,,,,,0.7,,,0.5,1.0,,,
CXORF66,,,0.03,,0.92,,,,,,0.7,,,,0.8,0.6,,,0.5,1.0,,,
CXXC1,,1.0,,0.9,0.8,,,0.5,0.6,,0.8,,,,0.6,,,,0.7,0.7,,,
CXXC4,,,,0.9,0.0,,,,0.11,,,,,,,,,,0.198,,,,0.7
CXXC5,,,,0.89,0.0,,,,0.67,,0.97,,,,0.8,,,,0.64,,,,
CYB561,,,0.45,,0.2,0.8,0.8,,0.7,,0.9,,,,0.75,,,,0.75,0.8,,,
CYB561A3,,,0.9,,0.43,,,,0.6,,0.6,,,,0.8,,,,0.5,0.82,,,
CYB561D1,,,0.0,,0.83,0.61,0.1,,0.7,,0.8,,,,0.7,,,,0.5,0.69,,,
CYB561D2,,,0.0,,0.78,0.46,,,0.6,,0.8,,,,0.7,0.65,,,0.5,,,,
CYB5A,0.8,,0.0,,0.69,,,0.7,0.85,,,,0.9,,0.8,,,,0.5,,0.87,,
CYB5B,,,,,,,,,,,,0.9,,0.7,,,,,,,,,
CYB5D1,,,0.0,,0.5,0.7,,,0.6,,0.8,,,,0.6,,,,0.5,,,0.5,
CYB5D2,,,0.0,,0.82,,,0.7,0.7,,0.9,,,,0.8,,,,0.6,,,0.5,
CYB5R1,,,0.0,,0.83,,,,0.87,,0.89,,,,0.9,,,,0.61,0.77,,,
CYB5R2,,,0.0,,0.5,,,,0.7,,0.9,,,,0.7,,,,0.6,,,,0.6
CYB5R3,,,0.0,,0.51,,0.5,0.4,0.7,,0.9,,,,0.6,,,,0.5,0.75,,,
CYB5R4,,,0.0,,0.64,,,,0.8,,0.9,,,,0.75,0.7,,,0.5,,,,
CYB5RL,,,0.0,,0.7,,,,0.7,,0.8,,,,0.75,,,,0.5,,,,
CYBA,,,0.0,,,,0.5,0.4,0.6,,0.7,,,,0.7,,,,,0.9,,,
CYBB,,,,,,,,,,,,0.9,,0.7,,,,,,,,,
CYBRD1,,,0.01,,0.42,,,0.6,0.8,,0.9,,,,0.75,,,,0.75,,,,
CYC1,,,,,,,,,,,,1.0,,0.7,,,,,,,,,
CYCS,0.8,1.0,,0.65,0.0,,,,0.7,,,,0.9,,0.8,,,,,,,0.5,
CYFIP1,,,,,,,,,,,,,,,,,,,,,,,
CYFIP2,,,,,,,,,,,,,,,,,,,,,,,
CYGB,,,0.1,,0.33,,,,0.85,,0.9,,,,0.8,,,,0.5,0.82,,,
CYLC1,,,,0.93,0.08,,,,0.4,,0.58,,,,0.7,0.75,,,0.65,1.0,,,
CYLC2,,,0.0,,0.85,,,,0.6,,0.8,,,,0.7,0.65,,,0.5,,,,
CYLD,,1.0,,1.0,0.09,,0.8,,0.5,,0.6,,,,,,,,,,,,
CYP11A1,,1.0,0.0,,0.58,,,0.3,0.7,0.8,0.9,,,,0.8,,,,0.6,,,,
CYP11B1,,,,,,,,,,,,,,,,,,,,,,,
CYP11B2,,1.0,0.0,,0.5,,0.5,,0.6,0.6,0.7,,,,,,,,,,1.0,,
CYP17A1,,1.0,0.0,,0.48,,0.9,,0.7,0.8,0.6,,,,0.8,,,,0.5,1.0,,,
CYP19A1,,,0.0,,0.58,0.8,0.9,0.6,0.8,0.9,0.85,,,,0.8,,,,0.6,,,,
CYP1A1,,,0.0,,0.5,,0.8,0.75,0.7,0.6,0.7,,,,,,,,0.5,0.95,,,
CYP1A2,,1.0,0.0,,0.89,,0.5,0.6,0.7,0.3,0.9,,,,,,,,,1.0,,,
CYP1B1,,,0.0,,0.67,,,,0.6,0.4,0.8,,,,,,,,,,,,
CYP20A1,,,0.0,,0.99,,,0.2,0.6,,0.9,,,,0.75,,,0.7,0.5,0.66,,,
CYP21A2,,,,,,,,,,,,0.7,,0.5,,,,,,,,,
CYP24A1,,1.0,0.0,,0.5,,0.9,,0.8,0.6,0.7,,,,0.8,,,,,,,,
CYP26A1,,,,,,,,,,,,0.8,,0.9,,,,,,,,,
CYP26B1,,1.0,,1.0,0.0,,0.5,0.6,0.8,,0.9,,,,,,,,,0.9,,,
CYP26C1,,,0.0,,,,,,0.6,,0.8,,,,0.75,,,,,1.0,,,
CYP27A1,,,0.0,,0.5,,0.8,,0.8,0.7,0.9,,,,0.8,,,0.9,0.6,0.85,,,
CYP27B1,,,0.0,,0.62,0.75,0.5,0.4,0.7,0.6,0.9,,,,,0.65,,,0.5,,,,
CYP27C1,,,,,,,,,,,,0.8,,,,,,,,,,,
CYP2A13,,,0.0,,0.68,0.72,,,0.85,,0.9,,,,0.75,,,,0.5,0.99,,,
CYP2A6,,,0.0,,0.77,,0.9,0.3,0.8,0.6,0.7,,,,0.7,,,0.9,0.5,1.0,,,
CYP2A7,,,0.0,,0.5,0.9,0.6,0.5,0.7,,0.8,,,,0.8,,,,0.7,1.0,,,
CYP2B6,,,0.0,,0.8,,0.8,0.4,0.8,0.5,0.7,,,,0.7,,,,0.491,1.0,,,
CYP2C18,,,0.0,,0.87,,0.8,0.4,0.6,0.5,0.7,,,,0.7,,,0.9,0.8,0.99,,,
CYP2C19,,,0.0,,0.5,,,,0.75,0.8,0.9,,,,0.9,,,,,1.0,,,
CYP2C8,,,0.0,,0.6,,0.7,,0.85,0.9,0.9,,,,0.8,,,,0.5,1.0,,,
CYP2C9,,,0.0,,,,0.9,0.5,0.7,0.7,0.6,,,,0.7,,,,,1.0,,,
CYP2D6,,,0.0,,,,0.8,,0.85,0.9,0.6,,,,,,,,,,1.0,,
CYP2D7,,,0.0,,0.0,,,,0.6,,,,,,,,,,0.5,1.0,,,
CYP2E1,,,0.0,,0.66,,,0.4,0.8,0.5,0.9,,,,0.8,,,,0.5,,,,
CYP2F1,,,0.0,,0.8,0.9,,,0.85,,0.9,,,,0.7,,,,0.5,,,,
CYP2G1P,,,1.0,,1.0,,,,0.8,,,,,,,,,0.9,0.5,,,0.7,
CYP2J2,,,0.0,,0.98,,,0.75,0.8,0.6,0.9,,,,0.8,,,,0.7,0.82,,,
CYP2R1,,,,,,,,,,,,0.8,,0.75,,,,,,,,,
CYP2S1,,,0.0,,0.52,,,0.54,0.76,,0.76,,,,0.9,,,,0.5,,,,
CYP2U1,,,,,,,,,,,,0.8,,0.6,,,,,,,,,
CYP2W1,,,,,,,,,,,,0.8,,0.9,,,,,,,,,
CYP39A1,,,0.0,,0.97,,,0.2,0.75,,0.9,,,,,,,,0.8,,,,
CYP3A4,,,0.0,,0.77,,0.5,,0.9,0.9,0.95,,,,,,,,0.5,1.0,,,
CYP3A43,,,,,,,,,,,,0.8,,0.6,,,,,,,,,
CYP3A5,,,0.0,,0.93,,0.8,0.4,0.7,0.6,0.7,,,,0.8,,,,0.5,0.95,,,
CYP3A7,,,0.0,,0.9,,0.5,0.6,0.8,0.7,0.9,,,,0.7,,,,0.6,1.0,,,
CYP46A1,,,,,,,,,,,,0.8,,0.85,,,,,,,,,
CYP4A11,,,0.0,,0.5,0.68,0.8,,0.7,,0.9,,,,,,,,0.5,,,,
CYP4A22,,,0.0,,0.5,,,0.2,0.6,,0.8,,,,0.7,,,,0.7,1.0,,,0.7
CYP4B1,,,0.0,,0.74,,,0.2,0.7,,0.9,,,,0.75,,,,0.8,,,,
CYP4F11,,,,,,,,,,,,0.8,,0.6,,,,,,,,,
CYP4F12,,,0.0,,1.0,,,0.7,0.9,,,,,,0.8,,,,0.8,,,,0.6
CYP4F2,,,1.0,,0.02,,0.8,,0.65,0.6,0.75,,,,,0.8,,,0.7,,,,
CYP4F22,0.8,,0.0,,0.52,,,,0.85,,0.9,,,,0.8,0.75,0.9,,0.6,0.97,,,
CYP4F3,,,0.0,,0.96,,,,0.15,,0.11,,,,,0.75,,,0.52,,1.0,,
CYP4F30P,,,0.0,,0.0,,,,0.6,,,,,,,0.2,,0.7,0.5,,,0.4,
CYP4F8,,,0.0,,0.0,,,,0.6,,0.7,,,,0.7,0.6,,,0.8,,,,
CYP4V2,,,0.0,,,,0.8,0.5,0.6,,0.7,,,,0.6,0.7,0.8,,,,,0.7,
CYP4X1,,,,,,,,,,,,1.0,,0.7,,,,,,,,,
CYP4Z1,,,0.0,,0.5,0.8,,,0.7,,0.9,,,,0.8,0.7,,,0.6,,,,
CYP4Z2P,,,0.0,,0.0,,,,0.8,,,,,,,,,0.9,0.5,,,0.6,
CYP51A1,,0.8,0.0,,,,,0.4,0.7,,,,,,0.7,0.6,,,,0.9,,,
CYP7A1,,,,,,,,,,,,0.8,,0.9,,,,,,,,,
CYP7B1,0.6,,0.0,,0.58,,,0.5,0.8,,0.9,,,,0.7,,,,0.7,0.84,,,
CYP8B1,,,0.0,,,,0.8,0.5,0.6,,0.7,,,,0.75,,,,0.4,1.0,,,
CYS1,,0.8,0.3,,,,0.5,0.4,0.7,,,,0.6,,0.5,,,,,0.9,,,
CYSLTR1,,,,,,,,,,,,0.9,,0.8,,,,,,,,,
CYSLTR2,,,0.0,,0.96,,,,0.85,0.9,0.8,,,,0.75,0.85,,0.9,0.5,0.88,,,
CYSRT1,,,1.0,,1.0,,,,0.8,,,,,,0.7,,,,0.5,,,,
CYSTM1,,,,,,,,,,,,0.8,,,,,,,,,,,
CYTH1,,,,1.0,0.0,,,,0.6,,0.8,,,,0.8,0.85,,,0.7,0.7,,,
CYTH2,,,,,,,,,,,,0.8,,0.6,,,,,,,,,
CYTH3,,,,0.92,0.14,,0.7,,0.75,,0.85,,,,0.8,0.78,,0.9,0.6,0.7,,,
CYTH4,,,,,,,,,,,,0.9,,,,,,,,,,,
CYTIP,,,0.0,,0.41,,,0.6,0.6,,0.8,,,,0.8,,,0.9,0.5,0.99,,,
CYTL1,,,0.0,,0.6,,0.7,,0.8,,0.9,,,,0.9,0.75,,,0.5,1.0,,,
CYYR1,,,0.0,,0.99,,,0.6,0.8,,0.9,,,,0.8,,,,0.5,,,,
D2HGDH,,,0.06,,0.29,0.48,0.8,0.1,0.87,,0.65,,,,0.6,,,,0.52,0.69,,,
DAAM1,,,,,,,,,,,,0.8,,,,,,,,,,,
DAAM2,,,,1.0,0.98,0.56,0.5,0.6,0.7,,0.9,,,,,,,0.75,,0.84,,,
DAB1,,1.0,,1.0,0.03,,0.5,0.6,0.7,,0.9,,,,0.8,,,,,0.95,,,
DAB2,,0.6,0.4,,,,,0.5,0.65,,,,,,,,,,,,0.88,,0.55
DAB2IP,,,,1.0,0.09,,0.8,0.5,0.7,,0.6,,,,,,,,0.4,0.88,,,
DACH1,,1.0,,1.0,0.0,,0.7,0.5,0.6,,0.8,,,,0.7,,,,,,,0.9,
DACH2,,,0.16,,0.27,,,0.4,0.5,,0.8,,,,,,,,0.6,0.92,,,
DACT1,0.5,1.0,0.4,,0.22,,,,0.8,,,,0.9,,,0.7,,,,,0.89,,
DACT2,0.6,,0.0,,,,,,,,,,0.9,,,,,,0.5,,,,
DACT3,,,0.0,,0.0,,,0.6,0.7,,0.8,,,,,0.6,,,0.5,,,,
DAD1,,,,,,,,,,,,1.0,,0.7,,,,,,,,,
DAG1,,,,0.97,0.1,,0.8,,0.75,,0.9,,,,,,,,0.85,0.66,,,
DAGLA,,,,,,,,,,,,,,,,,,,,,,,
DAGLB,,,0.0,,,,0.8,,,,,,0.9,,0.8,,,,,,,,
DALRD3,0.5,,0.0,,0.79,,,0.3,0.7,,0.8,,,,0.6,,,,0.5,0.72,,,
DANCR,,,0.0,,0.0,,,,0.8,,,,,,,,,,0.5,,,0.2,0.7
DAND5,,1.0,0.0,,,,,,,,,,0.9,,0.7,,,,0.5,,,,
DAO,,,0.0,,0.6,0.7,,0.4,0.7,,0.8,,,,0.6,,,,0.5,,,,
DAOA,,,0.0,,0.9,,,,0.6,,0.75,,,,,,,,0.5,1.0,,,
DAP,0.85,,0.0,,,,0.8,0.5,,,,,0.9,,0.6,,0.75,,,,0.65,,
DAP3,,,0.0,,0.74,,,0.6,0.5,,0.9,,,,0.6,,,,0.8,,,,
DAPK1,,,,,,,,,,,,,,,,,,,,,,,
DAPK2,,,0.0,,0.85,,0.8,,0.7,,0.9,,,,0.8,,,0.8,0.5,0.86,,,
DAPK3,,,0.01,,0.37,,,,0.95,0.6,0.9,,,,0.6,,,0.8,0.454,0.65,,,
DAPL1,,,0.0,,0.7,,,,0.8,,0.9,,,,,0.65,,,0.5,,,,
DAPP1,,,,0.52,0.2,,,0.6,0.8,,0.85,,,,0.9,,,0.75,0.7,0.94,,,
DARS2,0.8,,0.0,,0.66,,,0.3,0.7,,0.9,,,,0.5,,,,0.5,0.81,,,
DAW1,,,0.0,,0.47,,,,0.7,,0.9,,,,0.8,,,,0.5,1.0,,,
DAXX,0.7,0.9,0.1,,,,,0.85,0.75,,,,0.8,,,,,,0.7,,0.6,,0.6
DAZ1,,,0.0,,0.0,,,,0.6,,0.8,,,,0.7,,,,0.5,1.0,,,
DAZ2,,,0.0,,0.0,,,0.7,0.6,,0.8,,,,0.9,,,,0.5,1.0,,,
DAZ3,,,1.0,,1.0,,,,0.7,,0.9,,,,0.5,,,,0.8,,,0.0,
DAZ4,,,0.0,,0.0,,,,0.6,,0.8,,,,0.5,,,,0.5,,,0.0,0.7
DAZAP1,,1.0,,1.0,0.0,,,,0.6,,0.8,,,,0.7,0.85,,0.9,0.7,,,,
DAZAP2,,,,,,,,,,,,,,,,,,,,,,,
DAZL,,,,0.99,0.05,,,,0.7,,0.75,,,,0.6,,,0.85,,1.0,,,
DBF4,,,,,,,,,,,,,,,,,,,,,,,
DBF4B,,,0.0,,0.83,,,0.7,0.8,,0.9,,,,,0.7,,,0.5,0.82,,,
DBH,,1.0,0.0,,0.68,,0.8,0.5,0.6,,0.7,,,,0.7,,,,,1.0,,,
DBI,,1.0,0.0,,,,,,,,,,0.9,,0.8,,,,0.5,,,,0.6
DBN1,,,,,,,,,,,,,,,,,,,,,,,
DBNDD1,,,0.0,,0.84,,0.5,0.6,0.7,,0.8,,,,0.8,,,,0.5,0.9,,,
DBNDD2,,,0.9,,0.5,,,,0.6,,0.8,,,,,,,,0.7,,,,
DBNL,,0.8,0.3,,,,,0.6,0.7,,,,0.9,,0.7,0.65,,,0.5,,,0.7,
DBP,,,0.24,,0.27,,0.5,,0.7,,0.9,,,,,0.55,,,0.5,0.71,,,
DBR1,,,0.0,,0.67,,,0.5,0.67,,0.84,,,,0.8,,,,0.5,,,0.59,
DBT,1.0,1.0,0.0,,0.49,,,,0.8,,,,0.9,,0.7,0.65,,,,,,0.6,
DBX1,,,0.95,,,,0.8,,,,,,0.85,,,,,,,,1.0,,
DBX2,,,0.0,,0.83,,,,0.8,,0.9,,,,,,,0.7,0.5,0.86,,,
DCAF1,0.9,,,,,,,,,,,,,,,,,,,,,,
DCAF10,,,,0.71,0.19,,,0.45,0.4,,0.81,,,,0.9,,,0.6,0.55,,,,
DCAF11,,,0.9,,,,,,0.65,,0.75,,,,0.7,,,,,,,,0.6
DCAF12,,,0.0,,0.48,,0.8,0.7,0.6,,0.9,,,,0.7,,,0.8,0.5,0.71,,,
DCAF12L1,,,,0.96,0.0,,,,0.7,,0.6,,,,,0.75,,,0.5,,,,
DCAF12L2,,,0.0,,0.52,,,0.7,0.8,,0.9,,,,,,,,0.6,,,,
DCAF13,,,,,,,,,,,,,,,,,,,,,,,
DCAF15,,,,,,,,,,,,,,,,,,,,,,,
DCAF16,,,,,,,,,,,,0.9,,0.6,,,,,,,,,
DCAF17,0.8,,0.0,,,,,,,,,,0.9,,0.85,,0.75,,,,0.6,,
DCAF4,,,0.0,,0.47,,0.4,0.7,0.6,,0.8,,,,0.5,,,0.9,0.5,0.61,,,
DCAF4L1,,,0.25,,0.3,,,0.6,0.8,,0.9,,,,,0.65,,,0.75,,1.0,,
DCAF4L2,,,0.0,,,,0.6,0.4,0.5,,,,0.8,,,,,,,,,,
DCAF5,,,,1.0,0.0,0.9,0.8,0.7,0.5,,0.6,,,,0.7,,,0.8,0.7,0.6,,,
DCAF6,,,0.35,,0.23,,,,0.8,,1.0,,,,0.8,,,,0.86,,,,
DCAF7,,,,0.94,0.0,,,0.7,0.8,,0.9,,,,0.8,,,,0.5,,,0.53,
DCAF8,0.9,,,1.0,0.14,,,0.7,0.6,,,,0.7,,0.8,,,,0.6,,,0.5,
DCAF8L1,,,0.0,,0.0,,,,0.6,,0.8,,,,,,,,0.6,,,,
DCAF8L2,,,,0.81,0.1,,,0.6,0.5,,0.58,,,,,,,0.9,0.75,,1.0,,
DCAKD,,,0.06,,0.39,,,,0.8,,0.93,,,,0.9,0.7,,,0.87,,,0.52,
DCANP1,,,0.0,,0.0,,,,0.7,,0.8,,,,,,,,0.5,,,,
DCBLD1,,,0.0,,0.54,,0.5,,0.7,,0.9,,,,0.85,,,,0.5,0.76,,,
DCBLD2,,,,,,,,,,,,1.0,,,,,,,,,,,
DCC,,1.0,,0.95,0.75,,0.9,0.5,0.6,,0.7,,,,0.8,,,,,1.0,,,
DCD,,,0.0,,0.93,,,,0.7,,0.9,,,,0.8,,,,0.5,,,,
DCDC1,,,0.0,,0.79,,0.8,,0.6,,0.9,,,,0.8,,,,0.5,0.97,,,
DCDC2,,,0.0,,0.79,,0.5,,0.8,,0.7,,,,0.6,,,,0.5,0.97,,,
DCDC2B,,,0.0,,0.81,,,0.7,0.6,,0.8,,,,,,,,0.5,,,,
DCDC2C,,,1.0,,1.0,,,,0.6,,0.8,,,,,0.75,,,0.5,,,,
DCHS1,0.8,1.0,,1.0,0.16,,,,0.75,,,,0.85,,0.7,,,,0.6,0.82,,,
DCHS2,,,0.0,,0.86,,0.5,,0.7,,0.6,,,,0.7,,,,0.8,,,,
DCK,,,0.0,,,,,,,,,,,,,,,,,,,,
DCLK1,,,,1.0,0.1,,0.8,,0.6,0.5,0.9,,,,0.8,,,0.9,0.7,0.81,,,
DCLK2,,,,0.96,0.16,,0.5,,0.7,0.5,0.9,,,,0.7,,,0.8,0.76,0.77,,,
DCLK3,,,0.1,,0.28,,0.5,,0.5,0.5,0.75,,,,0.7,,,,0.85,,,,
DCLRE1A,,,0.0,,0.52,,,,0.7,,0.9,,,,0.6,,0.85,,0.8,,,0.6,0.5
DCLRE1B,,,,,,,,,,,,,,,,,,,,,,,
DCLRE1C,0.9,,0.0,,0.47,,,0.8,0.7,,,,0.9,,0.6,,,,0.8,,,,
DCN,,,,,,,,,,,,0.85,,,,,,,,,,,
DCP1A,,,,0.89,0.16,,0.4,,0.7,,0.6,,,,0.6,,,,0.5,,,0.3,
DCP1B,,,0.0,,0.69,,0.2,,0.7,,0.8,,,,0.6,,,0.5,0.6,0.73,,,
DCP2,,,,,,,,,,,,,,,,,,,,,,,
DCPS,,,0.0,,0.79,,0.5,,0.6,0.5,0.8,,,,0.8,,,,0.67,0.66,,,
DCST1,,,0.0,,0.85,,0.5,,0.6,,0.8,,,,0.7,0.75,,0.8,0.7,1.0,,,
DCST2,,,0.0,,,,0.8,,,,,,0.9,,0.8,,,,,,0.9,,
DCSTAMP,,,0.0,,0.69,,,,0.7,,0.84,,,,0.5,,,,0.5,,,,
DCT,,,0.0,,,,0.8,0.6,0.85,,0.9,,,,0.9,,,,,,1.0,,
DCTD,,,0.0,,0.67,,,,0.8,,0.9,,,,0.8,,0.9,,0.5,,,0.6,
DCTN1,0.8,1.0,0.1,,0.24,,,0.75,0.85,,,,0.9,,,,,,,,,0.56,0.7
DCTN2,0.6,,,1.0,0.08,0.9,,0.7,0.6,,0.8,,,,0.8,,,,0.7,,,0.5,
DCTN3,,,0.0,,0.97,,,0.6,0.8,,0.9,,,,0.5,,,,0.5,,,0.5,
DCTN4,,,,0.69,0.2,,,0.5,0.88,,0.8,,,,0.7,,,,0.92,,,0.49,
DCTN5,,,0.01,,0.48,,,0.68,0.8,,0.53,,,,,0.6,,,0.91,,,0.52,
DCTN6,,,0.06,,0.34,0.4288,,0.5,0.85,,1.0,,,,0.9,,,,0.19,,,0.5,
DCTPP1,,,,,,,,,,,,,,,,,,,,,,,
DCUN1D1,,,,,,,,,,,,,,,,,,,,,,,
DCUN1D2,,,0.0,,0.94,,,0.7,0.6,,0.85,,,,0.9,,,,0.5,0.64,,,
DCUN1D3,,,,,,,,,,,,,,,,,,,,,,,
DCUN1D4,,,0.05,,0.3,,,0.4,0.7,,0.8,,,,,0.65,,,0.73,,,0.53,
DCUN1D5,,,,0.99,0.0,,0.5,,0.6,,0.7,,,,0.8,0.75,,,,0.63,,,
DCX,0.8,1.0,0.34,,0.23,,,0.6,0.7,,,,0.9,,0.7,,,,,0.89,,,
DCXR,0.8,,0.0,,0.87,,,,0.75,,,,0.9,,0.7,,,,0.5,,0.97,,
DDA1,,,,,,,,,,,,,,,,,,,,,,,
DDAH1,,0.9,0.8,,,,0.7,,0.7,0.6,0.8,,,,0.75,,,,,0.9,,,
DDAH2,,,0.9,,0.5,0.7,,0.6,0.7,,0.8,,,,0.5,,0.7,,0.6,,,,0.5
DDB1,,,,1.0,0.12,,,,0.7,0.6,0.9,,,,,,,,0.7,,,,
DDB2,,,0.0,,,,,0.5,0.6,,0.7,,,,,0.75,,,,0.73,,,
DDC,,1.0,0.0,,0.58,,0.7,,0.85,0.9,0.8,,,,0.8,,,,,0.99,,,
DDHD1,,,,0.97,0.17,,0.8,0.65,0.7,,0.6,,,,,0.78,,,,0.77,,,
DDHD2,0.8,,0.0,,0.55,,,0.6,0.8,,,,0.9,,0.75,,0.85,,0.5,,,0.7,
DDI1,,,0.0,,0.5,,,0.7,0.6,,0.9,,,,0.7,,,,0.7,1.0,,,
DDI2,,,,1.0,0.04,,,0.4,0.6,,0.8,,,,0.7,0.75,0.8,,0.7,0.65,,,
DDIAS,,,0.9,,0.95,,,,0.6,,0.8,,,,0.75,,,,0.7,,,,
DDIT3,,,,0.62,0.14,,,,0.8,,0.9,,,,,,,,0.5,,,0.52,
DDIT4,,,0.0,,0.64,,,,0.8,,0.9,,,,0.7,,,,0.5,0.8,,,
DDIT4L,,,0.0,,0.8,,,0.3,0.7,,0.9,,,,0.9,,,,0.5,,,,
DDN,,,0.34,,0.23,,,,0.9,,0.8,,,,0.7,0.75,,,0.711,0.93,,,
DDO,,,0.0,,0.81,,0.8,,0.7,,0.9,,,,0.6,,0.85,,0.5,,,,
DDOST,,,,,,,,,,,,0.9,,0.6,,,,,,,,,
DDR1,,,0.0,,,,0.8,,0.7,0.6,0.9,,,,,,,,,,0.7,,
DDR2,0.8,,,0.88,0.19,,,,0.6,0.7,0.9,,,,0.75,,,0.9,0.85,0.82,,,
DDRGK1,,,0.0,,0.64,,0.8,0.75,0.7,,0.9,,,,,,,,0.5,,,0.6,
DDT,,,,,,,,,,,,,,,,,,,,,,,
DDTL,,,0.33,,0.0,,,,0.8,,,,,,0.9,0.6,,,0.5,,,,
DDX1,,,,1.0,0.13,,0.6,0.6,0.7,,0.9,,,,,0.8,,,0.5,,,0.5,
DDX10,,,0.0,,0.72,,,,0.6,,0.8,,,,0.7,0.7,,,0.7,,,0.56,
DDX11,0.8,,0.0,,,,,,,,,,0.9,,,,0.9,,,,0.6,,
DDX11L8,,,1.0,,1.0,,,,,,,,,,,,,0.8,0.7,,,0.5,
DDX12P,,,1.0,,1.0,1.0,,,0.6,,,,,,,,,0.9,0.8,,,0.5,
DDX17,0.75,1.0,,1.0,0.9,,,0.7,0.8,,0.7,,,,,,0.9,0.9,0.6,,,,0.8
DDX18,,,0.31,,0.23,,,,0.8,,0.53,,,,0.7,,,,0.67,,,,
DDX19A,,,,0.86,0.18,,0.1,0.7,0.5,,0.63,,,,0.7,,,,0.48,,,0.52,
DDX19B,,,0.0,,0.54,,,0.7,0.8,,0.9,,,,0.75,,,,0.5,0.65,,,
DDX20,,1.0,0.0,,0.74,,,0.8,0.7,,0.9,,,,0.8,,,,0.8,1.0,,,
DDX21,,,,1.0,0.93,,,,0.8,,0.9,,,,0.75,,,,0.7,0.76,,,
DDX23,,,,,,,,,,,,,,,,,,,,,,,
DDX24,,,,0.77,0.2,,,,0.8,,0.9,,,,0.9,0.78,,,0.85,,,0.5,
DDX25,,,0.0,,0.98,,,,0.7,,0.9,,,,0.6,,0.85,,0.5,,,,
DDX27,,,0.47,,0.22,,0.1,,0.6,,0.7,,,,,0.65,,,0.5,0.61,,,
DDX28,,,0.0,,0.9,,,0.7,0.6,,0.9,,,,0.8,,,,0.8,0.65,,,
DDX31,,,0.0,,0.59,,,0.8,0.7,,0.8,,,,0.9,,,0.6,0.7,,,,
DDX39A,,,,0.62,0.2,,,0.75,0.87,,0.96,,,,0.9,,,,0.85,0.82,,,
DDX39B,0.7,,,1.0,0.95,,0.8,,0.7,,0.9,,,,,0.75,,,0.6,0.64,,,
DDX3X,0.7,,,1.0,0.0,,,,0.8,,,,0.9,,,,,,0.8,,0.6,,0.7
DDX3Y,0.9,,,0.97,0.0,,,,0.8,,0.9,,,,0.8,0.85,,,0.8,0.71,,,
DDX4,,,,1.0,0.13,,,,0.8,,0.9,,,,0.8,0.85,,,0.7,1.0,,,
DDX41,,,,,,,,,,,,,,,,,,,,,,,
DDX42,,,,,,,,,,,,,,,,,,,,,,,
DDX43,,,0.0,,0.38,,,0.2,0.7,,0.9,,,,0.8,,,,0.7,,,,
DDX46,,,,,,,,,,,,,,,,,,,,,,,
DDX47,,,0.0,,0.68,,,,0.6,,0.8,,,,0.5,,,0.85,0.7,0.8,,,
DDX49,,,0.0,,0.86,,,,0.8,,,,0.9,,0.8,,,,0.6,,,,
DDX5,,,,,,,,,,,,,,0.7,,,,,,,,,
DDX50,,,0.0,,0.42,,,0.8,0.7,,0.9,,,,,0.75,,,0.7,0.65,,,
DDX51,,,0.0,,0.68,,,,0.8,,0.77,,,,0.8,,,0.9,0.5,,,0.56,
DDX52,,,,,,,,,,,,,,,,,,,,,,,
DDX53,,,,0.68,0.0,0.7723,,,0.5,,0.123,,,,,0.75,,0.8,0.631,1.0,,,
DDX54,,,0.0,,0.48,,,0.7,0.8,,0.9,,,,0.8,,,,0.5,,,,0.7
DDX55,,,0.0,,0.6,,,,0.7,,0.9,,,,0.5,,0.8,,0.8,,,,0.7
DDX56,,,0.0,,0.55,,,,0.8,,0.9,,,,0.9,,,,0.7,0.62,,,
DDX59,,,0.0,,0.56,,0.4,,0.7,,0.9,,,,0.5,,,,0.8,0.64,,,
DDX6,,,,,,,,,,,,0.8,,0.7,,,,,,,,,
DDX60,,,0.0,,0.45,,,0.6,0.8,,0.9,,,,0.8,0.85,,0.9,0.7,0.73,,,
DDX60L,,,0.0,,0.8,,,,0.6,,0.72,,,,0.9,,,,0.85,,,,
DEAF1,,,,,,,,,,,,0.9,,0.7,,,,,,,,,
DECR1,,,0.0,,0.5,,,,0.7,,0.8,,,,0.8,,,0.9,0.7,,,0.6,
DECR2,,,0.0,,0.5,,,0.3,0.7,,0.8,,,,0.6,,,0.5,0.6,0.7,,,
DEDD,,,,0.97,0.07,,,,0.6,,0.9,,,,0.8,0.72,,,0.75,,,0.53,
DEDD2,,,0.06,,0.34,,,,0.73,,0.85,,,,0.5,0.7,,,0.65,,,,
DEF6,,,,,,,,,,,,1.0,,,,,,,,,,,
DEF8,,,0.0,,,,0.8,0.6,0.7,,,,0.9,,0.7,0.7,0.8,,,,,0.5,
DEFA1B,,,0.1,,,,,,,,,,,,,,,,,,,,
DEFA3,,,0.1,,0.5,,,0.1,0.8,,0.9,,,,,,,,0.2,1.0,,,
DEFA4,,,0.48,,0.0,,,,0.9,,0.88,,,,0.75,,,,0.97,,,,
DEFA5,0.6,,0.0,,,,,,,,,,,,,,,,,,,,
DEFA6,,,0.0,,0.8,,,0.7,0.6,,0.7,,,,,0.85,,,0.5,1.0,,,
DEFB1,,,,,,,,,,,,1.0,,0.8,,,,,,,,,
DEFB103B,,,0.0,,,,,0.5,,,,,,,,,,,,,,,
DEFB104B,,,0.0,,0.0,,,,,,,,0.9,,,,,,0.5,,,0.2,
DEFB105B,,,0.0,,0.0,,,,0.6,,0.8,,,,,0.5,,,0.1,,,0.0,
DEFB106B,,,0.0,,,,,,,,,,0.9,,,,,,,,,,
DEFB107B,,,0.0,,0.0,,,,0.6,,0.8,,,,,0.5,,,0.1,,,0.2,
DEFB108A,,,0.0,,0.0,,,,0.5,,,,,,,,,,0.1,,,0.8,
DEFB108B,,,0.0,,0.8,,,,0.6,,0.7,,,,0.8,,,,0.5,0.4,,0.2,
DEFB109B,,,1.0,,1.0,,,,0.5,,,,,,0.8,0.7,,,0.5,,,,
DEFB110,,,0.9,,0.6,,,,0.7,,0.8,,,,0.8,,,,0.2,,,0.5,
DEFB112,,,0.8,,0.4,,0.7,,0.6,,0.9,,,,,,,,0.5,,,0.5,
DEFB113,,,0.1,,0.96,,,,0.7,,,,0.75,,0.8,,,,0.2,,,0.0,
DEFB114,,,0.1,,0.5,,,,0.5,,0.6,,,,0.8,,,,0.2,,,0.0,
DEFB115,,,0.0,,0.8,,,,0.7,,0.9,,,,0.8,0.7,,,0.5,,,0.6,
DEFB116,,,0.0,,0.5,,,,0.5,,0.6,,,,0.7,,,,0.3,,,0.8,
DEFB118,,,0.1,,0.88,,,,0.6,,0.7,,,,0.8,,,,0.75,,,,
DEFB119,,,0.1,,0.5,,,,0.7,,0.9,,,,0.8,,,,0.6,,,,
DEFB121,,,0.1,,0.5,,,0.6,0.7,,0.8,,,,0.8,,,,0.2,,,,
DEFB123,,,0.42,,0.0,0.52,,,0.78,,,,,,0.8,,,,0.67,,,,
DEFB124,,,0.3,,0.7,,,,0.6,,0.9,,,,0.7,,,,0.5,,,,
DEFB125,,,0.8,,0.4,,,,0.7,,0.9,,,,0.8,0.75,,,0.6,,,,
DEFB126,,,0.42,,0.0,,,,0.7,,1.0,,,,1.0,,,,0.11,,,,
DEFB127,,,0.4,,0.0,,,0.7,0.6,,0.75,,,,0.8,0.78,,,0.99,1.0,,,
DEFB128,,,0.41,,0.0,,,,0.5,,,,,,1.0,0.75,,,0.93,,,0.0,
DEFB129,,,0.1,,0.87,,,,0.8,,0.9,,,,0.75,0.8,,,0.91,,,,
DEFB130A,,,1.0,,1.0,,,,0.8,,,,,,0.8,,,,0.5,,,0.9,
DEFB131A,,,1.0,,1.0,,,,0.5,,0.6,,,,0.8,,,,0.5,,,,
DEFB131B,,,0.0,,0.0,,,,,,,,,,,,,,0.1,1.0,,,
DEFB132,,,0.0,,0.8,,,,0.75,,0.85,,,,0.8,,,,0.7,,,,
DEFB133,,,0.0,,0.0,,,,0.6,,,,0.8,,,,,,0.5,,,0.2,
DEFB134,,,0.1,,0.6,,,,0.7,,0.8,,,,0.8,,,,0.2,,1.0,,
DEFB135,,,0.0,,0.1,0.6,0.5,,0.6,,0.7,,,,0.8,,,,0.2,1.0,,,
DEFB136,,,0.2,,,,,,,,,,0.8,,0.8,0.75,,,,1.0,,,
DEFB4A,,,0.0,,0.2,,,0.5,0.7,,0.8,,,,0.8,,,,0.1,,,,
DEGS1,0.5,,0.15,,0.3,,,0.6,0.85,,0.9,,,,0.8,,0.75,,0.8,0.99,,,
DEGS2,,,0.0,,0.56,,,,0.8,,0.9,,,,0.8,0.75,,,0.5,0.95,,,
DEK,,,0.13,,0.27,,,,0.81,,0.91,,,,0.9,0.75,,,0.75,0.69,,,
DENND1A,,,,,,,,,,,,0.8,,0.6,,,,,,,,,
DENND1B,,,0.5,,0.21,,0.7,0.2,0.6,,0.9,,,,0.7,,,,0.8,,,0.6,
DENND1C,,,0.0,,0.44,,,,0.9,,0.66,,,,0.7,,,,0.8,,0.96,,
DENND2A,,,0.04,,0.26,,,,0.73,,0.68,,,,,0.65,,,0.5,0.79,,,
DENND2C,,,0.0,,0.51,,,0.6,0.7,,0.9,,,,0.8,,,,0.8,0.95,,,
DENND2D,,,0.0,,0.38,,0.1,0.7,0.8,,0.9,,,,0.7,,,,0.5,0.93,,,
DENND3,,,0.0,,0.49,,0.5,,0.8,,0.9,,,,0.8,,,0.85,0.7,0.77,,,
DENND4A,,,,1.0,0.17,,0.9,,0.6,,0.7,,,,0.9,,,0.8,0.8,0.72,,,
DENND4B,,,,0.99,0.18,,,,0.7,,0.8,,,,0.9,,,0.9,0.6,0.6,,,
DENND4C,,,0.0,,0.28,,,,0.8,,,,,,0.8,,,,0.7,,,,
DENND5A,0.7,,0.04,,0.25,,,,0.85,,,,0.9,,0.6,,0.75,,0.8,0.63,,,
DENND5B,,,,1.0,0.93,,,,0.7,,,,0.9,,0.75,0.82,0.85,,0.6,0.81,,,
DENND6A,,,0.0,,0.32,,,0.6,0.7,,0.8,,,,0.7,,,,0.5,,,,
DENND6B,,,0.8,,0.6,,,,0.6,,0.7,,,,0.8,,,,0.5,,,,
DENR,,,,,,,,,,,,,,,,,,,,,,,
DEPDC1,,,0.0,,0.56,,,0.4,0.8,,0.9,,,,0.7,,,,0.5,0.97,,,
DEPDC1B,,,0.0,,0.68,0.7,0.5,,0.6,,0.8,,,,0.9,,,0.9,0.5,,1.0,,
DEPDC4,,,0.0,,0.5,0.6,,,0.6,,0.8,,,,,,,,0.7,,,,
DEPDC5,,,,,,,,,,,,,,,,,,,,,,,
DEPDC7,,,0.0,,0.74,,,,0.7,,0.8,,,,0.75,,,,0.5,,,,
DEPP1,,,0.0,,0.0,,,,0.6,,0.7,,,,,,,,0.5,0.92,,,
DEPTOR,,,0.0,,0.96,0.78,,,0.7,0.6,0.9,,,,0.75,0.72,,,0.5,0.88,,,
DERA,,,0.0,,0.52,,,,0.8,,0.9,,,,0.8,,,,0.5,,,0.6,
DERL1,,,,,,,,,,,,1.0,,0.7,,,,,,,,,
DERL2,,1.0,,0.96,0.07,,,0.1,0.6,,0.8,,,,,,,,0.5,0.6,,,
DERL3,,,0.0,,,,0.8,,,,,,0.9,,0.9,0.78,,,,0.92,,,
DES,0.8,,0.01,,0.34,,,,0.8,,0.99,,,,0.7,0.75,,,0.47,,,,
DESI1,,,0.0,,0.56,0.44,0.1,,0.6,,0.8,,,,0.8,,,,0.5,,,0.5,
DESI2,,,,0.86,0.09,,,0.4,0.7,,0.75,,,,0.9,,,,0.5,0.68,,,
DET1,,,,0.64,0.19,,0.1,0.78,0.72,,0.84,,,,0.9,,,,0.55,0.72,,,
DEUP1,0.4,,0.0,,0.0,,,0.7,0.6,,0.8,,,,,,,,0.5,1.0,,,
DEXI,,,,,,,,,,,,,,,,,,,,,,,
DFFA,,,0.0,,,,0.5,0.6,0.8,,,,0.9,,0.8,0.7,,,,,,0.7,
DFFB,,,0.0,,0.63,0.48,,0.6,0.8,,0.9,,,,0.7,,,,0.5,,,,
DGAT1,,,,,,,,,,,,0.8,,0.7,,,,,,,,,
DGAT2,,1.0,0.0,,,,,,0.7,0.8,0.9,,,,0.8,0.85,,,0.5,0.93,,,
DGAT2L6,,,0.0,,0.5,,,,0.7,,0.8,,,,0.8,0.65,0.6,,0.6,0.9,,,
DGAT2L7P,,,0.0,,0.0,,,,0.7,,,,,,,,,,0.5,,,0.3,
DGCR2,,,0.0,,0.57,,,,0.7,,0.8,,,,0.6,,,,0.5,,,0.5,0.5
DGCR6,0.8,,0.0,,0.5,,,,0.7,,0.9,,,,0.8,,,,0.6,,,,
DGCR6L,0.6,,0.0,,0.71,,,,0.5,,0.9,,,,0.8,,,,0.5,,0.5,,
DGCR8,,1.0,,1.0,0.08,0.8,0.5,0.9,0.85,,0.9,,,,0.8,,,,,0.71,,,
DGKA,,,,,,,,,,,,0.8,,0.75,,,,,,,,,
DGKB,,,,0.82,0.2,,0.9,,0.75,,0.85,,,,0.8,,,,0.8,0.94,,,
DGKD,,1.0,0.2,,0.23,,0.6,,0.9,,0.8,,,,0.75,0.7,,,,0.81,,,
DGKE,0.8,,0.0,,0.45,,,,0.85,,0.9,,,,0.8,,,,0.5,0.66,,,
DGKG,0.7,,0.0,,,,0.8,0.6,0.7,,,,0.9,,0.75,0.7,0.85,,,0.96,,,
DGKH,0.7,,0.9,,,,0.8,,0.7,,,,0.9,,0.8,,,,,,0.6,,0.75
DGKI,,,,0.97,0.19,,,,0.72,,0.76,,,,0.5,,0.8,,0.85,0.93,,,
DGKK,,,0.0,,0.0,,,,0.7,,0.8,,,,0.8,,,,0.5,,,0.2,
DGKQ,0.7,,0.0,,,,0.8,,,,,,0.9,,0.75,,,,,,,,
DGKZ,,,,,,,,,,,,0.8,,,,,,,,,,,
DGLUCY,,,0.0,,0.0,,,,0.6,,0.8,,,,,,0.9,,0.5,,,0.7,
DGUOK,,,0.0,,0.74,,0.4,0.7,0.8,,0.9,,,,0.75,,,,0.5,,,0.7,
DHCR24,,,,,,,,,,,,1.0,,0.7,,,,,,,,,
DHCR7,,0.9,0.0,,0.86,,0.7,,0.8,,0.6,,,,0.7,,0.9,,,0.7,,,
DHDDS,0.75,,0.27,,0.24,,,0.5,0.67,,0.74,,,,0.6,,0.8,,0.67,0.83,,,
DHDH,,,0.0,,0.95,,,,0.7,,0.8,,,,,,,,0.5,,0.95,,
DHFR,,,0.96,,,,0.7,,0.75,0.9,0.85,,,,0.8,,,,,0.77,,,
DHFR2,,,0.0,,0.0,,,0.7,0.6,,0.8,,,,0.8,,,,0.7,,,0.5,
DHH,,,0.25,,,,0.5,0.6,0.7,,0.9,,,,,0.65,0.8,,,,,,
DHODH,,,,,,,,,,,,0.8,,0.6,,,,,,,,,
DHPS,0.7,,0.0,,0.51,,,,0.8,,0.9,,,,0.7,,,,0.5,,,0.6,
DHRS1,,,0.0,,0.5,,,,0.9,,0.8,,,,0.85,0.7,,,0.6,,,,
DHRS11,,,0.0,,0.79,,,,0.85,,0.9,,,,0.9,,,,0.7,,,,
DHRS12,,,0.0,,0.82,,,,0.9,,0.74,,,,,,0.7,0.8,0.5,,,,0.6
DHRS13,,,,,,,,,,,,0.8,,,,,,,,,,,
DHRS2,,,0.0,,0.84,,,0.2,0.8,,0.9,,,,0.7,,,,0.5,,,,
DHRS3,,,0.23,,0.26,0.3,0.4,,0.7,,0.85,,,,0.8,,,,0.75,0.78,,,
DHRS4,,,0.0,,0.77,,,,0.8,,0.9,,,,0.6,0.65,,,0.5,,,,
DHRS4-AS1,,,,,,,,,,,,,,,,,,,,,,,
DHRS4L1,,,0.0,,0.0,,,,0.7,,,,,,,,,0.6,0.5,,,0.4,
DHRS4L2,,,0.0,,0.96,,,0.6,0.7,,0.9,,,,0.8,,,,0.8,,,0.6,
DHRS7,,,0.0,,0.5,,,,0.9,,0.8,,,,0.7,,,,0.6,,,,
DHRS7B,,,0.0,,0.96,0.5,,,0.8,,0.9,,,,0.7,,,,0.7,,,0.5,
DHRS7C,,,0.0,,0.88,,,,0.6,,,,0.87,,0.75,0.75,0.8,,0.5,,,,
DHRS9,,,0.0,,1.0,,,0.6,0.7,,0.9,,,,0.8,,,,0.5,,,,0.6
DHRSX,,,0.0,,0.63,0.78,,0.1,0.5,,0.75,,,,0.7,,,,0.5,,,,
DHTKD1,0.8,,0.0,,,,,,,,,,0.9,,0.8,0.7,0.9,,,,0.6,,
DHX15,,,,,,,,,,,,,,,,,,,,,,,
DHX16,,,,,,,,,,,,,,,,,,,,,,,
DHX29,,1.0,0.0,,0.39,,,,0.8,,0.9,,,,0.7,,,,0.7,,,,
DHX30,0.7,,,1.0,0.04,,,0.4,0.5,,0.6,,,,0.5,,0.8,,0.8,,,0.6,
DHX32,,,0.0,,0.57,,,0.6,0.7,,0.9,,,,0.6,,,0.8,0.7,0.62,,,
DHX33,,,0.0,,0.43,,,0.6,0.8,,0.9,,,,0.9,,,,0.7,,,,0.7
DHX34,,,0.0,,0.57,,,,0.6,,0.9,,,,0.6,,,,0.7,,,,
DHX35,,,0.0,,0.85,,0.6,,0.6,,0.7,,,,0.7,,0.4,,0.5,0.73,,,0.5
DHX36,,,,0.75,0.21,,0.5,,0.9,,0.8,,,,,0.78,,,0.5,,,0.6,0.6
DHX37,0.9,,,0.95,0.17,,,,0.5,,0.6,,,,0.7,0.75,,,0.7,,,0.6,
DHX38,,,0.0,,0.47,,0.6,,0.75,,0.9,,,,0.7,,0.8,,0.7,0.6,,,
DHX40,,,,0.75,0.2,,,0.8,0.88,,,,0.92,,0.9,,,,0.78,,,,
DHX57,,,0.0,,0.51,,,0.7,0.6,,0.9,,,,0.9,,,0.8,0.8,0.7,,,
DHX58,,1.0,0.0,,0.71,0.8,0.6,,0.7,,0.9,,,,0.8,0.75,,,,0.69,,,
DHX8,0.7,,0.0,,0.35,,,0.75,0.8,,0.9,,,,0.9,,,,0.7,,,,0.6
DHX9,,1.0,,1.0,0.8,,,,0.85,,,,0.9,,,,,,0.7,,,0.7,
DIABLO,0.7,,0.0,,0.76,,,0.7,0.8,,,,0.9,,,,,,0.5,,0.5,,
DIAPH1,,,,0.98,0.82,0.54,0.4,,0.8,,0.9,,,,,,,,0.6,0.66,,,
DIAPH2,0.7,,,1.0,0.88,,,,0.8,,,,0.9,,0.7,,,,0.8,0.76,,,
DIAPH2-AS1,,,1.0,,1.0,,,,0.7,,,,,,,,,0.8,0.5,,,0.6,
DIAPH3,,,,,,,,,,,,0.9,,0.7,,,,,,,,,
DICER1,,1.0,,1.0,0.09,,0.8,0.4,0.5,,0.6,,,,0.9,,,,0.5,0.65,,,
DIDO1,,,,1.0,0.9,,,0.5,0.8,,0.7,,,,0.6,,,0.9,0.6,0.7,,,
DIMT1,,,,,,,,,,,,,,,,,,,,,,,
DIO1,,,0.5,,0.19,,0.6,,0.85,0.6,0.8,,,,0.8,,,,0.249,,,,0.7
DIO2,0.8,,,0.87,0.09,,,,0.76,,0.67,,,,,,,,0.73,0.93,,,
DIO3,,,,,,,,,,,,1.0,,1.0,,,,,,,,,
DIP2A,,,,,,,,,,,,0.8,,,,,,,,,,,
DIP2B,,,,1.0,0.18,,0.9,,0.75,,0.85,,,,0.6,,,,,0.75,,,
DIP2C,,,,1.0,0.8,,0.5,,0.9,,0.8,,,,0.9,0.75,,,0.7,0.66,,,
DIRAS1,,,,,,,,,,,,0.8,,0.6,,,,,,,,,
DIRAS2,,,,0.51,0.17,,,0.3,0.9,,0.66,,,,0.75,,,0.8,0.5,0.99,,,
DIRAS3,,,,,,,,,,,,,,,,,,,,,,,
DIRC1,,,0.0,,0.0,,,,0.6,,0.8,,,,,,,0.7,0.1,,,,
DIS3,,,0.0,,0.8,,,,0.7,,0.9,,,,0.75,0.78,,,0.8,0.65,,,
DIS3L,,,0.0,,0.68,,,,0.7,,0.9,,,,0.7,0.6,,,0.5,,,0.6,
DIS3L2,,,,0.92,0.18,,0.85,,0.7,,0.8,,,,0.9,,0.8,,0.75,0.62,,,
DISC1,,,0.0,,,,,0.9,0.6,,0.8,,,,0.8,,,,,0.7,,,
DISP1,,,0.0,,0.41,,,0.6,0.7,,0.9,,,,0.75,0.7,,,0.8,0.77,,,
DISP2,,,0.16,,0.24,,,,0.8,,0.9,,,,0.75,0.75,,,0.7,,,,
DISP3,,,1.0,,1.0,,,,0.8,,0.9,,,,0.8,,,,0.5,,,,
DIXDC1,,,0.0,,0.52,,,,0.8,,0.9,,,,0.8,,,,0.5,,,,
DKC1,0.9,,,1.0,0.8,,,0.6,0.7,,0.8,,,,0.8,,,,0.7,0.6,,,0.7
DKK1,,1.0,0.18,,0.28,,0.6,0.5,0.7,0.4,0.9,,,,0.8,,,,,,,,
DKK2,,,,0.76,0.15,,0.5,0.7,0.9,,0.8,,,,0.8,,,,0.5,0.89,,,
DKK3,,,0.0,,,,0.5,0.7,0.8,,,,0.9,,0.6,,,,,0.83,,,
DKK4,,,0.0,,0.68,,,0.6,0.8,,0.9,,,,0.8,,,,0.5,0.92,,,
DKKL1,,,0.0,,0.74,,0.4,0.8,0.6,,0.7,,,,0.7,,,,0.5,,,,
DLAT,0.9,,0.0,,0.57,,,,0.7,,,,,,0.6,0.7,,,0.8,,,0.5,
DLC1,,,,,,,,,,,,0.7,,,,,,,,,,,
DLD,,,,,,,,,,,,,,0.6,,,,,,,,,
DLEC1,,,0.0,,,,,,,,,,0.9,,,,,,,,,,0.4
DLEU1,,,1.0,,1.0,,,,0.7,,0.8,,,,,0.75,,,0.5,,,0.6,
DLEU7,,,0.18,,0.4,,0.9,,0.6,,0.7,,,,,0.6,,,0.5,0.92,,,
DLG1,,1.0,,0.95,,,,0.7,0.8,,,,0.9,,0.9,,,,,,,0.6,
DLG2,,,,0.98,0.18,,0.92,,0.75,,0.9,,,,0.8,0.85,,,0.85,0.87,,,
DLG3,,,,,,,,,,,,0.7,,0.5,,,,,,,,,
DLG4,,,,,,,,,,,,0.8,,0.6,,,,,,,,,
DLG5,,,,1.0,0.84,,,,0.7,,0.8,,,,0.9,0.82,,,,0.72,,,
DLGAP1,,,,,,,,,,,,0.8,,,,,,,,,,,
DLGAP2,,,,1.0,0.92,,,,0.8,,0.9,,,,0.8,,,,0.7,0.91,,,
DLGAP3,,,,,,,,,,,,0.8,,,,,,,,,,,
DLGAP4,,,,,,,,,,,,0.8,,0.7,,,,,,,,,
DLGAP5,,,0.0,,0.67,,,,0.85,,0.9,,,,0.9,,,,0.7,0.99,,,
DLK1,,,,,,,,,,,,1.0,,0.7,,,,,,,,,
DLK2,,,,0.75,0.15,,,0.68,0.7,,0.92,,,,0.9,,,,0.76,0.86,,,
DLL1,,1.0,,1.0,0.0,,0.5,0.5,0.6,,0.8,,,,,,,,0.7,0.9,,,
DLL3,,,,,,,,,,,,1.0,,0.5,,,,,,,,,
DLL4,,1.0,,1.0,0.03,,0.8,0.4,0.6,0.6,0.5,,,,0.8,,,0.8,,0.9,,,
DLST,,,0.4,,0.22,0.14,0.5,,0.75,,0.8,,,,0.7,,0.85,,0.9,,,0.57,
DLX1,,,,0.96,0.0,,,,,,,,,,,,,,,,,,
DLX2,,,,0.98,0.0,,0.1,,0.8,,0.9,,,,0.7,,,,0.5,0.88,,,
DLX3,0.8,1.0,0.0,,0.49,,,,0.6,0.9,0.7,,,,0.9,,,0.8,0.5,,1.0,,
DLX4,0.7,,0.9,,,,,0.5,,,,,0.8,,,0.75,0.7,,,,,,
DLX5,,1.0,0.2,,0.27,,0.4,,0.9,,0.8,,,,0.7,,,,0.5,0.97,,,
DLX6,,1.0,,0.92,0.08,,,0.65,0.6,,0.7,,,,,,,,0.5,0.96,,,
DMAC1,,,0.0,,0.0,,,,0.6,,0.8,,,,0.8,0.6,,0.7,0.5,,,0.5,
DMAC2,,,0.0,,0.0,,,,0.6,,0.8,,,,,,,,0.5,,,,
DMAP1,,1.0,0.01,,0.33,,,0.85,0.8,,0.9,,,,0.6,,,,0.75,,,0.55,
DMBT1,0.8,0.9,0.1,,,,,,,,,,0.9,,,,,,,,,,
DMBX1,,1.0,,0.94,0.08,,0.4,,0.5,,0.7,,,,0.6,,,,,1.0,,,
DMC1,,,0.0,,,,0.8,0.6,,,,,0.9,,0.7,,,,,,,,0.6
DMD,,,,,,,,,,,,0.8,,,,,,,,,,,
DMGDH,,,0.0,,0.9,,0.8,,0.6,,0.7,,,,0.7,,,,0.5,1.0,,,
DMKN,,,0.0,,0.75,,,,0.8,,0.9,,,,0.9,,,,0.5,1.0,,,
DMP1,,,0.0,,,,0.8,,0.6,,0.7,,,,0.9,,,,,1.0,,,
DMPK,0.8,,0.03,,0.29,,,,0.7,,0.9,,,,0.6,,,,0.85,,,,
DMRT1,,,,0.77,0.15,,0.9,,0.6,,0.85,,,,0.75,0.82,,,0.93,1.0,,,
DMRT2,0.75,0.8,0.9,,,,0.7,,0.5,,,,0.6,,,,0.85,,,0.95,,,
DMRT3,,,0.0,,0.71,,,,0.6,,0.8,,,,,,,,0.5,0.97,,,
DMRTA1,,,0.0,,,,0.8,,,,,,0.9,,,,0.6,,,,0.9,,
DMRTA2,,,1.0,,1.0,,,,0.7,,,,0.9,,,,,,0.8,0.97,,,
DMRTB1,,,,0.84,0.1,,,0.4,0.5,,0.68,,,,,,,,0.5,1.0,,,
DMRTC1B,,,0.0,,0.0,,,,0.6,,,,0.8,,,,,,0.5,,,,
DMRTC2,,,,0.75,0.17,,,,0.5,,0.87,,,,,0.78,,,0.73,1.0,,,
DMTF1,,1.0,,0.95,0.17,,0.5,,0.8,,0.8,,,,0.8,,,,,0.68,,,
DMTN,0.75,,,0.86,0.17,,,0.6,0.8,,0.9,,,,0.6,0.7,,,0.5,,,,0.7
DMWD,,,,0.73,0.17,,,0.5,0.6,,0.9,,,,0.7,,,0.75,0.67,,,0.54,
DMXL1,,,,1.0,0.13,,,,0.6,,0.7,,,,0.8,0.75,,0.8,0.8,0.62,,,0.6
DMXL2,,,,1.0,0.9,,0.7,,0.5,,0.6,,,,0.6,,,,,,,0.7,
DNA2,0.8,,0.0,,,,,,,,,,,,,,,,,,0.88,,
DNAAF1,0.9,,0.0,,0.71,,,,0.75,,0.85,,,,0.7,,,,0.8,,,,
DNAAF2,0.8,,0.0,,0.7,,,0.7,0.5,,0.6,,,,0.8,,,,0.5,,,0.5,
DNAAF3,0.8,,0.0,,,,,,,,,,,,0.6,,0.9,,,,1.0,,
DNAAF4,0.8,,0.0,,,,,0.5,,,,,0.9,,0.6,,0.85,,,0.96,,,0.4
DNAAF5,0.8,,0.0,,,,,,,,,,0.7,,0.5,,,,,,0.6,,0.4
DNAH1,0.8,,0.0,,,,,,,,,,0.7,,0.8,0.7,0.9,,,,0.7,,
DNAH10,,,0.0,,0.59,,0.7,,0.5,,0.6,,,,0.7,,,0.9,0.8,0.99,,,
DNAH10OS,,,0.0,,0.5,,,,0.4,,0.5,,,,,0.4,,,0.2,,,,
DNAH11,0.8,,0.0,,,,,,,,,,0.9,,0.8,0.75,,,,,,,
DNAH12,,,0.0,,0.74,,,,0.7,,0.9,,,,0.6,,,,0.8,1.0,,,
DNAH14,,,0.0,,0.5,,,0.4,0.6,,0.7,,,,0.5,,0.8,,0.8,0.97,,,
DNAH17,0.6,,0.0,,0.0,,,,,,,,0.9,,0.5,,,,0.8,,,,
DNAH2,,,,,,,,,,,,,,,,,,,,,,,
DNAH3,,,0.0,,0.7,,,,0.7,,0.9,,,,0.7,,,0.8,0.6,1.0,,,0.7
DNAH5,,,,,,,,,,,,,,,,,,,,,,,
DNAH6,0.9,,0.0,,0.48,,0.5,,0.7,,0.9,,,,0.8,,,,0.85,,,,
DNAH7,,,0.0,,0.72,,,,0.75,,0.85,,,,0.7,,,0.9,0.8,0.92,,,
DNAH8,0.5,,0.0,,,,,,,,,,0.8,,,,,,,,,,
DNAH9,,,,,,,,,,,,0.8,,0.6,,,,,,,,,
DNAI1,0.8,,0.0,,,,,,,,,,0.9,,0.8,,,,,,1.0,,0.6
DNAI2,0.9,,0.0,,0.71,,,0.5,0.6,,,,,,,0.65,,,0.8,1.0,,,
DNAJA1,,,,,,,,,,,,,,,,,,,,,,,
DNAJA2,,,,1.0,0.04,0.9,,,0.6,,0.7,,,,0.8,0.75,,,0.8,,,0.5,
DNAJA3,,,,,,,,,,,,1.0,,,,,,,,,,,
DNAJA4,,,0.0,,0.44,,0.6,,0.75,,0.8,,,,0.8,,,,0.5,0.77,,,
DNAJB1,,,0.9,,,,,,,,,,,,0.75,0.8,0.85,,,,0.9,,
DNAJB11,0.8,,0.22,,0.25,,,0.7,0.85,,0.9,,,,0.8,,,,0.75,,,0.6,
DNAJB12,,,,,,,,,,,,0.9,,,,,,,,,,,
DNAJB13,0.8,,0.0,,,,,,,,,,0.7,,0.5,,,,,,1.0,,
DNAJB14,,,,0.92,0.14,,,0.17,0.83,,0.98,,,,0.9,0.76,,,0.79,,,0.54,
DNAJB2,0.8,,0.0,,0.59,,,0.6,0.7,,0.9,,,,0.8,,,,0.5,0.64,,,
DNAJB3,0.4,,1.0,,,,,,0.7,,,,,,,,0.7,,,,,0.6,
DNAJB4,,,,,,,,,,,,0.8,,,,,,,,,,,
DNAJB5,,,0.13,,0.29,,,,0.6,,0.85,,,,0.9,0.7,,,0.65,,,,
DNAJB6,0.5,1.0,,0.85,0.15,,,0.6,0.8,,,,0.9,,0.7,,,,,,,0.5,
DNAJB7,,,0.8,,,,0.5,,,,,,0.9,,0.6,0.7,,,,,1.0,,
DNAJB8,,,0.1,,0.43,,,0.6,0.8,,0.82,,,,,0.8,,,0.9,,,,
DNAJB9,,,,,,,,,,,,,,,,,,,,,,,
DNAJC1,,,0.0,,,,0.8,0.6,0.7,,,,0.9,,0.9,0.7,0.8,,0.5,,0.7,,
DNAJC10,,,0.0,,0.44,,,0.75,0.8,,0.9,,,,0.7,,,,0.7,,,,
DNAJC11,,,,1.0,0.94,,,0.6,0.8,,0.9,,,,0.75,,,,0.7,,,0.5,
DNAJC12,0.8,,0.0,,,,,,,,,,0.9,,,,0.85,,,,0.9,,
DNAJC13,0.9,,,1.0,0.88,,0.9,,0.75,,0.8,,,,0.8,,0.85,0.6,0.7,0.68,,,
DNAJC14,,,,1.0,0.0,,,0.5,0.6,,0.8,,,,0.7,,,,0.7,,,0.7,
DNAJC15,,,0.0,,0.8,,,,0.7,,,,0.9,,0.8,0.6,,,0.5,,,0.6,
DNAJC16,,,0.0,,0.56,,,0.2,0.8,,0.9,,,,0.9,,,0.6,0.5,,,0.7,
DNAJC17,,1.0,0.0,,,,0.1,,,,,,0.9,,0.5,0.5,0.7,,,,,,
DNAJC18,,,,,,,,,,,,0.9,,,,,,,,,,,
DNAJC19,,,0.0,,0.72,0.47,0.5,,0.8,,0.9,,,,0.7,0.65,,,0.5,,,0.6,
DNAJC2,,,,0.95,0.15,,,0.5,0.75,,0.8,,,,0.7,,,0.9,0.7,0.62,,,0.6
DNAJC21,0.8,,0.0,,0.49,,,,0.7,,,,0.9,,0.8,,0.75,,0.5,0.61,,,
DNAJC22,,,0.0,,0.88,,,,0.8,,0.9,,,,0.85,0.75,,,0.5,,,,
DNAJC24,,1.0,0.0,,0.8,,0.6,,0.9,,,,,,0.7,0.6,,,,,,0.5,
DNAJC25-GNG10,,,0.0,,0.5,,,0.6,0.7,,0.8,,,,,0.4,,,0.6,,,0.5,
DNAJC27,,,0.0,,,,0.5,,,,,,0.8,,,0.75,,,,,,,
DNAJC28,,,0.0,,0.87,,,0.4,0.5,,0.94,,,,0.6,,,,0.5,,,,
DNAJC3,0.7,,0.9,,,,,0.5,,,,,0.8,,0.7,0.7,0.8,,,,0.6,,
DNAJC30,,,,,,,,,,,,0.8,,,,,,,,,,,
DNAJC4,,,0.0,,0.5,,0.3,,0.7,,0.8,,,,0.9,,,,0.6,0.9,,,
DNAJC5,0.8,,,0.83,0.1,0.3,,,0.8,,,,0.9,,0.7,0.75,,,0.5,0.65,,,
DNAJC5B,,,0.0,,0.92,0.8,,,0.7,,0.9,,,,,,,,0.5,1.0,,,
DNAJC5G,,,0.0,,0.87,,,,0.6,,0.9,,,,,,,,0.5,1.0,,,
DNAJC6,,1.0,,1.0,0.09,,,,0.75,,0.9,,,,0.7,,0.9,,,0.88,,,
DNAJC7,,,,0.9,0.7,,,0.8,0.75,,0.85,,,,0.8,,,,0.6,,,0.7,
DNAJC8,,,0.8,,0.3,,,,0.8,,0.9,,,,0.7,0.75,,,0.6,,,0.7,
DNAJC9,,,0.0,,0.44,,,,0.8,,0.94,,,,0.7,0.65,,,0.5,,,0.6,
DNAJC9-AS1,,,0.0,,0.0,,,,,,,,,,,0.3,,0.8,0.5,,,0.2,
DNAL1,0.5,,0.04,,0.37,,,0.4,0.6,,0.9,,,,0.7,,,,0.95,0.62,,,
DNAL4,0.8,,0.0,,,,,0.6,,,,,0.9,,0.75,,0.85,,,,,,
DNALI1,0.7,,0.0,,,,0.8,,,,,,0.9,,0.5,0.65,0.6,,,,0.93,,
DNASE1,0.8,,0.0,,0.6,,,,0.7,,0.9,,,,,,,,0.5,0.82,,,
DNASE1L1,,,0.33,,0.24,,,0.5,0.87,,0.93,,,,0.8,0.7,,,0.76,,,,
DNASE1L2,,,0.0,,0.83,,,0.6,0.7,,0.9,,,,0.9,,,,0.5,0.96,,,
DNASE1L3,,,0.0,,0.64,,0.75,,0.8,,0.9,,,,0.7,,,,0.5,1.0,,,
DNASE2,,1.0,0.0,,0.51,,0.4,0.2,0.8,,0.9,,,,0.7,,,,,0.68,,,
DNASE2B,,,0.0,,0.5,,,0.7,0.6,,0.8,,,,0.8,,0.8,,0.7,1.0,,,
DND1,,,0.48,,0.21,,,0.5,0.6,,0.9,,,,0.9,,,,0.7,,,0.1,
DNER,,,0.15,,,,0.75,,,,,,0.85,,0.8,,,,,,0.85,,
DNHD1,0.8,,0.0,,0.71,,,0.5,0.6,,0.9,,,,,,,0.7,0.8,0.87,,,
DNLZ,,,0.0,,0.6,,0.5,,0.7,,0.6,,,,0.9,0.6,,,0.5,,,0.5,
DNM1,,1.0,,1.0,0.87,,,,0.7,,0.9,,,,,,0.9,,0.6,0.96,,,0.5
DNM1L,0.8,,,,,,,,,,,,0.9,,,,,,,,,,
DNM1P34,,,0.0,,0.0,,,,,,,,,,,0.4,,,0.5,,,,
DNM1P46,,,,,,,,,,,,,,,,,,,,,,,
DNM2,,1.0,,1.0,0.93,,0.5,0.6,0.6,,0.7,,,,,,0.9,,0.5,,,,
DNM3,,,0.0,,,,0.8,0.6,0.7,,,,0.9,,0.7,,0.8,,0.5,,0.9,,0.6
DNMBP,0.6,,0.0,,,,,,,,,,,,0.7,,,,,,0.7,,0.4
DNMT1,,1.0,,1.0,0.05,,0.8,,0.8,0.6,0.9,,,,0.7,0.85,,,,,,,
DNMT3A,,1.0,0.0,,,,0.9,0.5,0.7,0.7,0.6,,,,0.8,,,,,0.8,,,
DNMT3B,,,,,,,,,,,,,,0.7,,,,,,,,,
DNMT3L,,1.0,0.0,,,,,0.5,0.75,,,,0.9,,,,,,0.8,1.0,,,
DNPEP,,,0.0,,0.61,,,0.1,0.9,0.4,0.8,,,,0.6,,,,0.5,0.65,,,
DNPH1,,,0.3,,0.4,,,,0.7,,0.8,,,,0.8,,,,0.5,,,0.6,
DNTT,,,0.0,,0.68,0.33,,,0.5,,0.8,,,,0.6,0.65,,,0.5,,,,
DNTTIP1,,,,0.73,0.18,,,,0.7,,0.9,,,,0.9,,,,0.65,,,0.5,
DNTTIP2,,,0.0,,0.63,,,,0.7,,0.8,,,,0.6,,,,0.5,,,0.6,
DOC2A,,,,,,,,,,,,0.8,,,,,,,,,,,
DOC2B,,,0.8,,0.5,,,,0.7,,,,,,0.7,0.75,,,0.6,,,0.9,
DOCK1,,0.8,0.3,,,,0.6,0.4,0.7,,,,0.9,,0.9,,0.8,,,0.6,,,
DOCK10,,,0.0,,,,0.8,0.6,0.7,,,,0.9,,0.75,0.7,,,,0.88,,,
DOCK11,,,0.9,,0.75,,,,0.7,,0.8,,,,0.7,,,0.6,0.5,0.8,,,
DOCK2,,,,,,,,,,,,0.8,,0.6,,,,,,,,,
DOCK3,,,,1.0,0.9,,0.8,,0.7,,0.6,,,,0.8,,,0.8,0.7,,,,
DOCK4,,,,,,,,,,,,0.85,,,,,,,,,,,
DOCK5,,,,,,,,,,,,0.8,,0.6,,,,,,,,,
DOCK6,,,0.0,,0.58,,0.6,,0.7,,0.8,,,,0.5,,,,0.8,0.77,,,
DOCK7,,,0.0,,,,0.9,,0.6,,0.7,,,,0.7,0.7,,,,0.5,,,
DOCK8,,,0.0,,0.36,,0.9,0.4,0.5,,0.6,,,,0.8,,,0.6,0.8,0.95,,,
DOCK9,,,,1.0,0.8,0.7,0.9,,0.7,,0.8,,,,0.8,,,0.8,0.6,0.7,,,
DOHH,,,0.3,,0.4,,,0.5,0.7,,0.8,,,,0.8,,,0.7,0.6,,,0.6,0.5
DOK1,,,0.9,,0.7,0.6,,0.4,0.7,,0.8,,,,0.6,0.7,,0.6,0.5,0.9,,,
DOK2,0.8,,0.0,,,,0.5,0.7,0.8,,,,0.9,,,0.7,,,,,0.99,,
DOK3,0.6,,0.0,,,,0.5,0.6,0.8,,,,0.9,,0.7,,0.7,,,1.0,,,
DOK4,,,0.2,,0.3,,,0.6,0.7,,0.8,,,,,0.65,,,0.5,,,,
DOK5,0.6,,0.0,,0.48,,,,0.7,,0.9,,,,,,,,0.5,0.82,,,
DOK6,,,0.13,,0.27,,,,0.73,,0.88,,,,,0.65,,,0.66,0.88,,,
DOK7,1.0,1.0,0.0,,,,,,,,,,0.9,,0.8,,1.0,,0.7,,0.93,,
DOLK,0.7,,0.0,,0.49,,,,0.8,,,,0.9,,0.7,,,,0.6,,,,
DOLPP1,,,0.18,,0.27,0.73,,0.5,0.8,,0.6,,,,0.7,0.65,0.75,,0.48,,,0.54,0.65
DONSON,0.8,,0.0,,0.59,,,,0.7,,0.9,,,,0.5,,,,0.5,0.69,,,
DOT1L,,1.0,,1.0,0.05,,0.9,,0.75,0.7,0.6,,,,0.8,,,0.85,0.8,0.87,,,
DPAGT1,,,,,,,,,,,,0.8,,0.6,,,,,,,,,
DPCD,0.85,,0.0,,0.64,,,,0.7,,0.9,,,,0.75,,,,0.5,,,,
DPEP1,,,,,,,,,,,,0.9,,0.6,,,,,,,,,
DPEP2,,,0.0,,0.82,,0.1,0.6,0.6,,0.7,,,,0.9,,,,0.5,,,,
DPEP3,,,0.0,,0.9,0.64,,0.3,0.11,,0.89,,,,0.5,,,,0.5,1.0,,,
DPF1,,,,0.98,0.12,,,,0.8,,0.65,,,,0.75,0.82,,,0.76,0.89,,,
DPF2,0.8,,,1.0,0.04,0.9,,0.8,0.7,,,,0.9,,0.9,0.85,,,0.7,,,0.6,
DPF3,,,0.01,,0.34,,0.4,0.7,0.9,,0.5,,,,0.6,0.7,,,0.378,0.94,,,
DPH1,,1.0,0.0,,0.93,,,0.5,0.85,,0.9,,,,0.7,,,,,0.65,,,
DPH2,0.6,,0.0,,0.59,,,,0.75,,0.8,,,,0.9,,0.7,,0.5,,,0.48,
DPH3,0.4,0.8,0.3,,,,,0.6,0.7,,,,0.9,,,,0.8,,0.5,,,,
DPH3P1,,,0.0,,0.0,,,,0.5,,,,,,,,,,0.1,,,0.2,
DPH5,0.5,,0.0,,0.7,,,,0.9,,0.8,,,,0.7,,0.9,,0.5,0.65,,,
DPH6,,,0.0,,,,0.8,0.6,0.7,,,,0.9,,0.5,0.65,0.8,,,,,0.7,
DPH7,0.7,,0.0,,0.81,,,0.5,0.8,,0.76,,,,0.9,,,,0.5,,,,
DPM1,0.8,,0.0,,0.49,,,,0.7,,,,0.9,,0.7,,,,0.5,,,,0.6
DPM2,,,,0.71,0.0,,0.4,0.4,0.5,,0.6,,,,0.8,0.6,0.7,,0.1,,,0.5,
DPM3,,,,,,,,,,,,0.8,,,,,,,,,,,
DPP10,,,,,,,,,,,,,,,,,,,,,,,
DPP3,,,,,,,,,,,,,,,,,,,,,,,
DPP4,,,0.0,,0.43,0.8,0.9,,0.75,0.85,0.9,,,,,,,,0.7,,,,
DPP6,,,0.35,,0.23,,,0.6,0.7,,0.9,,,,0.8,,,,0.8,0.87,,,
DPP7,,,0.0,,,,0.5,,0.6,0.7,0.8,,,,0.9,,,,0.5,,,0.6,
DPP8,,,,,,,,,,,,,,,,,,,,,,,
DPP9,0.8,,,1.0,0.85,0.9,,0.6,0.75,0.8,0.9,,,,0.8,,,,,,,0.7,
DPPA2,,,0.0,,0.91,,,,0.9,,0.8,,,,,,,,0.5,1.0,,,
DPPA3,,,0.23,,0.28,,,0.56,0.67,,1.0,,,,,0.75,,,0.79,1.0,,,
DPPA4,,1.0,0.0,,,,,,,,,,,,,,,,,,0.9,,
DPPA5,,,0.0,,0.77,0.69,,0.2,0.7,,0.9,,,,0.6,,,,0.5,,,,
DPRX,,,0.0,,0.6,0.7,,,0.5,,0.8,,,,,0.5,,,0.5,,,,
DPT,,,0.0,,0.7,,0.8,,0.7,,0.9,,,,0.9,,,,0.8,0.94,,,
DPY19L1,,,0.0,,0.31,0.7,0.5,,0.6,,0.8,,,,0.9,0.65,,,0.5,0.66,,,
DPY19L2,0.9,,0.0,,0.6,,,0.5,0.6,,0.7,,,,0.7,,,,0.8,0.8,,,
DPY19L2P1,,,0.0,,0.0,,,,0.8,,,,,,,,,,0.5,,,0.9,
DPY19L2P2,,,0.0,,0.0,,,,0.6,,,,,,,,,,0.5,,,0.4,
DPY19L3,,,0.0,,0.42,,0.5,,0.6,,0.7,,,,0.9,0.65,,,0.6,,,0.7,
DPY19L4,,,0.0,,0.82,,,,0.4,,0.84,,,,0.7,,,,0.8,,,,
DPY30,,,,,,,,,,,,,,,,,,,,,,,
DPYD,,,0.0,,0.76,,0.6,,0.85,,0.9,,,,0.8,,,,0.8,0.77,,,
DPYS,0.8,,0.0,,0.77,,,0.6,0.7,,,,0.9,,,0.6,,,0.5,1.0,,,
DPYSL2,,,,,,,,,,,,,,,,,,,,,,,
DPYSL3,,,,1.0,0.93,,,0.6,0.75,,0.95,,,,0.7,0.82,,,0.85,,,,
DPYSL4,,,0.8,,0.6,,,0.7,0.8,,0.9,,,,0.9,,,,0.5,,,,
DPYSL5,,,,1.0,0.0,,0.7,0.4,0.5,,0.6,,,,0.7,,,,0.8,0.9,,,
DQX1,,,0.0,,0.87,,,0.6,0.7,,0.8,,,,,0.5,,,0.5,,,,
DR1,,,,0.9,0.0,,,0.6,0.7,0.6,0.7,,,,0.7,,,,0.5,,,0.6,
DRAM1,,,0.19,,0.28,,0.1,,0.65,,0.85,,,,0.8,0.7,,,0.238,0.8,,,
DRAM2,0.9,,0.0,,0.62,,,,0.6,,0.7,,,,0.8,0.75,,,0.5,,,,
DRAP1,,1.0,0.12,,0.32,,0.75,,0.73,,0.85,,,,0.8,,,,0.41,,,0.52,
DRAXIN,,,0.0,,0.5,,,,0.7,,0.8,,,,0.7,0.6,,,0.5,,,,
DRC1,0.8,,0.0,,0.8,,,,,,,,0.9,,0.8,,,,0.5,1.0,,,
DRC3,,,0.0,,0.0,,,0.7,0.6,,0.8,,,,0.5,,,,0.5,0.95,,,0.6
DRC7,,,0.0,,0.0,,,,0.6,,0.8,,,,0.5,0.6,,,0.7,,,,
DRD1,,1.0,,0.94,0.0,0.73,,,0.8,0.95,0.9,,,,0.85,,,,0.85,0.99,,,
DRD2,,,,0.79,0.16,,0.83,0.4,0.75,0.92,0.88,,,,0.85,,,,0.66,,,,
DRD3,0.8,,0.2,,,,,,,,,,0.85,,,,0.9,,,,,,
DRD4,0.9,,,,,,,,,,,,,,,,0.95,,,,0.75,,
DRD5,0.8,,0.0,,0.6,,,,0.7,0.9,0.85,,,,0.8,,0.9,0.9,0.5,,0.95,,
DRG1,0.8,,0.24,,0.25,0.4,0.8,0.7,0.6,,0.9,,,,0.7,,,,0.75,0.85,,,
DRG2,,,0.0,,0.5,,,0.4,0.6,,,,0.98,,0.9,,,0.7,0.5,,,0.47,
DRGX,,1.0,0.0,,,,,,,,,,0.9,,,,,,0.5,,0.96,,
DRICH1,,,0.0,,0.0,,,0.4,0.6,,0.8,,,,,,,,0.5,,,,
DROSHA,,,0.08,,0.24,0.2366,,0.1,0.87,,0.9,,,,0.5,,,,0.75,,,0.53,
DRP2,,,0.0,,0.41,,,,0.75,,0.96,,,,0.9,,,,0.5,1.0,,,0.6
DSC1,0.7,,0.0,,0.7,,,,0.8,,0.9,,,,0.8,,,,0.5,1.0,,,
DSC2,,,,,,,,,,,,0.9,,,,,,,,,,,
DSC3,,1.0,0.0,,0.93,,0.5,,0.8,,0.9,,,,0.8,,,,0.6,1.0,,,
DSCAM,,,,,,,,,,,,1.0,,,,,,,,,,,
DSCAML1,,1.0,,1.0,0.09,,0.8,,0.7,,0.6,,,,0.75,,,,0.5,,,,
DSCC1,,,0.01,,0.37,,,0.6,0.67,,0.88,,,,0.75,,,,0.78,0.81,,,
DSCR10,0.5,,1.0,,1.0,,,,0.8,,,,,,,,,,0.5,,,0.6,
DSCR4,,,0.0,,0.5,,,0.6,,,0.8,,,,,,,,0.2,,,,
DSCR8,,,0.0,,0.0,,,,0.7,,,,,,,0.4,,,0.5,,,,
DSCR9,,,,,,,,,,,,,,,,,,,,,,,
DSE,,,,0.7,0.2,,0.5,,0.85,,0.9,,,,0.8,,,,0.5,0.82,,,
DSEL,,,0.0,,0.4,,,,0.9,,,,,,0.9,,,0.85,0.8,,,,
DSG1,,,,0.89,0.19,,0.5,,0.7,,0.9,,,,0.8,,,0.85,0.75,1.0,,,
DSG2,,1.0,0.0,,0.54,,0.5,,0.7,,0.9,,,,,,,,0.6,0.92,,,
DSG3,0.8,1.0,0.0,,0.84,,,,,,,,0.9,,,0.8,,,,,0.99,,
DSG4,0.8,1.0,0.0,,0.6,,,,,,,,0.9,,0.8,,0.85,,0.5,,,,
DSN1,,,0.0,,0.68,,,0.7,0.85,,0.9,,,,0.6,,,,0.5,,,,
DSP,,1.0,,1.0,0.19,,0.9,,0.6,,0.7,,,,,,,0.8,,0.99,,,
DSPP,0.9,,0.0,,0.66,,,,0.6,,,,0.7,,0.5,0.7,,0.8,0.8,0.92,,,
DST,,1.0,,1.0,0.13,,0.5,,0.7,,0.9,,,,,,0.9,,,,,,
DSTN,,,,0.56,0.15,,,,0.75,,0.88,,,,0.8,0.75,,,0.33,0.95,,,
DSTYK,,,,,,,,,,,,,,,,,,,,,,,
DTD1,,,0.9,,0.5,,,0.3,0.7,,0.8,,,,0.5,,,,0.6,,,0.8,
DTD2,,,0.0,,0.82,,,,0.7,,0.9,,,,0.6,0.5,,,0.5,,,0.5,
DTHD1,,,0.0,,0.0,,,,0.6,,0.8,,,,,,,,0.5,,,,
DTL,,1.0,0.0,,0.31,,0.1,0.7,0.65,,0.8,,,,,0.75,,,,1.0,,,0.7
DTNA,,,,,,,,,,,,0.9,,,,,,,,,,,
DTNB,0.8,,0.0,,,,0.5,0.7,0.8,,,,0.9,,0.7,,0.6,,,0.82,,,
DTNBP1,0.8,,0.2,,,,,,,,,,0.9,,,,0.9,,,,,,
DTWD1,,,0.0,,0.5,,0.3,,0.7,,0.8,,,,0.6,,,,0.6,0.9,,,
DTWD2,,,0.0,,0.5,,,0.7,0.8,,,,0.9,,0.6,,0.8,,0.6,,,,
DTX1,0.5,,0.9,,,,,,,,,,0.9,,,,0.8,,,,0.7,,
DTX2,,,,,,,,,,,,,,,,,,,,,,,
DTX3,,,,0.88,0.09,,,0.7,0.8,,0.85,,,,0.75,,,0.9,0.75,,,,
DTX3L,,,0.0,,0.49,,,0.1,0.85,,0.9,,,,,,,,0.8,0.75,,,
DTX4,,,,0.56,0.21,,,0.4,0.73,,0.92,,,,,0.68,,,0.62,0.84,,,
DTYMK,,,,,,,,,,,,,,,,,,,,,,,
DUOX1,,,0.0,,0.74,,,,0.7,,0.9,,,,0.6,,,,0.8,0.95,,,
DUOX2,0.8,,0.0,,0.5,,,,0.7,,0.9,,,,0.8,,,0.8,0.6,1.0,,,
DUOXA1,,,0.0,,0.6,,,,0.8,,0.9,,,,0.8,,,,0.5,,,,0.6
DUOXA2,0.8,,0.0,,0.6,,,0.5,0.6,,0.7,,,,0.9,,,,0.5,1.0,,,
DUS1L,,,0.0,,0.61,,,,0.6,,0.9,,,,0.9,,0.8,,0.7,,,0.5,
DUS2,,,0.0,,0.66,,,0.2,0.7,,0.8,,,,,,,,0.5,,,,0.6
DUS3L,,,0.0,,0.61,,,,0.7,,0.9,,,,0.5,0.65,,,0.8,,,,
DUS4L,,,0.0,,0.64,,,0.7,0.8,,0.9,,,,0.7,,,,0.5,,,0.5,
DUSP1,,,,,,,,,,,,,,,,,,,,,,,
DUSP10,,,,,,,,,,,,,,,,,,,,,,,
DUSP11,,,0.0,,,,0.5,,,,,,0.9,,0.7,,0.6,,0.5,,0.7,,
DUSP12,,,0.8,,,,0.5,,0.7,,,,0.9,,,,,,0.5,,,,
DUSP14,,,0.13,,0.36,,,0.5,0.7,,0.8,,,,0.8,,,,0.75,,,0.0,
DUSP15,,,0.0,,0.87,,,,0.8,,0.9,,,,0.8,,,,0.5,,,,
DUSP16,,,0.06,,0.28,,,,0.56,,0.79,,,,0.9,0.65,0.85,,0.75,0.66,,,
DUSP18,,,0.13,,0.36,,,,0.6,,0.26,,,,0.8,0.65,,,0.188,0.93,,,
DUSP19,,,0.9,,0.55,,,0.5,0.6,,0.8,,,,,0.7,,,0.7,,,,
DUSP2,,,0.8,,0.5,,,,0.7,,0.9,,,,0.7,,,,0.6,1.0,,,
DUSP21,,,0.0,,0.8,,,0.5,0.6,,,,0.9,,0.7,,,,0.5,1.0,,,
DUSP22,,,,,,,,,,,,,,,,,,,,,,,
DUSP23,,,0.0,,0.5,,,0.6,0.7,,0.8,,,,0.5,,,,0.5,,,,
DUSP26,,,0.0,,,,0.5,,0.7,,0.8,,,,0.9,,,,,0.88,,,
DUSP28,,,0.18,,0.41,,,,0.7,,,,0.8,,,,,,0.5,,,,
DUSP3,,,0.43,,0.19,,,0.5,0.67,,0.88,,,,0.8,,,,0.37,,,,
DUSP4,,,,0.97,0.0,,,,0.6,,0.87,,,,0.75,,,,0.79,0.94,,,
DUSP5,,,0.0,,,,0.8,,,,,,0.9,,0.75,0.75,0.9,,,,0.86,,
DUSP6,,,,0.98,0.0,,,,0.65,,,,0.9,,0.7,,,,,0.82,,,
DUSP7,,,,0.67,0.16,,,0.4,0.88,,0.95,,,,0.6,,0.9,,0.84,0.84,,,
DUSP8,0.7,,,0.7,0.16,,,,0.6,,0.8,,,,,,,,0.5,0.81,,,
DUSP9,0.85,1.0,,0.82,0.0,,0.8,,0.7,,0.9,,,,0.6,,,,,1.0,,,
DUT,0.5,,0.0,,,,,,,,,,0.9,,0.9,,,,,,,,0.6
DUX1,,,0.0,,0.0,,,,,,,,,,,,,,0.5,,,0.0,
DUX3,,,1.0,,1.0,,,,0.6,,,,,,,0.6,,,0.5,,,0.8,
DUX4,1.0,,0.0,,,,,,0.7,,,,0.9,,,,,,0.5,,,0.8,
DUX4L2,0.9,,0.0,,0.0,,,,0.5,,,,,,,,,0.8,0.5,,,0.6,
DUX4L3,0.8,,0.0,,0.0,,,,0.5,,,,,,,,,,0.5,,,0.2,
DUX4L4,0.9,,1.0,,1.0,,,,0.6,,,,,,,,,0.9,0.8,,,0.5,
DUX4L5,0.9,,1.0,,1.0,,,,0.7,,,,,,,,,,0.5,,,0.2,
DUX4L6,0.9,,1.0,,1.0,,,,0.6,,,,,,,,,0.8,0.5,,,0.4,
DUX4L7,0.9,,1.0,,1.0,,,,0.7,,,,,,,,,,0.5,,,0.2,
DUX4L9,,,1.0,,1.0,,,,0.7,,,,,,,0.75,,,0.8,,,,
DUXA,,,0.0,,,,0.8,,,,,,0.9,,0.5,,,,,,0.95,,
DVL1,,,,,,,,,,,,0.8,,0.6,,,,,,,,,
DVL1P1,,,1.0,,1.0,,,,,,,,,,,0.7,,0.8,0.7,,,,
DVL2,,,,,,,,,,,,1.0,,0.6,,,,,,,,,
DVL3,0.5,1.0,0.37,,0.23,,,0.7,0.8,,,,0.9,,0.75,0.68,0.8,,0.6,,0.62,,
DXO,,,0.0,,0.88,,0.5,0.5,0.5,,0.7,,,,0.6,0.6,,,0.5,0.75,,,
DYDC1,,,0.0,,0.57,,,,0.6,,0.9,,,,,,0.8,,0.5,,,,0.7
DYDC2,,,0.0,,0.78,,,0.6,0.75,,0.95,,,,0.8,0.75,,,0.88,,,,0.7
DYM,,,0.0,,0.64,,0.9,,0.5,,0.6,,,,0.6,,,,0.5,,,0.7,
DYNAP,,,0.0,,0.84,,0.8,,0.7,,0.9,,,,0.8,,,0.6,0.5,1.0,,,
DYNC1H1,0.8,1.0,,1.0,0.97,,,,0.7,,,,0.9,,0.8,,,0.8,0.5,,,0.6,
DYNC1I1,,,0.0,,,,0.5,0.7,,,,,0.9,,0.6,0.65,0.75,,,,0.88,,
DYNC1I2,0.7,,0.0,,0.5,,,0.7,0.8,,0.9,,,,0.7,,0.9,0.8,0.6,,,0.6,
DYNC1LI1,,,,0.95,0.8,,,0.6,0.85,,,,0.9,,0.8,0.85,,,0.7,,,,
DYNC1LI2,,,,0.9,0.8,,,,,,,,0.95,,0.8,,0.9,,0.6,,,,
DYNC2H1,,1.0,0.0,,0.46,,0.5,,0.8,,0.9,,,,0.8,,,,0.6,0.77,,,
DYNC2LI1,,,,,,,,,,,,,,,,,,,,,,,
DYNLL1,,,,0.71,0.0,,,0.2,0.93,,0.85,,,,,0.75,,,0.89,,,0.57,
DYNLL2,,,,,,,,,,,,0.9,,,,,,,,,,,
DYNLRB1,,,,,,,,,,,,,,,,,,,,,,,
DYNLRB2,,,0.0,,,,,,,,,,0.9,,0.7,,0.8,,,,1.0,,
DYNLT1,,,0.0,,,,,,,,,,0.9,,,,,,,,,,0.4
DYNLT3,,,,0.71,0.0,,,,0.8,,,,0.9,,0.6,0.7,,,0.1,,,0.57,
DYRK1A,,1.0,,1.0,0.08,,,,0.7,0.7,0.6,,,,0.7,,,0.9,,,,0.5,
DYRK1B,0.9,,,0.95,0.8,,,,0.75,0.8,0.85,,,,0.8,,,,0.6,0.9,,,
DYRK2,,,,1.0,0.0,,0.6,0.7,0.8,0.7,0.9,,,,0.8,0.85,,,0.8,,,,
DYRK3,0.6,,0.0,,0.64,,,,0.7,0.8,0.9,,,,,,0.85,0.9,0.5,1.0,,,
DYRK4,,,0.0,,0.5,,,0.2,0.5,0.3,0.8,,,,0.4,,,0.9,0.6,0.9,,,
DYSF,,,0.0,,0.6,,0.5,0.6,0.8,,0.9,,,,,0.75,,0.8,0.7,0.9,,,
DYTN,,,0.0,,0.93,,,,0.6,,0.8,,,,0.9,,,,0.5,1.0,,,
DZANK1,,,0.0,,0.86,,,,0.7,,0.95,,,,0.8,,,,0.75,0.77,,,
DZIP1,0.8,,0.0,,0.78,,,,,,,,0.9,,0.6,,0.9,,0.75,,,,
DZIP1L,0.8,,0.0,,0.99,,,,0.6,,0.9,,,,0.9,,0.85,,0.5,0.76,,,
DZIP3,,,0.0,,0.49,,0.1,0.5,0.7,,0.8,,,,0.6,,,0.9,0.6,0.73,,,
E2F1,,,,,,,,,,,,,,,,,,,,,,,
E2F2,,,0.21,,0.26,,0.75,,0.73,,0.8,,,,0.7,,,,0.87,0.91,,,
E2F3,,,,,,,,,,,,,,,,,,,,,,,
E2F4,,1.0,0.41,,0.22,,,0.67,0.84,,0.95,,,,0.8,,,,0.83,0.6,,,
E2F5,,,,0.92,0.08,,0.5,0.6,0.85,,0.9,,,,0.8,,,,0.4,0.75,,,
E2F6,,,,,,,,,,,,,,,,,,,,,,,
E2F7,,,,,,,,,,,,,,,,,,,,,,,
E2F8,,,,0.74,0.2,,,0.2,0.7,,0.9,,,,,0.78,,,0.75,0.95,,,
E4F1,,1.0,,0.68,0.2,,,0.56,0.7,,0.87,,,,0.8,0.78,,,0.78,,,,0.7
EAF1,0.8,,0.06,,0.34,,,0.8,0.9,,0.95,,,,0.7,,,,0.67,,,0.5,
EAF2,,,0.0,,0.89,0.63,,,0.8,,0.9,,,,0.7,,,,0.5,0.95,,,
EAPP,,,0.0,,0.98,,,0.7,0.8,,0.94,,,,0.75,,,,0.5,,,0.54,
EARS2,0.8,,0.0,,,,,,,,,,0.9,,0.75,0.7,0.85,,,,,,
EBAG9,,,0.2,,0.3,,,,0.8,,0.9,,,,0.8,,,,0.5,,,0.6,
EBF1,,,,1.0,0.1,,0.9,,0.75,,0.8,,,,0.8,,,,0.6,0.83,,,
EBF2,,1.0,,1.0,0.94,,0.75,,0.7,,0.6,,,,0.7,,,,0.5,,0.96,,
EBF3,0.8,1.0,,1.0,0.03,,,,0.6,,,,0.7,,0.8,,,0.85,,,0.93,,
EBF4,,,0.0,,0.38,,,,0.7,,0.9,,,,0.6,,,,0.5,,,,
EBI3,,,0.11,,0.33,,,0.8,0.87,,0.67,,,,0.9,,,,0.57,1.0,,,
EBLN1,,,0.0,,,,0.5,,0.6,,,,,,,0.5,0.7,,,1.0,,,
EBLN2,0.3,,0.0,,0.0,,,,0.6,,0.8,,,,,,0.4,,0.5,,,,
EBNA1BP2,,,,,,,,,,,,,,,,,,,,,,,
EBP,,,,,,,,,,,,1.0,,0.7,,,,,,,,,
EBPL,,,0.0,,0.61,,,,0.75,,0.85,,,,0.6,,,,0.5,,,,
ECD,0.8,1.0,0.0,,,,,0.6,0.6,,,,0.9,,0.7,,,,0.5,,,,
ECE1,,,,,,,,,,,,0.8,,0.6,,,,,,,,,
ECE2,,,0.0,,0.75,,,0.5,0.8,0.6,0.9,,,,0.75,,,0.7,0.7,,,,
ECEL1,0.8,1.0,0.0,,0.63,,,0.7,0.6,,,,0.9,,0.8,,0.75,,,,0.99,,
ECH1,,,0.0,,0.69,,,0.7,0.8,,0.9,,,,0.7,,0.8,,0.5,,,0.6,
ECHDC1,,,0.0,,,,0.5,,,,,,0.9,,0.7,0.7,0.8,,,,,,
ECHDC2,,,0.0,,0.85,,,0.5,0.7,,0.76,,,,0.6,,,,0.5,,,,
ECHDC3,,,0.0,,0.5,,,,0.7,,0.9,,,,0.8,,,,0.6,,,,
ECHS1,,,0.0,,0.5,,0.5,0.6,0.8,,0.9,,,,0.7,,0.8,,0.5,,,0.6,
ECI1,,,0.0,,0.5,,,,0.8,,,,0.9,,0.6,,,,0.7,,,0.5,
ECI2,,,0.0,,0.77,,0.5,,0.9,,0.8,,,,0.7,,,,0.5,,,0.6,
ECM1,,,0.0,,0.88,,0.8,0.6,0.8,,0.9,,,,,,0.8,,0.5,1.0,,,
ECM2,,,0.0,,0.62,,,,0.7,,0.9,,,,0.8,,,0.8,0.7,0.91,,,
ECPAS,,,1.0,,1.0,,,,0.6,,0.7,,,,0.7,,,,0.8,,,0.5,
ECSCR,,,0.0,,0.97,,,0.7,0.8,,0.9,,,,0.8,,,,0.5,,,,
ECSIT,,1.0,0.0,,,,,0.6,0.7,,,,0.8,,0.8,,,,0.5,,,0.6,
ECT2,,1.0,0.0,,,,,,,,,,0.9,,0.6,,,,0.7,,0.85,,
ECT2L,,,0.0,,0.5,,,,0.6,,0.8,,,,,0.7,,,0.7,,,,
EDA,,,,,,,,,,,,,,,,,,,,,,,
EDA2R,,,0.0,,0.7,,0.1,0.7,0.8,,0.9,,,,0.7,,,,0.5,0.89,,,
EDAR,,1.0,0.0,,0.59,,0.9,0.5,0.7,,0.85,,,,0.8,,,,,0.97,,,
EDARADD,0.8,1.0,0.0,,0.61,,,,0.7,,,,0.9,,,,0.85,,,,0.93,,
EDC3,,,0.98,,,,0.7,0.6,0.85,,0.9,,,,,0.78,,,,0.75,,,
EDC4,,,0.8,,,,,,,,,,0.9,,0.8,0.75,,,,,0.6,,
EDDM13,,,0.0,,0.0,,,,0.6,,,,,,,,,,0.5,,,,
EDDM3A,,,1.0,,1.0,,,0.7,0.8,,0.9,,,,0.8,,,,0.8,1.0,,,
EDDM3B,,,0.0,,0.0,,,0.7,0.6,,0.8,,,,0.7,,,,0.7,1.0,,,
EDEM1,,,0.0,,0.79,,,0.5,0.6,,0.8,,,,0.7,,,,0.7,0.88,,,
EDEM2,,,0.0,,,,0.8,0.6,0.7,,,,0.9,,0.8,0.7,,,,0.5,,,
EDEM3,,,0.0,,0.3,,0.5,,0.8,,0.9,,,,0.7,,,,0.7,,,0.6,
EDF1,,,,0.8,0.1,,,,0.8,,0.9,,,,0.8,0.75,,,0.5,,,0.46,
EDIL3,,,0.0,,,,0.5,0.7,,,,,0.9,,0.7,,,,0.6,,0.94,,
EDN1,,1.0,0.46,,0.2,,0.1,,0.6,0.5,0.8,,,,,,,,,0.87,,,
EDN2,,,0.06,,0.39,,,,0.8,,0.99,,,,0.85,0.73,,,0.89,,,,0.65
EDN3,,,,,,,,,,,,,,,,,,,,,,,
EDNRA,,0.9,,0.95,0.9,,0.85,0.6,0.7,0.9,0.8,,,,0.8,,,0.9,,,,,
EDNRB,,0.8,0.9,,,,0.7,0.7,0.75,0.85,0.9,,,,0.8,,,,0.6,0.8,,,
EDRF1,,,0.0,,0.0,,,,0.6,,0.8,,,,0.8,,,,0.5,,,,0.5
EEA1,,,,0.91,0.21,,,,0.75,,0.95,,,,0.8,,,,0.85,,,,
EED,,,,1.0,0.0,0.85,,0.6,0.8,,0.9,,,,0.6,,,0.7,,,,,
EEF1A1,,,,0.98,0.06,0.34,,0.75,0.88,,0.91,,,,0.85,0.78,,,0.92,,,,
EEF1A1P5,,,1.0,,1.0,,,,0.7,,,,,,,,,0.9,0.8,,,0.5,
EEF1A2,,,,1.0,0.0,,0.8,0.5,0.7,,0.6,,,,0.7,,,,0.7,0.9,,,
EEF1AKMT1,,,1.0,,1.0,,,0.6,0.7,,0.8,,,,0.8,,,,0.5,,,0.6,
EEF1AKMT2,,,1.0,,1.0,,,,0.8,,0.9,,,,0.9,,0.8,,0.5,,,0.7,
EEF1AKMT3,,,0.0,,0.0,,,,0.7,,0.8,,,,0.9,,,0.9,0.5,0.72,,,
EEF1B2,,,0.3,,0.32,,,0.1,0.7,,0.8,,,,0.6,,,,0.5,0.68,,,
EEF1D,0.6,,0.0,,0.49,,,0.7,0.8,,0.9,,,,,,,,0.5,,,,
EEF1DP3,,,0.0,,0.0,,,,0.6,,,,,,,0.4,,,0.5,,,0.4,
EEF1E1,,0.8,0.2,,,,,,,,,,0.9,,0.7,,,,0.5,,,,0.5
EEF1G,,,,1.0,0.04,,0.6,0.5,0.6,,0.7,,,,0.7,0.75,,,0.8,,,,
EEF2,0.8,,,1.0,0.95,,,,0.75,,,,0.9,,0.9,,,,0.7,,,,
EEF2K,,,0.0,,0.81,,,,0.85,0.8,0.9,,,,,,,,0.5,0.82,,,
EEF2KMT,,,0.0,,0.0,,,0.6,0.7,,0.8,,,,0.5,,,,0.5,,0.6,,
EEFSEC,,,0.0,,,,0.6,,,,,,0.9,,0.8,0.7,,,,,,,
EEPD1,,,,,,,,,,,,0.9,,,,,,,,,,,
EFCAB10,,,0.9,,0.7,,,,0.6,,0.8,,,,,,,0.7,0.5,1.0,,,
EFCAB11,,,0.0,,0.66,,,,0.6,,0.8,,,,0.9,,,0.7,0.5,0.83,,,
EFCAB12,,,0.0,,0.53,,,,0.8,,0.9,,,,0.6,,,0.85,0.7,0.93,,,
EFCAB13,,,0.0,,1.0,,,,0.6,,0.9,,,,0.8,0.7,,0.7,0.8,,,,
EFCAB14,,,0.0,,0.61,,,,0.6,,0.9,,,,0.9,0.65,,0.8,0.7,,,0.5,
EFCAB3,,,0.0,,0.7,,,,0.7,,0.9,,,,,,,0.8,0.5,1.0,,,
EFCAB5,,,0.0,,0.66,,0.4,,0.5,,0.6,,,,,,,0.8,0.75,1.0,,,
EFCAB6,,,0.0,,,,,,,,,,0.7,,0.8,,,,,,,,
EFCAB7,,,0.0,,0.84,,,,0.67,,0.79,,,,0.9,0.75,,,0.75,,,,
EFCAB8,,,1.0,,1.0,,,,0.6,,0.8,,,,,,,,0.5,,,,
EFCAB9,0.2,,1.0,,1.0,,,,0.5,,,,,,,,,,0.5,1.0,,,
EFCC1,,,0.0,,0.71,,,,0.6,,0.8,,,,,0.65,,0.7,0.5,0.84,,,
EFEMP1,,,,,,,,,,,,,,,,,,,,,,,
EFEMP2,0.7,0.8,0.9,,,,,,,,,,0.9,,0.75,,,,,,0.8,,
EFHB,,,0.0,,0.98,0.97,,,0.7,,0.9,,,,0.6,0.8,,,0.8,1.0,,,
EFHC1,,,0.0,,0.87,,0.4,0.6,0.5,,0.9,,,,0.5,,,,0.8,0.7,,,
EFHC2,,,,1.0,0.0,,,,0.6,,0.87,,,,0.5,,0.8,,0.75,,,,
EFHD1,,,0.01,,0.68,0.43,0.8,,0.7,,0.9,,,,0.6,,,,0.5,0.89,,,
EFHD2,,,0.9,,,,0.8,,,,,,0.9,,0.8,0.82,,,,,,,
EFL1,0.8,,0.0,,,,,,,,,,0.9,,0.7,,,,,,0.6,,
EFNA1,,,,,,,,,,,,,,,,,,,,,,,
EFNA2,,,0.04,,0.47,,,,0.7,,0.9,,,,0.8,0.7,,,0.5,,,,
EFNA3,,,0.5,,0.19,,,,0.8,,0.9,,,,0.75,0.7,,,0.8,,,,
EFNA4,,,,,,,,,,,,1.0,,0.5,,,,,,,,,
EFNA5,,1.0,,0.96,0.0,,0.4,0.7,0.6,,0.8,,,,0.5,,,,,0.79,,,
EFNB1,,,,,,,,,,,,1.0,,,,,,,,,,,
EFNB2,0.8,1.0,,1.0,1.0,,,0.6,0.7,,0.9,,,,0.9,,,,0.5,,,,
EFNB3,,,,,,,,,,,,0.9,,,,,,,,,,,
EFR3A,,,0.0,,0.51,,,,0.7,,0.8,,,,0.7,0.5,,,0.5,,,0.57,
EFR3B,,,0.0,,0.0,,,,0.7,,0.8,,,,0.75,,,0.6,0.5,0.85,,,
EFS,,,0.0,,0.78,,,,0.7,,0.9,,,,,0.8,,,0.8,,,,
EFTUD2,0.9,,,1.0,0.02,,,,0.6,,0.7,,,,0.8,,,0.8,0.6,,,0.7,
EGF,,,0.0,,,,0.9,0.4,0.5,,0.6,,,,0.8,,,,0.5,0.97,,,
EGFEM1P,,,1.0,,1.0,,,,0.8,,,,,,,0.65,,,0.5,,,0.7,
EGFL6,,,0.0,,0.86,,,0.75,0.7,,0.9,,,,0.8,,,,0.8,1.0,,,
EGFL7,,1.0,0.0,,0.5,,,,0.7,0.6,0.9,,,,0.7,,,0.8,0.7,0.9,,,
EGFL8,,,0.0,,0.74,,0.1,0.5,0.6,,0.8,,,,0.8,,,0.7,0.5,0.92,,,
EGFLAM,,,,,,,,,,,,0.9,,,,,,,,,,,
EGFR,,1.0,0.5,,0.22,,0.9,0.6,0.85,0.95,0.9,,,,,,,0.9,,0.78,,,
EGLN1,,1.0,,0.98,0.06,,0.6,0.4,0.6,0.5,0.7,,,,0.7,,,,,,,0.5,
EGLN2,0.75,,,0.74,0.17,,,,0.7,0.6,0.95,,,,,,,,0.81,0.7,,,
EGLN3,0.8,,0.9,,,,0.7,0.5,0.75,0.8,0.6,,,,,,0.9,,,0.95,,,
EGR1,,,,,,,,,,,,,,,,,,,,,,,
EGR2,,1.0,,0.55,0.18,,0.4,,0.7,,0.8,,,,0.6,,,,0.5,0.93,,,
EGR3,,,,0.95,0.0,,,,,,,,,,,,,,,,,,
EGR4,,,0.9,,,,0.7,,,,,,0.8,,,0.78,,,0.5,,,,
EHBP1,,,,0.54,0.22,,0.6,0.73,0.75,,0.88,,,,0.9,,,,0.61,0.82,,,
EHBP1L1,,,0.0,,0.45,0.59,0.8,,0.6,,0.7,,,,0.8,0.7,,,0.8,,,,
EHD1,,,,,,,,,,,,1.0,,0.7,,,,,,,,,
EHD2,,,,,,,,,,,,1.0,,,,,,,,,,,
EHD3,,,0.2,,,,0.9,0.3,0.7,,,,0.8,,,,0.8,,,0.9,,,
EHD4,,,0.0,,0.5,,0.9,,0.6,,0.7,,,,0.9,,0.85,0.8,0.6,,,,
EHF,,,,0.76,0.18,,0.4,0.3,0.7,,0.83,,,,0.9,,,,0.5,0.96,,,
EHHADH,0.9,,0.0,,0.66,,,,0.6,,0.7,,,,0.5,0.7,,,0.8,,,,
EHMT1,0.8,1.0,,1.0,0.02,,,0.5,0.7,0.7,0.6,,,,0.8,,,,0.6,0.7,,,
EHMT2,,1.0,0.0,,,,0.6,,0.75,0.8,0.9,,,,,,,,,,,0.7,
EI24,,,,0.69,0.19,,,,0.7,,0.8,,,,0.75,,,,0.5,,,0.48,
EID1,,,0.44,,0.19,,,0.67,0.83,,1.0,,,,,0.65,,,0.37,,,0.59,
EID2,,,0.3,,0.26,,,,0.7,,,,0.9,,,0.72,,,0.85,,,0.54,
EID2B,,,0.0,,0.0,,,0.4,0.5,,0.6,,,,0.7,,,,0.7,,,,
EID3,,,0.43,,0.21,,,0.7,0.8,,0.8,,,,0.9,0.75,,,0.75,1.0,,,
EIF1,,,,,,,,,,,,,,,,,,,,,,,
EIF1AD,,,,,,,,,,,,,,,,,,,,,,,
EIF1AX,,,,,,,,,,,,,,,,,,,,,,,
EIF1AY,,,,0.56,0.0,,,0.4,0.8,,0.9,,,,0.6,,,,0.5,0.65,,,
EIF1B,,,,0.53,0.16,,,0.14,0.29,,0.67,,,,0.9,,,,0.67,,,0.48,
EIF2A,,,0.0,,0.56,,,,0.75,,0.95,,,,0.7,0.75,,,0.85,,,,
EIF2AK1,,,0.0,,,,0.8,,0.6,,0.9,,,,,,,,,,,,
EIF2AK2,,,0.06,,0.27,,,,0.85,0.75,0.9,,,,,,,,,,,,
EIF2AK3,,1.0,0.0,,0.29,,0.8,,0.7,0.7,0.6,,,,,,,0.75,,,,,
EIF2AK4,,1.0,0.0,,0.44,,0.8,,0.7,,0.9,,,,,,,,,,,,
EIF2B1,,,,,,,,,,,,0.8,,0.5,,,,,,,,,
EIF2B2,0.8,,0.0,,0.5,,,0.6,0.7,,0.9,,,,0.9,,0.8,,0.6,,,0.5,
EIF2B3,0.8,,0.5,,0.21,,,,0.75,,,,0.85,,0.7,,0.9,,0.9,,,,
EIF2B4,,,,,,,,,,,,,,,,,,,,,,,
EIF2B5,,,,,,,,,,,,,,,,,,,,,,,
EIF2D,,,0.0,,0.56,,,,0.8,,0.9,,,,0.7,,,,0.5,0.66,,,
EIF2S1,,,,,,,,,,,,,,,,,,,,,,,
EIF2S2,,,,,,,,,,,,,,,,,,,,,,,
EIF2S3,,,,,,,,,,,,,,,,,,,,,,,
EIF3A,,,,,,,,,,,,,,,,,,,,,,,
EIF3B,,,,,,,,,,,,,,0.7,,,,,,,,,
EIF3C,,,,,,,,,,,,,,0.6,,,,,,,,,
EIF3CL,,,0.0,,,,,,,,,,0.6,,0.5,0.7,,,,,,0.7,
EIF3D,,,,,,,,,,,,,,,,,,,,,,,
EIF3E,,,0.2,,,,0.5,0.7,0.8,,,,0.9,,0.7,0.65,0.8,,,0.6,,,
EIF3F,0.8,,,0.9,,,,0.5,,,,,0.7,,,0.75,0.9,,,,0.6,,
EIF3G,,,,,,,,,,,,,,0.75,,,,,,,,,
EIF3H,,,0.8,,,,0.9,0.5,,,,,0.7,,0.6,,0.9,,,,0.7,,
EIF3I,,,,,,,,,,,,,,,,,,,,,,,
EIF3J,,,,,,,,,,,,,,,,,,,,,,,
EIF3K,,,,,,,,,,,,,,0.8,,,,,,,,,
EIF3L,,,,,,,,,,,,,,,,,,,,,,,
EIF3M,,,0.1,,,,0.5,0.7,0.8,,,,0.9,,0.8,,,,0.6,0.62,,,
EIF4A1,,,,,,,,,,,,,,,,,,,,,,,
EIF4A2,,,,1.0,0.04,,,0.5,0.8,,0.9,,,,0.8,,0.9,0.6,0.7,,,0.7,
EIF4A3,,,,1.0,0.0,,0.8,0.4,0.5,,0.6,,,,,0.75,,,,,0.6,,
EIF4B,,,,,,,,,,,,,,,,,,,,,,,
EIF4E,,,,0.95,0.11,,0.4,0.5,0.6,0.5,0.7,,,,,,,,0.5,,,0.55,
EIF4E1B,,,0.0,,0.73,,,,0.8,,0.9,,,,,0.78,,,0.5,0.96,,,
EIF4E2,,,0.49,,0.21,,0.1,0.6,0.7,,0.8,,,,,,,,0.25,,,0.5,
EIF4E3,,,0.8,,,,0.7,0.5,,,,,0.9,,,,0.8,,,,,,
EIF4EBP1,,,0.21,,0.35,,0.1,0.6,0.8,,0.9,,,,,0.65,,,0.5,0.78,,,
EIF4EBP2,,,0.24,,0.31,0.41,,,0.8,0.1,0.9,,,,0.6,0.65,,,0.12,,,0.48,
EIF4EBP3,,,0.0,,0.5,0.4,,0.5,0.7,,0.8,,,,0.7,,,,0.6,,,0.6,
EIF4ENIF1,,,,,,,,,,,,,,0.6,,,,,,,,,
EIF4G1,,,,1.0,0.02,,0.7,0.6,0.5,,0.6,,,,0.8,,0.9,,0.4,,,0.5,
EIF4G2,,1.0,,1.0,0.9,,,0.4,0.5,,0.6,,,,0.5,0.75,,0.6,0.7,,,0.7,
EIF4G3,,,,1.0,0.05,,,0.6,0.85,,0.9,,,,0.8,,,,0.7,,,0.6,
EIF4H,0.8,,0.45,,0.21,0.51,,,0.67,,0.85,,,,0.6,,,,0.75,,,,
EIF5,,,,,,,,,,,,,,,,,,,,,,,
EIF5A,,,,,,,,,,,,,,,,,,,,,,,
EIF5A2,,,0.0,,0.85,,,0.6,0.7,,0.8,,,,0.9,0.7,,,0.5,,,,
EIF5AL1,,,0.0,,0.0,,,,0.6,,0.8,,,,0.8,0.7,,,0.5,1.0,,,
EIF5B,,,,,,,,,,,,,,,,,,,,,,,
EIF6,,,,,,,,,,,,,,,,,,,,,,,
EIPR1,0.85,,0.0,,,,,,0.6,,,,0.9,,0.5,,,,,,,0.6,
ELAC1,,,,,,,,,,,,,,,,,,,,,,,
ELAC2,0.9,,0.0,,0.78,,,0.6,0.75,,0.85,,,,0.8,,,,0.7,,0.48,0.7,
ELANE,0.8,,0.0,,,,,,,,,,0.9,,0.75,,,,,,1.0,,
ELAVL1,,,,,,,,,,,,,,0.7,,,,,,,,,
ELAVL2,,,,0.99,0.0,,0.8,0.7,0.6,,0.7,,,,0.5,,0.9,0.8,,0.93,,,
ELAVL3,,,,,,,,,,,,,,0.6,,,,,,,,,
ELAVL4,,,,0.92,0.12,,0.4,,0.9,,0.93,,,,,,,,0.76,0.91,,,
ELF1,0.75,,0.06,,0.28,,,0.2,0.7,,0.9,,,,0.6,,,,0.85,0.72,,,
ELF2,,,,1.0,0.8,,,,0.6,,0.9,,,,0.7,,,,0.5,0.62,,,
ELF3,,1.0,,0.9,0.8,,,,0.7,,0.6,,,,0.6,0.8,,,0.5,,,,
ELF4,,,0.8,,0.32,,,,0.8,,0.9,,,,,0.85,,,0.6,0.8,,,
ELF5,,1.0,0.0,,,,,,,,,,0.9,,,,0.75,,0.5,,,,
ELFN1,,,,1.0,0.0,,,,0.7,,0.9,,,,0.8,0.85,,,0.8,,,,
ELFN2,,,,0.97,0.1,,,,0.7,,,,0.85,,0.75,,,,0.75,,,,
ELK1,,,,0.94,0.0,,,,0.37,,0.941,,,,0.8,,,,0.428,0.82,,,
ELK3,,0.9,0.1,,,,0.8,,0.6,,,,0.7,,0.5,0.7,,,,,0.8,,
ELK4,,,0.8,,0.4,,,,0.7,,0.9,,,,0.9,0.75,,,0.5,0.7,,,
ELL,,1.0,,1.0,0.1,,0.9,0.5,0.6,,0.7,,,,0.8,0.85,,0.8,,0.72,,,
ELL2,,,,1.0,0.9,,0.9,0.6,0.7,,0.8,,,,0.8,,,0.9,,0.8,,,
ELL3,,,0.0,,0.8,,,0.7,0.8,,0.9,,,,0.6,,,,0.5,0.92,,,
ELMO1,,,,,,,,,,,,0.85,,0.7,,,,,,,,,
ELMO2,0.5,,0.0,,0.38,,,0.6,0.7,,0.9,,,,0.7,,,,0.7,,,0.6,0.5
ELMO3,,,0.0,,0.72,,,0.5,0.6,,0.9,,,,0.8,,,,0.5,0.88,,,
ELMOD1,,,,0.79,0.16,,0.1,0.5,0.8,,0.89,,,,0.9,,,0.75,0.67,0.87,,,
ELMOD2,,,,0.76,0.17,0.6682,,,0.7,,1.0,,,,0.9,,,,0.293,,,0.59,
ELMOD3,0.8,,0.0,,,,,,,,,,0.9,,,,0.7,,,,0.6,,0.6
ELN,0.8,1.0,0.0,,0.64,,,,0.85,,,,0.9,,0.7,,,,,0.99,,,
ELOA,,,0.0,,0.0,,,,0.6,,0.8,,,,0.7,,,,0.7,,,0.6,
ELOA2,,,0.0,,0.0,,,0.8,0.6,,0.7,,,,,,,,0.5,,,,
ELOB,0.5,,0.0,,0.0,,,0.4,0.8,,,,0.9,,,,,,0.5,,,0.7,
ELOC,,,1.0,,1.0,,,0.6,0.7,,0.8,,,,,,,,0.5,,,0.5,0.6
ELOF1,,,0.1,,0.43,,,,0.6,,0.8,,,,0.7,,,,0.1,0.63,,,
ELOVL1,0.8,,,0.7,0.18,,,,0.75,,,,0.9,,0.7,0.75,0.85,,0.5,,,,
ELOVL2,,,0.0,,0.88,,0.9,,0.7,,0.8,,,,0.8,,,,0.5,0.85,,,
ELOVL3,,,0.8,,0.5,,,,0.7,,0.9,,,,0.85,0.75,,,0.6,,,,
ELOVL4,,,,,,,,,,,,0.8,,,,,,,,,,,
ELOVL5,,,,,,,,,,,,0.8,,,,,,,,,,,
ELOVL6,,,,,,,,,,,,0.8,,0.6,,,,,,,,,
ELOVL7,,,,,,,,,,,,0.8,,0.6,,,,,,,,,
ELP1,0.8,,0.0,,,,,0.6,,,,,0.9,,0.7,0.7,0.8,,,,0.6,,
ELP2,,,,,,,,,,,,,,,,,,,,,,,
ELP3,,,0.0,,,,0.8,0.6,0.7,,,,0.9,,0.6,0.7,0.8,,,,,0.5,
ELP4,,,0.0,,0.67,,0.5,0.7,0.8,,0.9,,,,0.7,,,,0.75,,,0.5,
ELP5,,,0.0,,0.5,,,0.4,0.7,,0.8,,,,0.9,,,,0.6,,,,
ELP6,,,0.8,,0.6,,,0.5,0.6,,0.7,,,,0.5,,,,0.5,,,0.7,
ELSPBP1,,,0.0,,0.5,,0.2,,0.7,,0.9,,,,0.8,,0.6,,0.8,1.0,,,
EMB,,,0.0,,,,0.5,,,,,,0.9,,0.7,0.7,,,,,0.9,,
EMC1,,,,,,,,,,,,0.8,,0.6,,,,,,,,,
EMC10,0.8,,0.0,,0.5,,,,0.7,,,,0.9,,,,,,0.7,,,0.6,
EMC2,,,,,,,,,,,,0.8,,0.6,,,,,,,,,
EMC3,,,,,,,,,,,,0.9,,0.7,,,,,,,,,
EMC4,,,,,,,,,,,,0.85,,0.7,,,,,,,,,
EMC6,,,,,,,,,,,,0.67,,0.67,,,,,,,,,
EMC7,,,,,,,,,,,,0.8,,0.6,,,,,,,,,
EMC8,,,,,,,,,,,,0.8,,0.6,,,,,,,,,
EMC9,,,0.0,,0.59,,,0.6,0.4,,0.8,,,,0.7,0.6,,,0.5,,,0.6,
EMCN,,,0.0,,0.56,,,,0.8,,0.9,,,,0.8,,0.7,,0.5,,,,
EMD,,,,,,,,,,,,1.0,,,,,,,,,,,
EME1,,,0.0,,0.88,,,0.2,0.8,,0.9,,,,0.7,,,,0.75,1.0,,,
EME2,,,0.0,,0.5,,,0.3,0.8,,0.9,,,,0.7,,,,0.7,0.82,,,
EMG1,0.8,,0.0,,,,,,,,,,0.9,,0.7,,0.85,,,,,,
EMID1,,,0.0,,0.61,,0.7,0.5,0.6,,0.8,,,,0.9,,,,0.5,0.88,,,
EMILIN1,,,,,,,,,,,,,,,,,,,,,,,
EMILIN2,,,0.0,,0.78,,,,0.8,,0.9,,,,0.8,,,,0.7,0.86,,,
EMILIN3,,,0.0,,0.53,,0.5,,0.7,,0.9,,,,0.8,,,,0.7,0.95,,,
EML1,,,,1.0,0.16,,0.5,0.7,0.6,,0.8,,,,0.7,0.8,,0.8,0.75,0.77,,,
EML2,,,0.0,,0.76,0.68,0.1,,0.8,,0.9,,,,,0.65,,,0.65,,,0.57,
EML3,,,0.0,,0.34,,,,0.6,,0.9,,,,0.8,0.75,,,0.7,,,,
EML4,,,,,,,,,,,,,,,,,,,,,,,
EML5,,,0.0,,0.27,,,,0.5,,0.7,,,,0.9,,,,0.6,,,,
EML6,,,0.0,,0.32,,0.9,,0.5,,0.6,,,,,,,,0.5,,0.88,,
EMP1,,,0.49,,0.17,,0.75,,0.9,,0.88,,,,0.9,,,0.85,0.79,,0.96,,
EMP2,0.8,,0.0,,0.5,0.7,,,0.7,,0.9,,,,,,,,0.6,,,,
EMP3,,,0.0,,0.89,,,0.6,0.8,,0.9,,,,0.8,,,0.75,0.7,,,,
EMSY,,,0.0,,0.0,,,,0.7,,0.9,,,,0.7,0.65,,,0.8,,,,
EMX1,,,,0.9,0.0,,0.7,,0.6,,0.8,,,,0.8,,,0.9,0.5,0.97,,,
EMX2,,1.0,,0.96,0.0,,0.8,,0.8,,0.9,,,,,,,,,1.0,,,
EN1,,1.0,,0.93,0.0,,0.85,,0.6,,0.7,,,,,,,,0.5,0.95,,,
EN2,,,,0.64,0.13,,,,0.6,,0.8,,,,,,,,0.5,1.0,,,
ENAH,,,,,,,,,,,,,,,,,,,,,,,
ENAM,0.7,,0.0,,0.59,,,,0.6,,0.9,,,,0.8,,,,0.8,0.95,,,
ENC1,,,,,,,,,,,,,,,,,,,,,,,
ENDOD1,,,0.0,,0.5,,0.6,,0.7,,0.7,,,,0.8,,,,0.8,0.6,,,
ENDOG,0.5,1.0,0.0,,,,,,,,,,0.8,,0.8,0.7,0.9,,0.5,,,,
ENDOU,,,0.0,,0.93,,,,0.6,,0.7,,,,0.85,,,,0.5,0.97,,,0.7
ENDOV,,,0.0,,0.86,,,0.6,0.7,,0.8,,,,0.7,,,,0.5,,,0.55,
ENG,0.8,1.0,,1.0,0.09,,,,0.7,0.6,0.9,,,,,,,,,0.85,,,
ENGASE,,,0.0,,1.0,,,,0.7,,0.9,,,,0.7,,,,0.6,,,,
ENHO,,,0.3,,0.75,,,,0.7,,0.8,,,,0.9,,,,0.5,,,,
ENKD1,,,0.0,,0.84,,,,0.8,,0.9,,,,0.8,,,,0.5,,,,
ENKUR,,,0.0,,0.66,,,,0.8,,0.9,,,,0.6,,,,0.5,,,,
ENO1,,,,,,,,,,,,0.8,,0.6,,,,,,,,,
ENO2,,,,,,,,,,,,0.9,,0.6,,,,,,,,,
ENO3,0.8,,0.0,,0.5,,,0.4,0.7,,0.9,,,,0.9,,,,0.6,1.0,,,
ENO4,,,0.0,,,,,,,,,,0.85,,,,0.8,,,,,,
ENOPH1,,,0.8,,0.6,,,0.6,0.7,,0.9,,,,0.9,,0.8,,0.5,0.7,,,
ENOSF1,,,0.0,,0.97,,,,0.8,,0.9,,,,0.7,,,,0.75,,,,
ENOX1,,,0.0,,0.44,,0.6,,0.9,,0.8,,,,0.7,,,,0.5,,,,
ENOX2,,,,,,,,,,,,1.0,,,,,,,,,,,
ENPEP,,,0.0,,,,0.8,0.5,0.7,,,,0.9,,,,,,,0.96,,,
ENPP1,0.8,,0.0,,0.42,,,,0.85,,0.9,,,,,,0.75,,0.5,0.89,,,
ENPP2,,1.0,0.0,,0.28,0.64,,,0.75,0.6,0.9,,,,,,,,0.8,0.94,,,
ENPP3,,,,,,,,,,,,0.9,,0.7,,,,,,,,,
ENPP4,,,0.2,,0.5,,,,0.8,,0.9,,,,0.8,,,,0.6,,,,
ENPP5,,,0.0,,0.96,,0.1,,0.7,,0.8,,,,0.6,,,,0.5,0.81,,,
ENPP6,,,0.0,,,,0.5,0.7,0.8,,,,0.9,,0.7,0.65,0.8,,,,0.99,,
ENPP7,,,0.0,,0.5,0.8,0.2,0.6,0.7,,0.9,,,,,,,,0.6,,,,
ENSA,,,0.34,,0.23,,,0.85,0.8,,0.9,,,,0.8,,,,0.12,,,0.5,0.7
ENTHD1,,,0.0,,,,0.5,0.7,0.8,,,,0.9,,0.7,,,,,,1.0,,
ENTPD1,,,,,,,,,,,,0.7,,0.5,,,,,,,,,
ENTPD2,,,0.0,,0.5,,,,0.75,0.8,0.9,,,,0.8,,,0.7,0.5,0.95,,,
ENTPD3,,,0.0,,,,,,,,,,0.9,,0.7,0.65,0.8,,,,0.87,,
ENTPD4,,,0.0,,0.76,,,0.6,0.8,,0.9,,,,0.9,,0.8,,0.5,,,0.7,0.7
ENTPD5,,,0.0,,0.41,,0.4,,0.8,,0.9,,,,0.6,,,,0.85,0.68,,,
ENTPD6,,,0.0,,0.54,,,,0.9,,0.77,,,,0.85,,0.8,,0.5,,,0.55,
ENTPD7,,,0.0,,,,,0.7,0.8,,,,0.9,,0.6,0.65,0.85,,,,0.75,,
ENTPD8,,,0.0,,0.79,,,,0.8,,0.9,,,,0.7,0.75,,,0.5,0.96,,,
ENY2,,,,0.88,0.0,,,,0.9,,0.84,,,,0.8,0.85,,,0.101,,,0.49,
EOGT,0.8,,0.0,,0.66,,,,0.7,,0.9,,,,0.6,,0.85,,0.5,0.82,,,
EOMES,,1.0,,1.0,0.8,,0.9,,0.6,,0.7,,,,0.8,,,,,,,,
EP300,,1.0,,1.0,0.04,,,0.6,0.75,0.8,0.7,,,,,,,0.85,,,,,
EP400,,1.0,,1.0,0.15,,0.5,,0.85,,0.9,,,,0.7,,,,,,,,
EP400P1,,,0.0,,0.0,,,,0.6,,0.2,,,,,,0.5,,0.5,,,0.4,
EPAS1,,1.0,0.5,,0.22,,0.6,0.4,0.7,0.5,0.9,,,,0.6,,,,0.6,0.93,,,
EPB41,0.6,,0.0,,0.35,0.8,,0.5,0.8,,0.9,,,,0.7,0.65,,0.7,0.7,,0.96,,
EPB41L1,,,,,,,,,,,,0.9,,,,,,,,,,,
EPB41L2,,,,1.0,0.84,,0.6,0.7,0.6,,0.7,,,,0.5,0.75,,,0.8,0.77,,,
EPB41L3,,,0.0,,,,0.1,0.7,,,,,0.9,,0.8,,,,,,,,
EPB41L4A,,,0.0,,0.77,,,0.7,0.9,,1.0,,,,0.9,0.78,,,0.8,,,,
EPB41L4B,,,,1.0,0.88,0.85,0.4,,0.8,,0.7,,,,0.8,0.85,,0.9,0.9,0.85,,,
EPB41L5,,,,,,,,,,,,1.0,,,,,,,,,,,
EPB42,,,,,,,,,,,,0.8,,0.6,,,,,,,,,
EPC1,,,,,,,,,,,,,,,,,,,,,,,
EPC2,,,,1.0,0.8,,,0.7,0.5,,0.6,,,,0.6,,,,0.7,,,,
EPCAM,0.8,1.0,0.0,,0.75,,,,0.7,0.6,0.9,,,,0.9,,,,,0.96,,,
EPDR1,,,,,,,,,,,,1.0,,,,,,,,,,,
EPG5,0.8,,0.0,,0.35,,,,0.7,,0.9,,,,0.7,,,,0.5,0.63,,,
EPGN,,,0.0,,,,0.7,,,,,,0.9,,0.8,,,,,,,,0.6
EPHA1,,,0.0,,,,0.8,0.75,0.85,0.7,0.9,,,,0.7,,,,,,0.97,,
EPHA10,,,0.0,,0.97,,,,0.7,0.5,0.9,,,,0.75,,,,0.8,,,,
EPHA2,0.7,,0.0,,,,0.8,,0.75,0.9,0.85,,,,,,,,,,0.93,,
EPHA3,,,,,,,,,,,,0.8,,0.6,,,,,,,,,
EPHA4,,,,1.0,0.94,,0.5,0.4,0.7,0.6,0.9,,,,,,,0.8,,0.77,,,
EPHA5,,,0.0,,0.36,,,,0.85,0.8,0.9,,,,0.8,,,,0.7,0.92,,,
EPHA6,,,,0.66,0.21,,0.5,,0.7,0.5,0.9,,,,0.8,,,,0.8,1.0,,,
EPHA7,,,,,,,,,,,,0.8,,0.6,,,,,,,,,
EPHA8,,,0.0,,0.48,,,0.4,0.5,0.4,0.7,,,,0.8,,,,0.8,0.97,,,
EPHB1,,,,1.0,0.9,0.8,,,0.7,0.6,0.9,,,,,0.85,,,0.7,,,,
EPHB2,,,,1.0,0.95,0.9,0.8,0.6,0.7,0.6,0.5,,,,,,0.8,,,0.84,,,
EPHB3,,,,,,,,,,,,0.9,,0.6,,,,,,,,,
EPHB4,,1.0,0.0,,,,0.8,,0.75,0.9,0.85,,,,0.8,,,,,,,,
EPHB6,,,0.0,,0.57,,0.5,0.65,0.75,0.6,,,,,,,,,0.7,0.92,,,
EPHX1,0.6,,0.0,,0.74,,,0.4,0.8,,0.9,,,,,,,,0.5,,,,
EPHX2,,,0.0,,0.95,,0.7,,0.8,,0.9,,,,,,,,0.5,,,,
EPHX3,,,0.0,,0.5,0.7,0.2,,0.7,,0.8,,,,0.6,,,0.9,0.6,0.95,,,
EPHX4,,,0.0,,0.57,,,,0.6,,0.9,,,,0.7,,,,0.5,,,,
EPM2A,,,0.0,,,,0.5,,0.7,,,,,,0.7,,,,,,,0.6,
EPM2AIP1,,,,0.66,0.19,,0.1,0.4,0.5,,0.8,,,,0.7,0.55,,,0.61,0.62,,,
EPN1,,,,0.71,0.19,,,0.1,0.6,,0.8,,,,0.5,,,,0.5,,,0.46,
EPN2,,,,0.73,0.19,,,0.14,0.87,,0.87,,,,0.5,,,,0.64,,,0.59,
EPN3,0.7,,0.0,,0.98,,,0.85,0.9,,0.74,,,,0.6,,,,0.8,0.93,,,
EPO,,1.0,0.01,,0.42,,0.6,0.7,0.8,,0.9,,,,0.5,,,,,0.96,,,
EPOP,,,0.0,,,,,,,,,,0.6,,,0.6,,,,,,,
EPOR,0.8,1.0,0.01,,0.37,,,,0.85,0.9,0.8,,,,0.8,,,0.75,,0.97,,,
EPPIN,,,0.0,,0.64,,,0.6,0.8,,0.9,,,,0.9,,,,0.5,1.0,,,
EPPK1,,,0.0,,0.9,,,,0.7,,,,,,0.7,0.7,,,0.8,,,0.5,
EPS15,,,0.0,,0.29,,,0.4,0.6,,0.8,,,,0.7,,,0.7,0.85,,,0.5,
EPS15L1,,,,,,,,,,,,0.9,,,,,,,,,,,
EPS8,,,,0.96,0.18,,,0.4,0.8,,,,,,,,0.75,,0.82,0.87,,,
EPS8L1,,,0.0,,0.76,,,0.6,0.7,,0.9,,,,0.8,,,,0.8,0.97,,,
EPS8L2,0.8,,0.0,,0.38,,,,0.6,,0.9,,,,0.8,,,0.75,0.7,0.87,,,
EPS8L3,0.5,,0.0,,0.68,0.88,,,0.8,,0.9,,,,0.8,,,,0.75,,,,
EPSTI1,,,0.0,,0.5,,,0.6,0.7,,0.9,,,,0.9,,,,0.6,0.91,,,
EPX,0.7,,0.0,,0.92,,,,0.85,,,,0.9,,0.75,0.8,,,0.8,,1.0,,
EPYC,,,0.0,,0.79,,,,0.6,,0.9,,,,0.7,,,,0.5,0.94,,,
EQTN,,,0.0,,0.5,,0.2,,0.6,,0.7,,,,0.9,,,,0.5,1.0,,,
ERAL1,,,0.0,,,,0.8,0.5,0.6,,0.7,,,,0.7,0.7,,,,,,,
ERAP1,,,0.0,,0.87,,,0.5,0.75,0.7,0.6,,,,,,,,0.8,0.7,,,
ERAP2,0.7,,0.0,,0.91,0.75,0.9,,0.8,0.6,0.7,,,,0.6,,,,0.8,0.8,,,
ERAS,,,0.23,,0.33,,,,0.75,,0.95,,,,0.8,,,,0.85,,,,
ERBB2,,1.0,0.0,,0.28,,0.6,0.5,0.85,0.9,0.95,,,,,,,0.75,,0.79,,,
ERBB3,,,,,,,,,,,,,,,,,,,,,,,
ERBB4,,1.0,,1.0,0.17,,0.8,,0.7,0.85,0.75,,,,,,,0.9,,0.85,,,
ERBIN,,,,,,,,,,,,0.8,,0.5,,,,,,,,,
ERC1,,,,,,,,,,,,1.0,,,,,,,,,,,
ERC2,,,,0.99,0.17,,0.8,,0.7,,0.9,,,,0.6,,,,0.75,0.88,,,
ERC2-IT1,,,0.0,,,,,,,,,,,,,,,,,,,,
ERCC1,,,0.0,,0.78,,,0.7,0.85,,0.9,,,,,0.65,,,,,,0.5,
ERCC2,1.0,1.0,0.0,,,,,,,,,,0.9,,0.8,,1.0,,,,,,
ERCC3,0.8,,0.0,,,,,,,,,,,,0.7,,0.9,,,,,,0.5
ERCC4,,,,,,,,,,,,,,,,,,,,,,,
ERCC5,0.9,1.0,0.0,,0.58,,,,0.8,,,,0.9,,,,0.95,,,,,,
ERCC6,0.8,,0.0,,,,,,,,,,,,,,,,,,,,
ERCC6L,,,,1.0,0.93,,,0.6,0.85,,0.9,,,,0.7,,,0.8,0.75,,,,
ERCC6L2,0.8,,0.0,,,,,,,,,,0.9,,0.75,,,,,,0.6,,0.5
ERCC8,,,,,,,,,,,,,,,,,,,,,,,
EREG,,,0.0,,,,0.5,0.6,0.8,,,,0.9,,0.8,,,,0.7,,0.97,,
ERF,,0.85,,0.9,0.8,,0.6,,0.8,,0.9,,,,0.8,,,0.7,,0.65,,,
ERFE,,,1.0,,1.0,,,,0.6,,,,0.8,,0.9,,,,0.5,,,,
ERG,,1.0,,0.97,0.13,,0.85,,0.7,0.75,0.9,,,,0.75,,,,0.65,0.91,,,
ERG28,,,0.9,,0.9,,,,0.7,,0.8,,,,0.8,,,,0.5,,,0.6,
ERGIC1,0.5,,,0.68,0.18,,,0.4,0.8,,,,0.98,,0.75,,,,0.58,,0.65,,
ERGIC2,,,0.9,,0.34,,0.6,,0.7,,0.8,,,,0.8,,,,0.5,,,0.6,
ERGIC3,,,0.0,,0.47,,0.9,0.7,0.8,,0.7,,,,0.8,,,,0.6,0.6,,,
ERH,,,,0.89,0.0,,,0.7,0.6,,0.8,,,,0.8,,,,0.1,,,0.5,
ERI1,,1.0,0.0,,,,0.8,,0.7,,0.9,,,,0.8,0.75,,,,0.65,,,
ERI2,,,0.0,,0.68,,,0.4,0.7,,0.93,,,,0.7,,,,0.5,,,0.6,
ERI3,,,0.9,,0.4,,,,0.7,,0.8,,,,0.8,,,0.8,0.6,,,0.5,
ERICH1,,,,,,,,,,,,,,,,,,,,,,,
ERICH2,,,0.0,,0.0,,,,0.6,,0.8,,,,,,,,0.5,1.0,,,
ERICH3,,,0.0,,0.0,,,,0.6,,0.8,,,,0.5,0.6,,,0.7,,,,
ERICH4,,,,,,,,,,,,,,,,,,,,,,,
ERICH5,,,0.0,,0.0,,,0.4,0.6,,0.9,,,,0.8,0.4,,,0.5,,,,
ERICH6,,,0.0,,0.0,,,0.2,,,0.8,,,,,,,,0.5,1.0,,,
ERICH6B,,,0.0,,0.0,,,,0.6,,0.9,,,,0.7,0.5,,,0.8,,,,
ERLEC1,,,0.0,,,,0.5,0.7,,,,,0.9,,0.7,,0.8,,,,,0.6,0.4
ERLIN1,,,0.18,,0.26,,0.5,0.4,0.8,,0.9,,,,0.7,0.65,,,0.69,0.68,,,
ERLIN2,0.8,,0.0,,0.45,,,0.7,0.8,,,,0.9,,0.7,,0.85,,0.5,,,0.6,
ERMAP,0.8,,0.0,,0.81,,,0.6,0.7,,,,0.9,,,0.75,,0.85,0.75,,0.63,,
ERMARD,0.8,,0.0,,0.76,,,,,,,,0.9,,0.8,,,,0.5,,0.61,,
ERMN,,,1.0,,0.74,,,,0.7,,0.9,,,,0.8,0.82,,,0.5,1.0,,,
ERMP1,,,,,,,,,,,,0.8,,,,,,,,,,,
ERN1,,,,,,,,,,,,0.8,,0.6,,,,,,,,,
ERN2,,,0.0,,0.79,,,,0.8,,0.9,,,,0.8,0.78,,0.85,0.7,,,,
ERO1A,,,,,,,,,,,,0.9,,0.6,,,,,,,,,
ERO1B,0.5,,0.0,,,,,,,,,,,,,,,,,,0.85,,
ERP27,,,0.0,,,,0.5,,0.7,,,,0.8,,0.9,,,,,,1.0,,
ERP29,,,,0.77,0.11,,,0.6,0.8,,0.9,,,,0.7,0.65,0.4,,0.5,,,0.6,
ERP44,,,,,,,,,,,,0.85,,0.65,,,,,,,,,
ERRFI1,,,,,,,,,,,,0.9,,,,,,,,,,,
ERV3-1,,,0.0,,0.0,,,,0.6,,0.81,,,,0.8,,,,0.604,,,,
ERVFC1,,,0.0,,0.0,,,,,,,,,,,,,,0.5,,,,
ERVFC1-1,0.2,,0.0,,0.0,,,,,,,,,,,,,,0.5,,,,
ERVFRD-1,,,0.9,,0.55,,,,0.75,,0.85,,,,0.9,0.85,,,0.7,,,,
ERVH48-1,,,1.0,,1.0,,,,0.8,,,,,,0.7,0.75,,,0.5,,,0.2,
ERVK-10,0.3,,0.0,,0.0,,,,,,,,,,,,,,0.5,,,0.8,
ERVK-11,0.1,,0.0,,0.0,,,,,,,,,,,,,,0.5,,,0.2,
ERVK-16,,,0.0,,0.0,,,,,,,,,,,,,,0.5,,,0.8,
ERVK-18,,,1.0,,1.0,,,,,,,,,,,0.6,,,0.8,,,0.5,
ERVK-19,0.1,,0.0,,0.0,,,,,,,,,,,0.3,,,0.5,,,0.8,
ERVK-21,0.4,,0.0,,0.0,,,,,,,,,,,,,,0.5,,,0.2,
ERVK-24,,,0.0,,0.0,,,,,,,,,,,,,,0.5,,,,
ERVK-25,0.3,,0.0,,0.0,,,,,,,,,,,,,,0.5,,,0.8,
ERVK-5,,,,,,,,,,,,,,,,,,,,,,,
ERVK-6,,,1.0,,1.0,,,,0.7,,,,,,,,,,0.5,,,0.8,
ERVK-7,,,0.0,,0.0,,,,,,,,,,,,0.8,,0.5,,,,
ERVK-8,0.2,,0.0,,0.0,,,,,,,,,,,0.2,,,0.5,,,0.0,
ERVK-9,0.2,,0.0,,0.0,,,,,,,,,,,,,,0.5,,,0.2,
ERVK11-1,,,0.0,,0.0,,,,,,,,,,,0.4,,0.7,0.5,,,0.2,
ERVK13-1,,,0.0,,0.0,,,,0.8,,,,,,,,,,0.5,,,0.7,
ERVMER34-1,,,0.0,,0.0,,,,0.5,,,,,,0.8,,,,0.5,,,,
ERVPABLB-1,,,0.0,,0.0,,,,,,,,,,,,,,0.5,,,,
ERVS71-1,0.1,,1.0,,1.0,,,,,,,,,,,,,,0.5,,,,
ERVV-1,,,0.0,,0.0,,,,,,,,,,0.6,0.5,,,0.5,1.0,,,
ERVV-2,,,1.0,,1.0,,,,0.8,,,,,,0.8,,,,0.5,,,,
ERVW-1,,,0.0,,0.0,,,,0.7,,0.9,,,,0.8,,,,0.8,,,,
ESAM,,,,,,,,,,,,0.9,,,,,,,,,,,
ESCO1,,,,1.0,0.94,,,,0.67,,0.49,,,,0.7,,,,0.84,0.64,,,
ESCO2,0.8,,0.0,,,,,,,,,,0.9,,0.6,0.7,0.9,,,,1.0,,
ESD,,,0.0,,0.74,,0.8,,0.7,,0.9,,,,0.75,,,0.6,0.5,0.62,,,
ESF1,,,0.8,,0.4,,,,0.7,,,,0.9,,0.8,,,,0.5,,,0.6,
ESM1,,,0.23,,0.28,,,,0.8,,0.89,,,,0.8,,,,0.73,,,,
ESPL1,,1.0,,1.0,0.09,,0.1,0.2,0.7,,0.8,,,,0.5,,,,,0.96,,,
ESPN,,,0.0,,0.6,,0.5,,0.6,,0.9,,,,0.7,,,0.8,0.8,0.93,,,
ESPNL,,,0.0,,0.61,,,,0.7,,0.9,,,,0.6,,,,0.8,,,,
ESR1,,,,1.0,0.04,,0.9,0.7,0.8,0.95,0.9,,,,,,,,0.8,,,,
ESR2,,,0.0,,0.64,0.9,0.8,,0.75,0.85,0.9,,,,0.8,,,0.8,,,,,
ESRG,,,1.0,,1.0,,,,0.75,,,,,,,,,,0.5,,,0.0,
ESRP1,0.7,,,1.0,0.1,,,0.7,0.8,,,,0.9,,0.75,,0.85,,0.6,0.94,,,
ESRP2,,,0.0,,0.48,,,,0.8,,0.9,,,,0.7,0.65,,,0.5,,,,
ESRRA,,,,0.56,0.2,,0.1,,0.8,0.75,0.9,,,,0.8,,,,0.85,,,0.7,
ESRRB,0.5,1.0,0.12,,0.26,,,,0.93,0.71,0.87,,,,0.5,0.75,,,,0.96,,,
ESRRG,,1.0,0.23,,0.25,,0.8,,0.6,0.5,0.9,,,,,0.65,,0.7,,0.82,,,
ESS2,,,0.0,,0.0,,,0.7,0.6,,0.8,,,,0.5,,,,0.5,,,0.6,
ESX1,,,,0.52,0.16,,,,0.78,,0.94,,,,,0.72,,0.85,0.81,,,,
ESYT1,,,0.0,,0.49,,,0.5,0.8,,,,0.9,,0.7,,,0.7,0.6,,,,
ESYT2,,,0.0,,,,0.8,0.5,0.7,,,,0.9,,0.6,0.7,0.8,,,0.7,,,
ESYT3,,,0.0,,0.86,,,,0.7,,0.9,,,,0.75,,,,0.8,,,,
ETAA1,0.8,,0.9,,,,0.8,,,,,,0.85,,0.9,,,,0.6,,0.7,,
ETF1,,,,,,,,,,,,,,0.7,,,,,,,,,
ETFA,,,0.0,,0.37,,0.4,0.6,0.7,,0.9,,,,0.7,0.6,,,0.5,,,0.5,
ETFB,0.7,,0.8,,,,,0.6,,,,,0.9,,0.75,0.75,0.9,,,,,,
ETFBKMT,,,1.0,,1.0,,,0.5,0.6,,0.8,,,,,,,0.9,0.7,,,0.7,
ETFDH,,,0.0,,0.71,,0.9,,0.75,,0.85,,,,0.8,,0.9,,0.6,,,0.5,
ETFRF1,,,0.0,,,,,0.7,0.6,,0.7,,,,0.8,,,,0.5,,,0.6,
ETHE1,0.8,,0.0,,0.82,,,,0.75,,0.9,,,,0.6,,,,0.5,0.81,,,
ETNK1,,,,0.93,0.14,,,,0.67,,0.76,,,,0.9,,,,0.45,,,0.54,
ETNK2,,,0.8,,0.7,,,0.4,0.8,,0.9,,,,,,,,0.5,,,,0.6
ETNPPL,,,0.0,,0.46,,,0.1,0.75,,0.8,,,,0.6,,0.7,,0.5,0.91,,,
ETS1,,1.0,,0.74,0.19,,0.72,,0.88,,0.92,,,,,,,,0.66,0.87,,,
ETS2,,1.0,,1.0,0.04,,0.8,0.5,0.6,,0.7,,,,0.8,,,,0.4,0.8,,,
ETV1,,,,0.88,0.16,,0.5,0.6,0.8,,0.9,,,,,,,0.9,0.95,1.0,,,
ETV2,,1.0,0.0,,,,,,,,,,0.9,,0.7,0.8,0.9,,0.7,,1.0,,
ETV3,,,,0.98,0.06,,,0.1,0.73,,0.88,,,,0.9,,,0.8,0.51,0.73,,,
ETV3L,,,0.0,,0.88,,,,0.6,,0.85,,,,0.8,0.78,,,0.75,0.96,,,
ETV4,,,0.0,,0.58,,,0.1,0.8,,0.9,,,,0.6,0.65,,,0.5,0.88,,,
ETV5,,1.0,,1.0,0.0,,0.8,0.5,0.6,,0.7,,,,0.7,,,0.8,,0.7,,,
ETV6,,1.0,,0.9,0.8,,0.6,0.4,0.6,,0.5,,,,0.7,,,0.8,,0.7,,,
ETV7,,,0.0,,0.5,0.9,0.8,0.5,0.6,,0.9,,,,0.6,,,0.8,0.7,0.9,,,
EVA1A,,,0.3,,0.5,,,,0.6,,0.8,,,,0.7,,,,0.5,0.95,,,
EVA1B,,,,0.74,0.0,,,0.8,0.6,,0.7,,,,0.9,,,,0.5,,,,
EVA1C,,,0.0,,,,0.5,0.7,0.8,,,,0.9,,0.85,,,,,0.75,,,
EVC,0.8,1.0,0.0,,0.82,,,,,,,,0.84,,0.7,,0.75,,,,0.86,,
EVC2,0.8,,0.0,,,,,0.5,,,,,0.9,,0.6,,,,,,0.8,,0.4
EVI2A,,,0.0,,0.7,,,0.6,0.7,,0.9,,,,0.8,,,,0.5,0.96,,,
EVI2B,,,,,,,,,,,,0.8,,,,,,,,,,,
EVI5,,,0.0,,0.53,,0.8,,0.6,,0.77,,,,0.9,,,,0.81,,,0.54,
EVI5L,,,,1.0,0.93,,0.5,,0.7,,0.8,,,,0.8,,,,0.6,0.71,,,
EVL,,,,,,,,,,,,,,,,,,,,,,,
EVPL,,,0.0,,0.6,,,0.2,0.6,,0.7,,,,0.6,,,0.5,0.8,,,,
EVPLL,,,0.0,,0.92,,,,0.5,,0.61,,,,0.8,,,,0.75,,,,
EVX1,,1.0,0.0,,,,0.8,,,,,,0.9,,,,,,,,0.9,,
EVX2,0.85,1.0,0.38,,0.22,,,,0.4,,0.8,,,,,,,0.9,0.76,0.99,,,
EWSR1,,,,,,,,,,,,1.0,,0.7,,,,,,,,,
EXD1,,,0.0,,0.93,,,,0.3,,,,0.64,,0.6,,,,0.5,1.0,,,
EXD2,0.6,,0.0,,,,0.5,0.2,0.8,,,,0.9,,0.7,0.6,,,,,,0.5,
EXD3,,,0.0,,,,0.8,,0.7,,,,,,,0.7,,,,,,0.9,
EXO1,,,0.0,,0.66,,0.8,,0.7,,0.9,,,,0.85,,,,0.846,0.99,,,
EXO5,,,,,,,,,,,,,,0.7,,,,,,,,,
EXOC1,,,0.0,,,,0.5,0.9,0.7,,,,0.8,,0.7,0.7,0.9,,,,,0.6,
EXOC2,,,0.0,,,,0.75,,0.85,,,,0.86,,0.8,,,,0.5,,,,
EXOC3,,,,0.92,0.17,,0.6,0.65,0.7,,0.8,,,,0.8,0.7,,,0.5,,,0.5,
EXOC3-AS1,,,0.0,,0.0,,,,0.7,,,,,,,0.5,,0.6,0.5,,,0.8,
EXOC3L1,,,0.0,,0.83,,,,0.6,,0.9,,,,0.7,,,,0.8,1.0,,,
EXOC3L2,,,,0.68,0.18,,0.6,0.5,0.5,,0.67,,,,,,,,0.75,,,0.0,
EXOC3L4,,,0.0,,0.67,,0.8,,0.6,,0.7,,,,0.9,,,,0.5,,,,
EXOC4,,1.0,0.0,,,,0.9,,0.7,,0.8,,,,0.8,,,,0.5,,,0.6,
EXOC5,,,,1.0,0.94,,,,0.7,,0.83,,,,0.5,,,,0.85,,,0.53,
EXOC6,0.6,1.0,0.0,,0.35,,0.4,0.7,0.8,,0.9,,,,0.7,,,,,0.62,,,
EXOC6B,,,,,,,,,,,,0.9,,,,,,,,,,,
EXOC7,0.7,,0.0,,,,,,,,,,0.8,,0.8,,,,,,,,
EXOC8,,,,1.0,0.04,,0.7,0.75,0.6,,0.85,,,,0.8,,,0.8,,,,0.7,
EXOG,,,0.0,,,,0.8,,0.7,,,,0.9,,0.7,,0.8,,,,,0.6,0.5
EXOSC1,,,0.0,,0.92,0.7,,0.75,0.85,,0.9,,,,0.8,,,,0.8,,,0.6,0.7
EXOSC10,,,0.0,,0.56,,0.2,,0.7,,0.8,,,,,0.7,,,0.5,0.63,,,
EXOSC2,0.8,,0.0,,0.67,,,,0.8,,,,0.9,,0.8,,,,0.5,,,0.6,
EXOSC3,0.8,,0.0,,0.56,,,0.6,0.7,,,,0.9,,0.7,,,,0.5,,0.65,,
EXOSC4,,,0.05,,0.43,,,,0.8,,0.9,,,,0.75,0.75,,,0.5,0.92,,,
EXOSC5,,,0.0,,0.54,,,,0.9,,0.8,,,,0.6,0.55,,,0.5,,,0.6,
EXOSC6,,,,0.6,0.0,,,,0.7,,0.8,,,,0.5,0.7,0.7,,0.5,,,0.6,
EXOSC7,,,0.0,,0.65,,,0.6,0.7,,0.8,,,,0.8,0.65,,,0.5,,,0.59,
EXOSC8,0.7,,0.0,,0.5,,,0.7,0.8,,,,0.9,,0.8,,,,0.6,,0.65,,
EXOSC9,,,0.0,,0.76,,0.4,,0.9,,0.8,,,,0.5,,,,0.5,0.72,,,
EXPH5,,,0.0,,,,0.5,,0.6,,0.7,,,,0.5,0.6,0.7,,,0.9,,,
EXT1,,,,,,,,,,,,0.8,,0.6,,,,,,,,,
EXT2,0.8,1.0,0.0,,0.53,,,0.7,0.85,,,,0.9,,0.8,,0.9,,,,0.66,,
EXTL1,,,0.0,,0.76,0.85,,,0.8,,0.9,,,,0.7,0.7,,,0.5,,,,
EXTL2,,,0.0,,0.57,,0.1,,0.8,,0.85,,,,0.7,,,,0.66,,,0.56,
EXTL3,,1.0,0.0,,,,,,0.8,,,,0.9,,0.8,,0.9,,,,,0.6,
EYA1,,,,0.9,0.8,,0.6,0.6,0.8,,0.9,,,,,,,,,0.95,,,
EYA2,,,0.22,,0.24,,0.86,0.09,0.73,,0.93,,,,0.5,,,,0.54,0.92,,,
EYA3,,,,1.0,0.88,0.84,0.5,,0.8,,0.9,,,,,,,,0.75,,,0.6,
EYA4,,0.9,0.2,,,,0.8,,0.7,,0.6,,,,,,,,,,,,
EYS,,,0.0,,0.7,,0.4,,0.5,,0.8,,,,0.8,,,,0.7,0.94,,,
EZH1,,,0.03,,0.26,,,,0.7,0.1,0.9,,,,0.6,0.65,,,0.75,0.7,,,
EZH2,,1.0,,1.0,0.98,,0.6,0.7,0.75,0.9,0.85,,,,,,,,,0.95,,,
EZR,,1.0,0.45,,0.22,,0.1,0.6,0.8,,0.9,,,,0.7,,,,0.5,,,,
F10,,1.0,0.0,,0.59,,0.8,0.5,0.6,0.9,0.7,,,,,,,0.8,,0.8,,,
F11,,,0.0,,0.5,0.8,0.9,0.5,0.7,0.7,0.8,,,,0.8,,,0.9,0.7,1.0,,,
F11R,,,,,,,,,,,,1.0,,,,,,,,,,,
F12,,,0.0,,0.52,,0.9,0.4,0.7,,0.8,,,,0.7,,,,0.6,1.0,,,
F13A1,,,0.0,,0.48,,0.6,0.2,0.85,,0.9,,,,0.8,,,,0.8,0.88,,,
F13B,0.8,,0.0,,0.57,,,0.3,0.7,,0.9,,,,0.9,,,,0.5,1.0,,,
F2,,1.0,0.0,,0.33,,0.6,,0.75,0.9,0.85,,,,,,,0.9,,1.0,,,
F2R,,,,,,,,,,,,0.9,,0.7,,,,,,,,,
F2RL1,,1.0,0.0,,0.63,,,0.6,0.85,0.9,0.9,,,,,,,,0.5,0.97,,,
F2RL2,,,,,,,,,,,,,,,,,,,,,,,
F2RL3,,,0.0,,0.68,,,,0.75,0.8,0.9,,,,0.9,,,0.85,0.5,,,,
F3,0.85,,,,,,,,,,,,,,,,,,,,,,
F5,,1.0,0.0,,0.43,,0.9,,0.5,0.6,0.7,,,,0.7,,,,,1.0,,,
F7,,1.0,0.0,,,,0.75,0.5,0.6,0.5,0.9,,,,0.7,,,,,1.0,,,
F8,,,,1.0,0.03,0.9,0.7,,0.7,0.6,0.5,,,,,,,,0.8,0.8,,,
F8A1,,,0.0,,0.0,,,,0.6,,,,0.8,,,,0.5,,0.5,,,1.0,
F9,0.8,1.0,,1.0,0.0,,,0.6,0.8,0.7,0.9,,,,0.8,,,,0.5,1.0,,,
FA2H,0.8,,0.13,,0.27,,,,0.8,,0.9,,,,0.7,0.75,0.85,,0.74,1.0,,,
FAAH,0.8,,0.0,,,,,,,,,,0.9,,,0.7,0.9,,,,0.8,,
FAAH2,,,0.0,,0.6,0.7,0.5,,0.7,,0.8,,,,0.8,0.7,,,0.5,0.9,,,
FAAP100,,,0.0,,0.0,,,,0.6,,0.8,,,,0.5,,0.8,,0.5,,,,
FAAP20,,,1.0,,1.0,,,0.6,0.7,,0.8,,,,0.9,0.75,,,0.5,,,0.6,
FAAP24,,,1.0,,1.0,,,0.2,0.7,,0.8,,,,,,,,0.5,,,,
FABP1,,,0.0,,0.7,0.6,0.5,0.4,0.9,,0.8,,,,0.7,,,,0.5,1.0,,,
FABP12,,,0.0,,0.81,,,,0.6,,0.8,,,,,,,,0.5,1.0,,,
FABP2,,,,,,,,,,,,0.8,,0.6,,,,,,,,,
FABP3,,,0.4,,0.2,0.67,0.5,,0.8,0.5,0.9,,,,0.6,,,,0.5,1.0,,,
FABP4,,,0.0,,0.5,,,,0.7,0.6,0.9,,,,0.6,,,,0.8,1.0,,,
FABP5,0.75,,0.8,,,,,,,,,,0.9,,,,0.9,,,,,,
FABP5P3,,,0.0,,0.0,,,,0.6,,,,,,,,,,0.5,,,0.4,
FABP6,,,0.0,,,,0.8,,,,,,0.9,,0.8,0.7,0.85,,,,1.0,,
FABP7,,,0.0,,0.81,,,,0.8,,0.9,,,,0.7,0.75,,,0.5,,,,
FABP9,,,0.0,,0.5,,,,0.6,,0.7,,,,0.5,,,,0.2,,,,
FADD,,,,,,,,,,,,1.0,,0.7,,,,,,,,,
FADS1,,,,,,,,,,,,0.8,,0.75,,,,,,,,,
FADS2,,,,,,,,,,,,1.0,,0.8,,,,,,,,,
FADS3,0.9,,0.0,,0.36,,0.8,0.6,0.7,,0.9,,,,,,0.8,,0.5,0.83,,,0.5
FADS6,,,0.0,,0.5,0.6,,,0.8,,,,,,,,0.85,0.9,0.7,0.95,,,
FAF1,,1.0,,1.0,0.8,,0.7,,0.5,,0.6,,,,0.7,,,0.8,0.4,,,0.6,
FAF2,,,,1.0,0.96,0.85,,0.75,0.8,,0.9,,,,0.9,,,,0.7,,,,
FAH,,1.0,0.0,,0.99,,0.5,,0.7,,0.9,,,,0.6,,,,,0.77,,,
FAHD1,,,0.0,,0.2,0.7,,0.5,0.6,,0.8,,,,0.7,0.6,,,0.5,,,0.6,
FAHD2A,,,0.0,,0.72,,,0.6,0.7,,0.9,,,,0.6,,,,0.5,,,,
FAHD2B,,,0.0,,0.76,,,,0.6,,0.8,,,,0.7,,,,0.5,0.64,,,
FAIM,,,0.0,,0.74,,,0.6,0.75,,0.95,,,,,,,,0.89,,,0.52,
FAIM2,,,0.0,,,,0.9,,,,,,0.8,,0.9,,,,,,0.85,,
FAM106A,,,0.0,,0.0,,,,0.4,,0.2,,,,,0.3,,,0.5,,,,
FAM107A,,,0.0,,0.6,,,,0.6,,0.9,,,,0.8,,,,0.5,,,,
FAM107B,,,0.0,,0.87,,0.8,,0.6,,0.7,,,,0.9,,,,0.3,0.5,,,
FAM110A,,,0.36,,0.22,,,,0.7,,0.9,,,,0.5,0.7,,,0.8,0.93,,,
FAM110B,,,0.38,,0.22,,,,0.92,,0.94,,,,0.8,,,,0.74,,,,
FAM110C,,,0.0,,0.5,,,,0.6,,0.8,,,,,,,,0.7,,,,
FAM110D,,,,,,,,,,,,,0.68,,,,,,,,,,
FAM111A,0.9,,0.0,,0.8,,,0.4,0.6,,,,0.7,,0.5,,,,0.6,,0.8,,
FAM111B,0.8,,0.1,,0.89,,,,0.9,,,,0.96,,0.75,,,,0.73,,1.0,,
FAM114A1,,,0.0,,0.5,,0.8,,0.7,,0.9,,,,0.5,,,,0.6,0.8,,,0.6
FAM114A2,,,0.0,,0.67,,,,0.8,,0.9,,,,0.9,0.7,,,0.5,,,,
FAM117A,,,0.0,,0.54,0.4,0.1,,0.67,,0.84,,,,0.5,,,,0.75,0.75,,,
FAM117B,,,,,,,,,,,,,,,,,,,,,,,
FAM118A,,,0.0,,0.58,0.75,0.5,,0.7,,0.8,,,,0.8,,,,0.5,0.66,,,
FAM118B,,,0.8,,0.6,,,0.6,0.7,,,,0.9,,0.9,,,,0.5,,,0.7,
FAM120A,,,,,,,,,,,,0.7,,,,,,,,,,,
FAM120AOS,,,0.34,,0.23,,,,0.6,,0.8,,,,,,,,0.8,,,0.5,
FAM120B,,,0.0,,0.53,,0.5,,0.85,,0.74,,,,0.7,,,,0.8,,,0.52,
FAM120C,,,,1.0,0.0,,,,0.6,,0.8,,,,0.7,,,,0.7,,,0.5,0.6
FAM124A,,,0.0,,0.94,,,0.7,0.6,,0.85,,,,0.8,,,,0.5,,,,
FAM124B,,,0.0,,0.76,,,,0.7,,0.78,,,,,,,,0.5,0.95,,,
FAM131A,,,0.0,,0.39,,,,0.9,,0.7,,,,,0.5,,,0.5,0.69,,,
FAM131B,,,,0.99,0.95,,,0.8,0.7,,0.85,,,,0.9,,,,0.6,0.96,,,
FAM131C,,,,,,,,,,,,,,,,,,,,,,,
FAM133A,,,,,,,,,,,,,,,,,,,,,,,
FAM133B,,,0.0,,0.52,,0.4,,0.7,,0.6,,,,0.9,,,,0.5,,,0.6,
FAM135A,,,,1.0,0.16,,,,0.8,,0.9,,,,0.8,0.75,,0.9,0.7,0.66,,,
FAM135B,,,,1.0,0.88,,,0.2,0.6,,0.8,,,,,,,,0.7,,,,
FAM136A,0.8,,0.0,,0.93,,,0.7,0.6,,0.9,,,,0.8,,,,0.5,,,0.6,0.7
FAM13A,,,0.0,,0.62,,0.9,0.2,0.7,,0.8,,,,0.5,,,,0.5,,,,
FAM13B,,,,0.82,0.2,,0.5,,0.8,,0.9,,,,,,,,0.75,,,0.6,
FAM13C,,,0.0,,0.41,,,0.4,0.9,,0.57,,,,,0.5,,,0.75,,,,
FAM149A,,,0.0,,0.51,,,,0.7,,0.6,,,,,,,,0.8,,,,
FAM149B1,0.8,,0.0,,,,,,,,,,0.7,,,,0.9,,,,,,
FAM151A,,,0.0,,,,0.5,,,,,,0.9,,0.7,,,,,,1.0,,
FAM151B,,,0.0,,0.92,,,,0.7,,0.9,,,,,,,,0.5,,,0.6,
FAM153A,,,,,,,,,,,,,,,,,,,,,,,
FAM153B,,,0.0,,0.77,,,0.7,0.6,,0.8,,,,,0.5,,,0.5,,,,
FAM156B,,,0.0,,0.0,,,,0.6,,0.8,,,,0.9,0.5,,,0.5,,,,
FAM157A,,,0.0,,0.0,,,,0.8,,,,,,,,,,0.5,,,,
FAM157B,,,0.0,,0.0,,,,0.5,,,,,,,0.1,,,0.5,,,0.2,
FAM157C,0.2,,0.0,,0.0,,,,,,,,,,,,,,0.5,,,1.0,
FAM161A,0.9,,0.0,,0.74,,,,0.7,,,,0.85,,,,,,0.8,0.8,,,
FAM161B,,,0.0,,0.74,0.81,,0.4,0.6,,0.9,,,,0.8,0.65,,,0.5,,,,
FAM162A,,,0.0,,0.88,,,,0.7,,0.9,,,,0.8,,,,0.5,,,0.6,
FAM162B,,,0.0,,0.5,,,,0.7,,0.8,,,,0.8,0.7,,,0.5,,,,
FAM163A,,,0.12,,0.38,,,0.5,0.45,,,,0.86,,0.8,,,,0.67,,,,
FAM163B,,,0.02,,,0.0,,,0.6,,0.8,,,,0.9,0.65,,,0.5,,,,
FAM167A,,,,,,,,,,,,,,,,,,,,,,,
FAM167A-AS1,,,0.0,,0.0,,,,0.7,,,,,,,0.3,,,0.5,,,0.4,
FAM167B,,,0.0,,0.83,,,,0.7,,0.85,,,,0.9,,,,0.5,,,,
FAM168A,,,,0.98,0.0,,,,,,,,0.7,,,0.8,,0.9,0.5,,,,
FAM168B,,,0.9,,0.5,,,,0.7,,0.8,,,,0.8,,,,0.6,,,0.6,
FAM169A,,,,1.0,0.94,,,,0.6,,0.5,,,,0.8,,,,0.7,,,,
FAM170A,,,0.0,,,,,,,,,,0.7,,,,0.9,,,,,,
FAM170B,,,0.0,,0.0,,,,0.6,,0.8,,,,,0.5,,,0.5,1.0,,,
FAM171A1,,,,,,,,,,,,0.8,,,,,,,,,,,
FAM171A2,,,1.0,,1.0,,,,0.7,,0.9,,,,0.8,0.85,,,0.8,,,,
FAM171B,,,,,,,,,,,,0.9,,,,,,,,,,,
FAM174A,,,0.0,,0.5,,,0.9,0.7,,,,0.8,,0.7,,,,0.5,,,0.6,
FAM174B,,,0.0,,0.5,,,,0.6,,0.7,,,,0.9,,,,0.5,0.8,,,
FAM177A1,,,0.0,,,,0.8,0.6,0.7,,,,0.9,,0.8,,,,,,,0.5,0.7
FAM177B,,,0.0,,0.87,,,,0.6,,0.9,,,,,0.5,,,0.5,,,,
FAM178B,,,0.0,,0.68,,,,0.8,,0.9,,,,0.7,,,,0.5,,,,
FAM180A,,,0.0,,0.78,,,,0.7,,0.9,,,,0.8,0.7,,,0.5,,,,
FAM180B,,,0.0,,0.64,,,,0.5,,,,,,0.7,0.65,,,0.5,,,,
FAM181A,,,0.0,,0.65,,,,0.6,,0.7,,,,,,,,0.5,,,,
FAM181B,0.5,,,,,,,,,,,,,,,,,,,,,,
FAM182A,,,,,,,,,,,,,,,,,,,,,,,
FAM182B,,,,,,,,,,,,,,,,,,,,,,,
FAM184A,,,0.0,,0.7,,,,0.8,,0.9,,,,0.9,,,,0.6,,,,
FAM184B,,,,,,,,,,,,,,,,,,,,,,,
FAM185A,,,0.0,,0.0,,,,0.7,,0.8,,,,,,,,0.5,,,0.6,
FAM186A,,,,,,,,,,,,1.0,,,,,,,,,,,
FAM186B,,,0.0,,0.89,,,,0.6,,0.8,,,,,,,,0.5,1.0,,,0.7
FAM187A,,,0.0,,0.83,,,,,,,,,,0.9,,,,0.5,,,,
FAM187B,,,0.0,,0.7,,,0.7,0.6,,0.9,,,,0.75,0.75,,,0.8,,,,
FAM193A,,,,1.0,0.9,,0.6,,0.7,,0.8,,,,0.9,,,,0.7,,,0.5,
FAM193B,,,,,,,,,,,,,,,,,,,,,,,
FAM199X,,,,0.59,0.18,,,,0.6,,0.8,,,,0.75,0.65,,,0.78,,,0.5,
FAM200A,,,0.0,,0.78,,,,0.8,,0.9,,,,0.8,,,,0.5,,,0.6,
FAM200B,,,0.0,,0.0,,,,0.6,,,,,,,,,,0.8,,,0.5,
FAM201A,,,0.0,,0.0,,,,0.8,,,,,,,,,,0.5,,,0.2,
FAM204A,,,0.99,,0.39,,,,0.67,,0.88,,,,0.75,,,0.85,0.93,,,0.5,
FAM209A,,,0.2,,0.5,,,0.3,0.5,,0.7,,,,0.6,,,,0.6,,,,
FAM209B,,,0.0,,0.7,,,,0.6,,0.8,,,,0.7,,,,0.5,,,,
FAM20A,,,0.0,,,,0.5,0.4,0.6,,0.8,,,,0.7,0.6,0.8,,,0.9,,,
FAM20B,,,0.0,,0.56,,,0.2,0.6,,0.8,,,,0.85,,,,0.7,,,0.54,
FAM20C,,,,,,,,,,,,0.8,,0.6,,,,,,,,,
FAM210A,,,0.0,,0.79,0.75,0.6,,0.7,,0.8,,,,0.9,,,,0.5,,,0.6,
FAM210B,,,0.2,,0.5,,,,0.7,,0.6,,,,0.5,,,,0.3,,,,
FAM215A,,,0.0,,0.0,,,,0.6,,,,,,,0.3,,,0.5,,,,
FAM216A,,,,,,,,,,,,,,,,,,,,,,,
FAM216B,,,,,,,,,,,,,,,,,,,,,,,
FAM217A,,,,,,,,,,,,,,,,,,,,,,,
FAM217B,,,0.0,,0.0,,,0.7,0.6,,0.8,,,,0.8,0.6,,,0.7,,,,
FAM218A,,,0.0,,0.0,,,0.6,0.5,,0.1,,,,,,,,0.5,,,,
FAM219A,,,0.11,,0.33,,,0.17,0.7,,0.62,,,,0.9,0.65,,,0.185,,,,0.9
FAM219B,,,0.0,,0.98,,0.1,0.6,0.7,,0.8,,,,0.9,0.5,,,0.5,,,0.5,
FAM220A,,,0.0,,0.0,0.89,,,0.6,,0.8,,,,,,,,0.5,0.96,,,
FAM220BP,,,0.0,,0.0,,,,,,,,,,,,,,0.5,,,1.0,
FAM221A,,,0.0,,0.5,,,0.5,0.7,,0.8,,,,0.8,,,,0.6,,,0.6,
FAM221B,,,0.0,,0.78,,,0.7,0.5,,0.93,,,,,,,,0.75,,,,
FAM222A,,,,0.86,0.09,,,0.6,0.7,,0.9,,,,,0.7,,,0.5,,,,
FAM222B,,,0.15,,0.27,,0.5,,0.5,,0.6,,,,0.8,,,,0.562,,,0.6,
FAM223A,,,,,,,,,,,,,,,,,,,,,,,
FAM223B,,,0.0,,0.0,,,,0.8,,,,,,,,,,0.5,,,0.7,
FAM227A,,,0.0,,0.0,,,,0.6,,0.8,,,,,0.4,,,0.5,,,,
FAM227B,,,0.0,,0.5,,0.4,,0.7,,0.8,,,,,0.5,,0.9,0.6,0.75,,,
FAM228A,,,0.02,,0.47,,,0.2,0.6,,0.8,,,,,0.5,,,0.75,,,,
FAM228B,,,,,,,,,,,,,,,,,,,,,,,
FAM229A,,,0.0,,0.0,,,,0.6,,,,,,,,,,0.5,,,,
FAM229B,,,,0.58,0.0,,,,0.6,,0.7,,,,,0.5,,,0.1,,,,
FAM234A,,,0.0,,0.0,,,,0.8,,0.9,,,,0.8,0.6,,,0.5,,,,
FAM234B,,,0.0,,0.0,,,0.8,0.6,,0.7,,,,0.7,,,,0.5,,,,
FAM236B,,,0.0,,0.0,,,,,,,,,,,,,,0.1,,,,
FAM236D,0.0,,0.0,,0.0,,,,,,,,,,,,,0.5,0.1,,,0.2,
FAM237A,,,1.0,,1.0,,,,0.6,,,,,,,,,0.7,0.8,0.9,,,
FAM240A,,,,,,,,,,,,,,,,,,,,,,,
FAM240B,0.0,,0.0,,0.0,,,,,,,,,,,,,,0.5,,,0.2,
FAM241A,,,1.0,,1.0,,,0.7,0.6,,0.6,,,,0.7,0.7,,,0.5,,,,
FAM241B,,,1.0,,1.0,,,,0.7,,0.8,,,,0.9,,,,0.5,,,,
FAM24A,,,0.8,,0.6,0.7,,,,,,,,,0.8,0.75,,,0.5,,,,
FAM24B,,,0.1,,0.5,,,0.9,0.6,,0.8,,,,0.8,0.7,,,0.2,,,,
FAM25C,,,0.0,,0.0,,,,0.6,,0.8,,,,,0.4,,,0.1,,,,
FAM27B,,,0.0,,0.0,,,,0.5,,,,,,,,,,0.5,,,0.5,
FAM27D1,,,,,,,,,,,,,,,,,,,,,,,
FAM27E3,,,0.0,,0.0,,,,0.8,,,,,,,,,,0.5,,,0.2,
FAM30A,,,0.0,,0.0,,,,0.7,,,,,,,,,,0.5,,,,
FAM32A,,,,,,,,,,,,,,,,,,,,,,,
FAM3A,,,,0.69,0.13,,0.1,,0.6,,0.91,,,,0.8,,,,0.46,,,0.46,0.5
FAM3B,,,0.0,,,,0.8,0.6,0.7,,,,0.9,,0.8,,,,,0.95,,,
FAM3C,,,0.1,,0.3,0.38,0.9,,0.7,,0.8,,,,0.8,,0.7,,0.5,,,0.6,
FAM3D,,,0.0,,0.48,,0.1,0.2,0.8,,0.9,,,,0.7,,,,0.5,0.99,,,
FAM43A,,,0.0,,0.0,,,0.6,0.7,,0.9,,,,,,,0.5,0.8,,,,
FAM43B,,,0.0,,0.0,,,,0.6,,0.6,,,,0.8,,,,0.5,,,,
FAM47A,,,,,,,,,,,,,,,,,,,,,,,
FAM47B,,,,,,,,,,,,,,,,,,,,,,,
FAM47C,,,1.0,,1.0,,,,0.5,,,,,,,0.5,0.2,,0.5,,,,
FAM47DP,,,0.0,,0.0,,,,,,,,,,,,,,0.5,,,0.0,
FAM47E-STBD1,,,0.0,,0.5,,,,0.6,,0.9,,,,,,,,0.7,,,,
FAM50A,0.8,,,0.97,0.06,,,,0.7,,0.9,,,,0.8,,,,0.75,,,0.6,
FAM50B,,,0.47,,0.2,,,,0.7,,,,0.98,,,0.7,,,0.65,,,0.57,
FAM53A,,,0.0,,0.57,,,,0.6,,0.8,,,,0.8,,,,0.5,1.0,,,
FAM53B,,,,0.86,0.13,,0.71,,0.75,,0.88,,,,0.8,,,,0.84,,,0.57,
FAM53C,,,0.08,,0.3,,0.1,0.5,0.67,,0.72,,,,0.9,0.55,,,0.78,0.63,,,
FAM66E,,,0.0,,0.0,,,,,,,,,,,,,,0.5,,,,
FAM72A,,,0.0,,0.0,,,,0.7,,0.8,,,,0.75,,,,0.5,,,,
FAM72B,,,0.0,,0.5,,,,0.8,,,,,,0.9,0.6,,,0.5,,,,
FAM72C,,,,,,,,,,,,0.7,,,,,,,,,,,
FAM72D,,,0.15,,0.5,,,,0.7,,,,,,0.9,,,0.8,0.75,1.0,,,
FAM74A1,0.3,,0.0,,0.0,,,,,,,,,,,,,,0.5,,,1.0,
FAM74A3,,,1.0,,1.0,,,,0.8,,,,,,,,,0.9,0.5,,,0.0,
FAM74A4,,,0.0,,0.0,,,,,,,,,,,,,0.8,0.5,,,0.0,
FAM74A7,0.1,,0.0,,0.0,,,,,,,,,,,,,,0.5,,,1.0,
FAM76A,,,0.0,,0.42,,,,0.6,,0.86,,,,1.0,0.65,,,0.5,,,,
FAM76B,,,0.33,,0.23,0.51,,0.4,0.67,,0.69,,,,0.8,0.75,,,0.67,0.65,,,
FAM78A,,,0.35,,0.23,,,0.1,0.7,,0.79,,,,0.9,,,,0.85,,,,
FAM78B,,,,,,,,,,,,,,,,,,,,,,,
FAM81A,,,0.49,,0.21,,,,0.8,,0.55,,,,0.75,,,,0.73,0.92,,,
FAM81B,,,0.0,,0.83,,,0.5,0.6,,0.8,,,,0.9,,,,0.5,,,,
FAM83A,,,0.0,,0.87,,,,0.6,,0.8,,,,0.75,,,,0.7,1.0,,,
FAM83B,,,0.0,,0.46,,0.75,,0.8,,0.6,,,,0.7,,,,0.5,0.97,,,
FAM83C,,,0.0,,0.69,,,,0.5,,0.8,,,,,,,,0.75,1.0,,,
FAM83D,,,0.0,,0.8,,,,0.8,,0.9,,,,0.7,,,,0.5,,,,
FAM83E,,,0.0,,0.5,,,,0.7,,0.9,,,,,,,,0.8,1.0,,,
FAM83F,,,0.0,,0.98,,,,0.7,,0.68,,,,0.85,0.75,,,0.5,,,,
FAM83G,,,0.0,,0.41,,,,0.6,,0.8,,,,0.75,,,,0.7,0.97,,,
FAM83H,0.8,,,0.7,,,,,,,,,0.6,,0.4,,,,,,0.9,,
FAM86B1,,,0.0,,0.4,,,,0.7,,,,0.6,,0.7,,,0.8,0.5,,0.9,,
FAM86B2,,,0.0,,0.95,,,,0.8,,,,,,0.7,,,0.9,0.5,0.79,,,
FAM86C2P,,,0.0,,0.0,,,,0.6,,,,,,,0.5,,0.7,0.5,,,0.4,
FAM86JP,,,0.0,,0.0,,,,0.5,,,,,,,,,0.3,0.1,,,0.2,
FAM87A,,,1.0,,1.0,,,,,,,,,,,,,,0.5,,,,
FAM89A,,,,,,,,,,,,,,,,,,,,,,,
FAM89B,0.4,,0.8,,,,,,,,,,,,,,0.9,,,,,,
FAM8A1,,,,,,,,,,,,1.0,,0.5,,,,,,,,,
FAM90A1,,,0.0,,0.6,,0.5,0.6,0.7,,0.8,,,,,0.65,,,0.7,0.8,,,
FAM90A27P,,,0.0,,0.0,,,,,,,,,,,,,,0.5,,,0.0,
FAM90A2P,,,0.0,,0.0,,,,0.5,,,,,,,0.1,,,0.5,,,0.2,
FAM91A1,,,0.0,,0.32,,,,0.6,,0.9,,,,0.5,,,,0.7,,,,
FAM98A,,,0.42,,0.22,,,0.8,0.9,,0.73,,,,0.8,,,,0.52,,,0.53,
FAM98B,,,0.9,,,,,,,,,,0.8,,0.7,0.75,0.8,,,,,,
FAM98C,,,0.0,,0.84,,,,0.5,,0.75,,,,,0.6,,,0.5,,,0.53,
FAM9A,,,0.0,,,,0.8,0.7,0.6,,,,0.5,,,,,,,,1.0,,
FAM9B,,,0.0,,,,0.8,0.6,0.7,,,,0.9,,,,0.5,,,,1.0,,
FAM9C,,,0.0,,0.7,,,0.7,0.6,,,,0.8,,,,,,0.5,,,,
FAN1,0.5,,0.0,,0.86,,,,0.75,,,,0.85,,0.6,,0.9,,0.8,,,0.49,
FANCA,,,0.0,,0.5,,0.8,,0.6,,0.9,,,,0.7,,,,0.7,0.95,,,
FANCB,0.9,,,1.0,0.8,,,,0.7,,,,0.8,,0.75,,,,0.7,,,,
FANCC,0.8,,0.0,,0.75,,,,0.85,,,,0.9,,0.7,,,,0.5,,0.82,,
FANCD2,0.8,1.0,0.0,,0.71,,,,0.85,,,,0.9,,,,,,,,0.99,,
FANCD2OS,,,0.8,,0.6,,,0.6,0.7,,0.9,,,,,,,,0.5,,,,
FANCE,0.8,,0.0,,0.51,,,0.6,0.7,,0.9,,,,0.9,0.7,,,0.5,0.72,,,
FANCF,0.8,,0.46,,0.0,,,,0.7,,0.9,,,,0.6,,,,0.74,,,0.57,
FANCG,0.9,,0.0,,0.75,,,0.7,0.85,,,,0.95,,0.8,,,,0.8,0.66,,,
FANCI,,,0.0,,0.81,,0.5,0.4,0.6,,0.9,,,,0.7,,,,0.8,0.99,,,
FANCL,,1.0,0.0,,0.5,,0.8,,0.6,,0.7,,,,0.8,,,0.7,,0.6,,,
FANCM,0.9,,0.0,,0.45,,,0.5,0.6,,0.7,,,,0.7,,,,0.8,,,,
FANK1,,,0.0,,0.78,,,0.5,0.6,,0.9,,,,0.9,,,,0.8,,,,
FAP,,,0.0,,0.81,,0.9,,0.7,0.5,0.8,,,,,0.8,,,0.6,,,,
FAR1,0.8,,,0.98,0.12,,,,0.75,,,,0.9,,0.6,0.75,,,0.51,0.64,,,
FAR2,,,,,,,,,,,,0.9,,,,,,,,,,,
FARP1,,,0.0,,0.35,,,,0.7,,0.9,,,,0.8,0.75,,,0.6,,,,0.7
FARP2,,,0.0,,0.96,,0.9,0.6,0.7,,0.85,,,,0.9,,,0.75,0.8,0.65,,,
FARS2,0.8,,0.0,,0.76,,,,0.7,,0.9,,,,0.8,,,,0.5,,,0.6,0.7
FARSA,,,,,,,,,,,,,,,,,,,,,,,
FARSB,,,0.0,,,,0.5,0.5,0.6,,0.8,,,,0.7,,,,,,,0.6,0.4
FAS,,,,0.84,0.14,,0.75,0.8,0.85,,0.9,,,,0.8,,,,0.67,0.81,,,
FASLG,,,,,,,,,,,,1.0,,0.7,,,,,,,,,
FASN,,1.0,,1.0,0.08,,,0.5,0.85,0.8,0.9,,,,0.75,,,,0.7,,,,
FASTK,,,0.0,,0.35,,,,0.7,,0.9,,,,0.6,,,,0.6,,,0.5,
FASTKD1,,,0.0,,0.5,,,,0.7,,,,0.8,,0.9,,,,0.7,,,0.6,
FASTKD2,,,0.0,,0.5,,0.5,0.6,0.7,,0.9,,,,0.9,,,,0.7,,,,
FASTKD3,,,0.0,,0.78,,,,0.8,,0.9,,,,0.8,,,,0.5,,,0.53,
FASTKD5,,,0.0,,0.61,0.8,,,0.5,,0.6,,,,0.6,,,,0.7,,,0.5,
FAT1,,,,,,,,,,,,1.0,,,,,,,,,,,
FAT2,0.5,,0.0,,0.41,,,,0.6,,,,0.9,,0.7,,,,0.8,,,,
FAT3,,,,1.0,0.17,,0.7,,0.5,,0.6,,,,0.75,,,,0.8,0.88,,,
FAT4,,1.0,,1.0,0.88,,0.5,,0.6,,0.8,,,,0.7,,0.8,,0.4,0.82,,,
FATE1,,,0.1,,,,,,,,,,0.8,,0.9,,0.85,,,,,,
FAU,,,,,,,,,,,,,,,,,,,,,,,
FAXC,,,,,,,,,,,,0.9,,,,,,,,,,,
FAXDC2,,,0.0,,0.79,,,,0.8,,0.9,,,,0.6,,,,0.5,,,,
FBF1,,,0.0,,0.66,,,,0.8,,0.9,,,,0.6,0.7,,,0.5,0.87,,,
FBL,,,,,,,,,,,,,,,,,,,,,,,
FBLIM1,,,0.0,,0.69,,0.1,0.8,0.7,,0.9,,,,,,,,0.5,1.0,,,
FBLL1,,,0.0,,0.0,,,,0.7,,0.5,,,,0.6,0.65,,,0.5,0.87,,,
FBLN1,,,,,,,,,,,,0.8,,,,,,,,,,,
FBLN2,,,0.0,,0.36,,,0.75,0.8,,0.9,,,,0.7,,,,0.7,,,,0.6
FBLN5,,,,1.0,0.8,,0.6,,0.7,,0.8,,,,0.9,,,0.9,0.7,0.92,,,
FBLN7,,,0.0,,0.58,,0.1,0.6,0.7,,0.9,,,,0.8,,,0.7,0.5,0.83,,,
FBN1,,1.0,,1.0,0.98,,0.9,,0.6,,0.7,,,,,,0.9,0.85,,0.92,,,
FBN2,,,,1.0,0.13,,0.8,,0.6,,0.7,,,,0.8,,0.9,0.8,0.5,,,,
FBN3,,,0.0,,0.61,,0.6,,0.5,,0.7,,,,0.8,,,0.9,0.8,0.95,,,
FBP1,,,0.2,,,,0.8,,0.7,,,,0.9,,0.75,,,,,,,,
FBP2,,,,,,,,,,,,0.8,,0.6,,,,,,,,,
FBRS,,,,1.0,0.0,,,,0.6,,0.8,,,,0.9,0.75,,,0.5,,,,
FBRSL1,,,,,,,,,,,,0.9,,,,,,,,,,,
FBXL12,,,0.05,,0.35,,,,0.75,,0.88,,,,0.8,0.7,,,0.65,,,,
FBXL13,,,0.0,,0.65,,0.6,0.2,0.7,,0.8,,,,,,,,0.5,1.0,,,
FBXL14,,,,0.84,0.1,,,0.6,0.67,,0.88,,,,,,0.85,,0.75,,,,
FBXL15,0.7,,0.3,,,,,0.6,,,,,0.9,,0.8,,,,0.5,,,,
FBXL16,,,,0.97,0.07,,,0.6,0.75,,0.85,,,,0.8,,,0.7,0.79,,,,
FBXL17,,,,1.0,0.0,,0.6,,0.7,,0.9,,,,0.6,,,,0.8,,,0.5,
FBXL18,,,0.0,,0.52,,0.1,0.4,0.6,,0.8,,,,0.8,,,,0.5,0.69,,,
FBXL19,,,,1.0,0.0,,0.8,0.5,0.6,,0.7,,,,0.8,,,,,,,,
FBXL19-AS1,,,0.0,,0.0,,,,0.7,,,,,,,0.3,,,0.5,,,,
FBXL2,,,0.9,,,,,,,,,,0.8,,,0.7,,,0.6,,,,0.5
FBXL20,,1.0,,1.0,0.9,,,,0.6,,0.7,,,,0.8,,,0.8,0.5,0.7,,,
FBXL22,0.5,,0.9,,,,,,,,,,0.8,,,,,,,,,,
FBXL3,,,,0.98,0.06,0.85,0.5,0.6,0.8,,0.9,,,,0.7,0.78,,,0.75,0.66,,,
FBXL4,,,0.0,,,,0.5,0.7,0.6,,0.8,,,,0.5,,,,,,,0.6,
FBXL5,,,,,,,,,,,,,,0.6,,,,,,,,,
FBXL6,,,0.0,,0.73,,,,0.7,,0.9,,,,0.6,,0.9,,0.5,,,,
FBXL7,,,0.34,,0.23,,,0.6,0.8,,0.85,,,,0.8,,,,0.75,0.79,,,0.7
FBXL8,,,0.0,,0.4,,,,0.6,,0.8,,,,,,0.9,,0.5,,,,
FBXO10,,,0.0,,0.44,,,0.75,0.7,,0.9,,,,0.6,0.7,,,0.8,,,,
FBXO11,,1.0,,1.0,0.9,,0.7,,0.5,,0.6,,,,,,0.9,,,0.7,,,
FBXO15,,,,0.72,0.18,,,0.6,0.8,,0.95,,,,,0.75,,,0.51,,,,
FBXO16,,,0.0,,0.78,,,,0.6,,0.9,,,,0.8,,,,0.5,,,,
FBXO17,,,0.0,,0.5,0.0,,0.6,0.7,,0.8,,,,,,,,0.5,,,,0.6
FBXO2,,,0.0,,0.49,,,,0.75,,0.8,,,,0.5,,,,0.5,,,,
FBXO21,,,,0.97,0.15,,,,0.8,,0.9,,,,0.8,,,,0.75,,,0.53,0.7
FBXO22,,,,0.97,0.06,,0.5,,0.6,,0.8,,,,0.8,0.8,,,0.7,,,0.6,
FBXO24,0.7,,0.0,,0.41,,,,0.8,,0.9,,,,,,,,0.5,1.0,,,
FBXO25,,,0.0,,0.44,,,0.6,0.7,,0.8,,,,0.5,0.5,,,0.5,,,,0.6
FBXO27,0.3,,0.0,,0.5,,,,0.6,,0.8,,,,,,0.7,,0.5,0.9,,,
FBXO28,,,,0.98,0.06,,,0.7,0.85,,0.9,,,,0.8,,,,0.75,,,0.52,
FBXO3,,,,0.99,0.87,,,0.85,0.8,,0.9,,,,0.75,0.8,,,0.8,,,0.5,
FBXO30,,,0.42,,0.22,,,0.14,0.87,,0.58,,,,0.9,,,0.67,0.75,,,,
FBXO31,0.5,,0.47,,0.22,,,,0.8,,0.9,,,,,,,,0.75,0.71,,,
FBXO32,,,,1.0,0.95,0.8,0.9,,0.75,,0.85,,,,0.8,,,,0.6,0.92,,,
FBXO33,,,,0.99,0.05,,,,0.8,,0.85,,,,0.7,0.76,,0.9,0.75,,,0.54,
FBXO34,0.5,,0.1,,0.27,,,0.7,0.8,,0.9,,,,0.85,0.65,,,0.8,,,,
FBXO36,,,0.0,,0.6,,,,0.6,,0.9,,,,,0.55,0.8,,0.5,,,,
FBXO38,0.8,,,1.0,0.85,,,,0.8,,,,0.9,,0.8,,,,0.7,,,,
FBXO39,,,0.0,,0.59,,,,0.4,,0.81,,,,,,,0.7,0.5,1.0,,,
FBXO4,,,0.0,,0.65,,,0.6,0.7,,0.9,,,,0.7,,,,0.5,,,,0.5
FBXO40,,,0.0,,0.77,,0.6,0.6,0.7,,0.9,,,,0.7,,,,0.5,0.99,,,
FBXO41,,,,,,,,,,,,1.0,,,,,,,,,,,
FBXO42,,,,0.99,0.12,,,0.7,0.8,,0.9,,,,0.75,0.8,,,0.75,,,,
FBXO43,,,0.0,,0.46,,,,0.7,,0.9,,,,0.6,0.65,0.8,,0.8,1.0,,,
FBXO44,0.4,,0.0,,0.7,,,0.6,0.8,,0.9,,,,,,,,0.5,0.83,,,
FBXO45,,,,,,,,,,,,0.8,,,,,,,,,,,
FBXO46,,,,0.73,0.17,,0.1,,0.5,,0.65,,,,0.75,,,,0.6,0.69,,,
FBXO47,,,0.13,,0.26,,,,0.75,,0.8,,,,,0.65,,,0.9,1.0,,,
FBXO48,,,0.0,,0.95,,,,0.7,,0.9,,,,,0.6,,,0.6,,,0.5,
FBXO5,0.7,0.9,,0.95,,,,0.65,,,,,0.8,,,0.8,,,0.7,,,,
FBXO6,,,0.01,,0.44,,,0.82,0.85,,0.93,,,,0.6,,,,0.87,,,0.47,
FBXO7,,,0.0,,,,0.8,0.75,0.8,,0.9,,,,0.6,0.75,,,,0.65,,,
FBXO8,,,,0.51,0.2,,,,0.7,,0.9,,,,0.85,0.65,0.75,,0.8,,,0.5,
FBXO9,,,0.0,,0.37,,,0.2,0.8,,0.9,,,,0.5,,,,0.5,,,0.6,
FBXW10,,,0.0,,0.88,,,,0.7,,0.9,,,,,,,,0.8,1.0,,,
FBXW11,,,,0.98,0.15,,0.85,0.8,0.7,,0.6,,,,,,,,,,,0.5,
FBXW12,,,0.0,,0.73,,,,0.8,,0.9,,,,0.6,,,,0.5,,,,
FBXW2,,,,1.0,0.0,,,,0.6,,0.7,,,,0.7,,,0.8,0.8,,,0.5,
FBXW4,0.8,,0.0,,0.44,,,0.6,0.8,,0.9,,,,0.9,,0.7,,0.5,,,0.5,
FBXW5,,,0.0,,,,0.5,,,,,,0.9,,0.7,0.6,,,,,0.6,,
FBXW7,,1.0,,1.0,0.9,,,0.65,0.75,,0.6,,,,,,,,0.7,0.85,,,
FBXW8,0.7,1.0,0.0,,,,,,,,,,0.8,,0.9,,1.0,,0.5,,,,0.6
FBXW9,,,0.0,,0.69,,,,0.7,,0.85,,,,0.6,,,0.9,0.75,,,,
FCAMR,,,0.0,,0.78,,,,0.7,,0.9,,,,0.9,,,,0.8,1.0,,,
FCAR,,,0.0,,,,0.5,0.3,,,,,0.9,,0.7,,,,,,,,0.6
FCER1A,0.8,,0.0,,,,0.8,0.6,0.7,0.5,0.9,,,,,,,,,0.9,,,
FCER1G,,,,0.59,0.14,,,,0.65,0.5,0.8,,,,0.8,,,,0.1,0.99,,,
FCER2,,,0.0,,,,0.8,,0.7,0.6,0.9,,,,0.8,,,,,,,,0.7
FCF1,,,0.8,,0.6,,,0.7,0.6,,0.7,,,,0.7,,,,0.5,,,0.6,
FCGBP,,,0.0,,0.0,,,,0.7,,,,,,,,,0.6,0.8,,,0.5,
FCGR1A,0.8,,0.0,,0.46,,,0.6,0.7,,0.9,,,,0.8,,,,0.5,,,,
FCGR2A,,,,,,,,,,,,1.0,,0.5,,,,,,,,,
FCGR2B,,,,,,,,,,,,1.0,,0.5,,,,,,,,,
FCGR2C,,,1.0,,1.0,,,,0.9,,,,,,,,,,0.8,,,,
FCGR3A,0.8,,0.0,,,,,,,,,,,,,,,,,,0.99,,
FCGR3B,,,0.0,,,,0.8,0.6,,,,,0.9,,0.8,0.7,,,,,1.0,,
FCGRT,,,,,,,,,,,,1.0,,0.6,,,,,,,,,
FCHO1,,,,1.0,0.15,,0.5,0.7,0.8,,0.9,,,,0.75,,,,0.6,0.82,,,
FCHO2,,,,1.0,0.9,,0.8,,0.8,,0.9,,,,0.8,,,,0.7,0.7,,,
FCHSD1,,,0.0,,0.99,,,,0.6,,0.9,,,,0.9,,,,0.8,,,,
FCHSD2,,,,,,,,,,,,0.9,,,,,,,,,,,
FCMR,,,0.0,,0.0,,,,0.7,,0.9,,,,0.85,0.8,,,0.8,,,,
FCN1,,,,,,,,,,,,0.9,,0.5,,,,,,,,,
FCN2,,,0.0,,0.5,0.8,0.3,,0.6,,0.7,,,,0.7,,,,0.6,0.99,,,0.5
FCN3,0.5,,0.02,,0.39,,,,0.73,,0.85,,,,0.8,0.75,,,0.299,1.0,,,
FCRL1,,,0.0,,0.56,,0.4,0.2,0.5,,0.9,,,,0.6,,,,,1.0,,,
FCRL2,,,0.0,,0.8,,,0.1,0.5,,0.54,,,,0.8,,,,0.5,1.0,,,
FCRL3,0.8,,0.0,,,,0.8,0.5,0.7,,,,0.9,,,,,,,,1.0,,
FCRL4,,,0.0,,0.65,,0.5,0.6,0.8,,0.9,,,,0.8,,,,0.5,,,,
FCRL5,,,0.0,,0.78,,,0.6,0.75,,0.9,,,,0.7,,,,0.85,,,,
FCRL6,,,0.0,,,,0.5,,0.7,,,,,,0.9,,,,0.6,1.0,,,
FCRLA,,,0.0,,0.9,,,,0.7,,0.88,,,,0.8,,,,0.5,,,,
FCRLB,,,0.0,,0.99,,0.6,,0.7,,0.8,,,,0.8,,,0.9,0.7,0.84,,,
FDCSP,,,0.2,,0.5,,,,0.7,,0.8,,,,0.8,,,,0.4,,,,
FDFT1,,1.0,0.0,,0.8,,,0.6,0.8,0.7,0.9,,,,0.8,,,,,,,0.7,
FDPS,0.8,,0.0,,0.37,,,0.7,0.8,0.9,0.9,,,,0.8,,,,0.5,,,0.6,
FDX1,,,,,,,,,,,,,,,,,,,,,,,
FDX2,0.8,,0.0,,,,,,,,,,0.6,,,0.6,,,,,,,
FDXACB1,,,0.0,,0.78,,,0.4,0.5,,0.9,,,,0.7,0.65,,,0.62,,,,0.8
FDXR,,,0.0,,0.55,,,0.2,0.75,,0.9,,,,0.7,0.65,,,0.5,0.99,,,
FECH,,1.0,0.0,,0.35,,0.6,0.7,0.8,0.5,0.9,,,,0.8,,,,,,,0.6,
FEM1A,,,0.0,,0.9,,,,0.7,,0.9,,,,,,,,0.8,,,,
FEM1B,,,0.39,,0.22,,,,0.67,,0.88,,,,0.9,,,,0.63,,,0.54,
FEM1C,,,,,,,,,,,,,,,,,,,,,,,
FEN1,,1.0,0.0,,,,0.9,0.6,0.7,,,,0.8,,0.8,,,,,,0.96,,
FER,,,,0.57,0.22,,0.6,,0.75,0.75,0.85,,,,0.8,0.7,,0.8,0.82,,,,
FER1L4,,,1.0,,1.0,,,,0.8,,,,,,,,,,0.5,,,0.9,
FER1L5,,,0.0,,0.0,,,,0.7,,0.9,,,,0.8,,,,0.8,,,,
FER1L6,,,0.0,,0.8,,,,0.6,,0.5,,,,0.7,,,,0.5,,,,
FER1L6-AS1,,,0.0,,0.0,,,,0.5,,,,,,,0.3,,,0.5,,,,
FER1L6-AS2,,,0.0,,0.0,,,,0.5,,,,,,,,,0.8,0.5,,,0.2,
FERD3L,,,0.5,,,,0.7,0.6,0.8,,,,0.9,,,,,,0.4,,,0.3,
FERMT1,,1.0,0.0,,0.6,,0.5,0.6,0.8,,0.9,,,,0.8,,,,,0.93,,,
FERMT2,,1.0,,1.0,0.97,,0.75,0.5,0.8,,0.9,,,,0.9,0.82,,0.7,,0.81,,,
FERMT3,,,,,,,,,,,,0.8,,,,,,,,,,,
FES,,,,,,,,,,,,0.8,,0.6,,,,,,,,,
FETUB,,,0.0,,0.75,,0.6,,0.8,,0.9,,,,0.8,,,,0.5,1.0,,,
FEV,,,0.0,,0.0,,,,0.6,,0.7,,,,0.7,,,,0.5,0.94,,,
FEZ1,,,,0.73,0.18,,,0.24,0.11,,0.142,,,,0.75,,,,0.392,0.87,,,
FEZ2,,,0.0,,0.94,,0.1,,0.9,,0.7,,,,0.7,,,,0.5,,,0.6,
FEZF1,0.8,,,0.95,0.07,,,0.7,0.6,,,,0.9,,,,,,,,0.96,,0.5
FEZF2,,,,1.0,1.0,,,,0.8,,,,0.9,,,,,,0.7,0.96,,,
FFAR1,,,0.0,,0.8,,,,0.85,0.9,0.95,,,,0.8,,,,0.5,0.99,,,
FFAR2,,,0.9,,0.6,,,,0.8,0.85,0.9,,,,0.75,,,,0.7,1.0,,,
FFAR3,,,0.0,,0.6,0.7,,,0.8,,,,0.9,,,,,,0.5,0.94,,,
FFAR4,0.8,,0.0,,0.63,,,,0.8,0.9,0.7,,,,,0.8,,,0.5,1.0,,,
FGA,,,0.0,,0.72,,0.7,,0.7,0.5,0.9,,,,0.6,,,,0.8,1.0,,,
FGB,,,,,,,,,,,,0.8,,0.6,,,,,,,,,
FGD1,,,,1.0,0.93,,,,0.6,,0.7,,,,0.8,,0.9,,,,,0.65,
FGD2,0.9,,0.0,,0.53,0.78,,,0.7,,0.85,,,,0.75,,0.8,,0.5,,,,
FGD3,,,0.0,,0.45,,,,0.85,,0.9,,,,0.9,,,,0.7,1.0,,,
FGD4,0.8,,0.9,,,,,,,,,,,,,,,,,,0.7,,
FGD5,,,,1.0,0.93,,0.9,0.6,0.7,,0.8,,,,0.75,0.82,,,0.5,0.88,,,
FGD6,,,0.0,,0.38,,0.8,0.5,0.6,,0.9,,,,0.9,,,,,0.65,,,
FGF1,,,0.46,,0.18,0.55,0.5,0.6,0.81,0.5,0.9,,,,0.75,,,,0.78,0.89,,,
FGF10,,1.0,,0.92,0.0,,0.8,0.6,0.7,,0.9,,,,0.7,,,,,0.91,,,
FGF11,,,0.0,,0.67,,,,0.85,,0.9,,,,,,,,0.5,0.93,,,
FGF12,,,,0.64,0.17,,0.5,0.7,0.8,,0.9,,,,,0.65,0.6,,0.5,0.88,,,
FGF13,,,,,,,,,,,,0.8,,0.6,,,,,,,,,
FGF14,0.8,,,0.92,0.08,,,,0.75,,0.9,,,,0.6,,,,0.25,0.88,,,
FGF16,0.8,,0.0,,,,,,,,,,0.9,,0.75,,,,,,0.9,,
FGF17,0.8,,,0.96,0.0,,,0.6,0.7,,0.9,,,,0.8,,,,0.5,1.0,,,
FGF18,,0.9,0.39,,0.22,,0.1,,0.7,,0.8,,,,0.9,,,,,0.86,,,
FGF19,,1.0,,0.57,0.0,,,,0.8,,0.9,,,,0.8,,,,0.5,0.99,,,
FGF2,,,0.8,,,,,,,,,,0.9,,0.8,,,,,,0.8,,
FGF20,0.8,,,0.82,0.0,,,,0.7,,,,0.9,,0.8,,,,0.5,0.95,,,
FGF21,,,0.03,,0.51,,0.5,,0.8,,0.9,,,,0.8,,,,0.85,1.0,,,
FGF22,,,0.0,,0.5,,,0.2,0.8,,0.9,,,,,0.6,,,0.7,,,,
FGF23,,,0.03,,0.49,,0.4,,0.7,0.2,0.8,,,,0.6,0.55,,,0.25,1.0,,,
FGF3,,1.0,0.0,,0.5,,0.8,0.7,0.6,,0.7,,,,0.7,,,,,1.0,,,
FGF4,,,,,,,,,,,,0.8,,0.6,,,,,,,,,
FGF5,0.8,,0.0,,,,,,,,,,0.9,,,,0.8,,,,0.95,,
FGF6,,,0.0,,,,0.6,,,,,,0.9,,0.8,,,,,,,,
FGF7,,,,0.78,0.11,,0.6,0.1,0.76,,0.7,,,,0.8,0.75,,,0.5,0.84,,,
FGF8,,1.0,,0.65,0.17,,0.4,0.95,0.76,,0.8,,,,0.7,,,,,0.92,,,
FGF9,,1.0,,0.95,0.0,,0.6,0.5,0.7,,0.9,,,,0.8,,,,,0.95,,,
FGFBP1,,,,0.61,0.0,,,,0.1,,0.127,,,,0.9,0.75,,,0.234,0.97,,,
FGFBP2,,,0.0,,0.7,,,,0.6,,0.9,,,,0.8,0.7,,,0.5,,,,
FGFBP3,,,0.0,,0.8,,,,0.7,,0.9,,,,,0.7,,,0.5,,,,
FGFR1,,1.0,,1.0,0.9,,0.5,,0.8,0.7,0.6,,,,,,,,,0.8,,,
FGFR1OP2,,,0.0,,0.48,0.75,,0.7,0.8,,0.9,,,,0.9,,,,0.5,,,0.6,
FGFR2,,1.0,,1.0,0.14,,0.9,0.6,0.7,0.75,0.8,,,,,,,,0.5,0.87,,,
FGFR3,0.9,1.0,0.0,,,,,,,,,,0.7,,,,,,,,0.91,,
FGFR4,,,0.0,,0.63,,0.9,,0.8,0.85,0.75,,,,0.9,0.85,,,0.6,0.94,,,
FGFRL1,,0.8,0.9,,,,0.7,0.7,0.6,,,,,,0.8,,,,,0.8,,,0.6
FGG,,,0.06,,0.28,0.52,0.9,,0.7,,,,0.9,,,0.75,,,,1.0,,,
FGGY,,,0.0,,,,0.5,0.1,0.7,,,,0.75,,0.9,,0.8,,,,,0.6,0.4
FGL1,,,0.0,,0.5,0.9,,0.7,0.6,,0.8,,,,0.7,0.75,,,0.7,,,,
FGL2,,1.0,0.0,,0.56,,,0.7,0.8,,0.9,,,,0.8,,,,0.7,0.92,,,
FGR,,,0.47,,0.22,0.73,,,0.95,0.9,0.85,,,,,0.82,,,0.8,0.97,,,
FH,,,,,,,,,,,,,,,,,,,,,,,
FHAD1,,,0.0,,0.0,,,,0.6,,0.8,,,,,0.6,,,0.5,,,,
FHDC1,,,0.0,,0.35,,,,0.8,,0.8,,,,0.7,,,,0.8,,,,
FHIT,,,0.03,,0.52,,0.54,0.07,0.93,,0.89,,,,,,,,,,,0.5,
FHL1,0.9,,,0.95,,,,,,,,,0.85,,0.8,,0.75,,,,0.9,,
FHL2,,,0.0,,0.66,,,,0.9,,0.8,,,,0.5,,,,0.5,0.97,,,
FHL3,0.9,,0.0,,,,0.8,0.6,0.7,,,,0.9,,0.5,0.7,0.7,,,1.0,,,
FHL5,,,0.0,,0.5,,0.7,0.6,0.7,,0.9,,,,0.9,,,,0.6,1.0,,,
FHOD1,,,0.0,,0.66,,,,0.8,,0.9,,,,0.7,0.75,,,0.5,0.99,,,
FHOD3,0.8,,0.2,,0.25,0.8,0.6,,0.8,,0.9,,,,,,,,0.7,,,,
FIBCD1,,,0.0,,0.5,,,,0.6,,0.8,,,,0.7,0.6,0.8,,0.7,,,,
FIBIN,,,0.57,,0.19,,,,0.8,,0.68,,,,0.9,,,,0.42,0.91,,,
FIBP,,,0.0,,,,0.5,0.6,0.8,,0.9,,,,0.7,0.6,,,,,,0.5,
FICD,,,0.9,,0.45,,,,0.7,,0.8,,,,0.85,,,,0.6,,,,
FIG4,0.8,,0.0,,0.98,,,0.6,0.7,,0.9,,,,0.75,,0.85,,0.5,,,0.6,
FIGLA,0.8,,0.0,,0.65,,,,0.7,,0.9,,,,,,,,0.5,0.91,,,
FIGN,,1.0,,1.0,0.1,,0.9,,0.6,,0.7,,,,0.7,,,0.8,0.5,0.9,,,
FIGNL1,,,0.0,,0.47,,,0.5,0.7,,0.9,,,,0.6,0.7,,0.8,0.8,0.8,,,
FIGNL2,,,1.0,,1.0,,,,0.7,,,,,,,,,,0.8,,,,
FILIP1,,,0.0,,0.5,,0.8,,0.7,,0.9,,,,0.8,,,,0.6,0.9,,,
FILIP1L,,,0.0,,,,0.8,,0.5,,,,0.76,,0.7,0.75,,,,,,,
FIP1L1,,,,0.96,0.17,,0.1,,0.8,,0.9,,,,0.8,,,,0.59,,,0.6,
FIS1,,,0.0,,0.87,,,0.7,0.8,,0.9,,,,0.75,,,,0.5,,,0.6,
FITM1,,,0.0,,0.72,,,,0.7,,0.9,,,,0.8,,,,0.6,0.99,,,
FITM2,,,0.0,,0.92,,0.5,,0.6,,0.4,,,,0.8,,0.9,,0.5,,,0.6,
FIZ1,,,,0.6,0.2,,,,0.6,,0.8,,,,0.9,0.65,,0.7,0.5,,,0.5,
FJX1,,,,0.95,0.0,,,,0.7,,0.8,,,,0.6,0.6,0.4,,0.5,,,,
FKBP10,0.8,,0.0,,0.54,,,,0.7,,0.9,,,,0.75,,,0.6,0.5,0.89,,,
FKBP11,,,0.0,,0.98,,,0.6,0.8,,0.9,,,,0.8,,,,0.7,0.86,,,
FKBP14,0.8,,0.0,,0.95,,,,0.7,,0.9,,,,0.9,,,0.6,0.5,,0.7,,
FKBP15,,,0.8,,0.6,,,,0.7,,0.9,,,,0.8,,,,0.5,,,0.6,
FKBP1A,,,,,,,,,,,,0.8,,0.6,,,,,,,,,
FKBP1B,,,0.4,,0.2,,0.1,,0.7,,0.84,,,,0.7,,,,0.1,0.88,,,
FKBP2,,,,,,,,,,,,0.8,,0.75,,,,,,,,,
FKBP3,,,0.0,,0.53,,,,0.7,,0.8,,,,0.75,,,,0.5,,,0.53,
FKBP4,,1.0,0.35,,0.23,,,0.6,0.7,,0.8,,,,0.7,,,,0.9,,,,
FKBP5,,,,0.68,0.19,,0.75,,0.85,,0.9,,,,0.7,,,0.7,0.45,0.76,,,0.7
FKBP6,,,0.0,,0.62,,,0.6,0.7,,0.8,,,,0.6,,,,0.5,,,,0.5
FKBP7,,,0.0,,0.5,,0.3,,0.5,,0.7,,,,0.9,,,0.8,0.4,0.9,,,
FKBP8,,,,,,,,,,,,,,,,,,,,,,,
FKBP9,,,0.0,,0.51,,,0.65,0.8,,0.58,,,,0.9,,,,0.5,,,,
FKBP9P1,,,1.0,,1.0,,,,0.8,,,,,,,,,0.9,0.5,,,0.7,
FKBPL,,,0.0,,,,0.8,0.6,0.7,,,,0.9,,0.8,,,,0.5,,,0.6,
FKRP,0.8,1.0,0.0,,0.68,,,,,,,,0.9,,,,0.7,,,,,0.6,
FKTN,1.0,1.0,0.0,,0.55,,,,0.7,,,,,,0.8,0.7,,,,,,0.56,
FLAD1,0.7,,0.9,,,,,,,,,,0.8,,0.8,,0.9,,,,,,
FLCN,,,,0.92,0.16,,,,,,,,,,,,,,,,,,
FLG,0.8,,0.0,,,,,,,,,,0.9,,,,0.9,,,,1.0,,0.7
FLG2,0.7,,0.8,,,,,,,,,,0.9,,0.7,0.75,,,,,0.9,,
FLI1,,1.0,,0.95,0.8,,0.9,,0.75,,0.6,,,,0.8,,,0.8,,,0.9,,
FLII,,1.0,0.0,,0.46,,,,0.7,,0.9,,,,0.8,,,,0.8,,,,
FLNA,0.8,1.0,,1.0,0.03,,,0.2,0.8,,,,0.9,,0.7,0.75,0.85,,0.5,0.93,,,
FLNB,,,,,,,,,,,,0.9,,0.7,,,,,,,,,
FLNC,,,,,,,,,,,,0.8,,0.6,,,,,,,,,
FLOT1,,,0.0,,0.6,,0.9,,0.75,,0.85,,,,0.7,0.75,,,0.7,,,0.5,
FLOT2,,,0.0,,0.43,,0.2,0.5,0.7,,0.8,,,,0.8,,,,0.5,,,0.6,
FLRT1,,,,,,,,,,,,1.0,,0.8,,,,,,,,,
FLRT2,,,,,,,,,,,,1.0,,0.7,,,,,,,,,
FLRT3,,0.8,0.2,,0.25,,0.5,,0.8,,0.9,,,,0.8,0.75,,,,0.89,,,
FLT1,,1.0,,1.0,0.14,,0.8,,0.75,0.9,0.85,,,,,,,,,,,,
FLT3,,,,0.61,0.22,,,,0.85,0.95,0.9,,,,,,,0.9,0.99,0.99,,,
FLT3LG,,,,,,,,,,,,,,,,,,,,,,,
FLT4,,1.0,,1.0,0.93,,0.8,,0.85,0.95,0.9,,,,0.9,,,,0.7,0.91,,,
FLVCR1,0.7,0.8,0.0,,0.39,,,,0.6,,,,0.9,,,,,,,,,,
FLVCR2,,,,,,,,,,,,0.9,,0.7,,,,,,,,,
FLYWCH1,,,1.0,,1.0,,,,0.7,,0.9,,,,0.7,0.75,,,0.8,0.6,,,
FLYWCH2,,,0.17,,0.45,,,0.5,0.67,,0.48,,,,0.75,,,,0.14,,,0.5,
FMC1,,,0.0,,0.0,,,,0.6,,,,0.8,,0.7,,,,0.5,,,,
FMN1,,1.0,0.0,,0.66,,,0.6,0.8,,0.9,,,,0.8,,,,0.7,,,,0.7
FMN2,,,,1.0,0.84,,,,0.75,,0.95,,,,0.7,,,,,0.84,,,
FMNL1,,,,1.0,0.88,,,0.3,0.7,,0.9,,,,0.75,,,0.6,0.8,,,,0.4
FMNL2,,,,0.99,0.17,,0.8,0.6,0.87,,0.74,,,,0.9,,,0.9,0.75,0.82,,,
FMNL3,,,,,,,,,,,,0.9,,0.6,,,,,,,,,
FMO1,,,0.0,,0.71,0.91,,0.5,0.75,,0.9,,,,0.8,,,,0.8,0.93,,,
FMO2,,,0.0,,0.68,0.98,,0.1,0.7,,0.86,,,,0.8,,,,0.5,,,,
FMO3,,,0.0,,0.5,,0.6,0.4,0.8,,0.9,,,,0.8,,,,0.8,1.0,,,
FMO4,,,0.0,,0.79,,0.4,,0.6,,0.65,,,,0.7,,,,0.5,0.79,,,
FMO5,,,0.0,,0.5,0.6,,0.5,0.7,,0.8,,,,0.7,0.6,,,0.7,0.9,,,0.6
FMO6P,,,0.0,,0.64,,,,0.5,,,,,,,,,,0.5,,,0.0,
FMOD,,,0.0,,0.5,,,0.6,0.8,,0.9,,,,0.8,,,,0.5,,,,
FMR1,,,,0.69,0.19,,0.5,0.6,0.8,,0.9,,,,,,,,0.63,,,0.5,
FMR1NB,,,0.1,,0.34,,,0.6,0.8,,,,0.9,,0.8,,,,0.5,,,,
FN1,,1.0,0.0,,,,0.9,,0.7,,,,0.9,,,,,,,,1.0,,
FN3K,,,0.0,,0.86,,0.8,,0.8,,0.9,,,,0.8,,,,0.5,0.64,,,
FN3KRP,,,1.0,,0.02,,0.6,0.5,0.6,,0.7,,,,0.7,,,,0.5,,,0.7,
FNBP1,,,,0.95,0.7,,,,0.85,,0.9,,,,0.7,,0.8,,0.6,,,,
FNBP1L,,,,,,,,,,,,0.8,,,,,,,,,,,
FNBP4,0.9,,,1.0,0.94,,0.5,,0.6,,0.7,,,,0.8,,,,0.5,0.66,,,
FNDC1,,,0.0,,0.4,,0.75,,0.7,,0.9,,,,0.9,,,0.85,0.8,0.97,,,
FNDC10,,,0.0,,0.0,,,,0.8,,,,,,0.9,0.5,,,0.5,,,,
FNDC11,,,,,,,,,,,,,,,,,,,,,,,
FNDC3A,,,,1.0,0.8,,,,0.8,,0.9,,,,0.75,0.8,,0.85,0.7,0.6,,,
FNDC3B,,1.0,,1.0,0.0,,0.8,,0.6,,0.7,,,,0.8,,,0.8,0.5,0.9,,,
FNDC4,,,,0.88,0.09,,0.8,0.75,0.7,,0.9,,,,0.75,,,0.85,,,,,
FNDC5,,,0.48,,0.17,,,0.67,0.78,,0.9,,,,,,,0.85,0.84,0.92,,,
FNDC7,,,0.0,,0.68,,,,0.6,,0.9,,,,0.8,,,0.7,0.8,,,,
FNDC8,,,0.0,,0.69,,,,0.6,,0.9,,,,,0.7,,0.8,0.5,,,,
FNDC9,,,0.01,,0.6,,,,0.7,,0.9,,,,0.75,,,0.85,0.8,,,,
FNIP1,,,,1.0,0.89,0.81,0.8,,0.6,,0.7,,,,,0.78,,,0.75,,,0.56,
FNIP2,,,,1.0,0.04,,0.8,,0.7,,0.9,,,,,,,,,,,0.6,
FNTA,,,,,,,,,,,,0.8,,0.7,,,,,,,,,
FNTB,,,,,,,,,,,,,,,,,,,,,,,
FOCAD,,,0.0,,0.7,0.8,,,0.5,,0.5,,,,0.8,,,0.7,0.5,0.61,,,
FOLH1,,,0.0,,0.5,,,,0.85,0.8,0.9,,,,0.75,,,,,,,,
FOLH1B,,,1.0,,1.0,,,,0.7,,,,,,,,,,0.8,,,0.5,
FOLR1,0.8,1.0,0.1,,0.3,,,,0.7,0.8,0.9,,,,0.75,,0.85,,,,,,
FOLR2,,,0.0,,0.82,,,,0.8,,0.9,,,,0.8,0.7,,,0.5,0.87,,,
FOLR3,,,0.08,,0.37,,0.8,,0.7,,0.9,,,,,0.75,,,0.5,0.99,,,
FOS,,1.0,0.23,,0.26,,0.4,0.5,0.6,,0.8,,,,0.6,,,,,0.88,,,
FOSB,,,,0.95,0.07,,0.5,0.3,0.8,,0.9,,,,0.8,,,,0.67,0.95,,,
FOSL1,,1.0,0.17,,0.28,,0.75,,0.8,,0.85,,,,0.8,,,,0.9,0.95,,,
FOSL2,,1.0,,0.98,0.0,,0.75,0.7,0.8,,0.9,,,,0.6,,,,,0.75,,,
FOXA1,,1.0,0.24,,0.26,,,,0.8,,0.9,,,,,,,,0.5,,,,
FOXA2,,1.0,,0.76,0.15,,,,0.8,,0.9,,,,,,,,0.75,0.96,,,
FOXA3,,,,0.72,0.12,,0.4,0.5,0.8,,0.65,,,,,,,,0.7,,0.97,,
FOXB1,,,,0.9,0.0,,,,,,,,0.7,,,,,,0.5,,0.97,,
FOXB2,,,0.0,,0.82,,,,0.6,,0.7,,,,,,,,0.5,,,,
FOXC1,0.8,1.0,,0.96,0.0,,,,0.7,,,,0.9,,,0.82,,,,,,,
FOXC2,,1.0,0.14,,0.31,,,,0.6,,0.8,,,,0.7,,,,0.5,,0.97,,
FOXD1,,,1.0,,1.0,,,,0.7,,0.9,,,,,0.85,0.9,,0.8,0.97,,,
FOXD2,,,0.8,,,,,,,,,,0.85,,,,0.4,,,,,,
FOXD3,0.8,1.0,,0.58,0.15,,,,0.7,,,,0.9,,,,,,0.5,,0.99,,
FOXD4,,,0.0,,0.0,,,0.8,0.6,,0.7,,,,,,,,0.5,0.94,,,
FOXD4L1,,,0.0,,0.0,,,,0.6,,0.8,,,,,,,,0.5,0.99,,,
FOXD4L3,,,1.0,,1.0,,,,0.7,,0.9,,,,,,,0.9,0.8,0.9,,,
FOXD4L4,,,0.0,,0.0,,,,0.5,,,,0.6,,,,,,0.5,,,,
FOXD4L5,,,0.0,,0.0,,,,0.6,,0.8,,,,,,,,0.5,0.88,,,
FOXD4L6,,,0.0,,0.0,,,0.7,0.6,,,,0.8,,,,,,0.7,,,,
FOXE1,0.8,,0.0,,,,,,,,,,0.9,,,,0.8,,,,,,
FOXE3,0.8,,0.0,,,,,,,,,,0.9,,,0.75,,,,,0.95,,
FOXF1,,1.0,,0.96,0.0,,0.5,,0.7,,0.8,,,,0.8,,,0.9,0.6,0.94,,,
FOXF2,,1.0,,0.86,0.09,,,,0.8,,0.9,,,,0.6,,,0.7,0.5,1.0,,,
FOXG1,0.8,1.0,,0.95,0.0,,,,0.8,,,,0.9,,0.7,,,,,,,,
FOXH1,,1.0,0.05,,0.36,,0.1,0.2,0.8,,0.9,,,,,,,,0.5,0.91,,,
FOXI1,0.8,,,0.78,0.11,,,,0.7,,,,0.9,,,0.85,,,0.5,,,,
FOXI2,,,0.0,,0.5,,,,0.6,,0.8,,,,,,,0.9,0.7,0.95,,,
FOXI3,,,0.0,,0.0,,,,0.6,,0.8,,,,,,,,0.5,0.97,,,
FOXJ1,0.8,1.0,,0.9,,,,,,,,,0.9,,,,0.8,,,,0.9,,
FOXJ2,,,,1.0,0.1,,0.5,,0.7,,0.9,,,,0.6,,,,0.6,0.68,,,
FOXJ3,,,,1.0,0.88,,,,0.6,,0.9,,,,0.8,,,,0.7,,,0.6,
FOXK1,,,,0.83,0.17,,0.4,0.5,0.7,,0.75,,,,,0.75,,,,,,0.52,
FOXK2,,,0.44,,0.22,,,0.6,0.7,,0.8,,,,,0.7,,,0.66,,,0.52,
FOXL1,,1.0,0.04,,0.47,,0.5,,0.6,,0.8,,,,,0.75,,,0.7,0.96,,,
FOXL2,0.8,,,,,,,,,,,,,,,,,,,,0.9,,
FOXL2NB,,,0.0,,0.0,,,,0.6,,0.75,,,,,,,,0.5,,,,
FOXM1,,1.0,0.0,,0.36,,,0.1,0.3,0.1,0.5,,,,0.6,,,,0.5,0.97,,,
FOXN1,,,,0.93,0.14,,0.4,,0.5,,0.6,,,,,,,,0.5,0.97,,,
FOXN2,,,0.47,,0.21,,0.1,0.5,0.67,,0.9,,,,0.6,,,,0.86,0.73,,,
FOXN3,,,,0.93,0.12,,0.6,0.5,0.7,,0.8,,,,0.7,,,0.9,0.49,,0.72,,0.6
FOXN4,,,,0.84,0.16,,,,,,,,,,,,,,,,,,
FOXO1,,1.0,,1.0,1.0,,0.8,,0.7,,0.6,,,,,0.8,,,0.5,,0.8,,
FOXO3,,,,,,,,,,,,,,,,,,,,,,,
FOXO4,,,,0.81,0.1,,,,0.44,,0.72,,,,0.9,,,,0.51,,,0.56,
FOXO6,,,,0.76,0.11,,0.6,,0.5,,0.7,,,,0.7,,,0.8,0.5,0.88,,,
FOXP1,,1.0,,1.0,0.93,,0.9,,0.75,,0.8,,,,,,,0.9,,,,,
FOXP2,,1.0,,1.0,0.9,,0.7,0.6,0.5,,0.6,,,,0.7,,,0.8,,0.9,,,
FOXP3,0.9,1.0,,0.99,0.0,,,0.6,0.7,,,,0.8,,0.8,,,,,,0.85,,
FOXP4,,1.0,,1.0,0.09,,0.5,,0.7,,0.8,,,,0.9,,,0.9,0.6,0.7,,,0.6
FOXQ1,,,0.0,,0.0,,,,0.7,,0.8,,,,,,,,0.5,,,,
FOXR1,,,0.0,,0.75,,,0.7,0.8,,0.9,,,,,,,,0.5,1.0,,,
FOXR2,,,0.07,,0.41,,,0.54,,,,,0.69,,,0.75,,,0.62,,,,
FOXRED1,0.8,,0.0,,0.84,0.75,,0.6,0.7,,0.9,,,,0.8,0.7,,,0.5,,,0.5,
FOXRED2,,,,,,,,,,,,0.9,,,,,,,,,,,
FOXS1,,,0.17,,0.32,,0.1,0.6,0.7,0.5,0.8,,,,,0.55,0.4,,0.66,,,,
FPGS,,,0.0,,0.52,,,,0.8,,0.9,,,,0.8,0.75,,,0.7,0.64,,,
FPGT,,,0.0,,0.86,,0.1,,0.7,,0.8,,,,0.7,,,,0.5,0.64,,,0.6
FPR1,0.8,,,,,,,,,,,,,,,,,,,,,,
FPR2,,,,,,,,,,,,,,,,,,,,,,,
FPR3,,,0.0,,,,0.8,,0.5,0.7,0.6,,,,0.75,0.75,0.8,,,0.9,,,
FRA10AC1,0.2,,0.8,,,,0.5,,0.7,,,,0.9,,0.5,,,,,,,0.6,
FRAS1,,1.0,0.0,,0.54,,0.5,,0.7,,0.9,,,,0.8,,,0.9,0.8,0.91,,,
FRAT1,,,0.32,,0.24,,,0.1,0.65,,0.87,,,,0.7,0.75,,,0.5,,,,
FRAT2,,,0.05,,0.64,,0.1,0.6,0.7,,0.8,,,,0.8,0.65,,,0.5,0.85,,,
FREM1,0.7,1.0,0.0,,0.93,,,,0.8,,,,0.9,,0.75,,,,0.6,,0.89,,
FREM2,0.9,1.0,0.0,,0.37,,,,0.8,,,,0.9,,0.7,,0.85,,,,,,
FREM3,,,1.0,,1.0,,,,0.5,,0.6,,,,0.7,,,,0.8,1.0,,,
FRG1,,,0.0,,0.73,,,,0.8,,0.9,,,,0.6,,,,0.5,,,0.6,
FRG2,0.5,,0.37,,0.0,,,,0.5,,,,1.0,,,,,,0.5,,,0.0,
FRG2B,,,0.19,,0.39,0.0,,,0.4,,0.88,,,,,,,,0.5,,,,
FRG2C,,,0.0,,0.0,,,,0.8,,,,,,,0.4,,,0.5,,,,
FRK,,,0.0,,0.76,,0.9,,0.7,0.8,0.9,,,,0.75,,,0.9,0.5,0.88,,,
FRMD1,,,0.0,,0.92,,,0.85,0.7,,0.9,,,,,,,,0.8,0.97,,,
FRMD3,,,0.26,,0.24,,0.4,0.5,0.7,,0.8,,,,0.7,,,,0.6,,,,
FRMD4A,,,,1.0,0.05,,0.6,,0.7,,0.8,,,,0.9,0.75,,0.8,0.7,0.6,,,
FRMD4B,,,0.27,,0.23,,0.1,,0.6,,0.8,,,,0.9,,,0.7,0.5,0.84,,,
FRMD5,,,,,,,,,,,,0.8,,,,,,,,,,,
FRMD6,,,0.98,,0.71,,,0.6,0.8,,,,0.95,,0.7,,,,0.75,,,,
FRMD6-AS1,,,0.0,,0.0,,,,0.5,,,,,,,0.2,,,0.5,,,0.0,
FRMD7,,,,,,,,,,,,0.9,,,,,,,,,,,
FRMD8,,,0.12,,0.26,,,,0.8,,1.0,,,,0.9,,,0.7,0.46,,,,
FRMD8P1,,,0.0,,0.0,,,0.5,0.5,,,,,,,,,,0.5,,,0.3,
FRMPD1,,,0.0,,0.49,,,,0.7,,0.9,,,,0.6,,,0.85,0.8,1.0,,,
FRMPD2,,,0.0,,,,0.8,0.6,0.7,,,,0.9,,0.8,,,0.8,,,0.9,,
FRMPD2B,,,0.9,,0.95,,,,0.6,,,,,,,,,,0.5,,,0.4,
FRMPD3,,,0.0,,0.33,,,,0.6,,0.9,,,,0.9,,,,0.8,,,,
FRMPD4,0.7,,,1.0,0.0,,,,0.8,,,,0.9,,0.8,,,,0.8,,0.92,,
FRRS1,,,,,,,,,,,,0.8,,,,,,,,,,,
FRRS1L,,,0.1,,,,0.8,,0.6,,0.7,,,,0.75,,,,,0.9,,,
FRS2,,1.0,,1.0,0.04,,0.8,0.5,0.6,,0.7,,,,0.7,,,,,,,0.6,
FRS3,,,,,,,,,,,,0.8,,,,,,,,,,,
FRY,,,,1.0,0.14,,0.8,,0.7,,0.9,,,,0.9,,,,,0.75,,,
FRYL,,,,1.0,0.8,,0.5,0.6,0.6,,0.8,,,,0.8,,,0.7,0.7,,,0.8,
FRZB,,,0.0,,0.48,,0.6,,0.7,,0.9,,,,0.8,,,,0.5,0.97,,,
FSCB,,,0.0,,0.0,,,,0.6,,0.75,,,,,0.65,,,0.8,,1.0,,
FSCN1,,,,,,,,,,,,,,,,,,,,,,,
FSCN2,0.8,,0.0,,,,,0.6,,,,,0.9,,,,0.8,,,,0.9,,
FSCN3,,,0.0,,0.71,,0.1,0.6,0.8,,0.9,,,,,,,,0.5,1.0,,,
FSD1,,,0.26,,0.24,,,0.75,0.7,,0.8,,,,,0.75,,0.85,0.5,0.87,,,
FSD1L,,,,,,,,,,,,0.9,,,,,,,,,,,
FSD2,,,0.0,,0.95,,,0.75,0.6,,0.9,,,,,,,0.85,0.7,,0.99,,0.7
FSHB,,,,,,,,,,,,1.0,,0.8,,,,,,,,,
FSHR,,1.0,0.0,,0.76,,0.4,0.6,0.7,0.9,0.8,,,,0.8,,,0.9,,1.0,,,
FSIP1,,,0.0,,0.91,,,,0.7,,0.9,,,,0.6,,,,0.8,,,,
FSIP2,0.8,,0.0,,0.43,,,,0.7,,,,0.9,,0.6,,,,0.5,,1.0,,
FSTL1,,,,,,,,,,,,0.9,,,,,,,,,,,
FSTL3,,,,0.91,0.0,,,,0.8,,0.9,,,,0.8,,,,0.5,0.81,,,
FSTL4,,,0.8,,0.3,,,0.5,0.8,,0.9,,,,0.8,,,,0.6,0.9,,,
FSTL5,,,0.0,,0.44,,0.1,,0.8,,0.84,,,,0.7,0.75,,,0.85,1.0,,,
FTCD,0.8,,0.0,,0.88,0.7,,,0.6,,0.9,,,,0.7,,0.8,,0.5,1.0,,,0.6
FTCDNL1,,,1.0,,1.0,,,,0.6,,,,,,0.9,,,,0.5,,,,
FTH1,,,,,,,,,,,,1.0,,0.7,,,,,,,,,
FTH1P19,,,0.0,,0.0,,,,0.5,,,,,,,,,,0.5,,,0.8,
FTHL17,,,0.0,,0.0,,,,0.7,,0.8,,,,,,,,0.5,1.0,,,
FTL,0.8,,0.0,,0.5,0.7,,,0.75,,,,0.9,,0.9,,,,0.6,,,,
FTMT,,,0.9,,,,0.7,,,,,,0.8,,,,,,,,1.0,,
FTO,,1.0,0.0,,0.55,,0.9,,0.85,,0.75,,,,,,,,,,,0.6,
FTSJ1,0.8,,,0.99,0.0,,,,0.7,,0.9,,,,0.7,,,,0.5,,,0.52,0.6
FTSJ3,,,0.8,,0.3,,,,0.7,,0.9,,,,0.9,,,,0.5,,,,
FUBP1,,,,1.0,0.0,,0.8,,0.6,,0.7,,,,0.8,,,,,0.7,,,
FUBP3,,,,0.78,0.2,,0.7,0.2,0.8,,0.9,,,,0.6,,,,0.5,,,0.6,
FUCA1,,,,,,,,,,,,0.8,,0.6,,,,,,,,,
FUCA2,,,0.0,,0.59,,,0.6,0.8,,0.9,,,,0.8,0.75,,,0.75,,,,
FUNDC1,,,0.3,,,,0.5,,,,,,0.9,,0.7,0.65,0.6,,,,,,
FUNDC2,,,0.3,,0.4,,,0.4,0.7,,0.8,,,,0.9,,,,0.5,,,0.6,
FUOM,,,0.0,,0.86,,,0.6,0.7,,0.8,,,,0.7,,,,0.5,,,,
FURIN,,1.0,,1.0,0.93,,0.95,0.75,0.85,0.8,0.9,,,,,,,,,,,,
FUS,1.0,1.0,,1.0,0.1,,,0.5,0.7,,,,0.9,,0.8,0.85,,,,,,0.6,
FUT1,,,0.0,,0.69,,0.5,0.7,0.8,,0.9,,,,0.6,,0.85,,0.73,0.93,,,
FUT2,,,0.0,,0.5,,0.9,,0.7,,0.8,,,,,,,,0.7,0.95,,,
FUT3,,,0.0,,0.2,,0.8,0.75,0.85,,0.9,,,,,,,,0.5,0.96,,,
FUT4,,,,,,,,,,,,1.0,,0.7,,,,,,,,,
FUT5,,,0.0,,,,0.8,,,,,,0.9,,0.75,0.75,0.85,,,,0.96,,
FUT6,,,0.0,,0.0,,0.7,,0.7,,0.9,,,,0.7,0.65,,,0.5,0.96,,,
FUT7,,,,,,,,,,,,0.9,,0.7,,,,,,,,,
FUT8,,,,,,,,,,,,0.9,,0.6,,,,,,,,,
FUT9,,,0.09,,0.31,,0.4,0.5,0.67,,0.75,,,,0.6,0.65,,,0.72,0.91,,,
FUZ,0.8,1.0,0.0,,0.48,,,0.6,0.7,,,,0.9,,0.7,,,,0.5,,0.76,,
FXN,,1.0,0.33,,0.24,,0.4,,0.75,,0.9,,,,,,,,,,,0.6,
FXR1,0.8,1.0,,1.0,0.0,,,,0.6,,,,0.7,,,,,,,,,,
FXR2,,,,1.0,0.93,,0.5,0.7,0.8,,0.9,,,,0.9,,0.9,,0.7,,,0.6,
FXYD1,,,0.27,,0.26,,,0.7,0.83,,0.95,,,,0.8,0.75,0.85,,0.92,,,,
FXYD2,0.5,,0.12,,0.38,0.6682,,,0.18,0.8,0.64,,,,0.5,,,,0.66,,,,
FXYD3,,,0.0,,0.77,,,,0.75,,0.76,,,,0.9,,0.8,,0.5,0.93,,,
FXYD4,,,0.0,,0.76,,,,0.9,,0.93,,,,0.8,0.75,0.85,,0.89,1.0,,,
FXYD5,,,0.0,,0.55,,0.75,,0.6,,0.9,,,,0.6,,,,0.5,0.86,,,
FXYD6,,,,,,,,,,,,,,,,,,,,,,,
FXYD6P3,,,0.0,,0.0,,,,,,,,,,,,,,0.1,,,0.0,
FXYD7,,,,,,,,,,,,1.0,,,,,,,,,,,
FYB1,0.6,,0.0,,,,,,,,,,0.9,,0.7,,0.7,,,,0.97,,
FYB2,,,0.0,,0.0,,,,0.7,,0.8,,,,0.8,0.7,,0.6,0.5,,,,
FYCO1,0.6,,0.0,,0.7,,,0.6,0.7,,,,0.9,,0.5,,,,0.8,,,,
FYN,,,,0.99,0.12,,0.1,0.6,0.8,0.7,0.9,,,,,0.75,,0.85,,0.65,,,
FYTTD1,,,0.33,,0.23,0.57,,0.76,0.75,,0.85,,,,0.6,,,,0.64,,,0.53,
FZD1,,,0.04,,0.31,,,0.1,0.85,0.1,0.9,,,,0.7,0.6,,,0.65,0.92,,,
FZD10,,,0.0,,0.49,,,0.7,0.6,,0.8,,,,0.8,0.75,,,0.7,,,,
FZD2,,,,,,,,,,,,0.5,,0.5,,,,,,,,,
FZD3,,1.0,0.0,,0.4,,,,0.7,,0.9,,,,,,0.9,,0.5,0.77,,,0.6
FZD4,,,,,,,,,,,,0.8,,0.6,,,,,,,,,
FZD5,,,,,,,,,,,,0.8,,0.6,,,,,,,,,
FZD6,0.5,,0.0,,0.75,,,,0.7,0.6,0.8,,,,0.6,,,,0.7,0.75,,,
FZD7,,,0.09,,0.29,,,,0.8,0.5,0.9,,,,0.75,,,,0.57,0.88,,,
FZD8,,,,0.82,0.16,0.14,,,0.48,0.4,0.93,,,,0.67,0.73,,,0.69,0.93,,,
FZD9,,,0.01,,0.39,,,,0.9,,0.76,,,,0.8,,0.85,,0.59,0.82,,,
FZR1,,1.0,,1.0,0.04,,,0.7,0.7,,0.9,,,,0.7,,0.9,,0.6,,,,
G0S2,,,0.38,,0.0,,,0.56,0.72,,0.88,,,,0.8,0.75,,,0.103,0.96,,,
G2E3,,,,0.97,0.17,,,0.1,0.7,,,,0.78,,0.5,0.75,,,0.85,,,,
G3BP1,,0.8,0.9,,,,,,,,,,0.9,,,,,,,,0.7,,
G3BP2,,,,1.0,0.04,,,0.7,0.6,,0.8,,,,0.8,0.8,,,0.7,,,0.5,
G6PC2,,,0.0,,,,0.8,,,,,,0.9,,0.9,,0.6,,,,1.0,,0.4
G6PC3,,,0.0,,,,0.5,,,,,,0.9,,0.7,0.6,0.8,,,,,0.6,
G6PD,,1.0,,0.94,0.11,,0.88,,0.85,,0.95,,,,,,,,0.75,,,,
GAA,1.0,,0.0,,0.72,,,0.7,0.8,0.8,0.9,,,,0.9,,,,0.8,,,0.6,
GAB1,0.5,1.0,0.44,,0.22,,,,0.8,,,,0.9,,0.8,,,,,,,,
GAB2,,,,,,,,,,,,0.8,,0.6,,,,,,,,,
GAB3,,,,0.95,0.89,,,,0.6,,0.9,,,,0.8,,,0.85,0.75,0.9,,,
GAB4,,,0.0,,0.85,,,,0.8,,0.9,,,,,,,0.75,0.7,1.0,,,
GABARAP,,,,,,,,,,,,0.5,,,,,,,,,,,
GABARAPL1,,,,,,,,,,,,0.9,,0.7,,,,,,,,,
GABARAPL2,,,0.0,,0.83,,,0.1,0.8,,0.9,,,,0.5,,,,0.5,,,0.6,
GABARAPL3,0.5,,0.0,,,,,,,,,,,,,,,,,,,,
GABBR1,0.9,1.0,,1.0,0.89,,0.9,0.6,0.85,0.7,0.8,,,,,,0.95,,,0.75,,,
GABBR2,,,,,,,,,,,,0.9,,0.85,,,,,,,,,
GABPA,,1.0,,1.0,0.93,,,,0.7,,0.9,,,,0.7,0.8,,0.8,0.5,,,,
GABPB1,,1.0,,0.98,0.1,,,0.6,0.8,,0.95,,,,0.7,,,0.9,0.395,0.66,,,
GABPB2,,,0.0,,0.5,,,0.2,0.6,,0.9,,,,0.7,0.7,,0.8,0.6,,,,
GABRA1,0.8,1.0,,0.99,0.09,,,,0.75,0.9,0.85,,,,0.8,0.85,0.9,,0.5,0.96,,,
GABRA2,,1.0,,1.0,0.95,,,0.6,0.8,0.9,0.85,,,,0.9,,,,0.5,0.92,,,
GABRA3,,,0.36,,0.23,,,0.7,0.75,0.85,0.9,,,,0.8,,,,0.8,0.94,,,
GABRA4,,,,0.93,0.14,,,,0.18,0.62,0.29,,,,,,,,0.55,,,,
GABRA5,0.5,,,0.88,0.15,,,,0.76,0.82,0.79,,,,0.8,0.7,,,0.46,,,,
GABRA6,,,0.0,,0.89,,,0.6,0.7,0.8,0.75,,,,0.8,,,,0.9,,,,
GABRB1,,,,,,,,,,,,0.8,,0.9,,,,,,,,,
GABRB2,0.8,,,0.86,0.17,,,0.6,0.7,0.9,0.85,,,,0.8,,,,0.75,,,,
GABRB3,,1.0,,0.96,0.13,,0.5,,0.75,0.85,0.9,,,,,,,,,0.88,,,
GABRD,,,,,,,,,,,,0.8,,0.9,,,,,,,,,
GABRE,,,0.0,,0.58,,,0.75,0.87,0.78,0.65,,,,0.8,,,,,0.85,,,
GABRG1,,,0.8,,0.6,,,,0.75,0.9,0.85,,,,0.8,,,,0.5,0.9,,,
GABRG2,,1.0,,0.69,0.19,,0.8,0.6,0.75,0.9,0.85,,,,,,,,0.5,0.94,,,
GABRG3,,,,0.84,0.17,,,,0.65,0.84,0.87,,,,0.75,,,,0.93,,,,
GABRP,,,0.0,,1.0,,,,0.8,0.9,0.75,,,,0.8,,,,0.6,,,,0.7
GABRQ,,,0.0,,0.39,0.7,,,0.7,0.9,0.8,,,,0.85,0.75,,,0.5,,,0.9,
GABRR1,,,,,,,,,,,,0.8,,0.6,,,,,,,,,
GABRR2,,,,,,,,,,,,0.8,,0.6,,,,,,,,,
GABRR3,,,0.0,,0.0,,,,0.75,0.9,0.85,,,,0.8,,,,0.8,1.0,,,
GAD1,,,0.3,,0.2,,,,,,,,,,,,,,,,,,
GAD2,,,,,,,,,,,,,,,,,,,,,,,
GADD45A,,,0.04,,0.45,0.51,,0.7,0.8,,0.9,,,,0.7,,,,0.75,,,,0.6
GADD45B,,,0.21,,0.29,,,0.64,0.76,,0.87,,,,,,,,0.32,,,,
GADD45G,,,,0.56,0.15,,0.6,0.1,0.75,,0.85,,,,0.9,,,,0.79,,,,
GADD45GIP1,,,,,,,,,,,,,,,,,,,,,,,
GADL1,,,0.0,,,,0.5,0.4,0.6,,,,0.8,,0.5,0.5,0.7,,,,0.9,,
GAGE1,,,0.1,,0.5,,,,0.6,,,,,,0.7,,,,0.3,,,,0.4
GAGE10,,,,,,,,,,,,,,,,,,,,,,,
GAGE12B,,,0.0,,0.0,,,,0.6,,0.9,,,,,0.3,,,0.5,,,0.2,
GAGE12E,,,0.0,,0.0,,,,,,,,0.8,,,,,,0.5,,,,
GAGE12G,,,0.0,,0.0,,,,0.8,,0.9,,,,0.7,,,,0.5,,,0.2,
GAGE12H,,,0.0,,0.0,,,,,,0.8,,,,0.9,,,,0.5,,,0.2,
GAGE12J,,,,,,,,,,,,1.0,,0.0,,,,,,,,,
GAGE13,,,,,,,,,,,,1.0,,0.0,,,,,,,,,
GAGE2A,,,0.0,,0.0,,,,0.7,,0.9,,,,0.8,,,,0.5,,,,
GAGE2B,,,0.0,,0.0,,,,0.5,,,,,,,0.5,,,0.5,,,0.2,
GAGE2D,,,0.43,,0.0,,,,,,,,,,,0.5,,,0.5,,,0.0,
GAGE2E,,,0.0,,0.0,,,,0.5,,,,,,0.8,,,,0.5,,,0.0,
GAGE4,,,1.0,,1.0,,,,0.7,,0.9,,,,,,,,0.8,,,0.2,
GAGE5,,,0.0,,0.0,,,,0.5,,,,,,,,,,0.5,,0.0,,
GAGE6,,,0.0,,0.0,,,,0.5,,,,,,,,,,0.5,,0.0,,
GAK,,,0.0,,,,0.6,,0.7,,,,0.9,,0.5,,,,,,,,
GAL,0.7,,0.0,,0.5,,,0.5,0.8,,,,0.9,,,,,,0.6,,1.0,,
GAL3ST1,,,,0.6,0.18,,,0.5,0.73,,1.0,,,,0.8,0.75,,,0.423,,,,0.7
GAL3ST2,,,0.0,,0.5,,0.7,,0.6,,0.8,,,,0.9,,,,0.6,0.99,,,
GAL3ST3,,,,,,,,,,,,0.8,,,,,,,,,,,
GAL3ST4,,,0.0,,0.91,,,,0.6,,0.8,,,,0.8,0.75,0.9,,0.5,0.84,,,
GALC,1.0,1.0,0.0,,0.7,,0.9,,0.75,,0.8,,,,0.8,,,,,,,0.54,
GALE,0.9,,0.1,,,,,,,,,,0.9,,,,,,,,0.8,,0.6
GALK1,,,,,,,,,,,,,,,,,,,,,,,
GALK2,,,0.0,,0.86,0.8,0.6,0.6,0.8,0.7,0.9,,,,0.9,,,,0.5,,,0.7,
GALM,,,0.0,,0.5,,,,0.7,,,,,,0.7,,,,0.6,0.9,,,
GALNS,1.0,,0.0,,,,,0.7,,,,,0.9,,0.8,,,,,,,,
GALNT1,,1.0,0.0,,0.35,,,,0.9,,0.8,,,,0.7,0.75,,,0.5,0.64,,,
GALNT10,,,0.0,,0.41,,0.9,,0.6,,0.7,,,,0.8,,,,0.6,0.88,,,
GALNT11,,,0.0,,0.42,,,,0.75,,0.88,,,,0.9,0.7,,,0.5,,,0.5,
GALNT12,0.8,,0.0,,0.53,0.7,,,0.85,,0.9,,,,0.8,,0.75,,0.5,0.89,,,
GALNT13,,,,0.99,0.11,,,0.1,0.2,,0.25,,,,0.8,,,,0.56,0.92,,,
GALNT14,,,0.0,,0.78,,,,0.65,,0.85,,,,0.8,,,,0.5,0.91,,,
GALNT15,,,0.0,,,,0.5,,,,,,0.8,,0.8,,0.6,,,,0.9,,
GALNT16,,,0.0,,0.38,,0.5,0.6,0.7,,0.8,,,,0.8,,,,0.5,0.66,,,
GALNT17,,,0.0,,0.0,,,,0.7,,0.8,,,,0.7,,,,0.5,,,,
GALNT18,,,0.0,,0.4,,,,0.6,,0.8,,,,0.7,0.6,,,0.5,,,,
GALNT2,,,0.9,,0.6,0.7,0.8,,0.8,,0.9,,,,0.75,,,,0.5,0.76,,,
GALNT3,,,0.0,,0.59,,0.8,,0.85,,0.9,,,,0.7,,,,0.5,0.86,,,
GALNT4,,,,,,,,,,,,0.9,,0.7,,,,,,,,,
GALNT5,,,0.0,,0.71,,,0.1,0.8,,0.9,,,,0.7,,,,0.5,,,,
GALNT6,,,0.0,,0.62,,,0.6,0.7,,0.9,,,,0.8,0.7,0.8,,0.5,0.99,,,
GALNT7,,,0.0,,0.4,,0.1,0.6,0.7,,0.8,,,,0.9,,,,0.5,0.77,,,
GALNT8,,,0.0,,0.5,0.9,,0.5,0.6,,0.8,,,,0.7,,,,0.7,0.99,,,
GALNT9,,,0.9,,0.5,,,0.3,0.7,,0.8,,,,,,0.85,,0.6,0.95,,,
GALNTL5,,,0.0,,0.5,,,,0.6,,0.8,,,,0.6,,,,0.7,1.0,,,
GALNTL6,,,0.0,,0.57,,,,0.7,,0.9,,,,0.8,,,,0.5,0.87,,,
GALP,,,0.0,,0.95,,0.1,,0.6,,0.8,,,,0.8,,,,0.5,0.94,,,
GALR1,,,0.0,,0.57,,,0.1,0.6,0.8,0.9,,,,0.8,,,0.9,0.5,1.0,,,
GALR2,,,,,,,,,,,,0.8,,0.7,,,,,,,,,
GALR3,,,0.0,,0.96,,,0.1,0.7,0.9,0.8,,,,0.75,,,0.9,0.5,,,,
GALT,0.9,,0.0,,0.57,,,,0.8,,0.7,,,,0.8,,,,0.6,,,0.7,
GAMT,0.7,0.8,0.9,,,,,,,,,,,,0.75,0.78,,,,,0.95,,
GAN,0.8,,0.2,,,,,,,,,,0.9,,,,,,,,0.9,,
GANAB,0.9,,,1.0,0.16,,,0.7,0.8,,,,0.9,,0.9,,,,0.7,,,,
GANC,,,,,,,,,,,,,,,,,,,,,,,
GAP43,,0.9,0.98,,0.56,,,,0.7,,0.85,,,,0.75,,,,0.5,0.92,,,0.8
GAPDH,,1.0,0.11,,0.29,,,0.5,0.85,,0.95,,,,,,,,0.67,,,,
GAPDHS,,,0.0,,0.48,,,,0.8,,0.9,,,,0.7,,,,0.5,,,,
GAPT,,,,,,,,,,,,0.8,,,,,,,,,,,
GAPVD1,,,,1.0,0.04,,0.5,,0.6,,0.7,,,,0.8,,,,0.8,,,0.7,
GAR1,,,0.39,,0.22,,,0.68,0.73,,0.86,,,,0.75,0.75,,,0.54,0.6,,,
GAREM1,,,1.0,,1.0,,,,0.8,,0.9,,,,0.8,,,0.7,0.8,,,0.6,
GAREM2,,,0.0,,0.0,,,,0.6,,0.8,,,,,0.5,,,0.5,,,,
GARNL3,,,0.0,,0.34,,,,0.7,,0.9,,,,0.9,0.75,,,0.6,,,,
GART,,,0.0,,0.33,,,,0.6,0.5,0.7,,,,0.7,,,,0.8,0.65,,,0.5
GAS1,,,,,,,,,,,,0.8,,0.7,,,,,,,,,
GAS2,,,0.0,,0.45,,,,0.8,,0.9,,,,0.85,,,,0.5,0.91,,,
GAS2L1,,,,0.83,0.1,,,0.78,0.67,,0.92,,,,0.75,,,,0.68,,,0.57,
GAS2L2,0.5,,0.0,,0.53,,,,0.7,,0.9,,,,0.7,,0.8,,0.8,0.6,,0.0,
GAS2L3,,,0.0,,0.78,,,,0.6,,0.9,,,,0.7,,,,0.7,,,,
GAS6,,,0.7,,,,0.8,0.5,,,,,0.9,,0.8,,,,,,0.9,,
GAS7,,,,0.83,0.19,,0.88,,0.73,,0.95,,,,0.8,0.85,,,0.76,,,,
GAS8-AS1,,,0.0,,,,,,0.7,,,,,,,,,,,,,0.6,
GAST,,,0.01,,0.95,,,0.5,0.6,,0.8,,,,0.75,,,,0.1,,,,
GATA1,,,,0.95,0.0,0.85,,,,,,,,,,0.75,,,,,,,
GATA2,,1.0,,0.98,0.94,,0.8,0.5,0.6,,0.7,,,,0.7,,,,,0.94,,,
GATA3,,1.0,,0.9,0.12,,0.93,0.5,0.87,,0.95,,,,0.7,,,,,1.0,,,
GATA4,,,0.49,,0.21,0.0,,,,,,,,,,,,,,,,,
GATA5,0.8,,,0.67,0.16,,,,0.7,,,,0.9,,,,,,0.5,,0.94,,
GATA6,1.0,1.0,,1.0,0.0,,,,0.8,,,,0.9,,0.7,,,,,0.9,,,
GATAD1,0.8,,0.43,,0.21,0.53,,,0.75,,0.9,,,,0.7,,,,0.67,0.65,,,
GATAD2A,,1.0,,1.0,0.93,,0.7,0.7,0.6,,0.8,,,,0.9,,,,,0.63,,,
GATAD2B,,,,1.0,0.0,,,0.5,0.6,,0.7,,,,0.7,,,,,,,0.7,
GATB,0.7,,0.0,,,,,,,,,,0.9,,0.5,0.65,0.8,,,,,,
GATC,0.8,,0.0,,0.92,,,0.75,0.7,,,,0.9,,,,0.85,,0.68,,,0.52,
GATD1,,,1.0,,1.0,,,0.85,0.7,,0.9,,,,0.9,,,,0.8,,,0.6,
GATM,,,0.2,,0.3,,0.7,,0.8,,0.9,,,,0.8,,,,0.5,0.9,,,
GBA2,0.5,,0.0,,0.76,,,,0.7,,0.8,,,,0.8,,0.9,,0.5,,,0.6,
GBA3,,,0.0,,0.0,,,0.6,0.8,,,,,,,,,,0.5,,,0.9,0.5
GBE1,,,,,,,,,,,,,,0.7,,,,,,,,,
GBF1,,,0.0,,0.43,,0.8,,0.75,,0.9,,,,,0.75,0.85,,0.7,,,,
GBGT1,,,0.0,,0.97,,,,0.7,,0.8,,,,0.9,,,,0.5,0.73,,,0.7
GBP1,,,0.0,,0.9,,,0.6,0.7,,0.9,,,,,0.82,,,0.8,,,,
GBP2,,,0.0,,0.68,,,0.6,0.7,,0.9,,,,0.8,,,,0.8,,,,
GBP3,0.9,,0.0,,0.97,,,,0.7,,0.9,,,,0.6,,,,0.8,,,,
GBP4,,,0.0,,0.88,,,,0.7,,0.9,,,,0.8,,,,0.8,,,,
GBP5,,,0.0,,0.68,,,0.6,0.8,,0.9,,,,0.7,,,,0.5,0.97,,,
GBP6,,,0.0,,0.91,,,0.5,0.7,,0.9,,,,0.6,,,0.8,0.8,,,,
GBP7,,,0.0,,0.8,,,,0.9,,0.54,,,,,0.85,,,0.8,,,,
GBX1,,,0.42,,0.21,,,,0.5,,1.0,,,,,,,0.8,0.5,1.0,,,
GBX2,,1.0,,0.7,0.12,,0.5,0.4,0.6,,0.8,,,,,,,0.9,,0.92,,,
GC,,,0.0,,0.71,,0.8,0.6,0.7,0.5,0.9,,,,0.7,,0.8,,0.5,,,,
GCA,,,0.0,,0.61,,,,0.6,,0.76,,,,0.75,,,0.9,0.5,0.82,,,
GCAT,,,0.0,,0.8,,,0.4,0.8,,0.95,,,,0.7,,,,0.75,,,0.6,
GCC1,,,0.0,,0.51,,0.75,,0.6,,0.85,,,,0.9,,,,0.5,,,0.6,
GCC2,,,0.0,,,,0.8,,,,,,0.9,,,,0.85,,0.5,,,,0.4
GCDH,,,,,,,,,,,,,,,,,,,,,,,
GCFC2,,,0.0,,0.92,,,0.6,0.8,,0.9,,,,0.7,,,,0.7,,,0.54,
GCG,,,0.03,,0.42,,,0.34,0.54,,1.0,,,,,,,,0.18,1.0,,,
GCGR,0.9,1.0,0.0,,0.55,,,0.2,0.75,0.9,0.85,,,,0.9,,1.0,1.0,0.8,1.0,,,
GCH1,,,,0.91,0.08,,0.6,,0.75,,0.7,,,,0.7,0.65,,,0.5,0.85,,,
GCHFR,,,0.2,,0.64,,,0.6,0.7,,0.8,,,,0.8,0.6,,,0.1,0.9,,,
GCK,,1.0,,0.66,0.19,,0.84,0.2,0.88,0.78,0.91,,,,,0.82,,,,0.97,,,
GCKR,,,0.0,,0.84,0.75,0.9,,0.85,,,,,,,,,,0.5,1.0,,,
GCLC,,,,0.57,0.21,,,0.5,0.75,,0.9,,,,0.8,,,,,,,0.53,
GCLM,0.8,,,1.0,0.0,,,0.4,0.6,,0.7,,,,0.9,,,,0.5,,,0.6,
GCM1,,1.0,,1.0,0.0,,,,0.7,,0.9,,,,0.6,0.85,,,0.8,0.97,,,
GCM2,0.8,1.0,0.0,,,,,,,,,,0.9,,,,,,,,1.0,,
GCN1,,,0.0,,0.0,,,,0.6,,0.7,,,,0.7,0.7,,0.5,0.8,0.65,,,
GCNA,,,0.0,,0.0,,,,0.6,,0.8,,,,,,,,0.5,,,,
GCNT1,,,0.0,,0.49,,,0.6,0.8,,0.95,,,,0.9,0.75,,,0.5,0.96,,,
GCNT2,,,0.0,,0.68,,0.6,0.6,0.8,,0.9,,,,0.8,,,,0.5,0.78,,,
GCNT3,,,0.0,,0.9,,,0.5,0.6,,0.9,,,,0.8,,,,0.5,0.99,,,
GCNT4,,,0.0,,,,0.8,,,,,,0.9,,0.9,0.75,0.85,,,,0.77,,
GCNT7,,,0.08,,0.36,,,,0.8,,0.9,,,,0.8,,,0.7,0.5,,,,
GCRG224,,,0.0,,0.0,,,,,,,,,,,0.3,,,0.1,,,,
GCSAM,,,,,,,,,,,,1.0,,0.7,,,,,,,,,
GCSAML,,,0.13,,0.37,,,0.5,0.6,,0.7,,,,0.9,,,,0.5,0.97,,,
GCSH,,,0.0,,0.68,,0.5,0.6,0.7,,0.9,,,,0.8,,,,0.5,0.69,,,
GDA,,,,1.0,0.07,,,,0.7,,0.9,,,,0.75,,0.85,,0.5,0.94,,,0.6
GDAP1,0.8,,0.0,,,,,,,,,,0.9,,0.75,,,,,,0.9,,
GDAP1L1,0.8,,0.57,,0.78,,,,0.7,,0.93,,,,0.9,0.79,,,0.73,0.91,,,
GDAP2,0.7,,0.0,,0.6,,,,0.6,,0.9,,,,0.8,0.65,,,0.5,,,,
GDE1,,,0.0,,0.69,,,0.7,0.8,,0.9,,,,0.85,0.65,0.8,,0.5,,,0.6,
GDF1,,,0.41,,0.2,,,,0.6,,,,,,0.8,,,0.7,0.5,,,0.4,
GDF10,,,0.9,,0.43,,,0.5,0.6,,0.8,,,,0.9,,,0.7,0.7,,,0.5,
GDF11,0.5,,,0.98,0.06,,,,0.7,,,,0.9,,0.8,,,,0.6,,,,
GDF15,,,0.0,,0.5,,0.9,,0.8,,0.9,,,,,0.75,,,0.7,,,,
GDF2,0.8,,0.0,,,,,,,,,,0.9,,0.7,0.7,0.9,,,,,,
GDF3,,,0.0,,0.71,,,,,,,,,,,,,,,,,,
GDF5,0.75,,,0.68,0.18,,0.8,0.7,0.6,,0.9,,,,0.8,,,0.85,0.5,0.95,,,
GDF6,0.9,1.0,,1.0,1.0,,,,0.7,,,,0.8,,0.8,,,,0.5,,,,
GDF7,,,,0.62,0.14,,0.5,,0.8,,0.9,,,,0.8,,,0.7,0.75,0.94,,,
GDF9,0.8,,0.0,,,,,0.6,,,,,0.9,,0.8,0.75,0.9,,,,1.0,,
GDI1,0.8,,,1.0,0.0,,,0.75,0.7,,,,0.9,,0.6,0.75,,,0.5,0.9,,,
GDI2,,,,0.81,0.17,,,0.6,0.87,,0.94,,,,0.8,0.75,,,0.89,,,0.56,0.7
GDNF,0.75,1.0,0.2,,0.3,,,0.6,0.8,,,,0.9,,0.8,,,,,,0.91,,
GDPD1,,,0.9,,0.7,0.6,,0.6,0.7,,0.8,,,,0.7,,0.8,,0.5,,,,0.6
GDPD2,,,0.15,,0.26,,,,0.7,,1.0,,,,0.8,0.7,,,0.75,1.0,,,
GDPD3,,,0.0,,0.5,0.7,,,0.9,,0.8,,,,0.9,,,,0.6,,,,
GDPD4,,,0.0,,0.81,,,,0.7,,,,,,0.8,,,,0.8,,,,
GDPD5,,,0.0,,0.37,,,0.7,0.8,,0.9,,,,0.85,,,,0.6,0.95,,,
GDPGP1,,,0.0,,0.8,,,,0.7,,0.9,,,,0.9,,,,0.5,,,0.6,
GEM,0.7,,0.0,,,,,,,,,,0.9,,,,,,,,0.88,,
GEMIN2,,1.0,0.0,,0.58,,0.1,0.6,0.7,,0.85,,,,0.8,,,,,,,0.59,
GEMIN4,0.5,,0.0,,0.72,0.99,,,0.75,,0.9,,,,0.7,,,,0.85,0.85,,,
GEMIN5,,,,,,,,,,,,,,,,,,,,,,,
GEMIN6,,,0.0,,0.97,,,0.5,0.6,,0.73,,,,0.75,,,,0.67,0.61,,,
GEMIN7,0.7,,,0.66,0.0,,,0.7,0.8,,1.0,,,,,,,,0.5,,,0.55,
GEMIN8,,,,0.95,0.0,,,0.7,0.78,,,,0.96,,0.8,0.75,,,0.85,,,0.55,
GEN1,0.7,,0.0,,0.69,,,,0.6,,0.76,,,,0.5,,,,0.8,,,,
GET4,,,,0.59,0.19,,,0.4,0.6,,0.43,,,,0.5,0.65,,,0.327,,,0.56,
GFAP,0.9,,0.0,,,,,,,,,,0.9,,,,,,,,0.97,,0.6
GFER,0.8,,0.0,,0.84,,,0.4,0.7,,0.9,,,,0.9,,,,0.5,,,0.6,
GFI1,0.8,,0.24,,0.25,,,,0.8,,,,0.9,,,,,,0.84,,0.94,,0.7
GFI1B,,1.0,0.0,,0.49,,0.9,,0.7,,0.8,,,,,,,,0.5,0.99,,,
GFM1,0.5,,0.0,,0.61,,,,0.7,,0.9,,,,0.7,,,,0.75,,,,
GFM2,,,,,,,,,,,,,,,,,,,,,,,
GFOD1,,,0.06,,0.34,,,0.72,0.8,,0.87,,,,0.8,,,,0.39,,,,
GFOD2,,,,,,,,,,,,0.8,,,,,,,,,,,
GFPT1,,,,,,,,,,,,,,,,,,,,,,,
GFPT2,,,0.0,,,,0.8,0.6,0.75,,,,0.9,,0.9,0.75,0.85,,,,0.82,,
GFRA1,,,,,,,,,,,,1.0,,0.5,,,,,,,,,
GFRA2,,,0.31,,0.24,,0.6,0.2,0.7,,0.8,,,,0.75,0.7,,,0.5,0.88,,,
GFRA3,,,0.09,,0.29,,0.1,0.7,0.8,,0.9,,,,,0.65,,,0.8,,,,
GFRA4,0.7,,0.04,,0.45,,,0.2,0.8,,0.9,,,,0.6,,,,0.5,,,,
GFRAL,,,0.0,,0.84,,0.6,,0.7,,0.8,,,,,0.7,,,,0.99,,,
GFY,,,0.0,,0.0,,,,0.8,,,,,,0.6,,,,0.5,,,,
GGA1,,,,1.0,0.97,,,0.75,0.8,,0.9,,,,0.85,0.8,,,0.7,0.8,,,
GGA2,,,0.0,,0.51,,,0.5,0.7,,0.9,,,,0.9,,,,0.6,0.7,,,
GGA3,,,,,,,,,,,,,,,,,,,,,,,
GGACT,,,0.0,,0.0,,,,0.7,,0.8,,,,0.6,0.5,0.8,,0.5,,,,
GGCT,,,0.0,,0.69,,,,0.7,,0.8,,,,0.85,,,,0.5,,,0.6,
GGCX,,1.0,0.0,,0.71,,0.5,,0.7,0.6,0.9,,,,0.7,,0.9,,,,,0.6,
GGH,,,,0.56,0.19,,0.1,0.7,0.8,,0.9,,,,0.75,,,,0.64,0.88,,,
GGN,,,0.8,,0.5,,,,0.5,,0.7,,,,,,,,0.6,,,,
GGNBP1,,,1.0,,1.0,,,,0.7,,,,,,,,,,0.5,,,0.2,
GGNBP2,,,,1.0,,,0.8,,0.7,,,,0.9,,0.5,0.75,,,,,,0.6,
GGPS1,,,0.28,,0.25,,,0.6,0.7,0.8,0.9,,,,0.85,,,,0.75,,,0.5,
GGT1,,,0.0,,0.41,,0.7,0.2,0.8,,0.9,,,,0.8,,0.75,,0.57,0.87,,,
GGT3P,,,1.0,,1.0,,,,0.7,,,,,,,,,,0.5,,,0.8,
GGT5,,,0.0,,0.72,,0.7,0.5,0.85,,0.9,,,,0.8,0.7,0.75,,0.6,0.85,,,0.6
GGT6,,,0.0,,0.96,,,,0.8,,0.9,,,,0.8,,,,0.5,,0.94,,
GGT7,0.6,,,0.99,0.13,,,0.68,0.73,,0.85,,,,0.8,,,,0.75,0.77,,,
GGTLC1,,,0.0,,0.91,,,0.2,0.6,,0.9,,,,,,,,0.5,1.0,,,
GGTLC2,,,0.0,,0.5,,,,0.6,,0.8,,,,,,,,0.3,1.0,,,
GGTLC3,,,0.0,,0.0,,,,0.6,,,,0.8,,,0.3,,,0.5,,,0.2,
GH1,,,,,,,,,,,,1.0,,1.0,,,,,,,,,
GH2,,,0.8,,0.6,,,0.5,0.75,,0.9,,,,0.8,,,,0.7,1.0,,,
GHDC,,,0.0,,0.67,0.67,,,0.8,,0.9,,,,0.85,0.7,,,0.8,,,,
GHITM,,,0.06,,0.31,,0.4,0.67,0.71,,0.83,,,,0.5,,,,0.69,,,0.47,
GHR,,1.0,0.0,,0.4,,0.5,0.5,0.6,0.9,0.7,,,,0.8,,,0.8,,0.94,,,
GHRH,0.8,,0.14,,0.35,,,0.6,0.9,,0.95,,,,,0.78,,,0.54,,,,
GHRHR,0.9,,0.0,,0.61,0.8,,,0.7,,0.75,,,,,0.8,,,0.7,,,,
GHRL,0.7,,0.0,,0.5,,,,0.8,,,,0.9,,,,,,0.6,0.9,,,
GHSR,,,0.99,,0.47,0.73,0.8,,0.7,0.85,0.75,,,,0.9,,,,0.5,1.0,,,
GID4,,,,,,,,,,,,,,,,,,,,,,,
GID8,,,,0.99,0.0,,,,0.8,,0.85,,,,0.7,0.85,,,0.5,0.62,,,
GIGYF1,,,0.0,,0.36,,0.5,,0.8,,0.9,,,,0.6,,0.8,,0.5,0.7,,,
GIGYF2,,1.0,,1.0,0.02,,0.6,,0.8,,0.9,,,,,,0.8,,,,,0.6,
GIMAP1,,,0.5,,0.0,,,0.4,0.6,,0.8,,,,0.8,,,0.7,0.6,0.9,,,
GIMAP2,,,0.42,,0.0,,,0.5,0.8,,1.0,,,,0.8,,,0.9,0.337,,,,
GIMAP4,,,,,,,,,,,,,,,,,,,,,,,
GIMAP5,,,,,,,,,,,,,,,,,,,,,,,
GIMAP6,,,0.5,,0.0,,0.6,,0.7,,0.8,,,,0.8,,,0.8,0.7,0.9,,,0.6
GIMAP7,,,0.0,,0.0,0.8,0.5,,0.7,,0.9,,,,0.6,0.7,,0.8,0.6,0.9,,,
GIMAP8,,,0.0,,0.58,,,0.5,0.6,,0.85,,,,0.7,,,,0.65,,,,
GIMD1,,,1.0,,1.0,,,,,,,,,,,0.85,,,0.5,1.0,,,
GIN1,,,0.0,,0.52,0.82,0.1,,0.4,,0.7,,,,0.9,0.6,,,0.5,,,0.5,
GINM1,,,0.0,,0.77,,,0.8,0.4,,0.84,,,,0.7,,,,0.5,,,,
GINS1,0.8,1.0,0.0,,0.76,,,0.6,0.7,,,,0.9,,0.5,,,,,,1.0,,
GINS2,,,0.0,,0.5,,,0.6,0.7,,0.8,,,,0.9,0.7,,,0.6,,,,
GINS3,,,0.0,,,,0.5,0.7,0.8,,,,0.9,,0.6,,,,,,0.75,,
GINS4,,,,,,,,,,,,,,0.7,,,,,,,,,
GIP,,,,,,,,,,,,,,,,,,,,,,,
GIPC1,0.5,,0.01,,0.46,,,,0.7,,0.9,,,,0.8,,,,0.83,0.6,,,
GIPC2,,,0.0,,0.5,,0.8,0.5,0.7,,0.9,,,,0.6,,,0.8,0.6,,,,
GIPC3,0.8,,0.9,,,,,,,,,,0.7,,0.5,,,,,,,,
GIPR,,,0.0,,,,0.9,0.5,0.6,0.8,0.7,,,,0.8,,,,0.4,0.9,,,
GIT1,,1.0,,1.0,0.9,,,,0.5,,0.6,,,,,,,,0.7,,,,
GIT2,,,,1.0,0.14,,,0.5,0.6,,0.7,,,,0.9,,,0.8,0.8,,,0.6,
GJA1,,,,,,,,,,,,0.5,,0.4,,,,,,,,,
GJA10,,,0.0,,0.91,,,,0.7,,0.51,,,,0.8,,,,0.5,1.0,,,
GJA3,0.8,,0.0,,0.73,,,,0.7,,0.9,,,,0.7,,0.85,,0.5,0.94,,,
GJA4,,,0.04,,0.36,0.76,,,0.75,0.8,0.9,,,,0.7,0.75,,,0.67,,,,
GJA5,,0.8,0.9,,0.6,,0.7,,0.7,0.6,0.5,,,,0.8,,,,,,,0.4,
GJA8,0.8,,0.9,,,,,,,,,,0.9,,0.7,0.8,0.8,,,,1.0,,
GJA9,,,0.0,,0.5,0.9,0.2,,0.6,,0.8,,,,0.5,,,,0.7,0.9,,,
GJB1,,,,,,,,,,,,1.0,,0.6,,,,,,,,,
GJB2,0.9,1.0,0.0,,0.8,,,,0.8,0.7,0.6,,,,0.8,,0.9,,,1.0,,,
GJB3,,1.0,0.0,,0.64,,,,0.5,0.6,0.7,,,,0.7,,,,,,0.99,,
GJB4,0.8,,0.0,,0.93,,,0.3,0.5,0.6,0.7,,,,0.9,,,,0.5,1.0,,,
GJB5,,1.0,0.0,,0.5,,,,0.7,0.8,0.9,,,,0.8,,,,0.5,,,,
GJB6,0.8,,0.0,,0.5,0.7,,,0.7,0.6,0.9,,,,0.8,,,,0.5,,,,
GJB7,,,0.0,,0.7,,0.8,0.8,0.7,,0.6,,,,0.7,,,,0.5,1.0,,,
GJC1,,,,,,,,,,,,1.0,,,,,,,,,,,
GJC2,0.8,,0.9,,,,,,,,,,0.6,,0.75,,,,,,0.95,,
GJC3,0.8,,0.0,,0.69,,,,0.8,,0.9,,,,0.8,,,,0.5,,,,
GJD2,,,0.23,,0.26,,0.78,,0.72,0.8,0.76,,,,0.9,,,,0.64,,,,
GJD3,,,0.0,,0.5,,,,0.6,0.8,0.7,,,,0.75,,,,0.5,,,,
GJD4,,,0.8,,0.4,,,,0.6,0.7,0.9,,,,0.75,,,,0.6,0.95,,,
GJE1,,,0.0,,0.0,,,,0.6,0.8,0.7,,,,0.8,0.6,,,0.5,,,,
GK,0.8,1.0,,0.98,0.12,,,0.6,0.7,,,,0.9,,0.75,,,,,,,,
GK2,,,0.0,,,,0.5,0.2,0.8,,,,0.9,,,0.5,0.7,,,,1.0,,
GK5,,,0.9,,0.31,,,,0.5,,0.7,,,,0.6,,,,0.6,,,,
GKAP1,,,0.16,,0.26,,0.75,,0.6,,0.8,,,,0.9,,,,0.73,1.0,,,
GKN1,,,0.0,,0.5,,,0.7,0.8,,0.9,,,,0.8,,,,0.6,,,,
GKN2,,,0.0,,,,,,,,,,0.9,,0.8,,,,,,,,
GKN3P,,,1.0,,1.0,,,,,,,,,,,,,,0.5,,,0.8,
GLA,1.0,,,1.0,0.0,,,,0.7,,0.9,,,,0.75,,0.85,,0.8,0.64,,,
GLB1,,,0.0,,0.6,,0.8,0.6,0.7,,0.9,,,,0.7,,0.8,,0.5,0.63,,,
GLB1L,,,0.0,,0.7,,,,0.8,,0.9,,,,0.9,0.75,,,0.6,1.0,,,
GLB1L2,,,,,,,,,,,,0.8,,,,,,,,,,,
GLB1L3,,,0.0,,0.85,,,0.7,0.6,,0.9,,,,0.8,,,,0.7,,,,
GLCCI1,,,0.3,,,,0.8,,0.6,,0.9,,,,0.5,,,,,0.95,,,
GLCE,,,,,,,,,,,,0.8,,0.6,,,,,,,,,
GLDC,,,0.0,,0.84,0.15,0.8,,0.6,,0.7,,,,0.75,,0.85,,0.5,,,,
GLDN,,,0.0,,,,0.5,,0.7,,0.9,,,,,0.6,,,,0.9,,,
GLE1,0.5,,0.0,,0.54,,,,0.6,,,,0.9,,0.7,,0.8,,0.7,0.66,,,
GLG1,,1.0,,1.0,0.88,,0.6,0.5,0.7,,0.8,,,,0.7,0.75,,,,0.65,,,
GLI1,0.8,,0.0,,,,,0.6,,,,,0.9,,,,,,,,,,
GLI2,,,,0.99,0.16,,,,,,,,,,,,,,,,,,
GLI3,,1.0,,1.0,0.09,,0.6,0.5,0.8,,0.9,,,,0.7,,,0.7,,0.82,,,
GLI4,,,0.9,,0.6,,,,0.7,,0.8,,,,0.7,,,,0.5,,,,
GLIPR1,,,0.0,,0.6,,,0.4,0.7,,0.8,,,,0.6,,,,0.5,,,,
GLIPR1L1,,,0.0,,0.85,,,,0.8,,0.9,,,,0.8,,,,0.5,1.0,,,
GLIPR1L2,,,0.0,,0.88,,,0.7,0.5,,0.87,,,,0.9,,,,0.5,,,,
GLIPR2,,,0.0,,0.92,,,,0.8,,0.9,,,,0.6,,,,0.5,,,,
GLIS1,,,0.04,,0.31,,0.9,,0.7,,0.8,,,,,,,,0.62,,0.92,,
GLIS2,,,,0.87,0.13,,0.5,,0.75,,0.9,,,,0.8,,,,0.52,0.77,,,
GLIS3,,1.0,0.0,,0.46,,0.9,,0.6,,0.7,,,,,,,,,0.82,,,
GLMN,,,0.0,,,,0.8,0.7,0.6,,0.7,,,,0.7,,0.8,,,,,0.5,
GLMP,,,,,,,,,,,,0.8,,0.5,,,,,,,,,
GLO1,,,0.0,,0.88,,,0.6,0.8,,0.9,,,,0.9,,,,0.5,,,0.5,
GLOD4,,,,,,,,,,,,,,,,,,,,,,,
GLOD5,,,0.05,,0.59,,,,0.6,,0.8,,,,0.9,0.7,,,0.8,0.96,,,
GLP1R,,,0.28,,0.23,,0.1,,0.72,0.93,0.84,,,,0.75,,,,0.92,0.96,,,
GLP2R,,,0.0,,0.61,,0.4,0.2,0.6,0.5,0.7,,,,0.8,,,0.9,0.8,0.94,,,
GLRA1,0.9,1.0,0.0,,0.45,,,0.6,0.8,,,,0.9,,0.75,,,,0.5,,0.96,,
GLRA2,,,,,,,,,,,,0.8,,0.7,,,,,,,,,
GLRA3,,,,,,,,,,,,0.9,,0.7,,,,,,,,,
GLRA4,,,0.0,,,,,,,,,,0.9,,,0.4,,,,,,,
GLRB,0.9,1.0,0.0,,0.38,,,,0.5,0.7,0.6,,,,0.7,,,,0.5,0.85,,,
GLRX,,,0.0,,0.6,0.4,0.8,0.5,0.6,,0.7,,,,0.7,,,,0.5,0.8,,,
GLRX2,,,0.0,,0.82,,0.1,,0.9,,0.8,,,,0.75,,,0.7,0.5,0.91,,,
GLRX3,,1.0,0.29,,0.24,,,0.57,0.73,,0.86,,,,0.9,,,0.8,0.67,,,0.53,
GLRX5,,,,0.75,0.0,,0.8,,0.6,,0.7,,,,0.7,,,,0.5,,,,
GLS,,,,0.96,0.16,,,,,,,,,,,,,,,,,,
GLS2,,,0.0,,0.59,0.8,0.9,,0.75,,0.7,,,,0.6,0.75,,,0.6,,,,
GLT1D1,,,0.0,,0.86,,,0.5,0.67,,0.78,,,,0.75,,,,0.5,,,,
GLT6D1,,,0.11,,0.39,0.94,0.1,,0.5,,0.82,,,,0.5,,,,0.77,1.0,,,
GLT8D1,,,0.0,,,,0.8,,,,,,0.9,,0.7,,0.5,,0.5,,0.7,,0.4
GLT8D2,,,0.0,,0.5,,0.8,0.6,0.7,,0.9,,,,0.8,,,,0.6,0.85,,,
GLTP,,,0.11,,0.33,,,0.57,0.73,,0.98,,,,0.85,0.7,0.8,,0.52,0.96,,,
GLTPD2,,,0.0,,,,0.8,,,,,,0.9,,0.5,,0.6,,,,1.0,,
GLUD1,,,,,,,,,,,,,,,,,,,,,,,
GLUD2,0.5,,0.04,,0.48,,,0.2,0.75,,0.8,,,,0.7,,,,0.55,1.0,,,
GLUL,,,,,,,,,,,,0.8,,0.6,,,,,,,,,
GLYAT,,,0.0,,,,0.8,,,,,,0.9,,0.75,0.7,,,,,1.0,,
GLYATL1,,,0.0,,0.5,,,,0.7,,0.8,,,,0.8,0.7,0.9,,0.6,,,,
GLYATL2,0.5,,0.0,,0.99,,,,0.6,,0.7,,,,,,0.8,,0.8,1.0,,,
GLYATL3,,,0.0,,0.0,,,,0.7,,0.8,,,,,,0.9,,0.5,1.0,,,
GLYCAM1,,,1.0,,1.0,,,0.5,0.8,,,,,,,,,,0.2,,,0.0,
GLYCTK,0.8,,0.0,,,,,,,,,,0.9,,0.5,0.7,0.6,,,,1.0,,
GLYR1,,,,,,,,,,,,,,,,,,,,,,,
GM2A,0.8,,0.03,,0.49,,,0.2,0.65,,,,0.9,,0.7,,0.75,,0.5,,0.76,,
GMCL1,,,0.0,,0.47,,0.1,0.7,0.6,,0.8,,,,0.9,,,0.5,0.5,,,0.6,
GMCL2,,,0.0,,0.0,,,,0.5,,,,,,0.6,,,0.7,0.5,,,0.2,
GMDS,,,,0.99,0.08,,0.8,0.5,0.7,,0.85,,,,0.75,,,0.9,0.93,0.93,,,
GMEB1,,,,0.9,0.8,,,0.7,0.8,,0.9,,,,0.9,0.8,,,0.6,,,,
GMEB2,,,,1.0,0.95,,,,0.8,,0.9,,,,,0.78,,,0.7,0.62,,,
GMFB,,,0.8,,0.6,,,0.6,0.7,,0.9,,,,0.7,,,,0.5,,,,
GMFG,,,0.0,,0.5,,,0.6,0.8,,0.9,,,,0.7,0.7,,,0.7,,,,
GMIP,,,0.0,,0.53,,,,0.8,,0.9,,,,0.7,,,,0.5,0.96,,,0.6
GML,,,0.23,,0.32,,,0.72,0.67,,0.76,,,,0.9,0.75,,,0.79,1.0,,,
GMNC,,,1.0,,1.0,,,,0.7,,0.9,,,,0.8,,,,0.8,1.0,,,
GMNN,0.8,1.0,0.12,,0.32,,,0.7,0.75,,,,0.9,,0.7,,,,,,0.75,,0.6
GMPPA,,,,,,,,,,,,,,,,,,,,,,,
GMPPB,0.8,,0.0,,0.71,,,0.6,0.7,,0.9,,,,0.8,,0.9,,0.5,0.7,,,
GMPR,,,0.0,,0.61,,0.85,,0.8,,0.9,,,,0.75,,,,0.5,0.88,,,
GMPR2,,,0.0,,0.8,,,0.6,0.7,,0.9,,,,0.8,,0.8,,0.5,,,,
GMPS,,,,,,,,,,,,,,,,,,,,,,,
GNA11,,,,,,,,,,,,0.7,,0.8,,,,,,,,,
GNA12,,,,,,,,,,,,0.9,,,,,,,,,,,
GNA13,,,,,,,,,,,,0.9,,0.7,,,,,,,,,
GNA14,,,0.0,,0.5,,,,0.9,,0.8,,,,0.75,,,,0.7,,,,
GNA15,,,0.0,,0.39,,,0.5,0.73,,0.85,,,,,,,,0.74,,,,
GNAI1,,,,,,,,,,,,0.5,,0.5,,,,,,,,,
GNAI2,,,,,,,,,,,,1.0,,0.7,,,,,,,,,
GNAI3,0.8,,0.03,,0.33,,,0.7,0.85,,0.9,,,,0.8,,,,0.75,,,,
GNAL,,,,,,,,,,,,0.8,,0.6,,,,,,,,,
GNAO1,0.85,0.9,,0.95,0.8,,,,0.75,,,,0.9,,0.85,,,,,,0.8,,
GNAQ,,,,,,,,,,,,,,,,,,,,,,,
GNAS,,1.0,,0.71,0.2,,0.8,0.5,0.7,,0.6,,,,,,0.75,0.8,,,,0.0,0.7
GNAT1,,,0.0,,0.5,0.3,0.4,0.4,0.5,,0.7,,,,0.6,0.5,,,0.6,1.0,,,
GNAT2,,,0.0,,0.61,,0.9,0.7,0.8,,0.9,,,,0.7,,,,0.7,0.99,,,
GNAT3,,,,,,,,,,,,,,,,,,,,,,,
GNAZ,,,,0.96,0.0,0.89,,0.64,0.87,,0.92,,,,,,,0.75,0.71,0.82,,,
GNB1,,,,,,,,,,,,0.8,,0.6,,,,,,,,,
GNB1L,0.8,,0.0,,0.6,,,0.4,0.7,,0.9,,,,0.9,,,,0.8,,,,
GNB2,,,,0.95,0.8,,0.6,0.75,0.85,,0.9,,,,0.9,,,0.9,,,,0.7,
GNB3,,,0.0,,0.93,0.8,0.8,0.6,0.85,,0.9,,,,0.75,,,,0.5,0.95,,,
GNB4,,,0.0,,0.41,,0.8,0.3,0.7,,0.9,,,,0.7,,,0.6,0.5,0.85,,,
GNB5,,,,,,,,,,,,1.0,,0.7,,,,,,,,,
GNE,,,,,,,,,,,,,,,,,,,,,,,
GNG10,,,0.0,,0.4,0.0,,,0.8,,0.9,,,,0.7,,,,0.1,,,0.7,
GNG11,0.7,,,0.55,0.0,,0.12,0.1,0.33,,0.64,,,,0.5,0.55,,,0.73,0.85,,,
GNG12,,,,,,,,,,,,0.9,,,,,,,,,,,
GNG13,,,0.0,,0.67,,,0.4,0.9,,0.8,,,,0.7,,,,0.1,0.97,,,
GNG14,,,0.0,,,,,,0.5,,,,,,,,,,0.3,,,0.6,
GNG2,,,,,,,,,,,,0.8,,0.6,,,,,,,,,
GNG3,,,,0.7,0.0,,,0.6,0.9,,0.8,,,,0.75,,,,0.5,0.9,,,
GNG4,,,,,,,,,,,,1.0,,,,,,,,,,,
GNG5,,,,,,,,,,,,1.0,,0.5,,,,,,,,,
GNG7,,,,,,,,,,,,0.8,,,,,,,,,,,
GNG8,,,0.15,,0.51,,,,0.64,,0.68,,,,0.9,,,,0.14,0.86,,,
GNGT1,,,0.26,,0.29,,0.1,0.16,0.37,,0.61,,,,0.5,,,,0.74,0.99,,,
GNGT2,,,0.21,,0.36,,,,0.3,,0.55,,,,0.75,0.7,,,0.69,0.99,,,
GNL1,,,,1.0,0.09,,,0.1,0.6,,0.9,,,,0.8,,,,0.5,,,0.55,
GNL2,,,,,,,,,,,,,,,,,,,,,,,
GNL3,,1.0,0.0,,,,0.8,0.6,0.7,,,,0.9,,0.75,,,,0.5,0.65,,,
GNL3L,,,,1.0,0.9,,,,0.7,,0.6,,,,0.6,,,,0.7,0.75,,,
GNLY,,,0.0,,0.7,0.9,0.5,,0.6,,0.8,,,,0.8,,,,0.5,1.0,,,
GNMT,,,0.9,,0.6,0.7,0.8,,0.8,,0.9,,,,0.7,,,,0.5,,,,0.6
GNPAT,0.8,,0.36,,0.23,0.39,,,0.7,,,,0.9,,0.75,,0.85,,0.68,,,,
GNPDA1,,,0.0,,,,0.5,0.6,0.7,,0.8,,,,0.6,,0.9,,,,,0.5,
GNPDA2,,,0.01,,0.45,,0.51,,0.73,,0.79,,,,0.9,,,,0.69,,,0.54,0.7
GNPNAT1,,0.8,0.9,,,,,,0.6,,,,0.7,,0.85,0.75,,,0.5,,,,
GNPTAB,,,0.0,,0.63,,0.9,,0.7,,0.6,,,,0.8,,,,0.7,,,0.5,
GNPTG,0.8,,0.0,,,,,0.6,,,,,0.9,,0.7,0.6,0.8,,,,,,
GNRH1,,,0.17,,0.32,,0.4,0.5,0.9,0.8,0.6,,,,0.7,,,,0.1848,0.81,,,
GNRH2,,,0.0,,,,0.5,0.6,0.8,,,,0.9,,0.7,0.4,,,,0.9,,,
GNRHR,0.8,,0.07,,0.33,,,0.1,0.73,0.67,0.93,,,,0.75,,,,0.82,1.0,,,0.5
GNRHR2,,,0.0,,,,,,,,,,,,,,,,,,,,0.4
GNS,0.8,,0.2,,,,,,,,,,0.9,,0.8,,,,,,,,
GOLGA1,,,0.0,,0.38,,,,0.8,,0.9,,,,0.7,,,,0.7,,,0.47,
GOLGA2,,,,0.98,0.82,,,0.6,0.85,,,,0.9,,,,,,0.5,,,0.59,
GOLGA2P5,,,0.0,,0.0,,,,0.7,,,,,,,0.1,,,0.5,,,0.2,
GOLGA3,,,0.9,,0.3,,,,0.7,,0.8,,,,0.7,,,,0.6,,,0.5,
GOLGA4,,,,,,,,,,,,0.9,,0.5,,,,,,,,,
GOLGA5,,,0.0,,0.34,,0.5,,0.7,,0.9,,,,0.6,,0.8,,0.8,,,0.6,
GOLGA6A,,,0.0,,0.83,,,,0.7,,0.9,,,,0.5,,,,0.5,,,,
GOLGA6B,,,0.0,,0.5,,,,0.6,,0.8,,,,,,,,0.5,,,,
GOLGA6C,,,0.0,,0.55,,,,0.6,,,,,,,,,,0.5,,,,
GOLGA6D,,,0.0,,0.5,,,,0.6,,,,,,,0.4,,,0.5,,,,
GOLGA6L1,,,0.0,,0.0,,,,0.5,,,,,,,,,,0.5,,,,
GOLGA6L10,,,0.0,,0.5,,,,0.6,,,,,,0.9,,,,0.7,,,0.8,
GOLGA6L19,0.0,,0.0,,0.0,,,,,,,,,,,0.1,,,0.5,,,0.0,
GOLGA6L2,,,0.0,,0.72,,,,0.7,,0.9,,,,,0.65,,,0.8,1.0,,,
GOLGA6L22,,,0.0,,0.0,,,,,,,,,,,,,,0.5,,,1.0,
GOLGA6L4,,,,,,,,,,,,,,,,,,,,,,,
GOLGA6L6,,,0.0,,0.5,,,,0.6,,,,,,,0.4,,,0.5,,,0.8,
GOLGA6L9,,,,,,,,,,,,,,,,,,,,,,,
GOLGA7,,,0.45,,0.2,0.52,,0.4,0.8,,0.93,,,,0.67,,,,0.75,,,0.52,
GOLGA7B,,,,,,,,,,,,0.8,,,,,,,,,,,
GOLGA8A,,,0.0,,0.92,,,,0.9,,0.8,,,,0.7,,0.7,,0.5,,,,
GOLGA8B,,,0.0,,0.87,,0.75,,0.6,,0.8,,,,0.8,0.7,,,0.5,0.86,,,
GOLGA8CP,,,1.0,,1.0,,,,,,,,,,,,,,0.5,,,0.7,
GOLGA8DP,,,0.0,,0.0,,,,0.6,,,,,,,,,,0.5,,,0.8,
GOLGA8F,,,0.22,,0.34,,,,0.8,,,,,,,0.5,,,0.7,,,,
GOLGA8H,,,0.0,,0.5,,,,0.6,,0.8,,,,,,,,0.7,,,,
GOLGA8IP,,,1.0,,1.0,,,,0.7,,,,,,,0.75,,,0.8,,,0.5,
GOLGA8J,,,0.0,,0.5,,,,,,0.8,,,,0.9,0.6,,,0.7,1.0,,,
GOLGA8K,,,0.0,,0.5,0.0,,,0.6,,0.5,,,,,0.5,,0.8,0.7,0.9,,,
GOLGA8M,,,0.0,,0.5,,,,0.4,,,,,,,,,,0.5,,,,
GOLGA8N,,,1.0,,1.0,,,,0.6,,0.8,,,,,0.7,,,0.5,0.9,,,
GOLGA8O,,,0.0,,0.0,,,,0.6,,0.8,,,,,0.6,0.7,,0.5,,,,
GOLGA8R,0.4,,0.0,,0.8,,,,0.6,,,,,,,,0.7,,0.5,,,,
GOLGB1,,,,,,,,,,,,0.9,,,,,,,,,,,
GOLIM4,,,0.0,,0.53,,,0.2,0.7,,0.9,,,,0.7,,,,0.6,,,0.5,
GOLM1,,,0.0,,0.65,,,,0.6,,0.9,,,,0.7,,,,0.75,,,,0.5
GOLPH3,,,,0.5,0.19,,,0.5,0.67,,0.84,,,,0.8,0.65,,,0.75,,,,
GOLPH3L,,,0.0,,0.61,0.56,0.8,,0.7,,0.9,,,,0.9,,,,0.5,0.63,,,
GOLT1A,,,,,,,,,,,,0.85,,,,,,,,,,,
GOLT1B,,,,0.85,0.0,,,,0.75,,0.94,,,,0.9,,,,0.69,,,0.52,
GON4L,,,,0.98,0.2,,0.5,,0.6,,0.8,,,,0.7,0.75,,,0.75,,,,
GON7,,,1.0,,1.0,,,,0.7,,0.8,,,,,,0.9,,0.5,,,0.6,
GOPC,,,0.0,,0.4,,0.2,0.7,0.6,,0.8,,,,0.9,0.7,,,0.5,0.63,,,
GORAB,,,0.0,,0.58,,0.9,,0.6,,0.7,,,,,,0.7,,0.5,0.69,,,0.5
GORASP1,,,,,,,,,,,,0.75,,,,,,,,,,,
GORASP2,,,,,,,,,,,,,,,,,,,,,,,
GOSR1,0.5,,0.8,,,,,,,,,,0.9,,0.8,,,,0.5,,,,0.6
GOSR2,,,0.0,,0.82,,0.75,0.6,0.8,,0.88,,,,,0.65,,,0.5,,,0.48,
GOT1,,,0.0,,0.38,,0.6,,0.85,,0.9,,,,0.75,,,,0.5,0.85,,,
GOT1L1,,,0.0,,0.86,,,0.3,0.4,,0.68,,,,,,,,0.5,1.0,,,
GOT2,0.7,,0.9,,,,0.8,,,,,,0.85,,0.8,,0.9,,,,0.6,,
GP1BA,,,,,,,,,,,,1.0,,0.6,,,,,,,,,
GP1BB,0.7,,,0.52,0.0,,,,0.8,,,,0.9,,0.6,,,,0.8,,,0.3,
GP2,,,0.0,,0.5,0.7,0.5,,0.7,0.8,0.9,,,,0.8,,,,0.6,1.0,,,
GP5,0.9,,0.0,,0.88,,0.5,,0.7,,0.8,,,,0.7,0.75,,0.6,0.5,0.83,,,
GP6,,,0.0,,0.5,,0.8,0.4,0.7,,0.6,,,,0.75,,,0.8,0.7,0.95,,,
GP9,,,,,,,,,,,,1.0,,0.7,,,,,,,,,
GPA33,,,0.0,,0.63,,,,0.8,,0.9,,,,0.8,,,,0.5,,,,
GPAA1,,,0.0,,0.67,,0.5,0.6,0.7,,0.9,,,,0.9,,,,0.5,,,0.7,
GPALPP1,,,0.0,,0.61,,,,0.7,,0.8,,,,0.9,0.5,,,0.5,,,0.54,
GPAM,,,0.0,,,,0.8,,,,,,0.9,,0.75,,0.85,,0.6,,0.95,,0.5
GPANK1,,,0.0,,0.89,,,0.6,0.7,,0.8,,,,0.9,,,0.9,0.5,,,0.6,0.7
GPAT2,,,0.0,,,,0.5,0.3,,,,,0.76,,0.6,0.54,0.8,,,0.79,,,
GPAT3,,,0.0,,0.0,,,,0.7,,0.8,,,,0.6,0.65,,,0.5,0.9,,,
GPAT4,,,0.0,,0.0,,,0.4,0.7,,0.8,,,,0.7,,,,0.5,,,,
GPATCH1,,,0.8,,,,0.7,,0.5,,,,0.6,,0.7,0.7,,,,,,0.6,
GPATCH11,,,0.8,,0.7,,,,0.6,,0.9,,,,,,,,0.5,0.6,,,
GPATCH2,,,0.0,,,,0.8,0.6,0.7,,,,0.9,,0.6,0.6,0.5,,,0.7,,,
GPATCH2L,,,0.9,,0.6,,,0.6,0.7,,0.8,,,,0.9,,,,0.5,,,0.7,
GPATCH3,,,0.0,,0.86,,,,0.7,,0.9,,,,0.9,,,,0.5,,,0.6,
GPATCH4,,,0.0,,0.73,,,0.7,0.8,,,,,,,,,,0.5,,,0.6,
GPATCH8,,,,1.0,0.8,,,,0.6,,0.8,,,,0.9,0.8,,0.9,0.7,,0.7,,0.7
GPBAR1,,,0.0,,0.7,0.8,,,0.85,0.9,0.9,,,,,,,,0.5,0.91,,,0.6
GPBP1,,,,,,,,,,,,0.8,,,,,,,,,,,
GPBP1L1,,,0.22,,0.25,0.88,,0.8,0.7,,0.85,,,,0.8,,,,0.95,,,0.55,
GPC1,,,0.8,,,,,0.5,0.7,,,,0.9,,0.9,0.75,0.8,,,0.7,,,
GPC2,,,,,,,,,,,,0.85,,0.7,,,,,,,,,
GPC3,,,,,,,,,,,,,,,,,,,,,,,
GPC4,0.8,,,0.94,0.11,,,0.4,0.85,,,,0.9,,0.75,0.73,,,0.56,0.86,,,
GPC5,,,0.0,,0.73,,0.9,,0.75,,0.85,,,,0.9,,,,0.6,0.91,,,
GPC6,,,0.15,,0.26,,0.8,,0.75,,0.9,,,,0.85,0.76,,,0.85,0.89,,,
GPCPD1,,,0.3,,,,0.5,,,,,,0.8,,0.9,,,,,,0.4,,
GPD1,0.8,,0.9,,,,,0.5,,,,,0.7,,0.7,,,,,,0.95,,
GPD1L,,,0.04,,0.33,,0.8,,0.85,,0.95,,,,,0.8,,0.75,0.7,0.63,,,
GPD2,,1.0,0.0,,0.61,,0.9,0.4,0.6,0.5,0.7,,,,0.6,,,0.8,,,,0.7,
GPER1,,,,0.59,0.15,,,,0.85,0.8,0.9,,,,,0.85,,,0.75,0.68,,,
GPHA2,,,0.0,,0.7,,,0.7,0.9,,0.8,,,,0.8,,,,0.5,0.99,,,
GPHB5,,,0.0,,0.0,,,,0.7,,0.8,,,,0.7,0.75,,,0.5,0.99,,,
GPHN,,,,,,,,,,,,0.8,,0.6,,,,,,,,,
GPI,0.7,0.9,0.0,,0.55,,,,,,,,0.9,,0.8,,,,,,,0.7,
GPIHBP1,,,,,,,,,,,,1.0,,0.8,,,,,,,,,
GPKOW,,,,1.0,0.0,0.9,,0.5,0.6,,0.8,,,,0.7,,,,0.7,,,0.6,
GPLD1,,,0.0,,0.63,,0.9,,0.7,,0.8,,,,0.9,,,,0.5,0.96,,,
GPM6A,,,,1.0,,,0.8,0.6,0.7,,,,0.9,,0.75,,,,,,0.9,,
GPM6B,,,0.38,,0.22,,0.1,0.1,0.73,,0.86,,,,0.5,,,,0.53,0.87,,,
GPN1,,,0.0,,,,0.5,0.7,0.8,,,,0.9,,0.7,0.6,0.8,,,,,0.6,0.5
GPN2,,,0.8,,0.6,,,0.6,0.7,,,,0.9,,,,,,0.5,,,0.5,
GPN3,,,0.0,,0.64,,,0.8,0.6,,0.9,,,,0.7,,,,0.5,0.62,,,
GPNMB,,,,,,,,,,,,0.9,,0.6,,,,,,,,,
GPR101,,,,,,,,,,,,0.8,,0.7,,,,,,,,,
GPR107,,,0.22,,0.24,0.76,,0.5,0.5,,0.85,,,,0.6,,,,0.75,,,0.53,
GPR108,,,0.0,,0.76,0.7,,0.5,0.5,,0.9,,,,0.8,,,,0.5,,,0.6,
GPR119,0.8,,0.01,,0.57,,,,0.67,0.74,0.9,,,,,,,0.85,0.335,0.99,,,
GPR12,,,,,,,,,,,,,,,,,,,,,,,
GPR132,,,0.2,,0.5,,,,0.6,,0.8,,,,0.9,0.75,,,0.5,0.9,,,
GPR135,,,,,,,,,,,,,,,,,,,,,,,
GPR137,,,0.45,,0.22,,,,0.8,,1.0,,,,0.9,,,,0.83,,,,
GPR137B,,,0.0,,0.91,,,0.6,0.8,,0.9,,,,0.8,,,,0.7,,,,
GPR137C,,,0.35,,0.23,,,,0.75,,0.98,,,,0.9,,,,0.86,,,,
GPR139,,,,,,,,,,,,0.8,,0.6,,,,,,,,,
GPR141,,,0.0,,0.4,,,0.6,0.7,,0.8,,,,0.7,0.65,,0.9,0.5,1.0,,,
GPR142,,,,,,,,,,,,0.8,,0.6,,,,,,,,,
GPR143,,,,0.93,0.08,,0.5,,0.65,0.5,0.9,,,,0.7,,,,0.8,0.82,,,
GPR146,,,,,,,,,,,,1.0,,0.8,,,,,,,,,
GPR148,,,0.0,,0.5,,,,0.6,,0.8,,,,0.9,,,,0.7,,,,
GPR149,,,0.0,,0.74,,0.9,,0.7,,0.85,,,,0.9,,,,0.6,0.96,,,
GPR15,,,0.0,,1.0,,,,0.8,,0.9,,,,0.8,,,,0.5,,,,
GPR150,,,0.0,,0.76,,,,0.8,,0.9,,,,0.6,0.65,,,0.5,0.87,,,
GPR151,,,0.0,,0.92,0.78,,,0.6,,0.9,,,,0.8,0.75,,0.8,0.5,0.97,,,
GPR152,,,0.0,,0.75,,,,0.8,,0.9,,,,0.7,0.75,,0.9,0.5,,,,
GPR153,,,0.0,,0.74,,,,0.7,,0.9,,,,0.8,,,0.8,0.5,,,,
GPR155,,,,,,,,,,,,,,,,,,,,,,,
GPR156,,,0.0,,0.73,0.94,,0.69,0.5,,0.55,,,,0.8,,,,0.8,,,,
GPR157,,,0.0,,0.62,,,,0.8,,0.9,,,,0.7,0.75,,,0.5,0.93,,,
GPR158,,,,,,,,,,,,0.9,,0.7,,,,,,,,,
GPR160,,,0.0,,0.63,,0.1,,0.7,,0.9,,,,0.8,0.7,,0.8,0.5,0.93,,,
GPR161,,,0.0,,,,0.5,0.7,0.8,,,,0.9,,0.9,,0.75,,,,0.85,,
GPR162,,,0.9,,0.4,,,,0.5,,0.7,,,,0.8,,,0.9,0.6,,0.95,,
GPR17,,,0.0,,0.67,0.8,,,0.75,0.9,0.85,,,,0.9,0.8,,0.9,0.5,0.71,,,
GPR171,,,,,,,,,,,,0.9,,0.8,,,,,,,,,
GPR173,,,,0.88,0.0,,,0.1,0.9,,0.97,,,,0.75,0.82,,0.85,0.93,0.81,,,
GPR174,,,,,,,,,,,,0.8,,0.6,,,,,,,,,
GPR176,,,0.9,,0.4,,,,0.7,,0.8,,,,0.9,,0.85,0.8,0.6,0.93,,,
GPR179,0.7,,0.0,,0.68,,,,0.5,,,,,,,,,,0.8,,,0.0,
GPR18,,,,,,,,,,,,0.8,,0.9,,,,,,,,,
GPR180,,,0.0,,0.68,0.53,0.4,,0.6,,0.8,,,,0.8,,,,0.5,,,0.7,
GPR183,,,0.8,,,,0.7,0.8,0.75,0.9,0.85,,,,,,0.6,,,,0.95,,
GPR19,,,,,,,,,,,,1.0,,0.8,,,,,,,,,
GPR20,,,,,,,,,,,,,,,,,,,,,,,
GPR21,,,,,,,,,,,,,,,,,,,,,,,
GPR22,,,0.8,,0.6,,,,0.7,,0.9,,,,0.75,,,,0.5,,,,
GPR25,,,0.9,,,,0.8,,,,,,0.9,,0.8,,,,,,,,
GPR26,,,,,,,,,,,,,,,,,,,,,,,
GPR27,,,,,,,,,,,,,,,,,,,,,,,
GPR3,,,0.0,,0.79,,,0.6,0.75,0.8,0.9,,,,0.7,,,,0.5,0.85,,,
GPR31,,,0.8,,0.5,,,,0.8,,0.9,,,,0.9,0.85,,,0.6,0.95,,,
GPR32,,,0.0,,0.0,,,,0.7,,0.9,,,,0.8,0.75,,,0.8,1.0,,,
GPR32P1,0.4,,0.0,,,,,,,,,,,,,,0.8,,,,,,
GPR33,,,1.0,,1.0,,,,,,0.8,,,,0.7,,,0.9,0.5,1.0,,,
GPR34,,,,0.58,0.15,,,,0.5,0.1,0.8,,,,0.7,,,0.9,0.76,0.89,,,
GPR35,,,0.99,,,,0.85,0.65,0.7,0.75,0.8,,,,0.8,0.82,0.95,0.9,,0.86,,,
GPR37,,,0.0,,0.4,,,0.5,0.7,0.6,0.9,,,,,,,,0.8,,,,
GPR37L1,,,0.0,,0.94,0.75,,,0.6,0.5,0.8,,,,0.7,0.75,,0.9,0.5,0.86,,,
GPR39,,,0.0,,0.5,,,,0.75,0.8,0.9,,,,0.9,,,0.85,0.6,0.91,,,
GPR4,,,,,,,,,,,,0.8,,0.6,,,,,,,,,
GPR42,,,0.8,,0.6,,,,0.5,,0.6,,,,0.7,0.75,,0.9,0.5,0.95,,,
GPR45,,,0.11,,0.33,0.34,0.4,,0.9,,0.6,,,,0.8,0.65,,,0.74,0.88,,,
GPR50,,,,0.58,0.15,,,,0.8,,0.95,,,,0.7,,,,0.61,1.0,,,
GPR52,,,0.9,,0.7,,,0.8,0.7,0.8,0.9,,,,0.8,,,0.9,0.5,0.95,,,
GPR55,,,,,,,,,,,,,,,,,,,,,,,
GPR6,,,,,,,,,,,,,,,,,,,,,,,
GPR61,,,,,,,,,,,,0.9,,0.7,,,,,,,,,
GPR62,,,0.4,,0.3,,,,0.6,,0.7,,,,0.7,,0.9,0.8,0.5,0.95,,,
GPR63,,,0.3,,0.29,0.7,,,0.6,,0.8,,,,0.7,,,0.9,0.5,,,,
GPR65,,,,,,,,,,,,,,,,,,,,,,,
GPR68,,,,,,,,,,,,0.8,,0.6,,,,,,,,,
GPR75,,,0.0,,0.77,,,,0.7,0.5,0.9,,,,0.8,,,0.9,0.8,0.72,,,
GPR78,0.6,,0.0,,,,,,,,,,0.9,,0.9,,,,,,1.0,,0.5
GPR82,,,,,,,,,,,,,,,,,,,,,,,
GPR83,,,,,,,,,,,,,,,,,,,,,,,
GPR84,,,,,,,,,,,,,,,,,,,,,,,
GPR85,,,,,,,,,,,,,,,,,,,,,,,
GPR87,,,0.0,,0.89,,,,0.7,0.6,0.8,,,,0.9,,,,0.5,,,,
GPR88,,,,,,,,,,,,0.8,,0.6,,,,,,,,,
GPR89A,,,0.0,,0.5,,,,0.8,,0.9,,,,0.7,,,,0.7,,,0.6,
GPR89B,,,,,,,,,,,,0.8,,0.6,,,,,,,,,
GPRASP1,,,0.12,,0.25,0.36,,,0.8,,0.99,,,,,0.65,,0.9,0.75,,,,
GPRASP2,0.9,,,0.99,0.06,,,,0.75,,0.85,,,,0.8,,,,0.8,,,,
GPRC5A,,,0.0,,,,0.8,,,,,,0.9,,0.9,,0.85,,,,0.95,,
GPRC5B,,,,,,,,,,,,0.85,,,,,,,,,,,
GPRC5C,,,0.0,,0.5,,,0.7,0.6,,0.9,,,,0.6,0.5,,,0.7,0.81,,,
GPRC5D,,,0.0,,0.48,,,,0.8,,0.9,,,,0.7,,,,0.5,,,,
GPRC6A,,,0.0,,,,0.5,,0.8,0.8,0.9,,,,0.8,,0.7,,,1.0,,,
GPRIN1,,,,,,,,,,,,0.9,,,,,,,,,,,
GPRIN2,,,,,,,,,,,,0.8,,,,,,,,,,,
GPRIN3,,,0.0,,,,0.8,0.5,0.7,,,,0.9,,0.6,0.7,,,,,0.94,,
GPS1,,,,1.0,0.93,,,,0.6,,0.7,,,,0.8,,,0.8,0.8,,,0.7,
GPS2,,,0.19,,0.26,,,0.75,0.8,,0.7,,,,,,,,0.65,,,0.5,
GPSM1,,,,,,,,,,,,0.8,,0.6,,,,,,,,,
GPSM2,,,,,,,,,,,,0.9,,,,,,,,,,,
GPSM3,,,,,,,,,,,,0.9,,0.6,,,,,,,,,
GPT,,,0.0,,0.5,,,,0.7,,0.9,,,,0.8,,,,0.6,,,,
GPT2,0.8,,0.0,,0.39,,,0.6,0.85,,0.9,,,,0.9,,,,0.5,0.77,,,0.6
GPX1,,,0.0,,0.5,0.8,0.7,,0.8,,0.9,,,,0.8,,,,0.6,0.7,,,
GPX2,,,0.0,,0.93,,,,0.8,,0.9,,,,0.5,,,,0.5,0.97,,,
GPX3,,,0.04,,0.37,,,,0.9,,0.95,,,,0.8,,,,0.85,0.93,,,
GPX4,0.8,1.0,0.0,,,,0.9,,,,,,,,,,,,0.5,,0.8,,
GPX5,,,0.0,,0.59,,0.7,,0.6,,0.8,,,,0.8,,,0.9,0.5,1.0,,,0.7
GPX6,,,0.0,,0.96,,0.8,,0.6,,0.7,,,,0.9,,,0.9,0.5,1.0,,,
GPX7,0.6,,0.0,,,,0.5,0.7,0.8,,,,0.9,,0.8,,,,,0.7,,,
GPX8,,,0.23,,0.28,,,0.33,0.67,,0.87,,,,0.5,,,,0.42,,0.91,,
GRAMD1A,,,,,,,,,,,,1.0,,0.6,,,,,,,,,
GRAMD1B,,,,,,,,,,,,0.8,,0.7,,,,,,,,,
GRAMD1C,,,0.0,,,,0.8,,,,,,0.9,,0.85,,,,,,0.77,,
GRAMD2A,,,0.0,,0.0,,,,0.6,,0.8,,,,0.7,0.6,,,0.7,,,,
GRAMD2B,,,0.0,,0.0,,,0.6,0.7,,0.8,,,,0.7,,,0.5,0.5,,,,
GRAMD4,,,,1.0,0.95,,,,0.7,,0.9,,,,0.8,,,,0.6,,,0.5,
GRAP,0.8,,0.11,,0.4,,,,0.7,,0.9,,,,0.75,0.7,,,0.5,0.94,,,
GRAP2,,,0.0,,0.42,,,0.8,0.8,,0.9,,,,0.7,,,,0.5,0.94,,,
GRAPL,,,0.0,,0.0,,,0.3,0.5,,,,0.6,,0.5,,,0.7,0.5,,,,
GRB10,,,,,,,,,,,,0.8,,0.6,,,,,,,,,
GRB14,,,,,,,,,,,,0.8,,0.6,,,,,,,,,
GRB2,,1.0,,0.94,0.08,,0.4,0.7,0.6,,0.8,,,,,,,,,,,,
GRB7,,,,,,,,,,,,0.8,,0.6,,,,,,,,,
GREB1,,,0.0,,,,0.6,0.5,0.7,,,,0.8,,0.8,,,,0.4,1.0,,,0.5
GREB1L,0.8,,0.0,,,,,,,,,,0.6,,0.7,,0.7,,,,0.9,,
GREM1,,,,,,,,,,,,,,,,,,,,,,,
GREM2,0.5,,0.03,,0.48,,,0.68,0.73,,,,0.9,,0.8,,,,0.84,,0.87,,
GRHL1,,,0.21,,0.24,,0.1,,0.7,,0.8,,,,,,,,0.5,0.96,,,
GRHL2,,1.0,,1.0,0.89,,0.4,0.2,0.7,,0.9,,,,,,,,,0.93,,,
GRHL3,,1.0,,0.99,0.11,,0.4,0.3,0.7,,0.8,,,,,,,,,0.97,,,
GRHPR,0.8,,0.0,,0.76,,,,0.7,,0.9,,,,,,,,0.5,,,0.7,
GRIA1,,,,1.0,0.14,,,,0.7,0.9,0.85,,,,0.9,0.85,0.95,,0.8,0.88,,,
GRIA2,,,,,,,,,,,,,,,,,,,,,,,
GRIA3,0.8,,,1.0,0.94,,,0.75,0.85,0.9,0.9,,,,0.9,,,,0.85,0.88,,,0.8
GRIA4,,,0.0,,,,0.9,0.6,0.7,0.85,0.75,,,,0.9,,,,,0.94,,,
GRID1,,,,,,,,,,,,0.8,,0.6,,,,,,,,,
GRID2IP,,,0.27,,0.23,,,,0.6,,0.9,,,,0.8,,,,0.8,0.97,,,
GRIFIN,,,0.0,,0.0,,,,,,,,,,,0.4,,,0.5,,,0.2,
GRIK1,,,0.0,,,,0.8,0.2,0.6,0.9,0.7,,,,0.8,0.7,0.9,,,0.9,,,
GRIK2,,,,1.0,0.1,0.8,0.5,0.6,0.7,0.9,0.8,,,,0.8,,0.9,,0.6,,,,
GRIK3,,,,1.0,0.09,,0.7,0.5,0.8,0.6,0.9,,,,0.8,,,,0.8,0.94,,,
GRIK4,,,,,,,,,,,,0.85,,0.7,,,,,,,,,
GRIK5,,,,,,,,,,,,,,,,,,,,,,,
GRIN1,,,,,,,,,,,,,,,,,,,,,,,
GRIN2A,,,,1.0,0.92,,0.8,0.6,0.7,0.7,0.6,,,,,,,,0.8,,,,
GRIN2B,,1.0,,1.0,0.0,,0.8,0.4,0.5,0.7,0.6,,,,,,,,,0.9,,,
GRIN2C,0.9,,0.0,,0.5,,,0.2,0.75,0.9,0.85,,,,0.8,,,,0.8,1.0,,,
GRIN2D,0.9,,,1.0,0.05,,,0.6,0.75,0.85,0.7,,,,0.9,,,,0.8,0.88,,,
GRIN3A,,,,0.52,0.22,,0.5,,0.8,0.85,0.9,,,,0.8,,,,0.75,0.91,,,
GRIN3B,,,0.0,,0.64,,0.5,,0.75,0.85,0.9,,,,0.9,,,,0.5,0.83,,,
GRINA,,,0.4,,0.22,0.22,0.6,,0.5,,0.7,,,,0.6,0.6,,,0.5,,,0.5,
GRIP1,,,,,,,,,,,,0.9,,,,,,,,,,,
GRIP2,,,1.0,,,,,,0.8,,,,,,0.9,,,0.75,,,,0.7,
GRIPAP1,,,,1.0,0.95,,,,0.8,,0.9,,,,0.8,0.85,,,0.7,,,0.6,
GRK1,0.8,,0.0,,,,,0.6,0.7,,,,0.9,,0.7,0.7,0.8,,,,1.0,,
GRK2,,,,,,,,,,,,,,,,,,,,,,,
GRK3,,,,,,,,,,,,0.9,,0.6,,,,,,,,,
GRK4,,,0.0,,0.81,,,,0.75,0.1,0.9,,,,0.6,,,0.8,0.5,0.99,,,
GRK5,,,,0.74,0.2,,0.8,0.3,0.75,0.5,0.9,,,,0.7,,,0.85,,0.79,,,
GRK6,,,0.0,,,,0.5,0.5,0.6,0.7,0.8,,,,0.7,,,0.9,,0.8,,,
GRK7,,,0.0,,0.77,,,,0.7,0.1,0.9,,,,0.6,,,,0.5,0.76,,,
GRM1,,,,,,,,,,,,0.9,,0.7,,,,,,,,,
GRM2,,,,,,,,,,,,0.8,,0.9,,,,,,,,,
GRM3,,,,0.81,0.19,,0.75,,0.85,0.95,0.9,,,,0.8,,,,0.79,0.89,,,
GRM4,,,,0.99,0.14,,0.75,,0.85,0.9,0.8,,,,0.8,,,,0.85,1.0,,,
GRM5,,,,,,,,,,,,0.9,,0.7,,,,,,,,,
GRM6,0.8,,0.0,,0.87,,,,0.8,0.9,0.7,,,,0.9,,0.9,,0.5,0.86,,,
GRM7,,,,,,,,,,,,0.8,,0.9,,,,,,,,,
GRM8,,,0.0,,0.43,,,,0.8,0.9,0.7,,,,0.85,,,,0.6,0.92,,,
GRN,,,0.8,,0.3,,0.9,0.6,0.7,,0.8,,,,0.9,,,,0.6,0.75,,,
GRP,0.75,,0.0,,,,0.8,0.6,0.7,,,,0.9,,0.8,0.7,0.85,,,,,,
GRPEL1,,,0.15,,0.3,,,0.8,0.87,,0.93,,,,0.75,0.7,,,0.54,,,0.47,
GRPEL2,,,0.0,,0.6,,,0.6,0.7,,0.9,,,,0.7,,,,0.5,,,,
GRPR,,,,,,,,,,,,,,,,,,,,,,,
GRSF1,,,0.0,,0.84,,,,0.85,,0.96,,,,0.7,0.65,,,0.48,,,0.48,
GRTP1,,,0.0,,,,0.8,0.6,0.7,,,,0.9,,0.7,0.7,,,,0.9,,,
GRWD1,,,0.0,,0.39,,,,0.8,,0.9,,,,0.6,0.65,,,0.5,,,0.57,
GRXCR1,0.7,,0.0,,0.5,0.8,,,0.5,,0.6,,,,0.8,,,,0.5,,1.0,,
GRXCR2,0.8,,0.0,,0.97,0.85,,,0.6,,0.7,,,,0.7,,,,0.5,1.0,,,
GSAP,,,0.0,,,,0.5,,,,,,0.9,,,0.75,0.9,,,,0.8,,
GSC,,1.0,0.28,,0.25,,0.6,0.5,0.7,,0.9,,,,0.8,,,,0.4,0.96,,,
GSC2,,,0.0,,,,0.5,,,,,,0.8,,,,,,,,1.0,,
GSDMA,,,0.0,,1.0,,0.7,,0.7,,0.8,,,,,,,,0.5,1.0,,,
GSDMB,,,0.0,,0.67,0.92,0.85,,0.8,,0.9,,,,,,,,0.75,0.71,,,
GSDMC,,,0.0,,0.86,,0.9,,0.7,,0.8,,,,,0.85,,,0.75,0.97,,,
GSDMD,,,0.0,,,,,,,,,,0.9,,,,,,,,0.77,,0.6
GSDME,0.8,,0.0,,0.0,,,0.6,0.7,,,,0.9,,,0.75,0.85,,0.5,0.96,,,
GSE1,,,,1.0,,,,,,,,,0.7,,0.9,,,,,,0.66,,
GSG1,,,0.0,,0.5,,0.1,0.6,0.7,,0.8,,,,0.8,,,,0.5,1.0,,,
GSG1L,,,,0.73,0.16,,,,0.7,,0.9,,,,0.8,0.75,,0.8,0.5,,,,
GSG1L2,,,1.0,,1.0,,,,,,0.8,,,,0.9,0.8,,,0.5,1.0,,,
GSK3A,,,,1.0,0.0,,,0.7,0.85,0.8,0.9,,,,,0.82,,0.9,,,,0.5,
GSK3B,,1.0,,0.96,0.14,,0.4,0.2,0.7,0.8,0.9,,,,,,,0.9,,,,0.5,
GSKIP,,,0.4,,0.2,,,,0.8,,0.9,,,,0.8,,,,0.5,,,0.6,0.7
GSN,0.8,0.9,0.0,,,,,,,,,,0.9,,0.75,,,,,,0.83,,
GSN-AS1,,,0.0,,0.0,,,,0.6,,,,,,,,,,0.5,,,0.2,
GSPT1,,,,,,,,,,,,,,0.7,,,,,,,,,
GSPT2,,,,1.0,1.0,,,0.8,0.7,,0.9,,,,0.8,,,,0.6,0.7,,,
GSR,0.8,,0.0,,0.6,,,,0.85,0.75,0.9,,,,0.7,,,,0.5,,,0.6,
GSS,,0.9,0.0,,0.52,,0.7,,0.7,,0.6,,,,0.8,,,,,,,0.6,0.5
GSTA1,,,0.0,,0.93,0.8,0.6,0.5,0.7,,0.9,,,,0.7,,,,0.5,0.96,,,
GSTA2,,,0.0,,0.5,,,0.5,0.6,,0.8,,,,0.7,,,,0.7,0.96,,,
GSTA3,,,0.0,,0.56,,,,0.7,,0.9,,,,0.7,0.75,,,0.5,0.97,,,
GSTA4,0.8,,0.01,,0.43,0.32,,,0.8,,0.9,,,,0.7,0.75,,,0.5,,,,
GSTA5,,,0.0,,0.7,,0.6,,0.8,,0.9,,,,,,,,0.5,,,,
GSTCD,,,0.0,,0.55,,0.8,,0.7,,0.9,,,,0.9,,,,0.7,0.65,,,
GSTK1,,,0.0,,0.81,,,0.6,0.8,,0.9,,,,0.8,,,,0.5,0.62,,,
GSTM1,,,0.0,,0.52,,0.5,,0.7,,0.8,,,,0.6,,,,0.5,,,,
GSTM2,,,0.0,,0.84,,,0.6,0.8,,0.9,,,,0.7,0.75,,,0.5,0.8,,,
GSTM3,,,0.0,,0.78,,,0.7,0.85,,0.9,,,,0.7,,,,0.5,,,,
GSTM4,,,0.0,,0.5,,,,0.6,,0.8,,,,0.7,,,,0.7,,,0.7,
GSTM5,,,0.0,,0.92,,,0.5,0.93,,0.76,,,,,0.85,,,0.5,,,,
GSTO1,,,,,,,,,,,,,,,,,,,,,,,
GSTO2,,,0.0,,0.5,,,0.4,0.9,,0.8,,,,0.7,0.7,,,0.6,,,,
GSTP1,,,0.07,,0.33,,0.5,0.2,0.75,0.5,0.9,,,,,,,,0.84,,,,
GSTT1,,,0.0,,0.73,,0.8,0.7,0.9,,,,,,,,,,0.6,,,0.2,0.5
GSTT2,,,0.9,,,,0.6,,0.8,,,,,,,,,,,,,,
GSTT2B,,,,,,,,,,,,,,,,,,,,,,,
GSTZ1,0.7,,0.0,,0.5,,,,0.9,,,,0.8,,0.6,,,,0.6,,0.9,,
GSX1,,0.9,0.2,,,,,,,,,,0.8,,,,,,0.5,,,,
GSX2,0.5,1.0,0.25,,,,,,,,,,0.92,,,,,,,,,,
GTDC1,,,,,,,,,,,,,,,,,,,,,,,
GTF2A1,,,,,,,,,,,,,,,,,,,,,,,
GTF2A1L,,,0.0,,0.89,,,,0.7,,0.8,,,,,0.6,,,0.4,0.95,,,0.6
GTF2A2,,,,,,,,,,,,,,,,,,,,,,,
GTF2B,,,0.0,,0.54,,0.4,0.6,0.7,,0.8,,,,0.7,0.6,,,0.5,,,0.5,
GTF2E1,,,,0.88,0.13,,,,0.64,,0.76,,,,0.75,,,,0.87,,,0.56,
GTF2E2,0.5,,0.04,,0.31,,,0.7,0.6,,0.85,,,,0.7,,,0.8,0.75,0.66,,,
GTF2F1,,,0.0,,0.4,,,0.3,0.8,,0.9,,,,0.7,,,,0.7,,,0.6,
GTF2F2,,,0.0,,0.48,,,,0.8,,0.9,,,,0.7,0.65,,,0.5,,,0.5,
GTF2H1,,,,0.95,,,0.7,,0.8,,,,0.9,,0.75,,,,,,,,
GTF2H2,,,0.08,,0.46,,,,0.8,,0.9,,,,0.6,,,,0.5,0.72,,,
GTF2H2C_2,,,0.0,,,,,0.5,,,,,0.76,,,,0.8,,0.5,,,,
GTF2H3,,,0.0,,0.67,,,0.5,0.9,,0.78,,,,0.8,,,,0.5,,,0.56,
GTF2H4,,,0.0,,,,0.5,0.7,0.8,,,,0.9,,0.7,0.7,,,,,,0.6,
GTF2H5,0.8,,0.2,,,,,0.6,,,,,0.9,,0.7,,,,,,,,
GTF2I,,1.0,,1.0,0.09,,0.6,,0.7,,0.8,,,,0.8,,,,,,,0.5,
GTF2IRD1,0.9,1.0,,0.9,0.19,,0.8,,0.6,,0.7,,,,0.8,,,,,0.77,,,
GTF2IRD2,,,0.0,,0.0,,,,0.6,,0.8,,,,0.7,,,,0.5,,,,0.5
GTF2IRD2B,0.4,,1.0,,1.0,,,0.6,0.7,,0.9,,,,0.8,,0.5,,0.8,0.76,,,
GTF3A,,,0.0,,0.5,,,,0.7,,0.9,,,,0.9,,,0.8,0.6,,,0.7,
GTF3C1,,1.0,,1.0,0.89,,,,0.85,,,,0.9,,0.8,,,,0.7,,,0.6,
GTF3C2,,,,0.99,0.17,,,0.78,0.92,,0.85,,,,0.7,0.82,,,0.75,0.64,,,
GTF3C3,,,0.0,,0.37,,,0.6,0.7,,0.9,,,,0.8,,,,0.8,0.6,,,
GTF3C4,,,,0.67,0.2,,,0.8,0.75,,0.95,,,,0.7,,,,0.82,0.65,,,
GTF3C5,,,0.0,,0.6,,,,0.7,,0.9,,,,0.7,0.6,,,0.5,0.6,,,
GTF3C6,,,0.0,,0.64,,,,0.8,,0.9,,,,0.6,,,,0.5,,,,
GTPBP1,,,,0.9,,,0.7,,,,,,0.8,,0.6,,,,,,0.75,,
GTPBP10,,,0.0,,0.4,,,0.2,0.8,,0.9,,,,0.7,,,0.7,0.8,,,0.5,
GTPBP2,0.7,,0.4,,,,,,,,,,0.9,,0.8,,0.5,,,,0.6,,
GTPBP3,0.7,,0.0,,0.8,,,,0.8,,0.9,,,,0.7,,,,0.5,,,0.6,0.5
GTPBP4,,,,1.0,0.0,,,,0.85,,0.9,,,,0.8,,,,0.8,,,,
GTPBP6,,,1.0,,1.0,,,,0.8,,,,,,0.7,,,0.9,0.5,,,1.0,
GTPBP8,,,0.0,,0.9,,,0.3,0.7,,0.58,,,,0.9,,,0.6,0.5,,,0.57,
GTSCR1,,,0.0,,0.0,,,,0.5,,,,,,,,,,0.5,,,0.8,
GTSE1,,,,,,,,,,,,0.8,,,,,,,,,,,
GTSF1,,,0.03,,0.36,,,0.14,0.14,,0.7,,,,0.9,0.65,,0.8,0.167,1.0,,,
GTSF1L,,,0.0,,0.93,,,,0.7,,0.8,,,,,,,,0.5,,,,
GUCA1A,0.8,,0.0,,,,,,,,,,0.9,,,,,,,,0.95,,
GUCA1B,0.9,,0.0,,0.66,,,,0.6,,,,0.9,,0.7,,0.8,,0.5,0.7,,,
GUCA1C,,,0.0,,0.7,,,,0.6,,0.8,,,,,0.75,,0.8,0.5,1.0,,,
GUCA2A,,,,,,,,,,,,,,,,,,,,,,,
GUCA2B,,,0.41,,0.2,0.69,,,0.8,,0.97,,,,,0.76,,,0.11,1.0,,,
GUCD1,,,0.24,,0.26,,,,0.8,,0.9,,,,0.8,0.65,,,0.5,,,0.59,
GUCY1A1,0.5,,0.0,,0.0,,,0.4,0.6,,0.8,,,,0.7,0.5,,,0.7,0.9,,,
GUCY1A2,,,0.28,,0.24,,,0.4,0.73,0.83,0.91,,,,0.6,,0.75,,0.73,,,,
GUCY1B1,,,1.0,,1.0,,,0.7,0.8,,0.9,,,,0.8,,,,0.8,,,,0.5
GUCY1B2,,,1.0,,1.0,,,,0.7,0.8,,,,,,,,,0.5,,,0.2,
GUCY2C,0.9,,0.0,,0.86,,,,0.7,0.8,0.9,,,,0.9,,,0.85,0.7,1.0,,,
GUCY2D,,,,,,,,,,,,0.8,,0.6,,,,,,,,,
GUCY2F,0.8,,0.0,,0.7,,,,0.7,0.6,0.9,,,,0.7,,,0.9,0.8,1.0,,,
GUF1,0.8,,0.0,,,,,,,,,,0.9,,0.8,0.7,,,,,,,0.6
GUK1,,,0.0,,0.8,,,0.2,0.8,,0.9,,,,0.8,,,,0.5,,,,
GULP1,,,,0.71,0.17,,,,0.73,,0.93,,,,0.75,0.8,,,0.76,,,,
GUSB,,,,,,,,,,,,0.8,,0.5,,,,,,,,,
GUSBP1,,,0.0,,0.0,,,,0.8,,,,,,,,,0.7,0.5,,,0.9,
GUSBP11,,,1.0,,1.0,,,,0.8,,,,,,,,,,0.5,,,0.2,
GVINP1,,,0.0,,0.0,,,,0.6,,,,,,,,,,0.5,,,0.4,
GVQW3,,,0.0,,0.0,,,,0.4,,0.6,,,,,0.3,,,0.5,,,0.3,
GXYLT1,,,0.44,,0.22,,0.1,0.5,0.67,,0.62,,,,0.75,,,,0.88,0.65,,,
GXYLT2,,,0.0,,,,0.5,0.6,0.8,,,,0.9,,0.7,,0.7,,,,0.84,,
GYG1,,,,,,,,,,,,0.8,,0.5,,,,,,,,,
GYG2,,,0.0,,0.5,,,0.7,0.8,,0.9,,,,0.6,0.65,,,0.8,0.95,,,
GYPA,,,,,,,,,,,,1.0,,0.7,,,,,,,,,
GYPB,0.7,,0.0,,0.5,,,0.75,0.6,,0.85,,,,0.9,,,,0.8,,1.0,,
GYPC,,,,,,,,,,,,0.8,,,,,,,,,,,
GYPE,,,0.0,,0.72,,,,0.7,,,,,,0.8,0.65,0.6,,0.1,,,,
GYS1,0.8,1.0,0.0,,0.34,,,0.2,0.7,,,,0.9,,0.6,,,,,0.8,,,
GYS2,0.8,,0.0,,0.84,,,0.2,0.7,,,,0.9,,0.6,,,,0.5,,,,
GZF1,0.7,,0.9,,,,,,,,,,0.8,,,,0.8,,,,,,
GZMA,,,,,,,,,,,,1.0,,0.6,,,,,,,,,
GZMB,,,0.0,,0.7,,0.8,,0.7,0.6,0.9,,,,0.8,,,,0.5,,,,
GZMH,,,0.0,,0.5,0.8,,,0.6,,0.9,,,,0.75,,,,0.7,1.0,,,
GZMK,,,,,,,,,,,,0.9,,0.7,,,,,,,,,
GZMM,,,0.01,,0.53,,0.1,,0.7,,0.85,,,,0.8,0.78,,0.9,0.75,1.0,,,
H6PD,,,,,,,,,,,,0.8,,,,,,,,,,,
HAAO,,,0.0,,0.76,,0.8,,0.7,,0.9,,,,0.6,,,,0.5,0.92,,,
HABP2,,,0.0,,0.87,,0.8,,0.8,,0.9,,,,0.8,,,,0.5,1.0,,,
HABP4,,,,,,,,,,,,,,,,,,,,,,,
HACD1,,,,,,,,,,,,0.8,,,,,,,,,,,
HACD2,,,1.0,,1.0,,,,0.7,,0.9,,,,0.8,,,,0.8,,,0.6,
HACD3,,,0.0,,,,,,,,,,0.9,,0.7,0.7,,,,,,,
HACD4,,,0.0,,,,,,,,,,0.9,,0.8,,,,,,,,
HACE1,,,0.0,,0.32,,0.9,,0.75,,0.85,,,,,0.75,,,0.8,,,0.6,
HACL1,,,0.0,,0.72,,,0.5,0.85,,0.9,,,,0.8,,,,0.6,,,,
HADH,0.8,,0.0,,0.56,,,,0.7,,0.9,,,,0.75,,,,0.5,,,,
HADHA,0.8,1.0,0.0,,,,,0.6,,,,,0.9,,0.8,,0.9,,,,,0.5,
HADHB,0.8,,0.0,,0.71,,,0.6,0.7,,0.9,,,,0.7,,,,0.5,,,0.6,
HAGH,,,0.0,,0.53,,,,0.8,,,,0.9,,0.7,,,,0.5,,,,
HAGHL,,,0.0,,0.9,,,,0.7,,0.9,,,,0.6,,,,0.5,,,,
HAL,,,0.0,,,,0.8,0.6,0.85,,0.9,,,,0.75,,,,,0.95,,,
HAMP,0.8,,0.01,,0.9,,,,0.7,,,,0.9,,0.85,,,,0.84,1.0,,,
HAND1,,,0.11,,0.39,,0.7,,0.8,,0.9,,,,,,,,0.5,1.0,,,
HAND2,,1.0,0.39,,0.21,,0.6,0.5,0.7,,0.8,,,,0.8,,,,0.5,0.93,,,
HAO1,,,,,,,,,,,,,,,,,,,,,,,
HAO2,,,0.0,,0.82,,0.1,0.7,0.8,,0.9,,,,0.5,,0.7,,0.5,,,,0.6
HAP1,,1.0,0.0,,0.8,,0.5,,0.6,,0.7,,,,,,,,,0.9,,,
HAPLN1,,0.8,,0.62,0.19,,0.1,,0.7,,0.9,,,,0.7,,,,,,,,
HAPLN2,,,0.0,,0.73,,,,0.8,,0.9,,,,0.8,,,,0.5,1.0,,,
HAPLN3,,,0.0,,0.75,,,0.5,0.7,,0.9,,,,0.7,,,,0.6,0.94,,,
HAPLN4,,,0.05,,0.32,,,,0.7,,0.9,,,,0.7,0.75,,,0.8,,,,
HARBI1,,,0.0,,0.58,,,0.2,0.8,,0.9,,,,0.8,,,,0.5,0.94,,,
HARS2,0.7,,0.8,,,,,0.5,,,,,0.85,,0.6,,,,,,,,0.4
HAS1,,,0.0,,,,0.8,,,,,,0.9,,,,0.9,,,,,,
HAS2,,1.0,,0.99,0.08,,0.1,,0.85,,0.9,,,,0.7,,,,,0.99,,,
HAS3,,,,0.85,0.17,,,0.2,0.7,,0.9,,,,0.85,,,,0.75,,,,0.8
HASPIN,,,0.0,,,,,0.8,0.6,,,,0.9,,0.8,0.75,0.85,,,,0.99,,
HAT1,0.7,,,0.82,0.17,,0.4,0.5,0.7,,0.6,,,,,,,,,0.63,,,
HAUS1,,,0.0,,0.85,,,0.73,0.67,,0.79,,,,0.6,0.75,,,0.78,0.71,,,
HAUS2,,,0.0,,0.87,,,,0.8,,0.9,,,,0.7,,,,0.5,,,0.6,
HAUS3,,,0.0,,0.72,,,,0.8,,0.9,,,,0.5,,,,0.6,,,,0.7
HAUS4,,,0.02,,0.32,,,,0.75,,0.91,,,,0.8,0.7,,,0.73,0.62,,,
HAUS5,,,0.0,,0.5,,,,0.75,,0.9,,,,0.6,0.7,,,0.8,,,,
HAUS6,,,0.0,,,,0.5,,,,,,0.7,,0.8,,,,,,0.65,,
HAUS7,,,,,,,,,,,,0.8,,,,,,,,,,,
HAUS8,,,0.0,,0.65,,,0.1,0.7,,0.8,,,,0.5,,,0.6,0.5,,,,
HAVCR1,0.85,,0.0,,,,,,,,,,0.9,,,,,,,,,,
HAVCR2,,,0.16,,0.29,0.9,0.4,0.7,0.6,,0.8,,,,,0.75,,,0.75,,,,
HAX1,,,0.0,,0.85,,0.8,0.7,0.6,,0.7,,,,0.7,,0.8,,0.5,,,0.6,
HBA2,,,0.0,,0.8,,0.6,0.4,0.7,0.5,0.9,,,,0.8,,,,0.5,,,,
HBB,,,0.0,,0.8,0.6,0.9,0.4,0.6,0.7,0.75,,,,0.9,,,,0.5,1.0,,,
HBD,,,0.0,,0.8,,0.6,,0.7,,0.8,,,,,0.7,,,0.7,1.0,,,
HBE1,,,,,,,,,,,,,,,,,,,,,,,
HBEGF,,,,,,,,,,,,,,,,,,,,,,,
HBG1,,,,,,,,,,,,,,,,,,,,,,,
HBG2,,,,,,,,,,,,,,,,,,,,,,,
HBM,0.9,,0.9,,,,0.8,0.7,0.75,,,,0.85,,,0.8,0.8,,,,1.0,,
HBP1,,,0.8,,,,,,,,,,0.9,,0.6,,,,0.5,,,,
HBQ1,,,0.0,,0.5,,,,0.6,,0.8,,,,0.5,,,,0.2,1.0,,,
HBS1L,,,0.0,,,,0.9,0.5,0.7,,,,0.8,,0.7,0.7,0.9,,,,,0.6,
HBZ,,1.0,0.02,,,,0.6,0.4,0.5,,0.8,,,,,0.5,,,0.5,1.0,,,
HCAR1,,,,,,,,,,,,0.8,,0.6,,,,,,,,,
HCAR2,,,,,,,,,,,,,,,,,,,,,,,
HCAR3,,,0.0,,0.5,,,,0.8,,0.9,,,,0.7,0.7,,,0.6,1.0,,,
HCCS,0.8,,,0.9,0.09,,,0.6,0.75,,,,0.9,,0.7,,,,0.67,,,0.5,
HCFC1,,,,1.0,0.0,,0.7,0.6,0.85,,0.9,,,,,,0.8,,0.8,,,0.75,
HCFC1R1,,,0.0,,0.89,,,0.4,0.6,,0.9,,,,,0.6,,,0.5,0.65,,,
HCFC2,,,,1.0,0.8,,,0.7,0.8,,0.9,,,,0.8,0.7,,0.6,0.7,0.7,,,
HCG22,,,1.0,,1.0,,,,0.7,,,,,,,,,,0.8,,,0.9,
HCK,,,0.8,,,,,,0.85,0.9,0.9,,,,0.85,0.88,,,,,0.99,,
HCLS1,,,0.0,,0.48,,,0.4,0.8,,0.9,,,,0.7,,,,0.5,0.96,,,
HCN1,,,,1.0,0.94,0.85,,,0.75,0.6,0.9,,,,0.8,,0.9,,,,,,
HCN2,0.7,,,0.84,0.17,,,,0.75,0.8,0.9,,,,0.9,,0.85,,0.5,0.87,,,
HCN3,,,,,,,,,,,,0.8,,0.6,,,,,,,,,
HCN4,,1.0,,1.0,0.94,,0.8,,0.6,0.8,0.7,,,,0.8,,0.9,,,1.0,,,
HCP5,,,0.0,,0.0,,,,0.8,,,,,,,,,,0.5,,,0.2,
HCRT,,,,,,,,,,,,,,,,,,,,,,,
HCRTR1,,,0.0,,0.5,,0.9,,0.8,0.95,0.9,,,,0.9,0.85,,0.9,0.85,,0.87,,
HCRTR2,,,,,,,,,,,,0.8,,0.6,,,,,,,,,
HCST,0.9,,0.0,,0.89,,,0.2,0.8,,0.9,,,,0.8,,,,0.1,0.97,,,
HDAC1,,,,0.54,0.21,,,,,,,,,,,,,,,,,,
HDAC10,,,0.0,,0.5,0.4,,0.6,0.7,0.8,0.9,,,,,,,,0.6,,,0.7,
HDAC11,,,0.9,,,,0.8,0.6,0.7,0.7,0.6,,,,0.8,,,,,0.8,,,
HDAC2,,1.0,,1.0,0.0,,,0.5,0.7,0.8,0.6,,,,,,,,0.7,,,0.6,0.5
HDAC3,,1.0,,0.9,0.17,,,0.6,0.93,0.96,0.99,,,,,,,,0.428,,,0.6,
HDAC4,,,,,,,,,,,,,,,,,,,,,,,
HDAC5,,,,,,,,,,,,,,,,,,,,,,,
HDAC6,,,,1.0,0.0,0.95,,0.7,0.75,0.9,0.85,,,,,,0.9,,0.6,0.65,,,
HDAC7,,,,,,,,,,,,,,,,,,,,,,,
HDAC8,,,,,,,,,,,,,,,,,,,,,,,
HDAC9,,,,1.0,0.87,0.9,0.8,,0.65,0.7,0.6,,,,0.8,,,,,0.73,,,
HDC,0.7,,0.9,,,,,,,,,,0.8,,0.6,,0.8,,,,0.9,,
HDDC2,,,0.0,,0.69,0.75,,,0.6,,0.9,,,,0.7,,,,0.5,,,0.5,
HDDC3,,,,,,,,,,,,,,,,,,,,,,,
HDGF,,,0.4,,,,0.6,,,,,,0.8,,,,,,,,,0.5,
HDGFL1,,,0.25,,0.27,,0.5,,0.6,,0.8,,,,,0.6,,,0.5,1.0,,,
HDGFL2,,,,,,,,,,,,,,0.7,,,,,,,,,
HDGFL3,,,,,,,,,,,,,,,,,,,,,,,
HDHD2,,,0.0,,,,0.5,0.6,0.7,,0.8,,,,0.9,,,,,,,0.7,
HDHD3,,,0.0,,0.69,,,0.1,0.7,,0.8,,,,0.7,,,,0.5,,,,
HDHD5,,,1.0,,1.0,,,,0.8,,0.9,,,,0.8,0.75,,,0.8,,,0.7,
HDLBP,,,,1.0,0.93,,0.6,,0.8,,0.9,,,,0.75,,,,0.7,0.64,,,
HDX,,,0.8,,0.4,,,,0.7,,0.9,,,,0.75,,,0.8,0.5,0.7,,,
HEATR1,,,,1.0,0.92,,,0.5,0.6,,0.75,,,,0.6,0.75,,0.9,0.85,0.73,,,
HEATR3,,,0.0,,,,0.8,0.85,,,,,0.9,,0.9,0.7,0.75,,,,,,
HEATR4,,,0.0,,,,0.8,,,,,,0.7,,,,,,0.5,,0.95,,
HEATR5A,,,0.06,,0.58,,,,0.6,,0.7,,,,0.9,,,,0.8,,,,
HEATR5B,,,0.0,,0.5,,,,0.8,,0.9,,,,0.5,,,,0.8,,,0.6,
HEATR6,,,0.0,,0.68,,,,0.6,,0.9,,,,0.75,0.75,,,0.7,,,,
HEATR9,,,0.0,,0.0,,,,0.6,,0.8,,,,,,,0.7,0.5,,,0.4,
HEBP1,,,0.0,,0.92,,,0.2,0.6,0.5,0.8,,,,0.8,,,,0.5,0.65,,,
HEBP2,,,0.0,,0.83,,,,0.7,,0.9,,,,0.8,0.65,,,0.5,,,,
HECA,,,,0.66,0.18,,,,0.8,,0.53,,,,0.9,,,,0.75,,,,
HECTD1,,1.0,,1.0,0.1,,,,0.7,,0.9,,,,0.7,,,,0.8,,,,
HECTD2,,,,1.0,0.87,,,,0.8,,0.9,,,,0.7,,,,0.8,,,,
HECTD3,,,0.04,,0.26,0.1,,0.1,0.8,,0.88,,,,0.7,,,,0.8,,,0.6,
HECTD4,,,,1.0,0.8,,0.9,,0.7,,,,,,,,,,0.5,0.73,,,
HECW1,,,,1.0,0.15,,,0.2,0.75,,0.9,,,,0.8,,,0.7,0.8,,,,
HECW2,0.9,,,1.0,0.16,,,,0.6,,,,0.7,,0.7,,,0.85,0.8,,,,
HEG1,,,,,,,,,,,,0.8,,0.6,,,,,,,,,
HELB,,,0.0,,,,0.8,,,,,,0.9,,0.6,0.75,0.9,,,,0.85,,
HELLS,0.8,1.0,,1.0,0.13,,,0.5,0.7,,,,0.9,,,,,,0.6,,0.96,,
HELQ,,,0.0,,0.55,,0.7,,0.5,,0.6,,,,0.7,,,,0.8,,0.65,,
HELT,,0.9,0.7,,,,,,,,,,0.8,,,,,,0.5,,0.95,,
HELZ,,,,1.0,0.01,,,,0.8,,0.9,,,,0.7,0.7,,,0.8,,,0.6,
HELZ2,,,0.0,,,,0.5,,,,,,0.9,,0.6,0.65,,,,,0.7,,
HEMGN,0.85,,0.0,,,,0.8,,,,,,0.9,,,0.75,,,,,1.0,,
HEMK1,,,0.0,,0.68,,,,0.8,,0.9,,,,,,0.8,,0.5,0.73,,,
HENMT1,,,,,,,,,,,,0.9,,0.7,,,,,,,,,
HEPACAM,,,,0.82,0.14,,0.5,,0.7,,0.9,,,,0.6,,,,0.416,0.88,,,
HEPACAM2,,,0.0,,0.84,,,0.75,0.6,,0.8,,,,0.5,,,,0.7,,,,
HEPH,0.9,,0.0,,0.34,,,,0.7,,0.9,,,,0.8,,0.85,,0.8,,,,
HEPHL1,0.8,,0.0,,0.94,,,,0.6,,0.7,,,,0.7,,0.9,,0.5,0.94,,,
HEPN1,,,0.0,,,,,,,,,,0.7,,,,,,,,,,
HERC1,,,,,,,,,,,,0.8,,0.6,,,,,,,,,
HERC2,,,,,,,,,,,,0.8,,,,,,,,,,,
HERC2P3,,,0.0,,,,,,0.5,,,,,,,0.5,,,,,,0.6,
HERC3,,,0.07,,0.25,,,0.4,0.75,,0.95,,,,0.7,,,,0.85,,,0.6,0.6
HERC4,,,,1.0,0.13,,0.5,,0.8,,0.9,,,,0.7,,,,0.7,,,0.6,
HERC5,,,0.0,,0.47,,,,0.85,,0.9,,,,0.7,,,,0.6,0.95,,,
HERC6,,,0.0,,,,0.5,0.3,,,,,0.9,,0.6,0.5,0.7,,,0.65,,,
HERPUD1,,,,1.0,0.05,,0.75,0.2,0.8,,0.9,,,,,,,0.85,,,,,
HERPUD2,,,,,,,,,,,,0.85,,,,,,,,,,,
HES1,,1.0,,0.69,0.12,,,,0.6,,0.8,,,,0.7,0.75,,,0.5,,0.83,,
HES2,,,0.0,,0.85,,,,0.8,,0.9,,,,,,,,0.5,,,,
HES3,,,0.29,,0.26,,,,0.6,,,,0.8,,,,,,0.5,1.0,,,
HES4,,,0.0,,0.2,,,0.6,0.7,,0.8,,,,0.6,,,,0.5,,,,
HES5,,,0.24,,0.31,,,,0.8,,0.9,,,,0.6,,,,0.5,,,,
HES6,,,0.09,,0.45,,,,0.8,,0.9,,,,,0.7,,,0.5,0.84,,,
HES7,,1.0,,0.82,0.0,,0.5,,0.7,,0.9,,,,,,,,,0.89,,,
HESX1,0.9,1.0,0.0,,0.62,,,0.5,0.75,,,,0.85,,,,,,0.6,,0.75,,
HEXA,1.0,,0.0,,0.69,,,0.6,0.8,,,,0.9,,0.8,,0.9,,0.5,,0.64,,
HEXA-AS1,,,,,,,,,,,,,,,,,,,,,,,
HEXB,0.8,,0.0,,0.61,,,0.6,0.7,,0.9,,,,0.8,0.7,,,0.5,0.7,,,
HEXIM1,,1.0,,1.0,1.0,,,0.6,0.7,,0.9,,,,0.6,,,,0.8,,,0.8,
HEXIM2,,,0.13,,0.31,,,0.85,0.8,,0.99,,,,0.75,,,,0.57,0.77,,,
HEY1,,,0.8,,0.35,0.6,,,0.65,,0.7,,,,,,,0.9,0.5,0.76,,,
HEY2,,1.0,,0.9,0.08,,0.6,0.5,0.65,,0.8,,,,,,,,0.5,1.0,,,0.4
HEYL,,,0.0,,,,0.5,0.6,0.8,,,,0.9,,0.8,0.7,0.7,,,,0.92,,
HFE,,,0.0,,0.75,,0.76,0.9,0.7,,0.8,,,,0.8,,,,0.5,0.77,,,
HFM1,0.8,,0.0,,,,,,,,,,0.9,,0.6,,,,,,,,
HGD,0.8,,0.0,,,,,,,,,,0.9,,,,0.8,,0.5,,0.9,,
HGF,,,,,,,,,,,,0.7,,0.5,,,,,,,,,
HGFAC,,,0.0,,,,0.9,0.6,0.7,,,,0.8,,0.8,0.75,0.9,,,1.0,,,
HGH1,,,0.9,,0.95,,,,0.6,,0.8,,,,0.7,,,0.8,0.7,,,0.7,
HGS,,0.8,0.9,,,,,0.5,,,,,0.9,,0.7,0.75,,,0.6,,,0.7,
HGSNAT,0.8,,0.0,,0.5,,,,0.75,,,,0.9,,0.8,0.7,,,0.5,0.68,,,
HHAT,,,,,,,,,,,,0.8,,0.6,,,,,,,,,
HHATL,,,0.0,,0.57,,,,0.8,,0.9,,,,,0.75,,,0.7,0.96,,,
HHEX,,1.0,,0.55,0.18,,0.9,,0.7,,0.8,,,,0.6,,,,0.5,0.99,,,
HHIP,,,,,,,,,,,,0.8,,0.6,,,,,,,,,
HHIPL1,,,0.0,,0.55,,0.8,0.6,0.7,,0.9,,,,0.9,,,,0.5,,,,
HHIPL2,,,0.0,,0.5,,,,0.6,,0.8,,,,0.8,0.7,,,0.7,,,,
HHLA1,,,0.0,,0.0,,,,0.7,,0.9,,,,0.9,0.7,,,0.8,,,,
HHLA2,,,0.0,,0.62,,,,0.6,,0.9,,,,0.8,0.75,,,0.8,,,,
HIBADH,,,0.9,,0.6,,,0.6,0.7,,0.8,,,,0.8,,,,0.5,,,0.7,
HIBCH,,,0.0,,0.83,,0.5,0.6,0.8,,0.9,,,,0.8,,,,0.5,0.7,,0.5,
HIC1,,1.0,0.13,,0.29,,,,0.7,,0.9,,,,0.8,,,,0.8,,,,
HIC2,,,,1.0,0.0,,,,0.6,,0.8,,,,0.8,0.8,,0.8,0.7,0.7,,,
HID1,,,0.2,,0.25,,,,0.7,,0.8,,,,0.9,0.65,,,0.5,,,,
HIF1A,,1.0,,0.97,0.17,,,0.7,0.8,0.75,0.85,,,,,,,,0.83,0.89,,,
HIF1AN,,,0.07,,0.28,,0.93,0.75,0.8,,0.95,,,,0.8,0.75,,,0.87,,,0.5,
HIF3A,,,0.0,,,,0.9,0.2,0.7,,,,0.8,,,,,,,0.8,,,
HIGD1A,,,0.03,,0.49,,,0.1,0.67,,0.79,,,,0.8,,,0.8,0.93,,,0.49,
HIGD1B,,,0.0,,0.5,,,,0.7,,0.9,,,,0.8,,,,0.6,0.8,,,
HIGD1C,,,0.0,,0.5,,,,0.6,,0.9,,,,0.8,,,,0.2,,,,
HIGD2A,,,0.2,,0.37,,,,0.6,,0.68,,,,0.9,,,,0.1,,,0.47,
HIGD2B,,,0.0,,0.0,,,,0.5,,,,0.6,,0.9,0.6,,,0.5,,1.0,,
HIKESHI,0.8,,0.0,,,,,0.6,,,,,0.9,,0.7,0.7,0.9,,,,,,
HILPDA,,,,,,,,,,,,0.9,,,,,,,,,,,
HINFP,,1.0,0.03,,0.29,,,,0.6,,0.8,,,,0.8,,,0.7,0.5,0.62,,,
HINT1,,,,,,,,,,,,,,,,,,,,,,,
HINT2,,,,,,,,,,,,,,,,,,,,,,,
HINT3,,,0.0,,0.5,,,0.7,0.6,,0.8,,,,0.9,,,,0.6,,,0.5,
HIP1,0.9,1.0,,0.9,0.2,,0.7,,0.75,,0.8,,,,0.8,,,,,0.68,,,
HIP1R,,,0.0,,0.56,,,0.6,0.8,,0.9,,,,0.9,,,,0.7,0.65,,,
HIPK1,,,,,,,,,,,,,,,,,,,,,,,
HIPK2,,,,1.0,0.94,,0.5,0.5,0.7,0.6,0.9,,,,,,,,0.8,0.91,,,
HIPK3,,,,,,,,,,,,,,,,,,,,,,,
HIPK4,,,0.0,,0.53,,0.1,,0.6,,0.8,,,,0.7,0.65,,,0.5,0.96,,,
HIRA,,1.0,,1.0,0.95,,,0.6,0.8,,0.9,,,,0.7,,,0.75,0.7,,,,
HIRIP3,,,0.0,,0.57,0.79,,0.6,0.7,,0.9,,,,0.5,,0.85,,0.8,0.64,,,
HIVEP1,,,,1.0,0.1,,0.5,,0.6,,0.7,,,,0.7,,,,0.8,0.65,,,
HIVEP2,0.8,,,1.0,0.97,,,,0.7,,,,0.9,,0.75,,0.85,0.9,0.6,,,0.7,
HIVEP3,,,,0.88,0.21,,0.9,,0.7,,0.8,,,,0.8,,,,0.85,0.77,,,
HJURP,,,0.0,,0.53,,0.1,0.6,0.8,,0.9,,,,0.7,,,,0.75,0.99,,,
HK1,,,,,,,,,,,,,,,,,,,,,,,
HK2,,,,,,,,,,,,,,,,,,,,,,,
HK3,,,,,,,,,,,,0.8,,0.6,,,,,,,,,
HKDC1,0.7,,0.0,,,,0.5,,,,,,0.9,,0.8,0.7,0.6,,,,0.99,,
HLA-A,,,0.01,,0.38,,0.99,0.6,0.85,,0.9,,,,,,,0.9,,,,0.95,
HLA-B,,,0.0,,0.49,,,,0.8,,,,,,,,,,,,,,
HLA-C,,,0.0,,0.63,,,,0.56,,,,,,,,,,0.5,,,1.0,
HLA-DMA,,,0.0,,0.5,,,0.2,0.8,,0.95,,,,0.8,0.75,,,0.9,,,,
HLA-DMB,,,0.0,,,,0.8,0.2,0.7,,,,0.9,,0.8,,,,0.5,,0.92,,
HLA-DOA,,,0.0,,,,0.6,0.2,,,,,0.8,,0.75,,,,,,0.9,,
HLA-DOB,,,0.0,,0.8,,0.6,,0.8,,0.9,,,,0.8,0.85,,,0.73,,0.99,,
HLA-DPA1,,,0.0,,0.92,,0.8,0.75,0.6,,0.7,,,,,,,,0.5,,,,
HLA-DPB1,,,0.0,,0.99,,0.9,0.6,0.75,,0.85,,,,,0.8,,,0.8,,,,
HLA-DQA1,,,0.03,,0.41,0.9982,0.82,0.13,0.23,,0.353,,,,,0.75,,,0.254,,,,
HLA-DQA2,0.85,,0.0,,,,0.8,,,,,,0.9,,,,,,,,0.97,,
HLA-DQB1,,,0.01,,0.48,,,0.5,0.67,,,,,,,0.75,,,0.261,,,0.0,
HLA-DQB2,,,0.04,,0.37,,,0.5,0.6,,0.8,,,,,,,,0.5,,0.97,,
HLA-DRA,,,,0.56,0.18,,0.48,0.65,0.83,,0.93,,,,,0.85,,,0.25,,,,
HLA-DRB1,,,0.0,,0.6,,,,0.7,,,,,,,,,,0.5,,,1.0,
HLA-DRB3,,,1.0,,1.0,,,0.7,0.9,,,,,,,,,,0.8,,,0.5,
HLA-DRB4,,,0.1,,,,,,,,,,,,,,,,,,,,
HLA-DRB5,,,0.0,,,,0.8,0.6,,,,,0.9,,,,,,,,0.93,,
HLA-E,,,0.04,,0.31,,,0.8,0.9,,,,,,,,,,0.5,,,0.0,
HLA-F,,,0.0,,0.55,,0.4,0.6,0.7,,0.8,,,,,,,,0.5,0.89,,,
HLA-G,,,0.0,,0.96,,0.7,0.6,0.85,,0.9,,,,,0.8,,,0.5,,,,
HLA-H,0.9,,0.0,,0.0,,,,0.8,,,,,,,,,0.7,0.5,,,0.6,
HLCS,0.8,,0.0,,0.58,,,0.3,0.85,,0.9,,,,0.6,,,,0.5,,,0.7,
HLF,,,,0.95,0.0,,0.5,0.3,0.9,,0.8,,,,0.6,,,,0.75,0.72,,,
HLTF,,,0.0,,0.86,,,,0.6,,0.7,,,,,0.78,0.9,,0.8,0.68,,,
HLX,,,,0.89,0.13,,0.5,0.7,0.8,,0.9,,,,0.7,,,,,0.82,,,
HM13,,,,,,,,,,,,0.85,,,,,,,,,,,
HMBOX1,,,,1.0,0.93,0.85,,,0.8,,0.9,,,,0.9,,,,0.7,,,,
HMBS,,,,,,,,,,,,,,0.7,,,,,,,,,
HMCES,,,0.0,,0.68,,,0.4,0.6,,0.9,,,,,0.65,,,0.5,,,0.5,
HMCN1,0.7,,0.0,,0.39,,,,0.5,,0.6,,,,0.8,,0.75,,0.8,0.96,,,
HMCN2,,,0.0,,0.0,,,,0.7,,,,,,0.6,,,0.9,0.8,0.95,,,
HMG20A,,,,0.71,0.19,,0.8,0.7,0.6,,0.9,,,,0.7,,,,0.35,,,0.52,
HMG20B,,,,0.67,0.18,,,0.45,0.75,,0.87,,,,0.9,,,,0.63,,,,
HMGA1,,,,0.83,0.0,,0.9,0.6,0.75,,0.95,,,,0.7,,,,0.1,0.95,,,
HMGA2,,,,0.88,0.0,0.67,0.9,,0.6,,0.7,,,,0.8,,,,0.5,1.0,,,
HMGB1,,1.0,,0.83,0.1,,0.75,0.6,0.8,,0.9,,,,,,,,,,,0.54,
HMGB1P1,,,0.0,,0.0,,,,0.6,,,,,,0.5,,0.4,,0.5,,,0.2,
HMGB2,,,,,,,,,,,,0.9,,0.7,,,,,,,,,
HMGB3,0.8,,,0.79,0.0,,,0.6,0.7,,0.9,,,,0.6,,,,0.4,0.75,,,
HMGB4,,,0.0,,0.7,,,,0.6,,0.9,,,,0.9,,,,0.5,1.0,,,
HMGCL,,1.0,0.0,,0.68,,0.6,0.5,0.7,,0.9,,,,0.8,,,,,0.64,,,
HMGCLL1,,,0.0,,0.67,,,0.4,0.8,,0.9,,,,0.8,,,,0.5,0.86,,,
HMGCR,,1.0,,1.0,0.13,,0.8,,0.75,0.9,0.85,,,,0.9,,,,,0.77,,,
HMGCS1,,,,1.0,0.8,,,,0.8,0.5,0.7,,,,0.85,,,,0.6,,,,
HMGCS2,,,0.0,,0.82,,0.5,,0.85,,0.9,,,,0.7,,,,0.5,1.0,,,
HMGN1,,1.0,0.22,,0.28,,,0.7,0.8,,0.9,,,,0.9,0.75,,,0.5,,,,
HMGN2,,,,0.87,0.0,,,0.6,0.7,,0.95,,,,0.75,0.75,,,0.9,,,,
HMGN2P46,,,0.0,,,,,,0.6,,,,,,,,,,,,,,
HMGN3,,,0.06,,0.4,,,,0.75,,0.93,,,,0.9,,,,0.99,,,0.48,
HMGN4,,,0.33,,0.0,,,0.6,0.4,,0.5,,,,0.7,,,,0.1,,,,
HMGN5,,,0.31,,0.25,,,,0.12,,0.99,,,,0.5,0.65,,,0.282,0.92,,,
HMGXB3,,,0.0,,0.0,,,,0.7,,0.9,,,,0.7,,,,0.8,,,0.6,
HMGXB4,,,0.42,,0.22,,0.4,,0.8,,0.85,,,,0.9,,,,0.6,0.65,,,
HMHB1,,,1.0,,1.0,,,,0.8,,,,,,,,,,0.5,1.0,,,
HMMR,0.8,,0.0,,0.84,,,0.5,0.6,,,,0.9,,0.6,,,,0.7,,,,0.7
HMOX1,,,,,,,,,,,,0.8,,0.6,,,,,,,,,
HMOX2,,,,,,,,,,,,0.8,,0.5,,,,,,,,,
HMSD,,,0.01,,0.7,,,,0.6,,,,,,0.7,0.73,,,0.5,,,0.0,
HMX1,0.8,1.0,,0.7,0.0,,,,0.7,,,,0.9,,,,,,0.5,,0.88,,
HMX2,,1.0,0.0,,0.9,,,,0.7,,0.8,,,,0.8,,,,0.5,1.0,,,
HMX3,,1.0,,0.9,,,,,0.7,,,,0.75,,0.8,,,,0.5,,,,
HNF1A,0.9,1.0,,0.96,0.15,,0.85,,0.7,,,,,,0.7,,,,0.5,0.96,,,0.6
HNF1B,,1.0,,1.0,0.04,,0.9,,0.6,,0.7,,,,,,,0.75,,,,0.5,
HNF4A,,1.0,0.16,,0.25,,0.75,0.1,0.5,0.4,0.8,,,,,,,,0.5,,,,
HNF4G,,,0.2,,,,0.9,,0.7,,,,0.8,,0.75,,,,,,,,
HNMT,0.7,,0.8,,,,,,0.75,,,,0.9,,,,,,,,0.8,,0.5
HNRNPA0,,,,0.92,0.0,,,,0.87,,0.88,,,,0.75,,,,0.76,,,0.59,
HNRNPA1,0.8,,,1.0,0.0,,,0.7,0.5,,0.6,,,,0.7,,,,0.7,0.6,,,0.8
HNRNPA1L2,,,0.1,,0.6,,,,0.8,,,,0.9,,0.7,,,,0.5,,,0.6,
HNRNPA2B1,,,,1.0,0.95,,,,0.7,,0.9,,,,,,0.95,,,,,0.7,
HNRNPA3,,,,1.0,0.95,,,,0.6,,0.8,,,,0.7,,,0.8,0.7,,0.6,,
HNRNPAB,,,,0.76,0.17,,,,0.73,,0.96,,,,0.9,0.75,0.85,,0.66,0.65,,,
HNRNPC,,,,0.98,0.06,,,,,,,,,,,,,,,,,,
HNRNPCL1,,,0.37,,0.0,0.929,,,0.6,,0.68,,,,0.85,,,,0.5,0.75,,,
HNRNPCL2,,,1.0,,1.0,,,,0.7,,,,,,0.6,,,0.9,0.8,,,0.5,
HNRNPCL3,,,0.0,,0.0,,,,0.6,,,,,,0.7,,,0.7,0.5,0.9,,,
HNRNPD,,,,1.0,0.95,,,,0.7,,0.9,,,,0.7,,0.9,,0.6,0.6,,,
HNRNPDL,0.8,,,0.6,0.2,,,0.7,0.8,,0.9,,,,0.7,,,,0.7,,,0.6,
HNRNPF,,,,,,,,,,,,0.75,,0.65,,,,,,,,,
HNRNPH1,0.7,,,1.0,0.0,,,0.5,0.6,,0.8,,,,0.8,,,,0.7,,,,0.6
HNRNPH2,0.5,,,0.96,0.0,,,0.2,0.7,,0.8,,,,0.8,,,0.6,0.449,,,0.47,
HNRNPH3,,,,0.95,0.8,,,,0.8,,,,0.9,,0.85,,0.75,,0.6,,,0.7,
HNRNPK,0.7,,,1.0,0.0,,,0.75,0.85,,0.9,,,,0.7,,,,0.8,,,0.6,
HNRNPL,,,,1.0,0.8,,,,0.75,,0.9,,,,0.7,0.8,,,0.7,,,0.6,
HNRNPLL,,,,0.9,0.17,,,0.7,0.8,,0.85,,,,0.8,,,,0.75,,,,
HNRNPM,,,,1.0,0.0,,,,0.6,,0.8,,,,0.7,,,,0.7,,,0.5,0.7
HNRNPR,,,,1.0,0.9,,,0.5,0.7,,0.6,,,,0.8,0.75,,,0.7,,,0.6,
HNRNPU,0.8,1.0,,1.0,0.02,,,,0.75,,,,0.9,,,,,,,,,,
HNRNPUL1,,,,1.0,0.8,,0.6,,0.7,,0.8,,,,0.7,,,0.8,0.7,0.6,,,
HNRNPUL2,,,,1.0,0.89,,,,0.75,,0.8,,,,0.7,,,,0.85,,,,
HOGA1,,,0.0,,,,0.5,0.4,0.6,,0.7,,,,,,0.7,,,0.9,,,0.5
HOMER1,,,,1.0,0.0,,,0.7,0.6,,0.7,,,,0.7,0.75,,,,0.9,,,
HOMER2,0.7,,0.9,,,,,0.5,,,,,0.8,,,,0.8,,,,0.9,,0.7
HOMER3,,,,,,,,,,,,0.85,,0.65,,,,,,,,,
HOMEZ,,,0.8,,,,,,,,,,0.9,,0.8,0.78,,,0.7,,0.85,,
HOOK1,,,0.0,,0.4,,,,0.7,,0.9,,,,0.6,,0.8,,0.6,,,,
HOOK2,,,0.0,,,,0.8,,,,,,0.9,,0.6,0.7,0.85,,,,0.79,,
HOOK3,,,,1.0,0.9,,,0.6,0.75,,0.8,,,,0.8,0.8,,,0.7,0.65,,,
HOPX,,1.0,0.0,,,,,0.3,,,,,0.9,,,,,,0.5,,,,
HORMAD1,,,,0.9,0.14,,0.1,,0.5,,0.85,,,,,0.7,,,0.79,1.0,,,0.6
HORMAD2,0.7,,0.0,,,,0.8,,,,,,0.9,,,0.75,,,,,1.0,,
HOXA1,,,0.24,,0.26,,0.4,0.2,0.75,,0.9,,,,,,,,0.5,0.88,,,
HOXA10,,,,0.89,0.09,,,,0.65,,0.85,,,,0.75,0.78,,,0.5,0.92,,,0.7
HOXA11,,,,0.95,0.0,,0.8,,0.6,,0.7,,,,0.7,,,0.8,0.5,,0.96,,
HOXA13,0.8,,1.0,,,,,,,,,,0.9,,0.85,,,,,,0.97,,
HOXA2,,1.0,0.2,,0.27,,,,0.73,,0.99,,,,,,,,0.75,0.84,,,
HOXA3,,1.0,,0.94,0.08,,0.8,,0.6,,0.7,,,,,,,0.9,0.5,,0.82,,
HOXA4,,,0.0,,,,0.5,,,,,,0.9,,,0.7,,,,,0.8,,
HOXA5,,1.0,0.0,,0.58,,,,0.8,,0.9,,,,0.7,,,,0.5,0.91,,,
HOXA6,,,0.0,,0.91,,,,0.7,,0.9,,,,0.75,,,,0.5,0.85,,,
HOXA7,,,0.0,,0.69,,,,0.7,,0.9,,,,0.6,,,,0.5,,,,
HOXA9,,,0.0,,0.88,,,,0.8,,0.9,,,,0.6,,,,0.5,0.89,,,
HOXB1,0.7,0.9,0.2,,,,,,,,,,0.8,,,,,,0.5,,,,
HOXB13,,,0.0,,,,0.5,,0.6,,0.8,,,,0.7,,,,,,1.0,,
HOXB2,,1.0,0.0,,,,,,,,,,0.9,,,,,,0.5,,0.81,,
HOXB3,,,,0.9,0.09,,,,,,,,,,,,,,,,,,
HOXB4,,0.9,0.2,,0.42,,,,0.7,,0.8,,,,0.8,,,,0.5,,0.86,,
HOXB5,0.75,,,0.69,0.12,,0.1,0.62,0.67,,0.79,,,,0.6,0.66,,0.8,0.54,0.91,,,
HOXB6,,,0.0,,0.62,,,0.8,0.7,,0.9,,,,,,,,0.5,0.91,,,
HOXB7,,,0.0,,,,0.8,0.5,0.7,,,,0.9,,0.6,,,,,,0.86,,
HOXB8,,,,0.96,0.0,0.7397,,,0.7,,0.8,,,,,,,,0.5,,0.94,,
HOXB9,,,0.31,,0.24,0.55,,,0.75,,0.85,,,,0.7,,,,0.5,0.99,,,
HOXC10,,,0.18,,0.28,,,0.5,0.67,,0.87,,,,0.8,,,,0.68,0.94,,,
HOXC11,,,0.0,,0.58,,,,0.8,,0.9,,,,0.7,,,,0.5,0.96,,,
HOXC12,,,0.0,,0.5,,0.8,,0.6,,0.7,,,,,,,,0.4,0.95,,,
HOXC13,,1.0,,0.95,0.0,,0.8,,0.5,,0.6,,,,0.7,,,,0.4,,,,
HOXC4,,1.0,0.13,,0.31,,0.54,0.5,0.67,,0.82,,,,,,,,0.66,0.91,,,
HOXC5,,,0.0,,0.83,,0.9,,0.6,,0.8,,,,0.7,,,0.7,0.5,0.89,,,
HOXC6,,,,0.54,0.19,,0.1,,0.6,,0.8,,,,0.7,,,0.9,0.47,0.92,,,
HOXC8,,1.0,0.49,,0.2,,,,0.6,,0.9,,,,,,,,0.75,0.95,,,
HOXC9,,,0.9,,0.5,,,0.5,0.7,,0.8,,,,,0.75,,,0.6,0.92,,,
HOXD1,,,0.0,,,,0.8,,,,,,0.9,,,0.78,,,,,0.93,,
HOXD10,0.8,,0.06,,0.34,,,0.5,0.7,,,,0.9,,0.75,,,,0.68,0.97,,,
HOXD11,,1.0,0.0,,,,0.5,,,,,,0.9,,,,,,0.6,,0.97,,
HOXD12,,1.0,0.0,,0.77,,0.4,,0.6,,0.8,,,,,,,,0.5,0.99,,,
HOXD13,0.9,1.0,0.05,,0.35,,,,0.6,,,,0.8,,0.7,,,,0.7,,0.99,,
HOXD3,,1.0,0.47,,0.21,,0.75,,0.8,,0.9,,,,0.8,,,,0.5,0.91,,,
HOXD4,0.7,,0.0,,0.52,,,0.6,0.8,,0.9,,,,,,,,0.5,,,,
HOXD8,,,0.11,,0.33,,0.2,,0.6,,0.8,,,,,,,,0.5,0.86,,,
HOXD9,,,0.2,,0.4,,,,0.6,,0.7,,,,,0.6,,,0.5,0.9,,,
HP,,,,,,,,,,,,0.9,,0.7,,,,,,,,,
HP1BP3,,,,0.98,0.12,,,0.6,0.9,,0.57,,,,0.8,,,,0.553,,,,
HPCA,,,,,,,,,,,,0.8,,0.6,,,,,,,,,
HPCAL1,,,,0.9,0.0,,,,0.8,,1.0,,,,0.6,,,0.7,0.5,0.93,,,0.7
HPCAL4,,,0.0,,0.93,,,,0.8,,0.78,,,,0.6,,,0.7,0.5,,,,
HPD,,,0.0,,,,0.8,0.5,0.7,,0.9,,,,0.7,,,,,,1.0,,
HPDL,0.8,,0.0,,0.81,,,,0.7,,0.9,,,,0.8,,,,0.5,0.93,,,
HPF1,,,,,,,,,,,,,,0.8,,,,,,,,,
HPGD,0.5,1.0,0.0,,0.72,,,,0.8,,0.9,,,,0.7,,,,,,,,
HPGDS,,,0.0,,0.97,,0.1,,0.6,0.5,0.8,,,,0.7,,,0.7,0.5,0.81,,,
HPN,,,,,,,,,,,,0.8,,0.7,,,,,,,,,
HPR,,,0.0,,0.5,,0.9,,0.7,,0.8,,,,0.7,,,0.85,0.6,1.0,,,
HPRT1,0.8,,,0.94,0.0,,,0.5,0.85,,0.95,,,,0.7,,,,0.218,,,,
HPS1,0.8,,0.0,,0.47,,,0.5,0.6,,0.9,,,,0.6,,,,0.7,,,0.55,
HPS3,0.8,,0.0,,,,,,,,,,0.9,,0.75,,0.85,,,0.68,,,
HPS4,0.8,,0.0,,,,,,,,,,0.9,,0.7,0.7,0.8,,,,0.6,,
HPS5,,,0.0,,0.51,,0.9,0.5,0.6,,0.7,,,,0.6,,,0.7,0.6,0.7,,,
HPS6,,,0.0,,0.43,0.7,0.5,0.4,0.6,,0.9,,,,0.7,,,,0.5,0.6,,,
HPSE,,,0.0,,0.83,,,0.5,0.6,0.4,0.9,,,,0.8,,,,0.8,,,,
HPSE2,,,0.0,,,,0.5,0.7,0.6,,0.8,,,,0.8,,0.6,,,0.9,,,
HPX,,,0.0,,0.79,,0.1,0.2,0.6,,0.8,,,,0.5,,,,0.5,,,,
HR,0.7,,0.0,,0.42,,,,0.85,,0.9,,,,0.6,,,,0.8,0.94,,,
HRAS,0.85,,0.09,,0.35,,,,0.8,,,,0.9,,0.75,,,,0.95,,,,
HRC,,,0.0,,0.61,,,0.6,0.7,,0.9,,,,0.75,0.7,,,0.8,,,,
HRCT1,,,0.0,,0.0,,0.8,,0.7,,0.6,,,,0.7,0.65,,,0.5,,,,
HRES1,,,,,,,,,,,,1.0,,0.7,,,,,,,,,
HRG,,,0.0,,0.5,,0.7,0.7,0.8,,0.9,,,,,,,,0.8,,,,
HRH1,,,0.0,,0.76,,0.8,,0.7,0.9,0.85,,,,0.8,,,0.9,0.5,0.82,,,
HRH2,,,0.12,,0.32,0.21,,,0.9,0.95,0.85,,,,,0.78,,,0.75,0.91,,,
HRH3,,,,,,,,,,,,0.85,,0.75,,,,,,,,,
HRH4,,,,,,,,,,,,0.9,,0.85,,,,,,,,,
HRK,,,0.0,,0.0,,,,0.7,,0.8,,,,0.6,,,,0.1,,,,
HRNR,,,0.0,,0.5,,,,0.8,,0.9,,,,0.8,,,,0.7,0.81,,,
HS1BP3,,,0.0,,0.75,,0.4,0.5,0.6,,0.9,,,,0.7,,,,0.5,0.7,,,
HS2ST1,,1.0,0.5,,0.21,,,0.6,0.7,,0.9,,,,0.8,,,,,,,0.56,
HS3ST1,,1.0,0.01,,0.51,,0.1,,0.65,,0.88,,,,0.75,0.7,,,0.5,,,,
HS3ST2,,,0.04,,0.37,,,0.5,0.67,,0.8,,,,0.8,0.7,,,0.73,,,,
HS3ST3A1,0.7,,1.0,,1.0,,,,0.7,,0.9,,,,,,,,0.8,0.95,,,
HS3ST3B1,,,,0.67,0.13,,0.4,0.4,0.5,,0.6,,,,,0.7,,,0.75,0.95,,,0.7
HS3ST4,,,,0.78,0.11,,0.5,,0.8,,0.9,,,,0.8,0.75,,,0.5,0.93,,,
HS3ST5,,,0.18,,0.28,,0.1,,0.83,,0.93,,,,0.8,,,,0.69,0.92,,,
HS3ST6,,,0.43,,0.19,,,,0.85,,0.95,,,,0.75,0.7,,,0.5,,,,
HS6ST1,,,,0.92,0.08,,0.6,,0.5,,0.7,,,,0.8,0.75,,,0.4,,,,
HS6ST2,0.5,,0.0,,0.51,,,,0.75,,0.9,,,,0.7,,,,0.8,0.93,,,
HS6ST3,,,,0.99,0.0,,0.6,,0.7,,0.8,,,,0.9,0.8,,,0.75,0.92,,,
HSBP1,,,0.2,,0.37,,,,0.73,,,,0.68,,0.9,,,,0.76,,,0.5,
HSBP1L1,,,1.0,,1.0,,,,0.7,,0.8,,,,,,,0.9,0.5,,,,
HSCB,0.75,,0.0,,,,0.8,,,,,,0.9,,0.85,0.7,,,,,,,
HSD11B1,0.8,,0.41,,0.21,0.75,,0.5,0.7,0.6,0.9,,,,,0.75,,,0.85,0.95,,,
HSD11B1L,,,0.9,,0.5,,,,0.7,,,,0.8,,0.8,,0.8,,0.7,0.9,,,
HSD11B2,0.8,0.9,0.1,,,,,,,,,,0.7,,,,0.85,,,,0.99,,
HSD17B1,,,0.0,,0.72,,,0.6,0.8,,0.9,,,,0.7,,0.9,,0.5,,,0.56,0.6
HSD17B10,,,,0.9,0.0,,0.1,0.5,0.7,,0.9,,,,,,,,0.261,,,0.5,0.6
HSD17B11,,,,,,,,,,,,0.8,,0.6,,,,,,,,,
HSD17B12,,1.0,0.0,,0.49,,0.6,,0.75,,0.8,,,,0.7,,,,0.5,,,0.5,
HSD17B13,,,0.0,,,,0.8,0.5,,,,,0.9,,0.7,,,,,,1.0,,
HSD17B14,,,0.0,,0.98,,,,0.75,,0.84,,,,0.7,,,,0.5,,,,
HSD17B2,,,,,,,,,,,,0.8,,0.7,,,,,,,,,
HSD17B3,0.8,,0.0,,0.65,,,0.6,0.7,,0.9,,,,,0.7,0.85,,0.5,,,,
HSD17B4,,1.0,0.0,,0.48,,0.5,,0.8,,0.9,,,,0.7,,,,0.6,,,0.5,
HSD17B6,,,0.21,,0.27,,0.1,0.67,0.73,,0.8,,,,0.75,0.68,,,0.63,,,,
HSD17B7,,1.0,0.0,,0.69,,0.1,0.6,0.9,,0.8,,,,0.8,,,,0.5,,,,
HSD17B8,,,0.0,,0.58,,,0.6,0.8,,0.7,,,,0.8,,,,0.5,,,,0.5
HSD3B1,,,,,,,,,,,,1.0,,1.0,,,,,,,,,
HSD3B2,0.7,,0.0,,0.95,0.8,,0.7,0.8,,0.9,,,,0.6,,,,0.6,,,,
HSD3B7,,,,,,,,,,,,0.8,,0.7,,,,,,,,,
HSDL1,,,0.0,,0.5,,,,0.7,,0.8,,,,0.9,,,,0.6,,,0.6,
HSDL2,,,0.0,,0.48,,,0.6,0.8,,0.9,,,,0.7,,,,0.7,,,,
HSF1,,1.0,,0.95,0.87,,,0.2,0.75,,0.9,,,,,0.85,,,0.8,,,,
HSF2,,1.0,,0.98,0.14,,0.8,0.75,0.7,,0.9,,,,0.85,,,,0.5,,,0.6,0.7
HSF2BP,,,0.0,,0.6,0.4,0.5,,0.7,,0.9,,,,0.5,,,0.8,0.5,1.0,,,
HSF4,0.8,,0.0,,0.74,,,,0.6,,0.9,,,,0.6,0.7,,0.7,0.5,0.78,,,
HSF5,0.7,,,1.0,0.95,0.75,0.8,,0.5,,0.6,,,,,0.85,,,,1.0,,,
HSFX1,,,0.0,,0.0,,,,0.6,,0.8,,,,0.7,,,,0.5,,,,
HSFX3,,,0.0,,0.0,,,,0.6,,,,,,,,,0.7,0.5,,,0.4,
HSFX4,,,0.0,,0.0,,,,,,,,,,,0.5,,,0.5,,,0.4,
HSFY1,,,0.0,,,,,,,,,,0.9,,,,0.7,,,,1.0,,0.4
HSH2D,,,0.0,,0.0,,,,0.7,,0.8,,,,0.6,,,0.9,0.5,0.97,,,
HSP90AA1,,,,0.86,0.19,,,0.4,0.88,0.84,0.95,,,,,0.82,,,0.732,,,0.48,
HSP90AA2P,,,0.0,,0.0,,,,0.6,0.8,,,,,,,,,0.5,,,0.9,
HSP90AA4P,,,1.0,,1.0,,,,0.5,,,,,,,0.75,,,0.5,,,1.0,
HSP90AA5P,,,1.0,,1.0,,,,0.8,,,,,,,0.75,,,0.5,,,0.9,
HSP90AB1,,1.0,,1.0,0.93,,,0.75,0.85,0.9,0.9,,,,,,,,0.7,,,0.6,
HSP90AB2P,,,0.0,,0.0,,,,0.6,,,,,,,,,,0.5,,,0.4,
HSP90AB3P,,,0.0,,0.0,,,,0.6,,,,,,,,,,0.5,,,0.4,
HSP90AB4P,,,0.0,,0.0,,,,0.6,,,,,,,,,,0.5,,,0.4,
HSP90B1,,,,,,,,,,,,0.9,,0.7,,,,,,,,,
HSP90B2P,,,0.0,,0.0,,,,0.6,,,,,,,0.5,,,0.5,,,0.4,
HSPA12A,,,,0.99,0.13,,,,0.8,,0.9,,,,0.7,0.75,,,0.85,0.91,,,
HSPA12B,0.7,,0.0,,0.39,,,,0.6,,0.8,,,,,0.65,,,0.5,,,,0.5
HSPA13,,,0.8,,0.7,,,0.4,0.7,,0.9,,,,0.6,0.7,,,0.5,,,0.8,
HSPA14,,,,0.58,0.21,,,0.4,0.8,,0.84,,,,0.7,,,,0.5,,,0.59,
HSPA1B,,,1.0,,1.0,,,,0.7,,0.9,,,,,,,,0.8,0.8,,,
HSPA1L,,,0.0,,0.72,,,,0.85,,0.9,,,,0.75,0.7,,,0.8,,,,
HSPA2,,,,,,,,,,,,0.9,,0.75,,,,,,,,,
HSPA4,,,,1.0,0.9,,0.8,,0.8,,0.9,,,,0.7,,,,0.7,,,0.6,
HSPA4L,,,0.0,,0.42,,,,0.8,,0.9,,,,0.7,,,,0.5,0.94,,,
HSPA5,,,,0.78,0.18,,,,,,,,,,,,,,,,,,
HSPA6,,,0.0,,,,0.8,,,,,,0.9,,0.85,,,,,,1.0,,
HSPA7,,,1.0,,1.0,,,,0.8,,,,,,,,,,0.5,,,0.9,
HSPA8,,,,1.0,0.04,,0.6,0.75,0.85,0.8,0.9,,,,,,,,0.7,,,0.7,
HSPA9,,,,,,,,,,,,,,,,,,,,,,,
HSPB1,0.7,,0.0,,0.5,,,,0.8,,0.9,,,,0.6,,,,0.5,,0.9,,
HSPB2,,,0.0,,0.73,,,0.7,0.6,,0.8,,,,,,0.75,,0.5,,,,
HSPB3,0.8,,0.0,,,,,,,,,,0.9,,,,0.6,,,,1.0,,
HSPB6,,,0.1,,0.44,,,0.6,0.7,,0.9,,,,0.9,,,,0.5,,,,
HSPB7,0.7,,0.3,,,,0.6,0.5,0.7,,,,0.8,,,,,,,,0.9,,
HSPB8,,,0.04,,0.45,0.68,0.5,0.75,0.8,,0.9,,,,0.6,,,,0.98,0.87,,,
HSPB9,,,0.0,,0.0,,,0.7,0.6,,0.8,,,,,,,,0.5,,,0.0,
HSPBAP1,0.7,,0.0,,0.69,,,0.2,0.6,,0.9,,,,0.5,,,,0.5,,,,
HSPBP1,,,,,,,,,,,,,,,,,,,,,,,
HSPD1,,,,,,,,,,,,0.8,,0.7,,,,,,,,,
HSPE1,,,,,,,,,,,,,,,,,,,,,,,
HSPG2,,,0.0,,0.33,,,,,,,,,,,,,,,,,,
HSPH1,,,,1.0,0.89,,,,0.85,,0.9,,,,0.8,,,,0.8,,,,
HTATIP2,,,0.0,,0.6,,,0.6,0.9,,0.8,,,,0.9,,,0.7,0.5,0.65,,,
HTATSF1,,,,,,,,,,,,,,,,,,,,,,,
HTD2,,,,,,,,,,,,,,,,,,,,,,,
HTN1,,,0.04,,,,,,,,0.8,,,,,,,,,,,,
HTN3,,,0.0,,,,,,,,,,,,,,,,,,,,
HTR1A,,,,,,,,,,,,0.8,,0.9,,,,,,,,,
HTR1B,,,0.22,,0.27,,,,0.8,0.92,0.88,,,,,,,,0.78,0.97,,,
HTR1D,,,0.0,,,,0.5,,0.7,0.9,0.8,,,,0.85,,,0.9,,0.97,,,
HTR1E,,,,,,,,,,,,0.85,,0.8,,,,,,,,,
HTR1F,,,,,,,,,,,,0.85,,0.9,,,,,,,,,
HTR2A,,,0.48,,0.21,,0.4,,0.7,,0.85,,,,,0.75,,,0.5,0.96,,,
HTR2B,,1.0,0.0,,0.87,,,,0.85,1.0,0.9,,,,,,,,0.8,0.91,,,0.7
HTR2C,,1.0,0.19,,0.28,,,0.82,0.75,0.87,0.84,,,,,,,,0.91,0.97,,,
HTR3A,,,0.0,,0.79,,,0.92,0.76,0.87,0.95,,,,0.85,,,,0.75,,,,
HTR3B,,,0.0,,,,0.5,,0.7,0.8,0.9,,,,0.8,,,,,,,,
HTR3C,,,,,,,,,,,,0.8,,0.6,,,,,,,,,
HTR3D,,,0.0,,,,0.5,0.6,0.7,0.8,0.9,,,,0.8,,,,,1.0,,,
HTR3E,,,0.0,,0.5,,,0.5,0.8,0.8,0.9,,,,0.8,,,0.9,0.6,1.0,,,
HTR4,,,,,,,,,,,,1.0,,0.7,,,,,,,,,
HTR5A,,,0.9,,0.5,,,,0.7,0.8,0.9,,,,0.8,,,,0.6,0.95,,,
HTR6,,,0.0,,,,0.8,,0.85,0.9,0.7,,,,0.9,0.75,,,,,0.96,,
HTR7,,,0.8,,,,0.7,,0.75,0.6,0.9,,,,0.8,0.78,,,,,0.95,,
HTRA1,,,0.0,,0.42,,0.7,,0.8,,0.9,,,,0.9,0.75,0.85,0.7,0.5,0.75,,,
HTRA2,0.8,,0.0,,0.4,,,,0.7,,0.9,,,,0.7,,,0.6,0.5,,,0.6,
HTRA3,,,0.0,,0.72,,,,0.7,,0.9,,,,0.9,,,,0.6,,,,
HTRA4,0.7,,0.0,,0.82,,,0.7,0.6,,0.9,,,,0.8,,0.8,,0.5,0.94,,,
HTT,,1.0,,1.0,0.12,,0.8,,0.7,0.85,0.75,,,,,0.8,,,0.6,,,0.5,
HUNK,,,,0.99,0.89,,0.1,,0.8,,0.73,,,,0.8,0.75,,0.9,0.71,0.76,,,
HUS1,,1.0,0.0,,,,,0.7,0.8,,,,0.9,,0.7,0.8,,,0.5,,,0.6,
HUS1B,,,1.0,,1.0,,,0.6,0.7,,0.9,,,,,,,,0.5,,,,
HUWE1,0.8,1.0,,1.0,0.03,,,,0.85,,,,0.9,,,,,,,,,,
HVCN1,,,,0.65,0.17,,,0.5,0.6,0.67,0.88,,,,0.8,,,,0.73,0.99,,,
HYAL1,0.8,,0.0,,0.58,,,0.6,0.7,,0.9,,,,0.8,,,,0.5,0.99,,,
HYAL2,,,,,,,,,,,,0.8,,,,,,,,,,,
HYAL3,,,0.0,,0.81,,0.1,0.4,0.6,,0.8,,,,0.5,,,,0.5,0.9,,,
HYAL4,,,0.0,,0.5,,,0.2,0.7,,,,0.9,,0.8,,0.7,,0.6,0.95,,,
HYDIN,0.8,,0.0,,,,,,,,,,0.9,,0.6,,,,,,0.94,,
HYI,,,0.0,,0.5,,,0.2,0.7,,0.9,,,,0.8,,0.6,,0.6,,,,0.5
HYKK,,,0.0,,0.66,,,,0.7,,0.8,,,,0.9,,0.6,,0.5,0.68,,,
HYLS1,0.8,,0.0,,0.9,,,0.5,0.6,,,,0.7,,0.6,,,,0.4,,0.95,,
HYOU1,0.8,,,0.87,0.2,,,0.75,0.7,,,,0.9,,,0.78,,,,0.62,,,
HYPK,,,,,,,,,,,,,,,,,,,,,,,
IAH1,,,0.0,,0.46,,,,0.8,,0.9,,,,0.8,0.6,,,0.5,,,0.6,
IAPP,0.9,,0.0,,0.8,,,,0.7,,0.9,,,,0.8,,,,0.5,,,,
IARS2,0.75,,0.38,,0.23,0.97,,0.65,0.7,,0.85,,,,0.9,0.7,,,0.8,,,0.53,
IBA57,0.8,,0.01,,0.46,,,,0.7,,,,0.9,,0.7,,0.8,,0.5,,,0.6,
IBSP,,,0.0,,0.99,,,,0.7,,0.9,,,,0.8,,,,0.8,,,,
IBTK,,,0.0,,0.28,,,,0.7,,0.9,,,,0.9,,,,0.6,,,0.7,
ICA1,,,0.0,,0.36,,,0.2,0.8,,0.9,,,,0.8,,,,0.7,0.79,,,
ICA1L,,,0.0,,0.38,,0.1,,0.8,,0.9,,,,0.6,,,,0.5,0.81,,,
ICAM1,,,,,,,,,,,,0.8,,0.6,,,,,,,,,
ICAM2,,,0.0,,0.65,,,0.7,0.8,,0.9,,,,0.8,0.75,,,0.5,,0.91,,
ICAM3,,,0.0,,0.5,0.5,0.8,0.6,0.7,0.6,0.9,,,,0.7,,,,0.7,,,,
ICAM4,,,0.0,,0.5,,0.7,,0.8,,0.9,,,,0.7,,,,0.6,,,0.2,
ICAM5,,,,,,,,,,,,0.9,,,,,,,,,,,
ICE1,,,0.0,,0.0,,,0.4,0.7,,0.8,,,,0.8,,,,0.5,,,0.6,
ICE2,,,0.0,,0.0,,,0.6,0.7,,0.8,,,,0.5,,,,0.5,0.6,,,
ICMT,,,,,,,,,,,,0.8,,0.6,,,,,,,,,
ICOSLG,,,,,,,,,,,,0.9,,,,,,,,,,,
ID1,,,0.0,,0.5,,,,0.7,,0.8,,,,0.8,,,,0.4,0.79,,,
ID2,,,,0.69,0.0,,0.5,0.7,0.8,,0.9,,,,0.9,,,,0.5,0.95,,,
ID2B,,,1.0,,1.0,,,,0.8,,,,,,,,,,0.0,,,0.0,
ID3,,,,0.73,0.0,,,,0.7,,0.9,,,,0.6,,,,0.5,0.81,,,
ID4,,0.9,0.7,,,,0.8,,,,,,0.85,,,,,,,,0.9,,
IDE,0.6,,0.99,,0.27,,0.9,,0.8,0.8,0.85,,,,,,,,0.5,0.72,,,
IDH1,,,,,,,,,,,,0.8,,0.6,,,,,,,,,
IDH2,0.5,,,0.87,0.15,,,,0.8,,,,0.9,,0.7,,,,0.45,0.82,,,
IDH3A,,,,,,,,,,,,,,,,,,,,,,,
IDH3B,0.5,,0.0,,0.83,,,0.6,0.7,,0.9,,,,0.8,,,,0.6,,,0.5,
IDH3G,0.7,,0.09,,0.31,,,0.3,0.13,,0.196,,,,0.6,0.65,,,0.393,,,0.48,
IDI1,0.7,,0.0,,0.62,,,0.1,0.6,0.2,0.8,,,,0.5,,,,0.5,,,0.6,
IDI2,,,0.0,,0.6,,,0.6,0.9,,0.8,,,,0.5,0.6,,,0.5,,,,
IDI2-AS1,,,0.0,,0.0,,,,0.7,,,,,,,0.1,,,0.5,,,0.2,
IDNK,,,0.4,,0.22,,,,0.12,,0.94,,,,0.9,,,,0.187,,,,
IDO1,,,0.0,,,,0.8,,0.85,0.9,0.9,,,,0.7,,,,,0.99,,,
IDO2,,,0.0,,0.74,,,0.5,0.6,,0.8,,,,0.5,,,,0.5,0.99,,,
IDS,1.0,,,1.0,0.0,,,0.75,0.85,,,,0.9,,0.9,,,,0.8,0.85,,,
IDUA,,,0.0,,0.7,,0.8,,0.6,,0.7,,,,0.85,,,0.8,0.5,0.75,,,
IER2,,,,0.77,0.0,,,0.7,0.8,,0.9,,,,0.9,,,,0.5,,,,
IER3,,,,,,,,,,,,0.8,,,,,,,,,,,
IER3IP1,,,,,,,,,,,,1.0,,,,,,,,,,,
IER5,,,,0.87,0.0,,,,0.8,,0.9,,,,0.9,0.78,,,0.5,0.79,,,
IER5L,,,,0.54,0.16,,,,0.6,,0.68,,,,0.9,0.65,,,0.8,,,,
IFFO1,,,0.0,,0.43,,,,0.7,,0.9,,,,,0.7,,0.8,0.5,0.7,,,
IFFO2,,,,,,,,,,,,1.0,,,,,,,,,,,
IFI16,0.75,,0.0,,,,0.8,,,,,,0.9,,,,0.85,,,,0.81,,
IFI27,,,0.9,,0.8,,,,0.85,,,,,,0.75,,,,0.6,,,,
IFI27L1,,,0.07,,0.51,,,,0.7,,,,,,0.9,,,,0.1,,,,
IFI27L2,,,0.0,,0.7,,,,0.6,,0.8,,,,0.8,,,,0.5,,,0.6,
IFI30,,,0.0,,0.94,,0.1,0.6,0.7,,0.8,,,,0.8,0.65,,,0.5,0.97,,,
IFI35,,,0.0,,0.82,,,0.6,0.8,,0.9,,,,0.9,0.75,,,0.5,0.76,,,
IFI44,,,0.0,,0.5,,,,0.8,,0.9,,,,0.6,0.7,,,0.6,0.9,,,
IFI44L,,,0.0,,,,0.8,,,,,,0.9,,,,,,,,,,
IFI6,,,0.9,,,,0.6,,,,,,0.8,,0.8,,,,,,,0.7,
IFIH1,,,0.0,,0.5,,0.7,0.4,0.8,,0.9,,,,,,,0.7,0.8,0.88,,,
IFIT1,,,0.0,,0.8,,,,0.9,,0.8,,,,0.8,,,,0.7,,,,0.7
IFIT1B,,,0.0,,0.2,,,0.5,0.6,,0.8,,,,0.6,,,,0.5,,,,
IFIT2,,,0.26,,,,0.5,0.7,0.8,,,,0.9,,0.8,,,,0.6,,0.79,,
IFIT3,,,0.12,,0.39,,,,0.87,,0.94,,,,0.75,,,,0.49,,,,
IFIT5,,,0.0,,0.54,,,0.6,0.7,,0.9,,,,0.8,0.75,,,0.5,,,0.6,
IFITM1,,,,,,,,,,,,1.0,,,,,,,,,,,
IFITM10,,,1.0,,1.0,,,,0.8,,,,,,0.8,0.75,,,0.5,,,,
IFITM2,,,,,,,,,,,,0.9,,0.7,,,,,,,,,
IFITM3,,,,,,,,,,,,0.8,,,,,,,,,,,
IFITM5,0.8,,0.0,,0.5,,,,0.7,,0.9,,,,0.9,,,,0.6,,,,
IFNA10,,,1.0,,1.0,,,0.6,0.85,,0.9,,,,,,,,0.8,,,0.9,
IFNA13,,,0.0,,0.0,,,,0.7,,0.9,,,,,,,,0.6,0.97,,,
IFNA14,,,0.0,,,,,0.6,,,,,0.9,,0.7,,,,0.5,,,,
IFNA16,,,1.0,,1.0,,,,0.85,,0.9,,,,,,,,0.8,1.0,,,
IFNA17,,,1.0,,1.0,,,,0.8,,0.9,,,,0.8,,,,0.5,,,0.0,
IFNA2,,,1.0,,1.0,,,0.6,0.8,,0.9,,,,0.9,,,,0.7,1.0,,,
IFNA21,,,0.0,,,,0.5,0.7,0.8,,,,0.9,,0.7,0.7,,,,0.94,,,
IFNA4,,,0.0,,0.0,,,0.6,0.7,,0.9,,,,0.8,,,,0.8,,,0.5,
IFNA5,,,0.0,,,,,0.7,,,,,1.0,,1.0,,,,0.5,,0.83,,
IFNA6,,,0.0,,,,0.5,,,,,,0.9,,0.8,,,,,,0.95,,
IFNA7,,,1.0,,1.0,,,0.6,0.7,,0.9,,,,,,,,0.8,,,0.5,
IFNA8,,,1.0,,1.0,,,0.6,0.7,,0.9,,,,0.8,,,,0.8,1.0,,,
IFNAR1,,,0.0,,0.83,,0.1,0.2,0.7,0.8,0.9,,,,0.8,,,0.6,0.5,,,0.5,
IFNAR2,0.8,,0.0,,0.66,0.64,,0.4,0.75,0.9,0.85,,,,0.8,,,0.7,0.5,0.82,,,
IFNB1,,,0.0,,0.0,,,0.2,0.8,,0.9,,,,0.8,,,,0.5,1.0,,,
IFNE,,,0.8,,0.65,,,0.6,0.7,,0.9,,,,0.7,,,,0.5,,,,
IFNG,,,,,,,,,,,,0.8,,0.6,,,,,,,,,
IFNGR1,,,0.98,,,,0.75,0.65,0.7,0.6,0.9,,,,0.8,,,,,0.69,,,
IFNGR2,,,,1.0,0.0,,,0.6,0.7,0.5,0.9,,,,0.75,,,0.8,,0.7,,,
IFNK,,,0.0,,0.7,,0.6,,0.7,,0.9,,,,0.8,,,,0.5,0.96,,,
IFNL1,,,0.0,,0.78,,,0.6,0.8,,0.9,,,,0.7,,,,0.5,1.0,,,
IFNL2,,,0.0,,0.5,,,,0.7,,0.9,,,,0.8,0.75,,,0.8,,,,
IFNL3,,,0.0,,,,0.8,0.6,0.85,,,,0.9,,0.8,,,,,,0.97,,
IFNL4,,,1.0,,1.0,,,,,,,,,,,,,,0.5,,,0.0,
IFNLR1,,,0.07,,0.33,,0.6,0.6,0.7,0.8,0.9,,,,,0.75,,,0.5,0.85,,,
IFNW1,,,,,,,,,,,,,,,,,,,,,,,
IFRD1,0.8,,0.9,,0.34,,,,0.75,,0.8,,,,0.9,,0.7,,0.6,,,0.6,0.5
IFRD2,,,0.0,,0.74,0.67,0.5,0.4,0.6,,0.8,,,,0.7,,,0.7,0.5,,,0.6,
IFT122,0.8,1.0,0.0,,0.66,,,0.7,0.85,,,,0.9,,0.7,0.75,,,0.6,0.91,,,
IFT140,0.8,,0.0,,0.63,,,,0.75,,,,0.9,,0.7,0.65,,,0.5,,0.84,,
IFT172,0.8,1.0,0.0,,0.6,,,,0.75,,,,0.9,,0.7,,,,0.5,,0.75,,
IFT20,,1.0,0.1,,0.34,,,0.59,0.67,,0.9,,,,0.8,0.73,,,0.66,,,,
IFT22,,,0.0,,0.0,,,0.6,0.7,,0.8,,,,0.5,,,0.9,0.5,0.81,,,
IFT27,0.8,,0.0,,,,,0.6,,,,,0.9,,0.7,,0.85,,,,,,
IFT43,0.8,,0.0,,,,,,,,,,0.9,,0.7,0.6,0.8,,,,,,
IFT46,,,0.18,,0.26,,,,0.8,,0.95,,,,0.8,,,,0.76,,,0.54,
IFT52,0.8,1.0,0.0,,0.54,,,,0.85,,,,0.9,,0.6,,,,,,0.65,,
IFT57,0.8,1.0,0.0,,,,,,,,,,,,0.5,,,,,,0.85,,
IFT74,0.8,,0.0,,0.58,,,0.6,0.7,,,,0.9,,0.5,0.65,,,0.6,,0.77,,
IFT80,0.8,1.0,0.0,,0.74,,,,0.75,,,,,,0.8,,,0.7,0.5,,,0.6,
IFT81,,,0.0,,0.59,,0.6,0.6,0.7,,0.9,,,,0.5,,,,0.5,0.77,,,
IFT88,,1.0,0.0,,0.52,,,,0.7,,0.9,,,,0.8,,,,0.8,,,,
IGBP1,0.75,,,0.98,0.0,,,,0.8,,0.9,,,,0.85,,,,0.85,,,0.57,
IGDCC3,,,0.0,,0.52,,,,0.85,,0.9,,,,0.8,,,,0.7,,,,
IGDCC4,,,0.0,,0.39,0.88,0.6,,0.7,,0.8,,,,0.7,,,,0.75,0.92,,,
IGF1,,,,,,,,,,,,,,,,,,,,,,,
IGF1R,,,,0.99,0.18,0.75,0.85,,0.8,0.95,0.9,,,,,,,,0.7,0.69,,,
IGF2,0.8,0.9,0.2,,,,,0.7,0.75,,,,0.7,,0.8,,,,0.5,0.9,,,
IGF2-AS,,,1.0,,1.0,,,,0.8,,,,,,,,,,0.5,,,0.6,0.5
IGF2BP1,,1.0,,1.0,0.9,,0.6,,0.75,,0.8,,,,,0.85,,,0.5,1.0,,,
IGF2BP2,,,0.21,,0.24,,0.87,,0.8,,0.9,,,,0.9,,,,0.75,0.96,,,
IGF2BP2-AS1,,,0.0,,0.0,,,,0.6,,,,,,,0.3,,,0.5,,,0.2,
IGF2BP3,,,,1.0,0.0,,0.8,0.5,0.6,,0.7,,,,0.7,,,,0.4,,,,
IGF2R,,,,,,,,,,,,0.8,,,,,,,,,,,
IGFALS,0.8,,0.0,,,,,0.6,,,,,0.9,,0.8,,0.7,,0.5,,1.0,,
IGFBP1,,,0.0,,,,0.8,0.6,0.7,,,,0.9,,0.7,,,,0.5,,1.0,,
IGFBP2,,,,,,,,,,,,0.8,,0.6,,,,,,,,,
IGFBP3,,,,0.9,0.0,,0.8,0.5,0.7,,0.9,,,,0.8,,,0.9,,0.88,,,
IGFBP4,,,0.8,,,,0.7,0.6,0.85,,,,0.9,,0.9,,0.75,,,,,,
IGFBP5,,,,,,,,,,,,1.0,,0.7,,,,,,,,,
IGFBP6,0.75,,0.7,,,,,,,,,,,,,,0.8,,,,0.9,,
IGFBP7,,,0.0,,,,0.8,,0.7,,0.9,,,,0.7,0.7,,,,,0.96,,
IGFBPL1,,,0.0,,0.92,,,,0.6,,0.8,,,,0.7,0.75,,,0.5,0.93,,,
IGFL1,0.7,,0.0,,0.7,,,,0.6,,0.9,,,,0.8,,,,0.5,,,,
IGFL2,,,0.0,,0.8,,,,0.6,,0.9,,,,0.7,0.65,,,0.5,,,,
IGFL3,,,0.01,,0.57,,,,0.67,,0.87,,,,0.8,,,,0.5,1.0,,,
IGFL4,,,0.0,,0.74,,,,0.8,,0.9,,,,0.9,,,,0.5,0.89,,,
IGFLR1,,,0.0,,0.78,0.85,0.5,,0.7,,0.9,,,,0.75,,,,0.5,0.88,,,
IGFN1,0.6,,0.0,,0.79,,,,0.7,,0.9,,,,,,,,0.8,1.0,,,
IGHA1,,,,,,,,,,,,1.0,,,,,,,,,,,
IGHA2,,,,,,,,,,,,1.0,,,,,,,,,,,
IGHD,,,1.0,,1.0,,,,0.6,,,,,,,,,,0.8,,,,
IGHD1-1,,,0.0,,0.0,,,,,,,,,,0.8,,,,0.1,,,,
IGHE,,,1.0,,1.0,,,,0.85,0.9,,,,,,0.8,,,0.8,,,,
IGHG1,,,,,,,,,,,,1.0,,,,,,,,,,,
IGHG2,0.8,,0.0,,0.0,,,,0.6,,,,,,0.7,0.7,,,0.5,,,,
IGHG3,,,1.0,,1.0,,,,0.7,,,,,,,,,,0.8,,,,
IGHG4,,,0.0,,,,,,0.7,,,,,,0.9,0.85,,,,,,,
IGHJ1,,,0.0,,,,,,,,,,,,,,,,0.1,,,,
IGHM,0.6,,0.0,,0.0,,,,0.5,,,,,,,,,,0.8,,0.96,,
IGHMBP2,,,0.0,,0.71,,0.4,0.5,0.7,,0.9,,,,,0.65,0.8,0.8,0.8,0.7,,,
IGHV1-18,0.6,,0.0,,,,,,0.7,,,,,,,,,,,,0.96,,
IGHV1-2,,,0.0,,,,,,,,,,,,0.85,,,,0.5,,,,
IGHV1-24,0.8,,0.0,,,,,,,,,,,,,,,,,,0.96,,
IGHV1-3,0.8,,0.0,,,,,,,,,,,,,,,,,,0.96,,
IGHV1-45,0.8,,0.0,,,,,,,,,,,,,,,,,,0.96,,
IGHV1-46,0.8,,0.0,,,,,,0.7,,,,,,,,,,,,0.96,,
IGHV1-58,,,0.0,,,,,,,,,,,,,,,,0.5,,,,
IGHV1-69,,,0.0,,,,,,0.8,,,,,,1.0,,,,,,,,
IGHV1-69-2,0.7,,0.0,,,,,,,,,,,,,,,,,,,,
IGHV1-69D,,,0.0,,,,,,,,,,,,,,,,,,,,
IGHV1-8,,,0.0,,,,,,,,,,,,,,1.0,,0.5,,,,
IGHV2-26,,,0.0,,0.0,,,,,,,,,,,,,,0.5,,,,
IGHV2-5,,,0.0,,,,,,,,,,,,1.0,,,,0.5,,0.97,,
IGHV2-70,,,1.0,,,,,,,,,,,,,,,,0.5,,,,
IGHV2-70D,0.7,,0.0,,,,,,,,,,,,,,,,,,,,
IGHV3-11,0.7,,0.0,,,,,,,,,,,,,,0.85,,,,0.97,,
IGHV3-13,,,0.0,,,,,,,,,,,,1.0,,,,0.5,,0.97,,
IGHV3-15,,,0.0,,,,,,,,,,,,,,,,0.5,,,,
IGHV3-20,,,0.0,,,,,,,,,,,,,,,,0.5,,0.96,,
IGHV3-21,,,0.0,,,,,,,,,,,,,,,,0.5,,,,
IGHV3-23,,,0.0,,0.0,,,,0.6,,,,,,0.8,0.7,,,0.8,0.97,,,
IGHV3-30,,,1.0,,,,,,0.6,,,,,,0.9,,,,0.5,,,,
IGHV3-30-3,,,0.0,,,,,,,,,,,,,,,,,,,,
IGHV3-30-5,0.5,,0.0,,,,,,,,,,,,,,,,,,,,
IGHV3-33,,,0.0,,,,,,,,,,,,1.0,,,,,,0.96,,
IGHV3-43,0.8,,0.0,,,,,,,,,,,,,,,,,,0.97,,
IGHV3-43D,,,0.0,,0.0,,,,,,,,,,,,,,0.8,,,,
IGHV3-48,0.7,,0.0,,,,,,,,,,,,,,0.85,,,,0.97,,
IGHV3-49,0.8,,0.0,,,,,,,,,,,,,,,,,,0.96,,
IGHV3-53,0.7,,0.0,,,,,,,,,,,,,,0.85,,,,0.96,,
IGHV3-64,0.8,,0.0,,,,,,,,,,,,,,0.9,,,,0.96,,
IGHV3-64D,,,0.0,,,,,,,,,,,,,,,,0.5,,,,
IGHV3-66,,,0.0,,,,,,,,,,,,,,,,,,0.95,,
IGHV3-7,,,0.0,,0.0,,,,,,,,,,1.0,,,,0.5,,,,
IGHV3-72,,,0.0,,,,,,,,,,,,,,,,,,0.97,,
IGHV3-73,0.8,,0.0,,,,,,,,,,,,,,0.9,,,,0.97,,
IGHV3-74,0.8,,0.0,,,,,,,,,,,,,,,,,,0.96,,
IGHV3-9,,,0.0,,,,,,0.6,,,,,,,,,,,,,0.8,
IGHV4-28,0.7,,0.0,,,,,,,,,,,,,,,,,,0.96,,
IGHV4-30-2,0.7,,0.1,,,,,,,,,,,,,,,,,,,,
IGHV4-30-4,,,0.0,,,,,,,,,,,,,,,,,,,,
IGHV4-31,,,0.0,,,,,,,,,,,,,,,,0.5,,,0.0,
IGHV4-34,,,0.0,,,,,,,,,,,,0.8,,,,0.5,,0.96,,
IGHV4-38-2,,,0.0,,0.0,,,,,,,,,,,,,,0.5,,,,
IGHV4-39,,,0.0,,0.0,,,,,,,,,,1.0,0.7,,,0.8,,,,
IGHV4-4,,,0.0,,,,,,,,,,,,,,,,0.5,,,0.0,
IGHV4-59,,,0.0,,,,,,,,,,,,1.0,,,,0.5,,0.96,,
IGHV4-61,0.8,,0.0,,,,,,,,,,,,,,0.95,,,,0.96,,
IGHV5-10-1,,,0.0,,,,,,,,,,,,,,,,0.5,,,,
IGHV5-51,0.8,,0.0,,,,,,,,,,,,,,,,,,0.96,,
IGHV6-1,,,0.0,,,,,,,,,,,,,,,,0.5,,0.97,,
IGHV7-4-1,,,0.0,,,,,,,,,,,,,,,,0.5,,,0.0,
IGIP,,,0.39,,0.0,,,,0.5,,0.8,,,,0.8,0.7,,,0.1,,,,
IGKC,0.8,,0.0,,,,,,,,,,,,,,,,,,,,
IGKJ1,,,1.0,,1.0,,,,,,,,,,,,,,0.5,,,,
IGKV1-12,,,0.0,,,,,,,,,,,,,,,,,,,,
IGKV1-13,,,0.0,,,,,,,,,,,,,0.75,,,,,,,
IGKV1-16,,,0.0,,,,,,,,,,,,,,,,,,,,
IGKV1-17,,,0.0,,0.0,,,,0.7,,,,,,0.9,,,,0.5,,,,
IGKV1-27,0.8,,0.0,,,,,,,,,,,,,,,,0.5,,,,
IGKV1-33,,,,,,,,,,,,1.0,,0.5,,,,,,,,,
IGKV1-39,,,0.0,,,,,,,,,,,,1.0,,,,0.5,,0.96,,
IGKV1-5,,,0.0,,0.0,,,,0.8,,,,,,1.0,,,,0.5,,,,
IGKV1-6,,,0.0,,,,,,,,,,,,,,,,,,,,
IGKV1-8,0.7,,0.0,,,,,,,,,,,,,,,,,,,,
IGKV1-9,,,0.0,,0.0,,,,,,,,,,,,,,0.5,,,,
IGKV1D-12,,,0.0,,0.0,,,,,,,,,,0.8,,,,0.5,,,,
IGKV1D-13,,,0.0,,,,,,0.5,,,,,,,,,,,,,,
IGKV1D-16,,,0.0,,,,,,,,,,,,1.0,,,,0.5,,,,
IGKV1D-17,,,1.0,,,,,,,,,,,,,,,,,,0.95,,
IGKV1D-33,,,0.0,,,,,,0.5,,,,,,1.0,,,,0.5,,0.97,,
IGKV1D-39,,,0.0,,,,,,,,,,,,1.0,,,,0.5,,,,
IGKV1D-43,,,0.0,,,,,,,,,,,,,,,,0.5,,,,
IGKV1D-8,,,1.0,,,,,,,,,,,,,,,,,,,,
IGKV2-24,0.8,,,,,,,,,,,,,,,,,,,,,,
IGKV2-28,0.7,,,,,,,,,,,,,,,,,,,,,,
IGKV2-29,,,0.0,,,,,,,,,,,,,,,,,,,,
IGKV2-30,,,,,,,,,,,,1.0,,,,,,,,,,,
IGKV2-40,,,0.0,,,,,,,,,,,,,,,,,,,,
IGKV2D-26,0.7,,,,,,,,,,,,,,,,,,,,,,
IGKV2D-28,,,0.0,,,,,,,,,,,,1.0,,,,0.5,,,,
IGKV2D-29,,,0.0,,,,,,0.5,,,,,,,0.75,,,0.5,,0.97,,
IGKV2D-30,,,0.0,,,,,,,,,,,,,,,,,,,,
IGKV2D-40,,,0.0,,0.0,,,,,,,,,,1.0,,,,0.5,,,,
IGKV3-11,,,0.0,,,,,,,,,,,,1.0,,,,0.5,,0.96,,
IGKV3-15,,,0.0,,0.0,,,,,,,,,,1.0,0.75,,,0.5,,,,
IGKV3-20,,,,,,,,,,,,1.0,,,,,,,,,,,
IGKV3D-11,0.7,,0.0,,,,,,,,,,,,,,,,,,,,
IGKV3D-15,0.8,,,,,,,,,,,,,,,,,,,,,,
IGKV3D-20,0.6,,0.0,,,,,,0.7,,,,,,,,,,,,0.97,,
IGKV3D-7,,,0.0,,,,,,,,,,,,,,,,,,,,
IGKV4-1,,,0.0,,0.0,,,,0.8,,,,,,0.9,0.85,,,0.5,,,,
IGKV5-2,,,0.0,,,,,,0.8,,,,,,1.0,,,,0.5,,,,
IGKV6-21,0.7,,0.0,,,,,,,,,,,,,,,,,,,,
IGKV6D-21,,,0.0,,,,,,,,,,,,,,,,,,,,
IGLC1,,,0.0,,0.0,,,,0.8,,,,,,,,,,0.5,,,,
IGLC2,,,0.0,,0.0,,,,0.6,,,,,,0.7,0.75,,,0.5,0.94,,,
IGLC3,,,1.0,,1.0,,,,0.6,,,,,,1.0,,,,0.8,,,,
IGLC6,0.5,,0.0,,,,,,,,,,,,,,1.0,,,,,,
IGLC7,0.7,,0.0,,,,,,,,,,,,,,,,,,,,
IGLJ1,,,0.0,,,,,,,,,,,,,,,,0.2,,,,
IGLL1,,,,,,,,,,,,1.0,,,,,,,,,,,
IGLL5,,,1.0,,1.0,,,0.6,0.7,,0.9,,,,0.85,,,,0.8,,,,0.8
IGLON5,,,0.36,,0.23,,,,0.78,,0.93,,,,0.9,,,,0.67,0.96,,,
IGLV1-36,,,0.0,,,,,,,,,,,,,,,,,,,,
IGLV1-40,,,0.0,,,,,,,,,,,,1.0,,,,0.5,,,,
IGLV1-44,,,0.0,,0.0,,,,0.6,,,,,,1.0,0.8,,,0.5,,,,
IGLV1-47,,,0.0,,0.0,,,,0.7,,,,,,1.0,,,,0.5,,,,
IGLV1-51,,,0.0,,0.0,,,,0.6,,,,,,0.7,0.75,,,0.5,,,,
IGLV10-54,,,0.0,,,,,,,,,,,,,,,,,,,,
IGLV2-11,,,0.0,,0.0,,,,0.6,,,,,,1.0,0.8,,,0.5,,,,
IGLV2-14,,,0.0,,0.0,,,,0.6,,,,,,1.0,,,,0.5,,,,
IGLV2-18,,,0.0,,0.0,,,,0.6,,,,,,,0.75,,,0.5,,,,
IGLV2-23,,,0.0,,,,,,,,,,,,1.0,,,,0.5,,,,
IGLV2-8,,,,,,,,,,,,1.0,,0.5,,,,,,,,,
IGLV3-1,,,0.0,,,,,,,,,,,,1.0,,,,0.5,0.96,,,
IGLV3-10,0.8,,0.0,,,,,,,,,,,,,,,,,,0.96,,
IGLV3-12,0.7,,0.0,,,,,,,,,,,,,,,,,,,,
IGLV3-16,0.8,,0.1,,,,,,,,,,,,,,,,,,,,
IGLV3-19,,,0.0,,,,,,,,,,,,1.0,,,,0.5,,0.97,,
IGLV3-21,,,0.0,,0.0,,,,0.6,,,,,,0.9,,,,0.5,,,,
IGLV3-22,,,0.0,,,,,,,,,,,,,,,,,0.97,,,
IGLV3-25,,,0.0,,0.0,,,,0.6,,,,,,0.8,0.75,,,0.5,,,,
IGLV3-27,,,0.0,,,,,,,,,,,,1.0,,,,0.5,,,,
IGLV3-9,,,0.0,,,,,,,,,,,,,,,,0.5,,,,
IGLV4-3,0.8,,0.1,,,,,,,,,,,,,,,,,,0.95,,
IGLV4-60,,,0.0,,,,,,,,,,,,,,,,0.5,,,,
IGLV4-69,,,0.0,,,,,,,,,,,,,,,,0.5,,,,
IGLV5-37,,,0.0,,,,,,,,,,,,,0.85,,,,,,,
IGLV5-39,,,0.0,,,,,,,,,,,,,,,,,,,,
IGLV5-45,,,0.0,,,,,,,,,,,,,0.9,,,,,,,
IGLV5-52,0.8,,0.1,,,,,,,,,,,,,,,,,,,,
IGLV6-57,,,,,,,,,,,,0.9,,0.5,,,,,,,,,
IGLV7-43,,,0.0,,,,,,,,,,,,,,,,0.5,,0.97,,
IGLV7-46,0.7,,0.0,,,,,,,,,,,,,,,,,,,,
IGLV8-61,,,0.0,,,,,,0.6,,,,,,,,,,,,,,
IGLV9-49,,,0.0,,,,,,,,,,,,,,,,,,,,
IGSF1,,,,1.0,0.89,,0.6,,0.75,,0.9,,,,0.9,,,,0.7,,,,
IGSF10,,,0.0,,0.5,,,,0.7,,0.8,,,,0.85,,,,0.6,,,,
IGSF11,,,0.0,,0.44,,0.8,,0.7,,0.9,,,,0.8,,,,0.5,,,,
IGSF21,,,0.3,,0.4,,,,0.7,,0.8,,,,0.8,,,,0.5,0.95,,,
IGSF22,,,0.0,,0.5,,,,0.6,,0.8,,,,,,,,0.7,0.75,,,
IGSF23,,,1.0,,1.0,,,,0.6,,0.8,,,,0.7,,,,0.5,1.0,,,
IGSF3,,,,,,,,,,,,0.8,,,,,,,,,,,
IGSF5,,,0.0,,0.5,,,,0.6,,0.8,,,,0.6,,,,0.7,,,,
IGSF6,,,0.0,,0.54,,,0.7,0.8,,0.9,,,,0.9,,,,0.5,,,,
IGSF8,,,,,,,,,,,,1.0,,0.5,,,,,,,,,
IGSF9,,,0.0,,0.56,,,,0.9,,0.8,,,,0.9,,,,0.75,0.91,,,
IGSF9B,,,,0.99,0.18,,0.5,,0.7,,0.85,,,,0.8,0.82,,,0.75,0.89,,,
IHH,,1.0,0.33,,0.23,,0.5,,0.7,,0.9,,,,0.8,0.75,,,,,,,
IK,,,0.0,,0.35,,,,0.8,,0.89,,,,0.9,,,,0.5,,,0.5,
IKBIP,,,0.0,,0.8,0.66,0.1,0.7,0.8,,0.9,,,,0.7,,,,0.5,0.92,,,
IKBKB,0.8,1.0,,0.98,0.17,,,0.5,0.75,0.65,0.9,,,,,,,,0.7,0.65,,,
IKBKE,,,0.03,,0.27,,0.6,0.1,0.65,0.7,0.8,,,,,,,0.9,0.72,,,0.1,
IKBKG,0.8,0.9,0.2,,,,,0.6,,,,,0.9,,0.75,,,,0.5,,,,
IKZF1,,,,,,,,,,,,,,,,,,,,,,,
IKZF2,,1.0,,0.9,0.8,,0.6,,0.4,,0.5,,,,0.6,,,0.8,0.5,1.0,,,
IKZF3,,,,,,,,,,,,,,,,,,,,,,,
IKZF4,,,,0.91,0.14,,,,0.6,,0.135,,,,0.9,,,,0.585,,,,
IKZF5,0.5,,,0.79,0.14,,,0.85,0.7,,,,0.76,,0.8,,,,0.84,,,0.52,
IL10,,,0.99,,0.51,0.56,0.85,0.6,0.8,0.5,0.95,,,,,0.78,,,0.89,0.94,,,
IL10RA,,,,,,,,,,,,0.9,,0.7,,,,,,,,,
IL10RB,,,0.0,,0.67,,0.5,0.4,0.6,0.5,0.8,,,,0.7,,,0.7,0.5,0.69,,,
IL11,,,0.0,,0.65,,,,0.7,,0.9,,,,0.8,0.75,,,0.8,,,,
IL11RA,,,,,,,,,,,,0.8,,0.4,,,,,,,,,
IL12A,,,0.8,,,,0.9,0.6,0.75,0.7,0.85,,,,0.7,,,,,0.92,,,
IL12B,,,,,,,,,,,,1.0,,0.6,,,,,,,,,
IL12RB1,,,0.0,,,,0.5,0.6,0.7,,0.9,,,,0.8,,,,,0.97,,,
IL12RB2,,,,,,,,,,,,0.9,,,,,,,,,,,
IL13,,,0.1,,,,0.85,0.5,0.75,0.6,0.9,,,,,,,,,,,,
IL13RA1,,,,0.96,0.07,,0.5,0.3,0.6,0.4,0.75,,,,0.6,,,0.7,0.85,0.7,,,
IL13RA2,,,0.0,,0.73,,,0.85,0.9,,0.8,,,,0.9,,,,0.5,,,,
IL15,,,,0.93,0.0,,,0.5,0.7,0.6,0.85,,,,,,,,0.162,0.84,,,0.6
IL15RA,,,,,,,,,,,,0.8,,0.5,,,,,,,,,
IL16,,,0.0,,0.5,,0.6,0.7,0.8,,0.9,,,,0.8,,,0.9,0.7,0.93,,,
IL17A,,,0.04,,0.44,,,0.5,0.75,0.8,0.9,,,,,,,,0.155,1.0,,,
IL17B,,,0.97,,0.51,,,0.8,0.85,,0.9,,,,,0.82,,,0.72,0.99,,,0.75
IL17C,,,1.0,,0.9,0.8,,,0.8,,0.9,,,,0.9,,,,0.7,,,,
IL17D,,,0.2,,0.38,,,,0.8,,0.9,,,,,0.7,,,0.75,0.86,,,
IL17F,,,0.04,,0.46,,0.8,0.75,0.85,,0.9,,,,,,,,0.81,1.0,,,
IL17RA,,,0.0,,0.37,,,0.7,0.6,0.75,0.8,,,,,,,,,,,,
IL17RB,,,0.0,,,,0.5,0.7,0.7,0.6,0.8,,,,,,,,,0.8,,,
IL17RC,0.8,,,,,,,,,,,,,,,,,,,,,,
IL17RD,,,0.0,,0.43,,0.6,0.7,0.8,,0.9,,,,0.8,0.7,,,0.7,0.9,,,
IL17RE,,,0.0,,0.51,,,0.1,0.13,,0.207,,,,0.8,0.75,,,0.667,0.81,,,
IL17REL,,,0.0,,0.41,,0.1,,0.6,,0.7,,,,0.85,,,,0.5,0.94,,,
IL18,,,,,,,,,,,,0.8,,0.5,,,,,,,,,
IL18BP,0.6,,0.0,,0.7,0.8,,,0.8,,,,0.9,,0.8,,,,0.5,0.75,,,
IL18R1,,,,,,,,,,,,0.8,,0.6,,,,,,,,,
IL18RAP,0.85,,0.0,,,,0.8,0.6,0.7,,,,0.9,,0.8,0.75,0.75,,,,0.99,,
IL19,,,0.0,,,,0.5,,,,,,0.9,,,,,,,,0.99,,
IL1A,,,0.0,,0.71,,0.5,0.4,0.8,0.5,0.9,,,,0.7,,,,0.5,0.97,,,
IL1B,,,0.13,,0.29,0.27,0.5,0.4,0.7,0.8,0.9,,,,,,,,0.54,0.97,,,
IL1F10,,,0.0,,0.5,,0.8,0.6,0.7,,0.9,,,,,0.75,,,0.6,1.0,,,
IL1R1,,,0.14,,0.26,0.6,0.78,0.7,0.85,0.8,0.9,,,,0.75,,,,0.57,,,,
IL1R2,,,0.0,,0.5,,0.8,0.8,0.7,0.5,0.9,,,,0.7,,,,0.6,0.95,,,
IL1RAP,,,,,,,,,,,,1.0,,0.5,,,,,,,,,
IL1RAPL1,,,,,,,,,,,,0.8,,0.6,,,,,,,,,
IL1RAPL2,,,,0.99,0.09,,,0.2,0.7,,0.85,,,,0.75,,,,0.75,,,,
IL1RL1,0.85,,0.0,,,,0.9,,,,,,0.8,,,,,,,,1.0,,0.6
IL1RL2,,,0.0,,,,0.8,0.6,0.7,,,,0.9,,0.9,,,,,,0.94,,
IL1RN,,,0.03,,0.39,0.15,0.8,0.2,0.85,,0.9,,,,0.8,,,,0.88,1.0,,,
IL2,,,,,,,,,,,,0.9,,0.7,,,,,,,,,
IL20,,,0.0,,0.96,,0.5,0.7,0.8,,0.9,,,,0.8,,,,0.88,0.97,,,
IL20RA,0.8,,0.7,,0.5,,,0.7,0.8,,0.9,,,,,,,0.8,0.6,0.9,,,
IL20RB,,,0.0,,0.76,,0.9,0.7,0.75,,0.85,,,,0.8,,,0.8,0.5,0.97,,,
IL21,,,,,,,,,,,,,,0.6,,,,,,,,,
IL21R,0.9,,,1.0,0.05,,,0.5,0.7,,0.9,,,,0.8,,,0.8,0.8,1.0,,,
IL22,,,0.0,,0.86,,,0.2,0.8,0.5,0.9,,,,0.7,,,,0.5,,,,
IL22RA1,,,0.01,,0.34,,,0.14,0.93,,0.67,,,,0.75,0.76,,,0.57,,,,
IL22RA2,,,0.0,,0.5,0.7,0.8,0.4,0.7,,0.9,,,,0.8,,,0.8,0.6,0.9,,,
IL23A,,,0.37,,0.22,0.48,0.75,0.6,0.76,0.83,0.9,,,,0.8,0.74,,,0.95,1.0,,,
IL23R,,,0.0,,0.36,,0.9,0.5,0.8,,0.9,,,,0.8,,,0.75,0.8,0.97,,,
IL24,,,0.0,,0.97,,,0.2,0.8,,0.9,,,,0.75,,,,0.5,0.97,,,
IL25,,,0.0,,,,,0.75,0.85,,,,0.9,,0.8,,,,0.5,,0.95,,0.7
IL26,,,0.0,,0.7,,,,0.6,,0.8,,,,0.8,,,,0.5,,,,
IL27,,,,0.8,0.1,,0.9,,0.85,,0.95,,,,,0.85,,,0.5,1.0,,,
IL27RA,,,0.0,,0.61,,0.1,0.6,0.7,,0.8,,,,0.7,0.65,,0.9,0.5,0.89,,,
IL2RA,,,0.2,,,,0.8,0.5,0.7,0.6,0.9,,,,,,,,,0.9,,,
IL2RB,,,0.21,,0.25,,0.6,0.1,0.66,0.9,0.8,,,,0.8,,,0.7,0.551,0.99,,,
IL2RG,,,,,,,,,,,,0.9,,0.7,,,,,,,,,
IL3,,,,,,,,,,,,1.0,,0.8,,,,,,,,,
IL31,,,0.01,,0.73,,0.5,,0.7,,0.9,,,,,,,,0.5,1.0,,,
IL31RA,0.8,,0.0,,0.71,,,0.7,0.5,0.6,0.7,,,,0.9,,,,0.9,0.96,,,
IL32,,,0.0,,0.5,,,,0.7,,0.9,,,,0.75,,,,0.8,0.92,,,
IL33,,,0.0,,0.5,,0.8,0.6,0.7,,0.9,,,,,0.75,,,0.5,0.81,,,
IL34,,,,0.53,0.19,,,,0.67,,0.92,,,,0.9,0.78,,,0.24,0.96,,,
IL36A,,,0.7,,,,,,,,,,,,,0.8,,,,,,,
IL36B,,,0.0,,0.58,0.76,,0.2,0.7,,0.9,,,,0.8,0.7,,,0.5,1.0,,,
IL36G,,,,,,,,,,,,1.0,,0.7,,,,,,,,,
IL36RN,0.8,,0.0,,0.5,,,0.6,0.7,,,,0.9,,0.9,,,,0.6,0.95,,,
IL37,,,0.0,,0.96,,,0.6,0.8,,0.9,,,,0.8,,,,0.5,,,,0.7
IL3RA,,,,,,,,,,,,0.9,,0.6,,,,,,,,,
IL4,,,0.9,,0.67,,,,0.75,0.7,0.85,,,,,,,,0.5,0.89,,,
IL4I1,0.9,,,,,,,,,,,,,,,,,,,,,,
IL4R,,,,,,,,,,,,1.0,,,,,,,,,,,
IL5,,,0.9,,,,0.8,,0.7,0.7,0.6,,,,0.75,,,,,,,,
IL5RA,,,0.0,,,,0.8,0.4,0.5,0.6,0.7,,,,0.6,,,0.7,,0.9,,,
IL6,,,0.34,,0.23,,,,0.7,0.8,0.95,,,,,,,,0.85,,,,
IL6R,0.9,,0.2,,,,,0.7,0.6,,,,0.9,,,,0.85,,,,,,
IL6ST,,1.0,,1.0,0.9,,0.8,0.4,0.6,,0.6,,,,,,,,0.5,0.75,,,
IL7,,,,0.92,0.0,,0.75,0.7,0.8,,0.9,,,,,0.85,,,0.88,0.8,,,
IL7R,,,0.0,,0.65,,0.8,0.7,0.6,,0.7,,,,,,,0.8,0.5,0.96,,,0.5
IL9,,,0.0,,0.6,0.8,,,0.8,0.7,0.9,,,,0.7,,,,0.5,1.0,,,
IL9R,0.8,,0.0,,0.4,,,0.5,0.7,,,,0.9,,0.7,,,,0.6,,0.97,,0.6
ILDR1,,,0.0,,0.75,,0.5,0.6,0.7,,0.9,,,,0.8,,,,0.5,0.94,,,
ILDR2,,,,,,,,,,,,0.8,,,,,,,,,,,
ILF2,,1.0,,0.9,0.8,,,0.8,0.7,,0.6,,,,0.7,0.75,,,0.5,,,0.6,
ILF3,,1.0,,1.0,0.98,,0.8,,0.6,,0.7,,,,0.6,,0.85,,,0.7,,,
ILK,,1.0,0.0,,,,,0.7,0.8,,,,0.9,,,,,,,,0.82,,
ILKAP,,,,0.98,0.09,,0.8,,0.7,,0.9,,,,0.6,0.75,,,0.78,,,0.49,
IMMP1L,,,0.0,,0.79,,0.4,,0.6,,0.7,,,,,,,,0.5,,,0.5,
IMMP2L,,,0.99,,0.54,,0.8,,0.75,,0.9,,,,0.7,,,,0.87,0.71,,,
IMMT,,,0.8,,0.3,,,,0.5,,0.9,,,,0.8,0.75,,,0.6,,,0.7,
IMP3,,,0.0,,0.8,0.7,,0.7,0.8,,0.9,,,,,,,,0.5,,,0.6,
IMP4,,,0.0,,0.63,,,,0.7,,0.9,,,,0.8,,,,0.5,,,,
IMPA1,0.8,1.0,0.0,,,,,,0.8,,,,0.9,,,,0.9,,,,,0.6,0.5
IMPA2,,,0.0,,0.49,,,,0.73,,0.67,,,,0.85,,,,0.5,,,,
IMPACT,,,0.0,,0.73,0.7,,0.2,0.6,,0.8,,,,0.5,,,,0.5,,,0.6,
IMPDH1,0.7,,0.0,,,,,,,,,,0.9,,0.7,,,,,,,,
IMPDH2,0.8,1.0,0.0,,0.48,0.7,,0.6,0.75,0.9,0.85,,,,0.8,,,,,,,,
IMPG1,,,0.0,,0.98,,0.5,0.4,0.6,,0.9,,,,0.7,,,0.8,0.75,0.85,,,
IMPG2,,,0.0,,,,0.5,,,,,,0.9,,0.7,,,,,,,,
INA,,,0.0,,0.84,,,,0.8,,0.9,,,,0.7,0.7,,,0.5,,,,
INAFM1,,,0.0,,0.0,,,,0.6,,0.8,,,,0.9,,,,0.5,,,,
INAFM2,,,0.0,,0.0,,,,0.8,,,,,,0.6,0.5,,,0.5,,,,
INAVA,0.8,,0.0,,,,,0.6,,,,,0.9,,,,,,,,0.95,,
INCA1,,,0.0,,,,0.5,,,,,,0.9,,,0.6,,,,,,,
INCENP,,,,,,,,,,,,,,0.7,,,,,,,,,
INE1,,,1.0,,1.0,,,,0.8,,,,,,,,,,0.0,,,0.5,
INF2,0.8,,,1.0,0.84,0.75,,,0.7,,0.9,,,,0.7,,0.8,0.85,0.6,0.73,,,
ING1,,,0.2,,,,0.8,,0.6,,0.9,,,,0.8,,,,,0.65,,,
ING2,,,,,,,,,,,,0.85,,0.7,,,,,,,,,
ING3,,,,1.0,,,,,,,,,0.8,,,,,,,,0.66,,0.6
ING4,,,0.03,,0.35,,,,0.8,,0.9,,,,0.8,,,,0.75,,,0.54,
ING5,,,,0.82,0.14,,,0.1,0.64,,0.85,,,,0.7,,,,0.48,0.62,,,
INHA,0.75,,0.01,,0.49,,,0.6,0.8,,0.95,,,,,0.78,,,0.73,,,,
INHBA,,,,0.98,0.0,,0.4,0.6,0.8,,0.9,,,,,0.78,,,,0.96,,,
INHBB,,1.0,,0.97,0.0,,0.5,0.3,0.7,,0.8,,,,,0.75,,0.6,,0.89,,,
INHBC,,,0.0,,0.67,,0.75,0.2,0.8,,0.9,,,,0.7,,,0.6,0.5,1.0,,,
INHBE,,,0.0,,0.95,,0.6,0.6,0.7,,0.9,,,,,0.75,,0.8,0.5,,,,
INIP,,,0.04,,0.47,0.58,,,0.8,,0.9,,,,0.7,,,,0.1,,,0.52,
INMT,,,0.0,,0.81,,0.1,,0.7,,0.8,,,,0.6,,,,0.5,0.92,,,
INO80,,,,1.0,0.01,,0.8,0.7,0.6,,0.7,,,,0.75,0.8,,,0.5,,,,
INO80B,,,,0.78,0.15,,,,0.67,,0.53,,,,0.75,0.68,,,0.71,,,0.54,
INO80C,,,0.0,,0.63,,,0.7,0.8,,0.9,,,,0.6,,,,0.5,0.71,,,
INO80D,,,,1.0,0.9,,0.6,,0.6,,0.5,,,,0.7,,0.9,,0.7,0.7,,,
INO80E,,,0.9,,,,,,,,,,0.7,,0.85,,0.8,,0.6,,,,
INPP1,,,0.0,,0.78,,,,0.8,,1.0,,,,0.7,,,,0.5,,,0.57,
INPP4A,,1.0,,1.0,0.89,,,,0.8,,0.9,,,,0.7,0.85,0.85,,0.7,,,,
INPP4B,,,,0.53,0.22,,0.8,,0.85,,0.79,,,,0.7,,,,0.92,,,,
INPP5A,,1.0,,0.99,0.87,,0.8,0.6,0.7,0.5,0.9,,,,0.6,,,,,0.77,,,
INPP5B,,,,,,,,,,,,0.9,,0.7,,,,,,,,,
INPP5D,,,,0.96,0.19,,0.9,,0.7,0.7,0.6,,,,,,,,0.8,0.94,,,
INPP5E,,,,,,,,,,,,0.7,,0.5,,,,,,,,,
INPP5F,,,0.0,,0.36,0.5,0.5,,0.9,,0.8,,,,0.9,,0.8,,0.7,0.86,,,
INPP5J,,,0.9,,0.85,,,,0.7,,0.6,,,,0.7,,,,0.7,1.0,,,
INPP5K,,1.0,0.0,,,,0.5,0.6,0.7,,0.9,,,,0.6,,0.8,,,,,0.7,
INPPL1,0.5,1.0,0.0,,0.28,,,,0.7,,,,0.9,,,,,,,,0.65,,
INS,,1.0,0.32,,0.24,,0.7,0.75,0.85,,0.9,,,,0.9,,,,,1.0,,,
INS-IGF2,,,0.2,,,,0.8,,,,,,0.9,,0.9,,,,,,1.0,,0.6
INSC,,,0.0,,,,0.8,,,,,,0.9,,0.9,,,,,,,,
INSIG1,,,0.0,,0.57,,,,0.75,,0.85,,,,,0.75,,,0.5,,,,
INSIG2,,,,,,,,,,,,0.8,,0.6,,,,,,,,,
INSL3,0.8,,0.02,,0.65,,,0.6,0.7,,0.9,,,,,,,,0.5,1.0,,,
INSL4,,,0.0,,0.6,,,,0.7,,0.9,,,,0.75,,,,0.5,0.97,,,
INSL5,,,0.14,,0.54,0.73,0.4,0.85,0.75,,0.92,,,,0.8,,,,0.67,0.87,,,
INSL6,,,0.0,,0.7,0.8,,0.7,0.6,,0.9,,,,0.8,,,,0.5,1.0,,,
INSM1,,,0.0,,0.0,,,,0.7,,0.9,,,,0.7,,,,0.8,,,,
INSM2,,,,0.88,0.09,,,,0.6,,0.61,,,,,,,,0.75,0.92,,,
INSR,0.85,1.0,0.0,,0.32,,0.8,,0.5,0.7,0.6,,,,,,0.9,,0.5,0.77,,,
INSRR,,,0.0,,0.76,,,,0.6,0.5,0.9,,,,0.7,,,,0.8,0.94,,,
INTS1,0.5,1.0,0.0,,,,,,,,,,0.86,,0.7,,,,,,,,
INTS10,,,,1.0,0.05,,0.8,0.5,0.7,,0.6,,,,0.7,,,,0.7,,,0.6,
INTS11,,,0.0,,0.0,,,,0.7,,0.9,,,,0.75,0.6,,,0.8,0.68,,,
INTS12,,,,0.94,0.11,,0.1,0.2,0.8,,0.6,,,,0.7,,,0.5,0.46,,,0.5,
INTS13,,,1.0,,1.0,,,,0.6,,0.8,,,,0.9,,,,0.5,0.66,,,
INTS14,,,0.0,,0.0,,,,0.7,,0.8,,,,0.7,0.6,,,0.5,,,0.6,
INTS2,,,,,,,,,,,,0.8,,,,,,,,,,,
INTS3,,,,1.0,0.15,,,,0.7,,0.9,,,,0.8,,,,0.6,0.7,,,
INTS4,,,0.0,,0.52,,,0.6,0.8,,0.9,,,,0.7,,,,0.7,0.64,,,
INTS5,,,,,,,,,,,,0.85,,0.7,,,,,,,,,
INTS6,,1.0,,1.0,0.04,,,0.5,0.6,,0.7,,,,0.8,,,,0.8,,,,
INTS6L,,,0.0,,0.0,,,,0.6,,0.8,,,,0.9,,,,0.5,,,,
INTS7,0.5,,0.0,,0.36,,0.6,,0.8,,0.9,,,,0.7,,,,0.7,0.7,,,
INTS8,0.8,,,0.94,0.19,,,,0.7,,,,0.9,,0.7,,,,0.75,0.66,,,
INTS9,,,0.0,,0.5,,,,0.8,,0.9,,,,0.7,0.65,,,0.5,0.65,,,
INTU,,,,,,,,,,,,0.7,,0.5,,,,,,,,,
INVS,0.8,1.0,0.0,,,,,,,,,,0.9,,0.8,0.75,0.85,,,,0.66,,
IP6K1,,,,0.94,0.11,,0.8,,0.7,,0.74,,,,0.6,,0.9,,0.88,,,0.54,
IP6K2,,,,0.96,0.1,,0.75,0.6,0.7,,0.8,,,,0.75,,,,0.85,0.69,,,
IP6K3,,,0.0,,0.76,,0.4,0.6,0.7,,0.8,,,,0.7,,,,0.5,1.0,,,
IPCEF1,,,0.0,,0.39,,0.4,0.6,0.7,,0.9,,,,0.8,,,0.8,0.5,0.94,,,
IPMK,,,,,,,,,,,,,,,,,,,,,,,
IPO11,,,0.0,,0.28,,,,0.6,,0.9,,,,0.8,0.7,,0.5,0.7,0.61,,,
IPO13,,,,,,,,,,,,,,,,,,,,,,,
IPO4,,,0.0,,0.67,0.73,,,0.8,,0.9,,,,0.7,0.75,,,0.5,,,,
IPO5,,,,1.0,0.95,,0.5,,0.75,,0.8,,,,0.7,,,0.6,0.7,0.66,,,
IPO7,,,,1.0,0.9,,0.6,,0.5,,0.7,,,,,0.75,,,0.4,,,,
IPO8,,,0.21,,0.23,,0.8,,0.7,,0.9,,,,0.8,,,,0.75,,,,0.6
IPO9,,,,,,,,,,,,,,,,,,,,,,,
IPP,,,0.0,,0.45,,0.5,,0.5,,0.6,,,,0.8,,,0.9,0.7,,,0.6,
IPPK,,1.0,,0.88,0.17,,0.4,0.96,0.9,,0.81,,,,0.7,0.75,,,,0.91,,,
IQCB1,,,0.0,,0.65,,,0.6,0.8,,0.9,,,,0.5,,,0.7,,0.65,,,
IQCC,,,0.0,,0.73,,,0.1,0.5,,0.75,,,,0.8,0.5,,,0.5,,,,
IQCE,0.8,,0.0,,0.7,,,0.4,0.7,,0.6,,,,0.8,,,,0.5,0.6,,,
IQCF1,,,0.8,,0.6,,,0.7,0.6,,0.9,,,,,,,,0.5,,,,
IQCF2,,,0.0,,0.6,,,0.6,0.4,,0.75,,,,,,,,0.5,,,,
IQCF3,,,0.0,,0.5,,,,0.8,,,,,,,0.6,,,0.6,,,,
IQCF5,,,0.99,,0.5,,0.5,,0.6,,0.6,,,,,,,,0.75,1.0,,,
IQCF6,,,0.0,,0.0,,,,0.6,,0.8,,,,,,,,0.5,,,,
IQCH,,,0.0,,,,,,,,,,0.8,,,,0.7,,,,0.9,,
IQCJ,,,0.0,,0.66,,,,0.6,,0.9,,,,,,,,0.5,,,,
IQCJ-SCHIP1,,,0.97,,0.71,,,,0.8,,,,,,0.8,,,,0.85,,,0.0,
IQCK,,,0.0,,0.69,,,,0.8,,0.9,,,,0.8,,,,0.5,,,,0.6
IQCM,,,0.0,,0.0,,,,0.5,,,,,,,,,,0.5,,,,
IQCN,,,0.0,,,,,,,,,,0.9,,,,,,,,,,
IQGAP1,,,,,,,,,,,,0.8,,0.6,,,,,,,,,
IQGAP2,,,0.0,,,,0.9,,,,,,0.8,,0.6,,,,,,0.9,,0.6
IQGAP3,,,0.0,,,,0.5,0.6,,,,,0.8,,0.6,0.6,0.7,,,,0.9,,
IQSEC1,0.9,,,1.0,0.1,,,,0.75,,,,0.85,,0.7,0.8,,,0.7,0.62,,,
IQSEC2,0.8,,,1.0,0.97,,,,0.8,,0.9,,,,0.7,,,0.75,0.7,0.89,,,0.6
IQSEC3,,,0.8,,0.3,,,,0.7,,0.9,,,,0.75,,,0.8,0.6,0.95,,,
IQUB,,,0.0,,0.73,,,0.4,0.6,,0.85,,,,0.8,0.65,,0.7,0.79,1.0,,,
IRAK1,,,,,,,,,,,,0.8,,0.6,,,,,,,,,
IRAK1BP1,,,0.0,,0.82,,0.75,0.6,0.5,,0.8,,,,0.7,,,,0.5,0.7,,,
IRAK2,,,,,,,,,,,,0.8,,0.6,,,,,,,,,
IRAK3,,,0.0,,0.5,0.6,0.5,0.5,0.6,0.4,0.9,,,,0.6,,,0.7,0.7,0.8,,,
IRAK4,0.8,,0.0,,,,,0.6,0.85,,,,0.9,,0.75,,,,,,0.65,,
IREB2,,,,,,,,,,,,,,0.7,,,,,,,,,
IRF1,,,,0.99,0.05,,0.85,,0.75,,0.9,,,,,,,,0.65,0.94,,,
IRF2,,,,0.81,0.16,,,0.08,0.17,,0.378,,,,0.9,0.7,,,0.349,0.66,,,
IRF2BP1,,,,0.99,0.05,,,0.5,0.6,,0.68,,,,0.85,0.7,,,0.58,,,0.55,
IRF2BP2,,,,0.85,0.09,,0.8,,0.75,,0.9,,,,0.7,,,,0.5,0.65,,,
IRF2BPL,0.8,,,0.96,0.89,,,,0.75,,,,0.9,,0.9,,,,0.5,,,0.6,
IRF3,0.8,,0.0,,,,,0.6,,,,,0.9,,,,,,,,0.69,,
IRF4,,,,0.88,0.16,,0.9,,0.8,,0.95,,,,,0.85,,,0.75,1.0,,,
IRF5,,,0.9,,,,0.8,,0.75,,0.85,,,,,,,,,0.9,,,
IRF6,,1.0,,1.0,0.0,,0.8,,0.6,,0.7,,,,,,,0.8,0.5,0.96,,,
IRF7,,,0.0,,0.5,,0.8,0.4,0.8,,0.9,,,,0.6,,,,0.6,0.9,,,
IRF8,,,,0.94,0.14,,,,0.75,,0.9,,,,0.8,,,0.9,0.85,0.99,,,
IRF9,0.8,,,0.59,0.2,,,0.7,0.88,,,,0.95,,0.9,,,,0.78,,0.68,,
IRGC,,,0.8,,0.4,,,0.6,0.7,,0.9,,,,,,,0.8,0.6,1.0,,,
IRGM,0.8,,0.0,,,,,0.5,,,,,0.9,,,,,,,,0.9,,
IRGQ,,,0.0,,0.4,,,,0.7,,0.9,,,,0.75,,,,0.8,,,0.5,
IRS1,,1.0,0.04,,0.28,,0.84,0.1,0.88,,0.96,,,,0.8,,,0.7,,,,,
IRS2,0.8,,,0.99,0.11,,,0.5,0.7,,,,0.9,,0.8,,,0.6,0.8,,,,
IRS4,0.5,,,0.63,0.2,,,,0.7,,,,0.9,,0.8,,,,0.85,,0.99,,
IRX1,,,0.0,,0.6,,0.9,,0.7,,0.8,,,,,,,0.8,0.5,0.94,,,
IRX2,,,0.11,,0.3,,0.5,,0.6,,0.7,,,,,,,,0.5,0.95,,,
IRX3,,,,0.86,0.09,,,,0.7,,0.9,,,,,0.75,,,0.5,0.94,,,
IRX4,,,0.06,,0.31,,0.1,,0.7,,0.8,,,,0.8,,,0.9,0.5,0.96,,,
IRX5,0.8,,,0.98,0.06,,,,0.7,,,,0.9,,,,,,0.5,,0.95,,
IRX6,0.6,,0.0,,,,0.5,,,,,,0.9,,,,,,,,0.96,,
ISCA1,0.5,,0.18,,0.32,,,,,,,,0.88,,0.6,,,,0.13,,,0.49,
ISCA2,0.8,,0.0,,0.7,,,0.6,0.7,,0.9,,,,0.8,,,,0.5,,,0.5,
ISCU,,,0.2,,0.44,0.58,0.5,,0.6,,0.8,,,,0.9,,0.8,,0.5,,,0.7,
ISG15,,,0.4,,0.0,,0.5,0.6,0.7,0.6,0.8,,,,,0.75,,,0.5,0.97,,,
ISG20,,,,,,,,,,,,,,,,,,,,,,,
ISG20L2,,,0.3,,,,0.5,,,,,,0.8,,0.6,,0.8,,0.5,,0.9,,
ISL1,,1.0,,0.9,0.12,,0.4,,0.5,,0.76,,,,0.8,,,,0.7,1.0,,,
ISL2,,1.0,0.11,,0.29,,,,0.7,,0.9,,,,0.6,,,0.85,0.8,0.92,,,
ISLR,,,0.9,,0.5,,,0.75,0.7,,0.8,,,,0.75,,,,0.6,0.9,,,
ISLR2,,,1.0,,1.0,,,,0.7,,0.9,,,,0.8,,,0.9,0.8,,,,
ISM1,,,0.98,,0.34,,,,0.7,,0.85,,,,0.8,,,,0.75,,,,
ISM2,,,0.0,,0.84,,0.6,,0.7,,0.8,,,,0.8,,,,0.5,0.93,,,
ISOC1,,,0.0,,0.87,,0.8,0.4,0.6,,0.9,,,,0.8,0.6,,0.7,0.5,0.69,,,
ISOC2,,,0.0,,0.88,,,0.75,0.8,,0.7,,,,0.9,0.65,,,0.5,,,0.6,
IST1,,,,,,,,,,,,0.8,,,,,,,,,,,
ISX,,,0.0,,0.95,,0.1,0.4,0.5,,0.7,,,,,,,0.6,0.5,1.0,,,
ISY1,,,,,,,,,,,,,,,,,,,,,,,
ISYNA1,,,0.0,,0.5,,0.6,,0.8,,0.9,,,,0.7,,,0.9,0.7,0.92,,,
ITCH,,,,1.0,0.1,,0.8,0.5,0.6,,0.7,,,,,,,,,,,,0.5
ITFG1,,,0.8,,0.26,,,,0.8,,0.9,,,,0.8,,,,0.5,,,0.6,
ITFG2,,,0.0,,0.62,,,0.6,0.7,,0.9,,,,0.8,0.7,,,0.5,,,,
ITGA1,,,0.0,,,,0.8,0.2,,,,,0.9,,0.6,0.7,0.8,,,,0.9,,
ITGA10,,,0.0,,0.62,,,,0.6,,0.75,,,,0.9,,,0.7,0.8,,,,0.7
ITGA11,,,0.0,,0.39,,0.6,,0.6,,0.7,,,,0.9,,,0.7,0.5,0.97,,,
ITGA2,0.8,,0.0,,0.43,0.36,,,0.7,0.6,0.9,,,,0.75,,,,0.8,,,,0.5
ITGA2B,,,0.0,,,,0.8,,0.5,0.7,0.6,,,,0.8,,,,,0.9,,,
ITGA3,0.8,1.0,0.0,,0.36,,,0.5,0.7,,0.9,,,,0.6,,,,,0.89,,,
ITGA4,,,,,,,,,,,,,,,,,,,,,,,
ITGA5,,,,,,,,,,,,0.8,,0.6,,,,,,,,,
ITGA6,,1.0,0.0,,0.36,,0.5,0.7,0.8,,0.9,,,,0.8,,,,,0.94,,,
ITGA7,0.8,1.0,0.0,,0.58,,,,0.75,,0.9,,,,0.7,,,,,0.87,,,
ITGA8,,,,,,,,,,,,0.9,,,,,,,,,,,
ITGA9,,0.8,0.9,,,,0.7,0.7,0.75,,,,0.85,,0.6,,,,,,,,
ITGAD,0.75,,0.0,,,,0.8,,,,,,0.9,,0.9,,,,,,,,0.6
ITGAE,,,0.0,,0.69,,,,0.7,,0.9,,,,0.9,,,,0.8,,,,
ITGAL,,,0.0,,,,0.7,,0.7,0.6,0.8,,,,0.8,,,,0.5,0.97,,,
ITGAM,,,,,,,,,,,,0.8,,0.6,,,,,,,,,
ITGAV,,1.0,0.0,,,,0.1,0.5,0.7,0.8,0.9,,,,,,,,,,,,0.4
ITGAX,,,0.0,,0.52,,,,0.6,,0.9,,,,0.75,0.78,,,0.7,,,,
ITGB1,,,,1.0,0.9,,,,,,,,,,,,,,,,,,
ITGB1BP1,,,0.0,,0.55,,,,,,,,,,,,,,,,,,
ITGB1BP2,,,0.0,,0.87,,,0.1,0.9,,0.8,,,,,,,,0.5,0.92,,,
ITGB2,,1.0,0.0,,0.71,0.8,0.5,0.7,0.8,0.9,0.9,,,,,,,,0.6,0.97,,,
ITGB3,,1.0,0.0,,0.32,,0.2,0.1,0.85,0.9,0.9,,,,,,,,,,,,
ITGB3BP,,,0.0,,0.91,,,0.6,0.7,,0.9,,,,0.8,0.75,,,0.5,0.69,,,
ITGB4,,,,,,,,,,,,1.0,,0.6,,,,,,,,,
ITGB5,,,,,,,,,,,,0.9,,0.6,,,,,,,,,
ITGB6,,,0.0,,,,0.8,0.5,0.7,0.6,0.9,,,,0.8,0.7,,,,,,,
ITGB7,,,,,,,,,,,,,,,,,,,,,,,
ITGB8,,,,,,,,,,,,0.8,,0.6,,,,,,,,,
ITGBL1,,,0.0,,0.63,,,,0.67,,0.83,,,,0.5,0.65,,0.9,0.5,0.96,,,
ITIH1,,,0.0,,1.0,,0.9,,0.75,,0.85,,,,0.9,,0.9,,0.7,,,,
ITIH2,,,0.0,,0.8,,0.5,,0.7,,0.8,,,,0.9,,,,0.5,1.0,,,
ITIH3,0.7,,0.0,,0.64,,0.7,,0.5,,0.6,,,,0.6,0.6,,,0.8,1.0,,,
ITIH4,,,0.0,,0.56,,0.6,,0.7,,0.9,,,,0.8,,,,0.8,1.0,,,
ITIH5,,,0.0,,0.88,,0.1,0.3,0.7,,,,,,,,,,0.5,,,,
ITIH6,,,0.0,,0.5,,,,0.7,,0.6,,,,,0.75,,0.8,0.8,1.0,,,
ITK,0.8,,0.0,,0.49,,,0.5,0.6,0.7,0.9,,,,0.8,0.75,,0.9,0.8,0.96,,,
ITLN1,,,,,,,,,,,,1.0,,0.8,,,,,,,,,
ITLN2,,,0.0,,0.69,0.87,,0.1,0.5,,0.88,,,,0.7,,,,0.65,1.0,,,
ITM2A,,,,,,,,,,,,0.8,,,,,,,,,,,
ITM2B,0.9,,,0.65,0.17,,,0.7,0.75,,0.85,,,,,,,,0.53,,,0.56,
ITM2C,,,,,,,,,,,,0.8,,,,,,,,,,,
ITPA,,1.0,0.0,,0.83,,0.75,,0.8,,0.9,,,,0.7,,,,,,,0.6,
ITPK1,,,,0.95,,,0.8,0.5,0.75,,,,0.9,,0.7,,,,,,0.7,,
ITPKA,,,,,,,,,,,,0.8,,0.6,,,,,,,,,
ITPKB,,,,1.0,0.03,,,,0.6,0.5,0.7,,,,0.8,,,,0.8,0.71,,,
ITPKC,0.6,,0.14,,0.26,0.21,0.1,0.2,0.8,,0.9,,,,0.5,,,,0.68,0.82,,,
ITPR1,,,,,,,,,,,,0.7,,0.5,,,,,,,,,
ITPR2,,,0.0,,0.49,,0.9,,0.75,0.6,0.85,,,,0.7,,,,0.8,0.75,,,
ITPR3,,,0.0,,0.47,,0.5,,0.75,0.6,0.7,,,,0.8,,,,0.8,0.87,,,
ITPRIP,,,0.0,,1.0,,,,0.8,,0.9,,,,0.75,0.78,,,0.7,0.9,,,
ITPRIPL1,,,0.0,,0.95,,,,0.8,,,,0.9,,,0.85,,,,,,,
ITPRIPL2,,,0.0,,0.61,0.81,,,0.7,,0.8,,,,0.9,0.7,,,0.5,,,,
ITSN1,,1.0,,1.0,0.85,,0.9,,0.6,,0.7,,,,,,,,0.5,,,,
ITSN2,,,0.0,,0.36,,,,0.75,,0.9,,,,0.7,0.7,,,0.8,,,,
IVD,0.9,,0.0,,,,0.8,,,,,,0.7,,0.7,0.7,0.8,,,,,0.5,
IVL,,,1.0,,1.0,,,0.2,0.8,,0.9,,,,0.8,,,0.6,0.7,0.95,,,
IVNS1ABP,0.9,1.0,,0.95,0.8,,,,,,,,0.85,,0.7,0.8,0.9,0.8,,,,,
IWS1,,,,1.0,0.8,,,,0.7,,0.6,,,,0.8,0.85,,0.8,0.7,,,0.6,
IYD,0.8,,0.0,,0.46,,,0.3,0.7,,0.6,,,,0.8,,,,0.5,1.0,,,
IZUMO1,,,0.0,,,,0.5,0.7,0.8,,,,0.9,,0.8,,,,0.6,,1.0,,
IZUMO1R,,,0.0,,0.0,,,,0.7,,0.8,,,,0.7,,,,0.5,0.9,,,
IZUMO2,,,0.0,,0.68,,,0.1,0.6,,0.9,,,,0.8,0.55,,,0.5,,,,
IZUMO3,,,0.0,,0.0,,,,0.5,,,,,,0.6,0.5,,,0.5,,,,
IZUMO4,,,0.0,,0.7,,,,0.6,,0.9,,,,0.7,0.7,,,0.5,,,,
JADE1,,,0.0,,,,,0.4,0.8,,0.9,,,,0.8,,,,0.5,,0.64,,
JADE2,,,,,,,,,,,,,,,,,,,,,,,
JADE3,,,0.0,,0.0,,,,0.8,,0.9,,,,0.7,,,0.7,0.5,,,,
JAG1,,,,,,,,,,,,,,,,,,,,,,,
JAG2,,1.0,,1.0,0.94,,,0.5,0.6,,0.7,,,,0.8,0.85,,0.9,0.8,0.77,,,
JAGN1,,,,,,,,,,,,0.8,,0.6,,,,,,,,,
JAK1,,,,,,,,,,,,0.8,,0.75,,,,,,,,,
JAK2,,1.0,0.47,,0.22,,0.9,0.6,0.7,0.85,0.75,,,,,,,,,0.85,,,
JAK3,0.8,,0.0,,0.34,,,0.6,0.7,0.9,0.85,,,,0.8,,,,0.75,0.95,,,
JAKMIP1,,,,,,,,,,,,0.8,,,,,,,,,,,
JAKMIP2,,,,1.0,0.92,,,,0.8,,0.9,,,,0.8,,,,0.7,0.85,,,0.7
JAKMIP3,,,,0.92,0.19,,,,0.7,,0.76,,,,0.75,,,,0.84,0.88,,,
JAM2,0.5,,0.01,,0.37,,,,0.8,,0.9,,,,,0.7,,,0.298,,,,
JAM3,0.8,1.0,0.0,,,,,,,,,,0.9,,,,0.9,,,,0.8,,0.6
JAML,,,0.0,,0.0,,,0.2,0.6,,0.8,,,,0.6,,,,0.5,,,,
JARID2,,1.0,,1.0,0.9,,0.7,,0.5,,0.6,,,,0.6,,,,,0.8,,,
JAZF1,,,,0.9,0.09,,0.54,,0.7,,0.94,,,,0.9,,,0.8,0.243,0.72,,,
JCAD,0.9,,0.0,,0.0,,,,0.7,,0.9,,,,,0.7,0.8,,0.5,,,,
JCHAIN,,,1.0,,1.0,,,,0.8,,0.9,,,,0.8,0.85,,,0.8,,,,
JDP2,,,0.36,,0.23,,0.1,,0.8,,0.72,,,,0.5,,,,0.81,0.71,,,
JHY,,,1.0,,1.0,,,,0.5,,0.6,,,,0.8,,,0.9,0.8,,,,
JKAMP,,,,,,,,,,,,0.9,,0.7,,,,,,,,,
JMJD1C,,,,1.0,0.03,,0.9,,0.75,,0.85,,,,,,0.85,,0.8,0.7,,,0.6
JMJD4,,,0.0,,0.84,0.57,0.1,,0.6,,0.8,,,,0.8,,0.7,,0.5,,,0.5,
JMJD6,0.65,0.8,,0.9,,,,0.7,,,,,,,,,,,,,,,
JMJD7,,,0.0,,0.55,0.81,,,0.5,,0.61,,,,,0.75,0.9,,0.5,,,,
JMJD7-PLA2G4B,,,0.0,,0.5,,,,0.6,,0.9,,,,,,,0.7,0.7,0.9,,,0.6
JMJD8,,,0.0,,0.7,,,,0.6,,0.8,,,,0.9,,,,0.5,0.7,,,
JMY,,,,0.95,0.75,,,,0.8,,,,0.9,,0.7,0.82,,,0.6,,,0.7,
JOSD1,,,0.8,,,,,,,,,,0.75,,0.85,,0.9,,,,,0.7,
JOSD2,,,0.0,,0.87,,,0.6,0.8,,0.9,,,,0.7,,,,0.5,,,0.5,0.6
JPH1,,,,,,,,,,,,1.0,,,,,,,,,,,
JPH2,,1.0,0.0,,0.47,,0.8,,0.6,,0.7,,,,0.7,0.75,,,,0.91,,,
JPH3,,,,1.0,0.04,,0.8,,0.5,,0.6,,,,0.7,,,0.8,0.4,0.9,,,
JPH4,,,,,,,,,,,,0.8,,,,,,,,,,,
JPT1,,,0.0,,0.0,,,,0.7,,0.8,,,,0.9,,,,0.5,,,,
JPT2,,,0.0,,0.0,,,0.6,0.7,,0.8,,,,0.75,,0.85,,0.5,,,,
JRK,0.8,,0.0,,,,,,0.7,,,,,,0.5,,,0.6,,,,,0.6
JRKL,,,0.0,,0.48,,,,0.7,,0.9,,,,0.8,0.65,,0.85,0.6,0.71,,,
JSRP1,,,0.0,,0.7,,,0.4,0.5,,0.6,,,,0.7,,,,0.8,,,,
JTB,,,,,,,,,,,,0.8,,,,,,,,,,,
JUN,,1.0,,0.65,0.13,,,0.4,0.8,0.5,0.9,,,,0.7,,,,0.75,0.85,,,
JUNB,,,,0.86,0.0,,,0.7,0.8,,0.9,,,,0.7,0.75,,,0.5,0.79,,,
JUND,,,,,,,,,,,,,,,,,,,,,,,
JUP,,1.0,0.0,,0.37,,0.5,0.6,0.8,,0.9,,,,0.8,,,,0.7,0.97,,,0.5
KAAG1,,,0.29,,0.0,,,,0.8,,,,0.9,,,,,,0.1,,,,
KALRN,,,,1.0,0.08,,0.9,0.5,0.6,,0.7,,,,0.75,,,,0.8,0.91,,,
KANK1,0.7,,0.0,,0.71,,,,0.5,,0.6,,,,,,,,0.8,0.81,,,
KANK2,0.7,,0.19,,0.24,,0.8,,0.75,,0.9,,,,0.5,,,,0.85,0.85,,,
KANK3,,,0.0,,0.7,,0.5,,0.7,,0.8,,,,0.8,,,0.6,0.5,0.9,,,
KANK4,,,0.0,,,,0.5,0.6,0.7,,,,0.8,,0.9,,,,0.5,,1.0,,
KANSL1,,,,1.0,0.11,0.9,0.75,0.65,0.6,,0.7,,,,0.75,,,,0.8,0.7,,,
KANSL1L,,,,0.64,0.21,,,,0.67,,0.88,,,,0.9,,,,0.75,0.75,,,
KANSL2,,,,,,,,,,,,0.5,,,,,,,,,,,
KANSL3,,,,1.0,0.05,,,,0.6,,,,0.8,,0.7,0.85,,,0.7,,,,
KAT14,,,0.0,,0.0,,,,0.7,,0.9,,,,0.5,,,,0.8,,,0.5,
KAT2A,,0.8,,0.54,0.22,,0.1,,0.85,,0.9,,,,,,,,,0.7,,,
KAT2B,,,,0.98,0.17,,,0.7,0.85,0.8,0.9,,,,0.85,,,,0.8,,,0.65,
KAT5,,1.0,0.32,,0.23,,0.8,0.6,0.7,0.3,0.6,,,,,,,,0.5,,,0.6,
KAT6A,0.8,1.0,,1.0,0.02,,,0.6,0.85,,,,0.9,,0.8,,,,0.7,,0.65,,0.5
KAT6B,0.8,1.0,,1.0,0.94,,,0.6,,,,,0.9,,0.6,,,,0.5,,,,
KAT7,,1.0,,1.0,0.03,,0.8,0.5,0.6,,0.7,,,,,0.75,,,0.4,,,0.5,
KAT8,,1.0,0.26,,0.24,,0.4,0.2,0.6,0.3,0.8,,,,,,,,0.5,,,0.54,
KATNA1,,,0.0,,0.44,,0.1,0.5,0.6,,0.8,,,,0.8,,,0.7,0.5,0.72,,,
KATNAL1,,,0.47,,0.22,,,,0.6,,0.124,,,,0.9,0.65,,,0.49,0.64,,,
KATNAL2,,,0.0,,0.55,,,,0.8,,0.9,,,,0.7,,,0.9,0.8,0.79,,,
KATNB1,0.5,,0.0,,0.42,,,0.4,0.6,,0.9,,,,0.7,,,0.7,0.7,0.65,,,
KATNBL1,,,,0.73,0.17,,,0.4,0.6,,,,0.9,,,,,,0.5,,,0.57,
KAZALD1,,,0.0,,0.71,,0.5,,0.7,,0.8,,,,0.9,,,,0.5,,,,0.6
KAZN,,,,0.63,0.21,,,0.1,0.7,,0.89,,,,0.8,,,0.8,0.75,,,,
KBTBD11,,,,,,,,,,,,,,,,,,,,,,,
KBTBD12,,,0.8,,0.7,,,,0.7,,0.9,,,,0.9,,,0.8,0.5,,,,
KBTBD13,,,0.0,,0.5,,,,0.6,,0.7,,,,0.7,0.6,,0.9,0.5,1.0,,,
KBTBD2,,,,,,,,,,,,,,,,,,,,,,,
KBTBD3,,,0.0,,0.5,,,,0.7,,0.8,,,,0.9,,,,0.6,,,0.6,
KBTBD4,,,,,,,,,,,,,,,,,,,,,,,
KBTBD6,,,,,,,,,,,,,,,,,,,,,,,
KBTBD7,,,0.0,,0.56,,,0.85,0.75,,0.8,,,,0.8,0.8,,,0.7,,,0.6,
KBTBD8,,,,,,,,,,,,,,,,,,,,,,,
KCMF1,,,,,,,,,,,,1.0,,,,,,,,,,,
KCNA1,,1.0,0.1,,0.3,,,,0.7,0.6,0.9,,,,,,,,,,,,
KCNA10,,,0.0,,0.65,,,0.8,0.75,0.9,0.85,,,,0.9,,,,0.7,,,,
KCNA2,,,,0.87,0.13,,,,,,,,,,,,,,,,,,
KCNA3,,,,,,,,,,,,0.8,,0.75,,,,,,,,,
KCNA4,,,,1.0,0.0,0.9,0.8,,0.6,0.6,0.5,,,,0.8,,,0.8,0.5,0.9,,,
KCNA5,0.8,,0.0,,,,,,,,,,0.85,,,,0.9,,,,0.97,,
KCNA6,,,0.43,,0.22,,,0.6,0.75,0.8,0.9,,,,0.8,0.7,0.9,,0.85,,,0.1,
KCNA7,0.8,,0.16,,0.29,0.44,,,0.9,0.9,0.59,,,,0.75,,,,0.91,,,,
KCNAB1,0.6,,,0.82,0.18,,0.4,0.1,0.5,,0.5,,,,,,,,0.84,0.94,,,
KCNAB2,,,,,,,,,,,,,,,,,,,,,,,
KCNAB3,,,0.0,,0.85,,,0.4,0.6,,0.9,,,,0.7,0.65,,,0.5,0.99,,,
KCNB1,,,,1.0,0.0,,,,0.7,0.7,0.6,,,,,,,,,,,,
KCNB2,,,,,,,,,,,,0.9,,0.8,,,,,,,,,
KCNC1,0.9,,,0.95,0.8,,,,0.7,0.75,0.6,,,,0.8,0.85,0.9,,0.7,,,,
KCNC2,,,0.16,,0.26,0.12,,,0.75,0.71,0.89,,,,,,0.85,,0.64,,,,
KCNC3,0.8,,0.23,,0.25,,,,0.5,0.6,0.7,,,,0.8,0.7,,,0.5,0.95,,,
KCNC4,,,0.0,,0.41,,0.2,0.6,0.7,0.8,0.9,,,,0.9,,0.85,,0.5,0.75,,,
KCND1,,,,,,,,,,,,0.85,,0.75,,,,,,,,,
KCND2,,,0.98,,,,,0.7,0.85,0.75,0.9,,,,,0.85,,,,1.0,,,
KCND3,,,,0.99,0.09,0.88,0.8,,0.65,0.7,0.6,,,,,0.78,,0.9,0.65,0.93,,,
KCNE1,,,,,,,,,,,,0.7,,0.8,,,,,,,,,
KCNE2,,,0.0,,0.5,,0.9,0.5,0.7,,0.8,,,,0.6,,,,0.6,0.95,,,
KCNE3,,,,,,,,,,,,1.0,,1.0,,,,,,,,,
KCNE4,,,0.26,,0.29,,0.4,,0.67,,0.99,,,,0.5,0.6,,,0.221,0.83,,,
KCNE5,0.9,,0.0,,0.0,,,,0.7,,0.8,,,,0.8,,0.85,,0.5,0.91,,,
KCNF1,,,,,,,,,,,,,,,,,,,,,,,
KCNG1,,,,,,,,,,,,0.8,,0.6,,,,,,,,,
KCNG2,,,,0.59,0.15,,0.6,,0.7,0.8,0.9,,,,0.8,0.78,,0.75,0.7,0.88,,,
KCNG3,,,,,,,,,,,,0.8,,0.7,,,,,,,,,
KCNG4,,,,,,,,,,,,1.0,,0.8,,,,,,,,,
KCNH1,0.8,,,0.62,0.21,,,,0.75,0.9,0.85,,,,,0.78,,,0.75,0.96,,,
KCNH2,,,,,,,,,,,,0.8,,0.6,,,,,,,,,
KCNH3,,,,,,,,,,,,,,,,,,,,,,,
KCNH4,,,,1.0,0.1,,0.6,,0.7,0.8,0.9,,,,0.9,0.85,,,0.7,0.96,,,
KCNH5,,,0.98,,,,,,0.5,0.6,0.7,,,,0.75,,,,,0.94,,,
KCNH6,,,0.0,,0.5,0.7,,,0.7,0.8,0.9,,,,0.75,,,,0.6,,,,0.6
KCNH7,,,0.26,,0.23,0.32,0.7,,0.8,0.8,0.9,,,,0.7,,,,0.75,0.94,,,
KCNH8,,,,,,,,,,,,0.9,,0.7,,,,,,,,,
KCNIP1,,,,,,,,,,,,0.9,,0.6,,,,,,,,,
KCNIP2,0.5,,0.9,,,,,,,,,,,,,,0.8,,,,0.87,,
KCNIP3,,,,,,,,,,,,0.9,,0.75,,,,,,,,,
KCNIP4,,,,0.95,0.07,,0.8,0.6,0.75,,0.9,,,,,0.75,,,0.5,,,,
KCNJ1,0.8,1.0,0.0,,0.69,,,,0.7,0.6,0.9,,,,,0.65,,,,1.0,,,
KCNJ10,,,,,,,,,,,,0.8,,0.6,,,,,,,,,
KCNJ11,0.8,,0.9,,,,0.85,,,,,,0.9,,,,,,,,0.95,,
KCNJ12,,,0.06,,0.39,,0.4,0.05,0.8,0.1,0.7,,,,0.5,,,,0.433,0.99,,,
KCNJ13,0.8,,0.01,,0.43,,,,0.5,0.6,0.9,,,,0.7,0.65,,,0.72,,,,
KCNJ14,,,0.0,,0.76,,,,0.85,0.8,0.9,,,,0.8,,,,0.7,,,,
KCNJ15,,,0.11,,0.32,,,0.1,0.85,,0.95,,,,0.8,,,,0.75,,,,
KCNJ16,,,,,,,,,,,,0.8,,0.7,,,,,,,,,
KCNJ18,0.8,,0.0,,,,,,,,,,0.7,,0.6,,0.9,,,,,,
KCNJ2,,1.0,0.35,,0.23,,0.9,,0.6,0.5,0.7,,,,0.7,0.75,0.9,,,0.87,,,
KCNJ3,,,,1.0,0.0,,,,0.65,0.6,0.7,,,,0.8,,,0.9,0.75,,,,
KCNJ4,,,,,,,,,,,,0.85,,0.8,,,,,,,,,
KCNJ5,,,0.0,,0.58,0.7,0.8,0.6,0.7,0.4,0.9,,,,0.7,,,,0.5,0.97,,,
KCNJ6,,,,,,,,,,,,0.8,,0.6,,,,,,,,,
KCNJ8,0.8,,0.29,,0.24,0.55,,,0.75,,0.95,,,,0.7,,,,0.85,,,,
KCNJ9,,,0.4,,0.24,0.6,,,0.6,0.7,0.8,,,,0.8,,0.7,0.9,0.5,0.92,,,
KCNK1,0.5,,0.8,,,,,,,,,,0.7,,,,,,,,0.9,,
KCNK10,,,,,,,,,,,,,,,,,,,,,,,
KCNK12,,,,,,,,,,,,,,,,,,,,,,,
KCNK13,,,,,,,,,,,,0.8,,0.7,,,,,,,,,
KCNK15,,,,,,,,,,,,0.8,,0.7,,,,,,,,,
KCNK16,,,0.0,,0.8,,0.1,0.7,0.6,,0.75,,,,,0.75,,,0.5,1.0,,,
KCNK17,0.6,,0.0,,,,0.5,,,,,,0.9,,0.7,0.7,0.8,,,,0.97,,
KCNK18,0.8,,0.0,,0.56,,,,0.75,,0.88,,,,0.7,0.7,0.9,,0.5,0.96,,,
KCNK2,0.6,,0.8,,0.34,0.7,,,0.85,,0.9,,,,,,,,0.5,0.99,,,
KCNK3,0.8,,,0.89,0.09,,,0.5,0.7,0.7,0.6,,,,,,0.9,,0.5,1.0,,,
KCNK4,0.7,,0.9,,,,,,,,,,0.85,,0.9,0.8,0.8,,,,0.9,,
KCNK5,,,,,,,,,,,,0.8,,0.6,,,,,,,,,
KCNK6,,,0.0,,0.63,,,,0.8,,,,0.83,,0.7,,,,0.5,0.85,,,
KCNK7,,,0.0,,0.95,,,,0.6,,0.8,,,,0.7,,,,0.5,1.0,,,
KCNK9,,,,0.96,0.0,,,,0.7,0.8,0.9,,,,,,0.9,,,1.0,,,
KCNMA1,,,,1.0,0.14,,,,0.75,0.85,0.7,,,,0.8,,,0.9,0.8,0.89,,,
KCNMB1,0.5,,0.0,,0.9,,,,0.85,,0.9,,,,0.8,,,,0.5,0.94,,,
KCNMB2,,,,,,,,,,,,,,,,,,,,,,,
KCNMB3,,,0.0,,0.5,,,,0.6,,0.8,,,,0.9,0.7,,,0.7,0.75,,,
KCNMB4,,,,,,,,,,,,1.0,,0.8,,,,,,,,,
KCNN1,,,,0.84,0.16,,,,0.7,0.8,0.9,,,,,,,,0.75,,,,
KCNN2,,0.9,,0.95,0.8,,0.85,,0.65,0.75,0.6,,,,,0.8,0.9,,,,,,
KCNN3,,,,0.97,0.14,0.8,0.85,,0.65,,0.7,,,,,0.78,0.8,,0.75,0.89,,,
KCNN4,,,0.0,,0.62,,0.6,,0.75,0.8,0.9,,,,0.7,,0.9,,0.85,0.95,,,
KCNQ1,,,0.0,,,,0.9,,0.5,0.7,0.6,,,,,,,,,1.0,,,
KCNQ1DN,,,1.0,,1.0,,,,0.8,,,,,,,,,,0.5,,,0.2,
KCNQ2,,,,,,,,,,,,0.6,,0.8,,,,,,,,,
KCNQ3,0.8,1.0,,0.95,0.17,0.82,,,0.75,0.7,0.6,,,,0.8,,0.9,,,0.91,,,
KCNQ4,,,,,,,,,,,,0.7,,0.9,,,,,,,,,
KCNQ5,,,,0.98,0.17,0.85,0.6,,0.7,0.9,0.8,,,,0.8,,0.9,,0.75,0.93,,,
KCNRG,,,0.0,,,,0.8,,,,,,0.9,,,,,,0.5,,0.7,,
KCNS1,,,0.11,,0.29,,0.5,,0.6,0.8,0.7,,,,0.8,,,0.9,0.8,0.99,,,
KCNS2,0.6,,0.94,,,,,,0.7,0.8,,,0.9,,0.75,,0.85,,,,0.99,,
KCNS3,,,0.0,,,,0.1,0.9,0.6,0.8,0.7,,,,0.6,,,,,0.82,,,
KCNT1,,,,,,,,,,,,0.8,,0.6,,,,,,,,,
KCNT2,,,,,,,,,,,,0.9,,0.7,,,,,,,,,
KCNU1,,,0.0,,0.62,0.8,0.6,,0.8,0.7,0.9,,,,0.8,,,,0.5,1.0,,,
KCNV1,,,,0.98,0.06,,0.4,,0.7,0.8,0.9,,,,0.75,0.78,,,0.5,0.97,,,
KCNV2,,,0.0,,,,0.8,0.4,0.5,0.6,0.9,,,,0.7,,,,,0.9,,,
KCP,,,1.0,,1.0,,,,0.7,,,,,,0.8,,,,0.8,,,0.9,
KCTD1,,,,0.86,0.09,,0.5,,0.73,,0.9,,,,0.6,,,0.75,0.51,0.82,,,
KCTD10,,,,,,,,,,,,0.8,,,,,,,,,,,
KCTD11,,,0.0,,0.71,,,,0.7,,0.9,,,,,,,,0.5,,,,
KCTD12,,,,,,,,,,,,0.8,,,,,,,,,,,
KCTD13,,,0.0,,,,0.8,0.6,0.7,,,,0.9,,0.9,0.7,,,0.5,,,,
KCTD14,,,0.0,,0.89,,,0.2,0.6,,0.9,,,,0.8,,,0.7,0.5,,,,
KCTD15,,,0.04,,0.39,0.25,0.8,,0.85,,0.9,,,,,0.7,,,0.75,0.69,,,
KCTD16,,,,0.9,,,0.7,,,,,,0.8,,0.75,,0.85,,,,0.9,,
KCTD17,,,0.02,,0.39,,0.75,0.65,0.7,,0.9,,,,0.8,,,0.8,0.8,0.87,,,
KCTD18,,,0.0,,0.86,,,,0.8,,0.9,,,,0.8,,,0.75,0.7,,,0.5,
KCTD19,,,0.0,,0.67,,0.6,,0.5,,0.8,,,,,0.75,,,0.5,1.0,,,
KCTD2,,,,0.53,0.19,,0.1,,0.4,,0.61,,,,0.9,,,0.8,0.66,0.93,,,
KCTD20,,,0.0,,0.55,,0.5,,0.6,,0.9,,,,0.9,,,0.75,0.7,,,0.6,
KCTD21,,,,,,,,,,,,,,,,,,,,,,,
KCTD3,,,0.09,,0.25,,0.5,0.75,0.85,,0.9,,,,0.8,0.75,0.9,0.8,,,,0.7,
KCTD4,,,0.0,,0.56,,,,0.8,,0.9,,,,0.8,,,0.7,0.5,,,,
KCTD5,,,0.06,,0.34,,,,0.9,,0.52,,,,0.7,,,,0.93,,,0.59,
KCTD6,,,0.01,,0.51,,,,0.75,,0.85,,,,,,,,0.95,,,,
KCTD7,0.7,,0.0,,0.36,,,,0.8,,0.9,,,,0.8,0.65,,0.6,0.5,0.7,,,
KCTD8,,,0.0,,0.6,,,,0.6,,0.9,,,,0.7,,,,0.5,0.95,,,
KCTD9,,,0.26,,0.24,,,0.1,0.7,,0.85,,,,0.75,,,0.6,0.78,0.7,,,
KDELR1,,,,0.98,0.0,,,0.75,0.85,,0.91,,,,0.7,0.78,,,0.84,0.69,,,
KDELR2,,,,,,,,,,,,1.0,,0.5,,,,,,,,,
KDELR3,,,0.0,,0.5,,,0.6,0.7,,0.9,,,,,,,,0.5,,,,
KDF1,0.8,,0.0,,0.0,,,,0.7,,,,0.9,,0.6,,0.8,,0.5,0.9,,,
KDM1A,,1.0,,1.0,0.87,,0.5,0.4,0.8,0.7,0.6,,,,,,,0.9,,0.64,,,
KDM1B,,,0.0,,,,0.8,,0.7,,,,0.9,,0.75,,,,,,,,
KDM2A,,,,1.0,0.0,0.9,0.8,,0.7,0.7,0.6,,,,0.8,,,,,0.6,,,
KDM2B,,1.0,,1.0,0.09,,0.5,,0.7,,0.8,,,,0.8,,0.9,,0.6,,,,
KDM3A,,,,1.0,0.87,,,,0.85,0.5,0.8,,,,0.7,,,,0.75,,,,
KDM3B,,,,1.0,0.01,,0.7,,0.5,,0.6,,,,0.7,,,,0.8,,,0.5,
KDM4A,,,,1.0,0.93,,0.6,,0.5,0.4,0.7,,,,0.7,,,,0.75,,,0.6,
KDM4B,,,,1.0,0.94,,,0.7,0.75,,0.9,,,,0.7,,,0.85,,,,,
KDM4C,,,0.0,,0.36,0.8,0.6,,0.6,0.5,0.7,,,,0.7,,,,0.5,0.7,,,
KDM4D,,,,,,,,,,,,,,,,,,,,,,,
KDM4E,,,,0.53,0.0,,,,0.4,0.4,0.6,,,,0.6,0.7,,,0.506,,,,
KDM5A,,,,,,,,,,,,,,0.7,,,,,,,,,
KDM5B,0.7,,0.0,,0.45,,,,0.7,0.6,0.5,,,,0.6,,,0.9,0.6,0.92,,,
KDM5C,0.8,,,1.0,0.08,,,,0.5,0.6,0.7,,,,0.8,,,0.8,0.7,0.7,,,0.6
KDM5D,,,,0.94,0.13,,,,0.7,,0.9,,,,0.7,,,,0.8,0.71,,,
KDM6A,,,,,,,,,,,,,,,,,,,,,,,
KDM6B,,1.0,,1.0,0.94,,0.7,,0.6,0.6,0.5,,,,0.6,,,,,0.65,,,
KDM7A,,,0.0,,0.0,,,,0.7,0.5,0.9,,,,0.7,,0.9,,0.8,0.6,,,
KDM8,,,0.0,,,,,,,,,,0.9,,,,,,,,0.93,,0.6
KDR,,1.0,,1.0,0.85,,0.8,,0.6,0.9,0.7,,,,,,,,,,,,
KDSR,,,,,,,,,,,,,,,,,,,,,,,
KEAP1,,1.0,0.0,,0.38,,0.5,,0.7,0.6,0.9,,,,0.8,,,0.8,,,,,
KEL,,,0.0,,0.81,,0.6,0.4,0.8,,0.9,,,,0.8,,0.7,,0.7,1.0,,,
KERA,0.8,,0.0,,,,,0.6,,,,,0.9,,0.8,0.75,,,,,,,
KHDC1,,,0.0,,0.6,,,0.6,0.7,,0.8,,,,0.8,,,,0.5,,,,
KHDC1L,,,0.08,,0.46,,,,0.75,,,,,,,0.7,,,0.64,,,,
KHDC3L,0.8,,0.11,,0.39,0.53,,,0.5,,0.73,,,,,0.75,,,0.5,0.95,,,
KHDC4,,,0.0,,0.0,,,0.7,0.6,,0.8,,,,,,,,0.5,0.65,,,
KHDRBS1,,,,0.99,0.05,,,,,,,,,,,,,,,,,,
KHDRBS2,,,0.9,,,,0.8,0.7,0.75,,,,0.85,,0.7,0.78,,,,0.9,,,
KHDRBS3,,,0.45,,0.22,,,,0.8,,0.9,,,,0.8,0.75,,,0.75,0.92,,,
KHK,0.8,,0.0,,0.95,,,0.2,0.7,,0.9,,,,0.6,,,,0.5,1.0,,,
KHNYN,,,0.0,,0.6,,,,0.8,,0.9,,,,0.9,,,,0.7,,,,
KHSRP,,,,1.0,0.0,,,0.2,0.8,,0.9,,,,0.8,,,,0.7,,,0.6,
KIAA0040,,,0.0,,0.0,,,,0.6,,0.7,,,,0.8,0.5,,,0.5,,,,
KIAA0087,,,0.0,,0.0,,,,0.8,,,,,,,0.4,,,0.5,,,,
KIAA0232,,,,1.0,0.09,,0.6,,0.7,,0.9,,,,0.9,0.75,,,0.7,,,0.5,
KIAA0319,,,0.0,,0.74,,,,0.6,,0.9,,,,0.8,,,,0.8,0.87,,,
KIAA0319L,,,0.0,,,,,,,,,,0.9,,0.8,0.7,0.8,,0.7,,,,
KIAA0408,,,0.0,,0.52,,,,0.6,,0.8,,,,0.9,,,,0.7,,,,
KIAA0513,,,0.26,,0.24,,,,0.7,,,,0.66,,0.9,0.75,,,0.82,,,,
KIAA0586,0.8,1.0,0.0,,0.51,,,,0.6,,,,0.7,,0.7,,,,,,0.68,,
KIAA0753,,,0.0,,0.87,,0.5,,0.6,,0.9,,,,0.7,,,,0.5,0.63,,,
KIAA0825,,,0.0,,0.97,,,,0.6,,,,,,0.7,,,,0.5,,,,
KIAA0930,,,0.0,,0.5,,,0.7,0.8,,0.9,,,,0.9,0.7,,,0.7,0.6,,,
KIAA1143,,,0.01,,0.59,,,0.79,0.71,,0.96,,,,0.85,,,,0.77,,,0.5,
KIAA1191,,,0.0,,,,,0.6,0.7,,,,0.9,,0.7,,,,0.5,,,0.5,
KIAA1210,,,0.0,,0.29,,,,0.75,,0.9,,,,,0.7,,,0.85,1.0,,,
KIAA1217,,,0.0,,0.3,,0.8,,0.6,,0.7,,,,0.7,,,,0.5,0.77,,,
KIAA1328,,,0.0,,0.63,,0.1,,0.6,,0.7,,,,0.8,,,,0.5,,,,
KIAA1549,0.8,,,0.95,0.8,,,,0.6,,0.7,,,,0.8,,,,0.6,0.75,,,0.7
KIAA1549L,,,,,,,,,,,,0.8,,,,,,,,,,,
KIAA1586,,,0.0,,0.77,,,,0.8,,0.6,,,,0.7,,0.9,,0.5,0.69,,,
KIAA1614,,,0.0,,0.77,,,,0.8,,0.95,,,,,,,,0.85,,,,
KIAA1671,,,0.0,,0.0,,,,0.6,,0.9,,,,0.9,0.6,,,0.8,,,,
KIAA1755,,,0.0,,,,0.8,,,,,,0.6,,0.7,,,,,,0.9,,
KIAA1958,,,,,,,,,,,,1.0,,,,,,,,,,,
KIAA2012,,,0.0,,0.0,,,,0.6,,,,,,,0.4,,0.7,0.8,0.9,,,
KIAA2013,,,,,,,,,,,,1.0,,,,,,,,,,,
KIDINS220,0.85,0.9,0.8,,,,,,,,,,,,,,,,,,,0.7,0.5
KIF11,,1.0,,1.0,0.02,,,,0.75,0.7,0.6,,,,0.85,,,,0.5,0.99,,,
KIF12,0.8,,0.0,,,,0.5,0.6,0.8,,,,,,,,,,,0.9,,,
KIF13A,,,,1.0,0.88,,0.8,,0.8,,0.9,,,,0.7,0.75,,,0.7,0.66,,,
KIF13B,,,,,,,,,,,,,,,,,,,,,,,
KIF14,0.8,,0.0,,,,,,,,,,0.9,,0.8,,,,,,0.99,,
KIF15,,,0.0,,0.58,,0.5,,0.7,,0.9,,,,0.6,,,0.9,0.8,1.0,,,
KIF16B,,1.0,0.0,,0.64,,0.5,0.4,0.8,,0.86,,,,0.7,,,,,0.65,,,
KIF17,,,0.0,,0.7,0.88,,,0.8,,0.9,,,,0.7,,,,0.8,0.97,,,
KIF18A,,,0.0,,0.31,,,,0.62,,,,0.88,,0.7,0.75,,,0.8,,0.99,,
KIF18B,,,0.0,,0.33,0.78,,,0.8,,0.85,,,,0.7,,,,0.5,0.97,,,
KIF19,,,0.0,,0.76,,,,0.8,,0.9,,,,0.8,,,,0.5,1.0,,,
KIF1A,,,,,,,,,,,,0.8,,0.6,,,,,,,,,
KIF1B,,1.0,,1.0,0.1,,0.8,0.5,0.7,,0.6,,,,0.5,,,0.8,,,,,
KIF1C,0.8,,,0.75,0.21,,,,0.85,,,,0.9,,0.7,,,,0.55,,,,
KIF20A,0.7,,0.0,,0.55,,,0.6,0.8,,0.9,,,,0.6,,,,0.5,0.97,,,
KIF20B,,,0.0,,0.51,,,,0.7,,0.9,,,,0.6,,,,0.8,0.97,,,
KIF21A,0.8,,0.0,,0.31,,,,0.7,,0.9,,,,0.6,,0.85,,0.5,0.77,,,
KIF21B,0.75,,0.0,,,,0.8,,,,,,0.9,,0.9,0.75,,,,,0.85,,0.6
KIF22,0.8,1.0,0.0,,,,,0.6,,,,,0.9,,0.5,0.7,0.8,,,0.7,,,
KIF23,,,,,,,,,,,,,,,,,,,,,,,
KIF24,,,0.0,,0.68,,,,0.6,,0.85,,,,0.5,0.7,,,0.7,,,,
KIF25,,,0.0,,0.76,,,,0.8,,0.9,,,,,,0.6,,0.5,0.88,,,
KIF25-AS1,,,0.0,,0.0,,,,0.7,,,,,,,0.3,,,0.5,,,,
KIF26A,,,,,,,,,,,,1.0,,,,,,,,,,,
KIF26B,,1.0,,1.0,0.89,,,,0.5,,0.6,,,,0.8,0.75,,,0.7,,,,
KIF27,,,0.0,,0.71,0.8,0.5,,0.7,,0.9,,,,0.7,,,,0.6,,,,0.6
KIF28P,0.5,,1.0,,,,,,,,,,,,,,,,,,,,
KIF2A,0.8,1.0,,1.0,0.95,,,0.6,0.75,,,,0.9,,0.7,,,,,,0.76,,
KIF2B,,,0.0,,0.89,0.97,0.5,0.85,0.7,,0.9,,,,0.6,0.75,,,0.8,,,,
KIF2C,,,0.0,,0.36,,,,0.9,,0.8,,,,0.7,,,,0.5,,,,
KIF3A,,,,0.98,0.16,,0.75,0.6,0.7,,0.9,,,,0.7,,0.9,,,0.82,,,
KIF3B,,,,,,,,,,,,,,,,,,,,,,,
KIF3C,,,,0.95,,,0.8,0.7,,,,,0.9,,0.75,0.82,0.9,,,,0.9,,
KIF4A,0.9,,,1.0,0.09,,,,0.75,,,,0.85,,0.8,,,,0.7,,,,
KIF4B,,,0.0,,0.95,,0.5,,0.7,,0.6,,,,0.7,,,,0.8,,,,
KIF5A,,,,,,,,,,,,0.8,,0.6,,,,,,,,,
KIF5B,,,,0.99,0.17,,,,,,,,,,,,,,,,,,
KIF5C,0.9,,,1.0,0.02,,,,0.85,,,,0.95,,0.7,0.85,,,0.8,0.89,,,
KIF6,0.8,,0.0,,0.88,,,0.6,0.7,,,,0.9,,,,,,0.5,,,,
KIF7,0.9,1.0,0.0,,,,,0.6,,,,,0.8,,0.75,,,,,0.82,,,
KIF9,,,0.0,,0.89,,,0.1,0.87,,0.93,,,,0.5,,,0.8,0.79,,,,
KIFAP3,,1.0,0.0,,0.35,,0.5,0.6,0.7,,0.9,,,,0.9,,0.8,,0.5,,,0.6,
KIFC1,,,0.0,,0.36,,,,0.7,,0.9,,,,0.75,0.78,,,0.8,,,,
KIFC2,,,0.0,,0.59,,,,0.7,,0.8,,,,0.7,0.65,,,0.5,,,,
KIFC3,,,,,,,,,,,,0.9,,0.6,,,,,,,,,
KIN,,,0.0,,0.47,,,,0.8,,0.92,,,,0.9,,,,0.7,,,0.59,
KIR2DL1,,,0.0,,0.5,,0.2,0.7,0.5,0.6,0.8,,,,0.8,,,,0.7,,1.0,,
KIR2DL2,,,0.0,,0.0,,,,0.9,0.8,,,,,,,,,0.5,,,0.7,
KIR2DL3,,,0.0,,0.5,,,,0.8,0.8,0.9,,,,0.8,0.75,,,0.7,1.0,,,
KIR2DL4,,,0.04,,0.48,,,,0.7,,0.9,,,,,,,,0.5,,,,0.6
KIR2DL5A,,,1.0,,1.0,,,,0.8,,,,,,,,,,0.5,,,,
KIR2DL5B,,,0.0,,0.0,,,,0.6,,,,,,,,,,0.5,,,0.3,
KIR2DS1,,,1.0,,1.0,,,0.5,0.7,,,,,,,,,,0.8,,,0.6,
KIR2DS2,,,1.0,,1.0,,,0.7,0.8,,,,,,,,,,0.5,,,0.6,0.7
KIR2DS3,,,0.0,,0.0,,,,0.7,,,,,,,,,,0.5,,,,
KIR2DS4,,,0.0,,0.0,,,,0.8,,,,,,,,,,0.5,,,,
KIR2DS5,,,1.0,,1.0,,,,0.7,,,,,,,,,,0.8,,,,
KIR3DL1,0.7,,0.0,,0.5,,,0.6,0.8,,,,0.9,,0.8,,,,0.8,,1.0,,
KIR3DL2,,,0.0,,0.5,,,0.7,0.8,,0.9,,,,0.7,,,,0.7,1.0,,,0.5
KIR3DL3,,,0.0,,0.5,,,,0.8,,,,,,,,,,0.5,,,,
KIR3DP1,,,0.0,,0.0,,,,0.5,,,,,,,,,,0.5,,,0.2,
KIR3DS1,0.75,,0.0,,0.0,,,0.8,0.7,,,,,,,,,,0.5,,,0.2,
KIR3DX1,,,0.0,,0.0,,,,0.8,,,,,,,,,0.9,0.5,1.0,,,
KIRREL1,0.6,,0.0,,0.0,,,0.5,0.7,,0.9,,,,0.7,,,0.8,0.8,,0.82,,
KIRREL2,,,0.0,,0.6,,,0.5,0.8,,0.9,,,,0.8,,,,0.7,,,,
KIRREL3,,,,,,,,,,,,0.9,,,,,,,,,,,
KIRREL3-AS3,,,0.0,,0.0,,,,0.5,,,,,,,,,,0.5,,,0.2,
KISS1,0.8,,,,,,,,,,,,,,,,,,,,,,
KISS1R,0.8,1.0,,0.81,0.1,,,,0.7,0.6,0.9,,,,,0.78,,,0.5,,,,
KIT,,,,0.99,0.17,,0.9,,0.85,0.95,0.9,,,,,,,,,0.78,,,
KITLG,,,,,,,,,,,,0.8,,0.6,,,,,,,,,
KIZ,0.8,,0.0,,,,,0.6,,,,,0.9,,0.5,,,,,,0.76,,
KL,,,0.0,,0.36,,0.5,,0.8,,0.9,,,,0.7,,,,0.8,0.96,,,
KLB,,,0.8,,,,0.7,,,,,,0.9,,0.9,0.75,,,,,0.95,,
KLC1,,,,,,,,,,,,0.9,,0.5,,,,,,,,,
KLC2,0.9,,,0.96,0.16,,,0.5,0.65,,,,0.75,,0.8,0.78,,,0.85,,0.91,,
KLC3,,,0.0,,0.88,,,,0.85,,0.9,,,,0.6,,,,0.5,,,,
KLC4,,,0.0,,0.33,,,,0.6,,0.8,,,,0.7,,,,0.5,,,0.54,
KLF1,0.7,0.8,0.9,,,,,,,,,,0.6,,0.75,0.78,,,,,0.95,,
KLF10,,,0.0,,,,0.5,,0.8,,,,0.9,,0.9,,,,,,,,0.5
KLF11,0.8,,0.0,,,,,,,,,,0.9,,0.6,0.75,,,,,,,
KLF12,,,,0.98,0.06,,0.85,,0.7,,0.9,,,,0.8,,,0.75,0.8,0.63,,,
KLF13,,,0.41,,0.2,,,,0.7,,0.9,,,,0.7,0.75,,0.8,0.5,0.64,,,
KLF14,,,0.8,,,,0.7,,0.6,,,,,,0.8,,,,0.4,,,,
KLF15,,,0.48,,0.2,,,0.6,0.8,,0.9,,,,0.9,,,,0.75,,,,
KLF16,,,0.4,,,,0.8,,,,,,0.9,,0.6,0.7,,,,,0.75,,
KLF17,,,0.0,,0.86,,,,0.7,,0.9,,,,,0.75,,,0.5,1.0,,,
KLF2,0.7,1.0,,0.56,0.15,,0.4,,0.6,,0.8,,,,0.8,,,0.7,0.5,0.82,,,
KLF3,,1.0,,0.85,0.13,,0.8,,0.65,,0.7,,,,0.75,,,0.6,0.5,0.7,,,
KLF4,,1.0,,1.0,0.0,,0.8,,0.6,,0.7,,,,0.8,,,,0.5,,0.9,,
KLF5,,,,,,,,,,,,,,,,,,,,,,,
KLF6,,1.0,,0.98,0.0,,0.4,,0.8,,0.9,,,,0.6,,,0.7,,0.79,,,
KLF7,,1.0,,0.98,0.0,,0.6,,0.7,,0.8,,,,0.9,,,,0.5,0.76,,,
KLF8,,,0.0,,0.63,0.7,0.2,,0.8,,0.9,,,,0.9,,,0.9,0.5,0.82,,,
KLF9,,,,,,,,,,,,0.8,,,,,,,,,,,
KLHDC1,0.5,,0.0,,,,,,,,,,0.8,,,,,,0.5,,,,
KLHDC10,,,,0.91,0.16,,,,0.8,,0.85,,,,0.75,,,,0.5,,,0.49,
KLHDC2,0.5,,0.8,,,,,,0.6,,,,,,,,,,,,,0.8,
KLHDC3,,,,1.0,0.0,,,0.7,0.6,,0.8,,,,0.7,0.85,0.9,,0.7,,,,
KLHDC4,,,0.0,,0.5,,,,0.6,,0.8,,,,0.9,,,,0.7,,,0.5,
KLHDC7A,,,0.0,,0.5,,0.5,,0.8,,0.6,,,,0.8,0.7,,,0.7,1.0,,,
KLHDC7B,,,0.0,,0.95,,,,0.7,,0.9,,,,0.8,,,0.9,0.8,,,,
KLHDC8A,,,0.0,,0.77,,,0.7,0.6,,0.9,,,,,,,,0.5,,,,0.8
KLHDC8B,,,0.0,,0.54,0.7,0.5,,0.6,,0.9,,,,0.6,,,,0.5,0.91,,,
KLHDC9,,,0.0,,0.97,,,0.6,0.7,,0.9,,,,,,,,0.5,,,,
KLHL1,,,0.0,,0.44,,0.6,0.6,0.7,,0.8,,,,0.8,0.65,,0.9,0.5,0.99,,,
KLHL10,,,,0.98,0.1,,0.8,0.8,0.7,,0.85,,,,0.75,,,0.9,0.61,1.0,,,
KLHL11,,,,,,,,,,,,0.8,,,,,,,,,,,
KLHL12,,,0.8,,,,,0.5,0.6,,,,,,0.5,,,,,,,0.7,
KLHL13,,,0.03,,0.33,,,,0.7,,0.85,,,,0.75,0.7,,,0.65,0.82,,,
KLHL14,,,0.18,,0.25,,,0.6,0.8,,0.9,,,,,,,0.85,0.75,0.99,,,
KLHL15,0.8,,,1.0,0.0,,,0.6,0.8,,,,0.9,,0.7,,,0.8,0.7,,,,
KLHL17,,,0.0,,0.91,,,,0.7,,0.9,,,,0.7,0.75,,,0.8,0.65,,,
KLHL18,,,,,,,,,,,,,,,,,,,,,,,
KLHL2,,,,1.0,0.94,0.85,0.5,0.75,0.8,,0.9,,,,0.9,,,0.7,,0.72,,,
KLHL20,,,0.01,,0.31,,,0.8,0.67,,0.76,,,,0.9,0.75,,,0.61,,,0.57,
KLHL21,,,0.0,,,,,,,,,,0.9,,0.5,,0.8,,0.4,,,,
KLHL22,,,0.46,,0.22,,,0.78,0.73,,0.87,,,,,0.78,,,0.63,,,0.57,
KLHL23,,,0.0,,0.37,,,,0.7,,0.9,,,,0.75,,,,0.6,0.7,,,
KLHL24,0.8,,0.0,,,,,,,,,,0.9,,,,0.85,,,,,,
KLHL25,,,0.0,,,,,,,,,,0.85,,0.9,,,,,,0.6,,
KLHL26,,,,,,,,,,,,,,,,,,,,,,,
KLHL28,,,0.8,,,,,,,,,,,,0.7,0.7,0.9,,,,,,
KLHL29,,,0.9,,,,,,,,,,0.8,,0.75,0.75,,,,,,,
KLHL3,,,,,,,,,,,,,,,,,,,,,,,
KLHL30,,,0.0,,0.78,,,,0.8,,0.9,,,,0.6,,,0.7,0.5,,0.96,,
KLHL30-AS1,,,0.0,,0.0,,,,,,,,,,,0.1,,,0.1,,,0.2,
KLHL31,,,0.0,,,,0.2,,,,,,0.8,,,0.6,,,0.5,,0.9,,
KLHL32,,,,,,,,,,,,,,0.7,,,,,,,,,
KLHL33,,,0.0,,0.0,,,0.6,0.7,,0.9,,,,0.8,0.5,,0.5,0.8,,,,
KLHL34,,,0.0,,0.79,,,0.7,0.6,,0.9,,,,,,,,0.7,,,,
KLHL35,,,,,,,,,,,,,,,,,,,,,,,
KLHL36,,,,0.81,0.17,,,0.4,0.5,,0.85,,,,0.6,,,0.7,0.75,,,,
KLHL38,,,0.0,,0.74,,,,0.8,,0.9,,,,0.8,,,0.7,0.5,1.0,,,
KLHL4,,,,0.59,0.2,,,,0.8,,0.95,,,,,0.65,,0.85,0.72,0.94,,,
KLHL40,0.5,,0.0,,0.59,,,0.6,0.7,,,,0.9,,0.5,,0.6,,0.8,,1.0,,
KLHL41,0.8,,0.0,,0.47,,,,0.7,,0.9,,,,0.8,,,,0.5,,1.0,,
KLHL42,,,0.9,,,,0.8,,,,,,0.85,,0.6,,,,,,,,
KLHL5,,,0.0,,0.42,,,,0.87,,0.49,,,,0.67,,,0.8,0.75,,,,
KLHL6,0.8,,0.0,,0.51,,,0.5,0.6,,0.9,,,,0.75,0.7,,0.7,0.8,0.95,,,
KLHL7,,,0.0,,0.4,,0.5,,0.8,,0.9,,,,,,,,0.7,,,,
KLHL8,,,0.0,,,,0.7,,,,,,0.9,,0.75,0.7,,,,,,,
KLHL9,,,,,,,,,,,,,,,,,,,,,,,
KLK1,0.8,,0.0,,0.75,,,0.75,0.7,,,,0.9,,0.7,,,,0.7,,,,
KLK10,,,0.0,,0.92,,,0.4,0.8,,0.9,,,,0.7,,,0.6,0.5,0.97,,,
KLK11,,,0.0,,,,0.5,0.6,0.7,,,,0.9,,0.8,0.7,,,,0.96,,,
KLK12,,,0.0,,0.75,,0.1,,0.7,,0.8,,,,0.9,,,,0.5,1.0,,,
KLK13,,,0.0,,0.54,,,0.4,0.8,,0.9,,,,0.6,,,,0.5,1.0,,,
KLK14,,,,,,,,,,,,0.8,,0.7,,,,,,,,,
KLK15,,,,,,,,,,,,0.9,,0.7,,,,,,,,,
KLK2,,,0.0,,,,0.9,0.5,0.6,0.8,0.7,,,,0.8,,,0.9,,1.0,,,
KLK3,,,0.0,,0.84,,0.9,0.6,0.85,0.75,0.95,,,,0.7,,,0.8,0.5,1.0,,,
KLK4,0.8,,0.0,,,,,,,,,,0.9,,0.6,,,,,,1.0,,
KLK5,,,0.9,,,,,0.7,0.6,0.8,0.7,,,,0.8,,,,,1.0,,,
KLK6,,,0.01,,0.48,,,0.4,0.8,0.1,0.95,,,,,,,,0.61,1.0,,,
KLK7,,,0.0,,,,0.8,,0.8,0.7,0.9,,,,0.8,,,0.6,,1.0,,,
KLK8,0.75,,0.0,,,,0.8,0.5,0.6,,0.7,,,,0.8,,,,,,0.99,,
KLK9,,,0.0,,0.84,,,,0.6,,0.9,,,,0.9,0.75,,,0.5,1.0,,,
KLKB1,,,0.0,,0.7,,,0.3,0.67,0.4,0.56,,,,0.8,,,,0.5,1.0,,,
KLKP1,,,0.0,,0.0,,,,0.5,,,,,,,,,,0.5,0.7,,0.0,
KLLN,0.8,,0.0,,,,,,,,,,0.9,,,,,,,,0.75,,
KLRB1,,,0.0,,0.86,,,,0.8,,0.95,,,,0.7,0.75,,,0.45,,,,
KLRC1,,,0.0,,0.72,,0.6,,0.5,0.4,0.7,,,,,,,,0.5,0.96,,,
KLRC2,,,0.0,,0.8,,,,0.6,,0.9,,,,0.8,,,,0.7,0.85,,,
KLRC3,,,0.0,,0.5,,0.2,,0.7,,0.9,,,,0.8,,,,0.6,0.9,,,
KLRC4,,,0.9,,,,0.7,0.75,0.6,,,,0.8,,0.8,0.78,,,,,0.94,,
KLRD1,,,0.0,,0.57,,,0.8,0.85,,0.9,,,,,0.82,,,0.5,,,,
KLRF1,,,0.0,,0.93,,,0.6,0.7,,0.8,,,,0.8,,,,0.9,,,,
KLRF2,,,1.0,,1.0,,,,,,0.9,,,,0.8,,,0.8,0.8,1.0,,,
KLRG1,,,0.0,,0.57,,,0.1,0.8,,0.9,,,,0.8,,,,0.5,0.92,,,
KLRG2,,,0.0,,0.5,,,0.7,0.6,,0.8,,,,0.7,,,0.9,0.7,,0.95,,
KLRK1,,,0.0,,,,0.8,,,,,,0.9,,,,,,,,0.97,,
KMO,,,0.0,,0.4,,,0.4,0.8,0.2,0.9,,,,0.7,,,,0.5,0.97,,,
KMT2A,0.9,,,1.0,0.97,,,,0.85,,,,0.9,,,0.88,,,0.8,,0.7,,0.8
KMT2B,0.9,,,1.0,0.02,,,,0.6,,,,0.7,,0.7,,,,0.8,,,,
KMT2C,0.7,,,1.0,0.08,,,,0.85,,,,0.9,,0.8,,0.95,,0.8,,,0.6,
KMT2D,,,,,,,,,,,,,,,,,,,,,,,
KMT2E,,,,,,,,,,,,0.8,,,,,,,,,,,
KMT5A,,,,,,,,,,,,,,0.7,,,,,,,,,
KMT5B,0.5,,0.0,,,,,,0.6,,,,0.8,,,,0.4,,,,,0.7,
KMT5C,,,0.0,,0.0,,,,0.6,0.5,0.7,,,,0.7,,,,0.8,,,,
KNCN,,,0.0,,0.8,,,,0.6,,0.9,,,,0.85,,,,0.5,,,,
KNDC1,,,,,,,,,,,,0.8,,0.6,,,,,,,,,
KNG1,,,0.0,,,,0.9,0.5,0.6,,0.7,,,,,,,,,1.0,,,
KNL1,0.7,,0.0,,0.0,,,,0.85,,,,0.9,,,,,,0.8,,0.99,,
KNOP1,,,0.0,,0.77,,,0.8,0.6,,0.7,,,,0.9,0.65,,,0.5,,,0.54,
KNSTRN,,,0.0,,0.66,,,,0.6,,0.8,,,,0.7,0.6,,,0.5,0.96,,,
KNTC1,,,0.0,,0.63,,0.6,,0.7,,0.8,,,,0.7,0.75,,,0.5,0.89,,,
KPNA1,,,,1.0,0.94,0.87,0.5,0.6,0.75,,0.9,,,,,,,0.7,0.8,,,0.6,
KPNA2,,,,0.6,0.2,,,0.07,0.24,,0.281,,,,0.8,0.75,,,0.529,0.99,,,0.8
KPNA3,,,,0.96,0.16,,,,0.67,,0.76,,,,0.7,0.75,,,0.52,,,0.53,
KPNA4,,,,1.0,0.97,,0.1,,0.75,,0.8,,,,0.8,,,,0.5,,,0.5,
KPNA5,0.5,,0.0,,0.37,,,,0.7,,0.9,,,,0.6,,,,0.8,,,,
KPNA6,,,,1.0,0.9,,,,0.6,,0.9,,,,0.7,0.75,,,0.5,,,,
KPNA7,,,0.0,,0.0,,,,0.7,,0.8,,,,,0.6,,0.6,0.5,0.93,,,
KPNB1,,1.0,,1.0,0.02,,0.6,0.2,0.5,,0.7,,,,,0.75,,,0.8,,,,
KPRP,0.7,,0.0,,0.5,,,,0.6,,0.8,,,,,,0.6,,0.7,,1.0,,
KPTN,0.8,,0.0,,0.46,,,0.6,0.7,,,,0.9,,0.8,,,,0.5,,0.65,,
KRAS,0.9,1.0,0.0,,,,,,0.7,0.6,0.8,,,,0.8,,0.9,,,,,0.5,
KRBA1,,,0.0,,0.76,,,0.7,0.8,,0.9,,,,0.8,,,,0.5,,,,
KRBA2,,,0.0,,0.82,,,,0.7,,0.72,,,,,,,0.8,0.5,,,0.5,
KRBOX1,,,0.09,,0.43,,0.7,,0.6,,0.8,,,,,0.6,,0.5,0.5,1.0,,,
KRBOX4,,,,0.65,0.0,,,,0.8,,0.9,,,,0.9,,,,0.5,,,,
KRCC1,,,0.0,,0.65,,,,0.6,,0.68,,,,,,,0.8,0.5,,,0.54,
KREMEN1,,,0.9,,0.7,,0.8,,0.85,,0.9,,,,0.8,,,,0.6,0.75,,,
KREMEN2,,,0.0,,0.5,,,0.6,0.7,,0.9,,,,0.8,0.7,,,0.8,0.95,,,0.7
KRI1,,,0.0,,0.64,,,,0.7,,0.65,,,,0.8,0.6,,,0.703,,,,
KRIT1,0.8,1.0,0.0,,0.32,,,0.6,0.7,,,,0.9,,,,,,,,,0.7,
KRR1,,,0.8,,,,0.7,,0.85,,,,0.9,,0.8,0.75,0.75,,,0.6,,,
KRT1,0.5,1.0,,0.66,0.2,,,,0.95,,,,0.99,,0.7,,0.8,,,1.0,,,
KRT10,0.8,1.0,0.0,,0.35,,,,,,,,0.9,,0.6,,,,,,,,
KRT12,0.8,,0.0,,,,,,,,,,0.9,,0.7,,,,,,0.95,,
KRT13,0.8,,0.0,,0.47,,,,0.7,,0.9,,,,0.6,0.65,,,0.5,1.0,,,
KRT14,0.8,1.0,0.0,,0.48,,,,0.85,,,,0.9,,0.6,,,,,1.0,,,
KRT15,,,0.0,,0.5,,,,0.7,,0.9,,,,0.8,,0.7,,0.6,0.95,,,
KRT16,0.8,,0.0,,0.5,,,,0.7,,0.9,,,,0.6,,,,0.5,0.97,,,
KRT17,0.8,,0.0,,,,,,,,,,0.9,,0.9,0.75,0.75,,,,1.0,,
KRT18,,,,0.7,0.18,,0.5,,0.7,,0.9,,,,0.6,,,,0.86,0.89,,,
KRT19,,1.0,0.0,,0.4,,,,0.85,,0.9,,,,0.7,,,,0.5,0.94,,,
KRT2,0.6,,0.0,,0.35,,,,0.8,,0.9,,,,0.8,,,,0.8,,,,
KRT20,,,0.0,,0.85,,,,0.8,,0.9,,,,0.7,0.75,,,0.5,1.0,,,
KRT222,,,0.0,,0.61,,,,0.7,,0.9,,,,,0.7,,,0.5,0.92,,,
KRT23,,,0.0,,0.9,,,,0.6,,0.7,,,,,,,,0.5,,,,0.5
KRT24,0.3,,0.0,,0.5,,,,0.6,,0.8,,,,,,,,0.7,1.0,,,
KRT25,0.8,,0.0,,0.73,,,,0.6,,0.85,,,,,0.7,,,0.5,0.97,,,
KRT26,,,0.0,,0.97,,,,0.6,,0.8,,,,,0.6,,,0.5,,,,
KRT27,,,0.0,,0.73,,,,0.9,,0.8,,,,0.7,0.75,,,0.5,0.9,,,
KRT28,0.6,,0.0,,0.76,,,,0.7,,0.73,,,,,,,,0.5,0.99,,,
KRT3,0.8,,0.0,,0.77,,,,0.7,,0.9,,,,0.6,,,,0.5,,0.97,,
KRT31,,,0.9,,0.7,,,,0.7,,0.8,,,,,,0.6,,0.6,,,,
KRT32,,,0.0,,0.5,,,,0.6,,0.8,,,,,,,,0.7,,,,
KRT33A,,,0.0,,0.8,,,,0.5,,0.6,,,,,,,,0.7,1.0,,,
KRT33B,,,0.0,,0.5,,,,0.7,,0.9,,,,,,,,0.6,0.95,,,
KRT34,,,0.0,,0.72,0.89,,,0.8,,0.79,,,,0.5,0.65,,,0.5,,,,
KRT35,,,0.0,,0.53,,,,0.6,,0.9,,,,0.7,,,,0.5,,,,
KRT36,,,0.0,,0.96,,,,0.7,,0.9,,,,,0.75,0.85,,0.8,,,,
KRT37,,,0.0,,0.89,,,,0.6,,0.8,,,,,,,,0.7,,0.96,,
KRT38,0.4,,0.0,,0.82,0.7,,,0.6,,0.8,,,,,,,,0.5,0.95,,,
KRT39,,,0.0,,0.83,,,,0.6,,0.9,,,,,,,,0.5,0.99,,,
KRT4,0.8,1.0,0.0,,0.7,,,,0.7,,,,0.9,,0.6,,,,,1.0,,,
KRT40,,,0.0,,0.79,,,,0.7,,0.8,,,,,0.5,,,0.5,,,,
KRT5,,1.0,,0.68,0.19,,,,0.75,,,,0.95,,,0.78,,,,,0.97,,
KRT6A,0.8,1.0,0.0,,,,,,,,,,0.9,,0.7,,,,,,1.0,,
KRT6B,0.8,1.0,0.0,,0.82,,,,0.75,,,,0.9,,0.5,,,,,1.0,,,
KRT6C,0.8,,0.0,,0.5,,,,0.7,,,,0.9,,0.5,,,,0.4,1.0,,,
KRT7,,,0.0,,0.98,,,,0.8,,0.9,,,,0.8,,,,0.5,,,,
KRT71,0.5,,0.0,,0.6,,,,0.6,,0.7,,,,0.7,,,,0.8,0.95,,,
KRT72,,,0.0,,0.89,,,,0.7,,0.9,,,,0.8,0.7,,,0.8,0.96,,,
KRT73,,,0.0,,0.86,,,,0.7,,0.87,,,,0.8,,,,0.5,,,,
KRT74,0.8,,0.0,,0.5,,,,0.6,,,,0.9,,0.7,0.75,,,0.7,0.96,,,
KRT75,0.8,,0.0,,0.65,,,,,,,,0.9,,0.6,,,,0.5,,,,
KRT76,,,0.0,,0.99,,,,0.7,,0.9,,,,0.5,,,,0.8,,,,
KRT77,,,0.0,,0.85,,,,0.7,,0.9,,,,0.75,0.7,,,0.8,1.0,,,
KRT78,,,0.0,,,,0.5,,,,,,0.75,,0.7,0.6,,,,,1.0,,
KRT79,,,0.0,,0.5,,,,0.6,,0.8,,,,0.5,0.6,,,0.7,,,,
KRT8,,,,,,,,,,,,0.8,,,,,,,,,,,
KRT80,,,0.0,,0.45,,,,0.73,,0.85,,,,,,0.6,,0.75,0.99,,,
KRT81,0.8,,0.0,,0.7,,,,,,,,0.9,,0.7,,,,0.5,0.9,,,
KRT82,,,0.0,,0.5,,,,0.6,,0.8,,,,0.8,,,,0.7,,,,
KRT83,0.5,,0.0,,0.98,,,,0.7,,,,0.9,,,0.65,,,0.75,,0.95,,
KRT84,,,0.0,,0.78,,,,0.8,,0.48,,,,0.5,0.5,,,0.6,,,,
KRT85,0.8,,0.0,,0.52,,,,0.75,,,,0.85,,0.6,,,,0.5,1.0,,,
KRT86,0.8,,0.0,,,,,,,,,,0.6,,0.4,,,,,,,,
KRT87P,,,1.0,,1.0,,,,,,,,,,,,,,0.5,,,1.0,
KRT9,0.8,,0.0,,,,,,,,,,0.9,,0.6,0.7,0.8,,,,1.0,,
KRTAP1-1,0.4,,0.0,,0.5,0.8,,,0.7,,0.9,,,,,,,,0.6,,,,
KRTAP1-3,0.4,,0.12,,0.38,,,,0.75,,0.85,,,,,0.65,,,0.88,0.97,,,
KRTAP1-4,,,0.24,,0.31,,,,0.5,,,,,,,0.5,,,0.5,,,,
KRTAP1-5,0.4,,0.0,,0.72,,,,0.7,,0.9,,,,,,,,0.5,,,,
KRTAP10-1,0.2,,0.0,,0.87,,,,0.6,,,,,,,,,,0.5,,,,
KRTAP10-10,0.2,,0.0,,0.69,,,,0.6,,,,,,,,,,0.5,,,,
KRTAP10-11,0.2,,0.0,,0.68,,,,0.6,,,,,,,,,,0.5,,,,
KRTAP10-12,0.4,,0.9,,0.5,,,,0.6,,,,,,,,,,0.7,,,,
KRTAP10-2,0.2,,0.36,,0.0,0.9,,,,,,,0.83,,,,,,0.75,,,,
KRTAP10-3,0.4,,0.8,,0.6,,,,0.7,,,,,,,,,,0.5,,,,
KRTAP10-4,0.2,,0.0,,0.5,0.9,,,0.7,,,,,,,,,,0.6,,,,
KRTAP10-5,0.2,,0.0,,0.67,,,,0.6,,,,,,,,,,0.5,,,,
KRTAP10-6,,,0.0,,0.6,,,,0.8,,0.5,,,,,,,,0.7,,1.0,,
KRTAP10-7,,,0.0,,0.75,,,,0.6,,0.1,,,,,,,,0.5,,,0.0,
KRTAP10-8,0.1,,0.0,,0.9,,,,0.6,,0.2,,,,,,,,0.5,,,,
KRTAP11-1,,,0.0,,0.71,,,,0.8,,0.9,,,,,,,,0.5,1.0,,,
KRTAP12-1,0.2,,0.0,,0.0,,,,0.6,,,,,,,,,,0.1,,,,
KRTAP12-2,0.3,,0.0,,0.0,,,,0.8,,,,,,,,,,0.5,,,,
KRTAP12-3,,,0.0,,0.0,,,,0.6,,,,,,,0.3,,,0.5,,,0.1,
KRTAP12-4,,,0.0,,0.0,,,,0.6,,,,,,,,,,0.5,1.0,,,
KRTAP13-1,0.2,,1.0,,1.0,,,,0.6,,0.8,,,,,,,,0.5,1.0,,,
KRTAP13-2,,,0.0,,0.3,,,,0.7,,,,,,,0.6,,,0.5,,,,
KRTAP13-3,,,0.2,,0.5,,,,0.6,,0.8,,,,,,,,0.6,,,,
KRTAP13-4,,,0.31,,0.0,,,,0.6,,0.11,,,,,,,,0.16,,,,
KRTAP15-1,,,0.0,,0.0,,,,0.6,,,,0.7,,,,,,0.5,,,,
KRTAP16-1,,,1.0,,1.0,,,,0.4,,,,0.6,,,,,,0.5,,,,
KRTAP17-1,0.4,,,0.61,0.0,,,,0.8,,,,,,,0.65,,,0.1,,,,
KRTAP19-1,0.4,,0.0,,0.0,,,,0.7,,,,,,,,,,0.5,1.0,,,
KRTAP19-2,0.4,,0.0,,0.0,,,,0.7,,,,,,,,,,0.1,,,0.8,
KRTAP19-3,0.3,,0.0,,0.0,,,,0.7,,,,,,,,,,0.5,,,,
KRTAP19-4,,,1.0,,1.0,,,,,,,,0.8,,,,,,0.5,,,,
KRTAP19-5,,,0.0,,0.0,,,,0.7,,0.8,,,,,,,,0.1,1.0,,,
KRTAP19-6,,,1.0,,1.0,,,,0.6,,,,,,,0.5,,,0.1,,,0.8,
KRTAP19-7,0.3,,1.0,,1.0,,,,0.8,,,,,,,,,,0.5,,,0.9,
KRTAP19-8,0.4,,0.0,,0.0,,,,0.6,,,,,,,,,,0.5,,,,
KRTAP2-1,,,1.0,,1.0,,,,0.8,,0.9,,,,,,,,0.5,,1.0,,
KRTAP2-2,,,0.0,,0.0,,,,0.6,,,,,,,,,,0.5,,,,
KRTAP2-4,0.4,,0.9,,0.5,,,,,,,,0.8,,,,,,0.2,,,,
KRTAP20-1,0.5,,0.0,,0.0,,,,,,,,,,,,,,0.1,,,,
KRTAP20-2,,,0.0,,0.0,,,,0.6,,,,,,,0.5,,,0.1,,,,
KRTAP20-3,0.2,,0.0,,0.0,,,,0.5,,,,0.6,,,,0.7,,0.1,,,0.4,
KRTAP20-4,0.2,,0.0,,0.0,,,,0.5,,,,0.5,,,,0.7,,0.1,,,,
KRTAP21-1,,,0.36,,0.0,,,,0.7,,,,,,,0.65,,,0.79,,,,
KRTAP21-2,,,0.0,,0.0,,,,0.6,,,,,,,0.5,,,0.1,,,,
KRTAP21-3,,,0.0,,0.0,,,,,,,,0.8,,,,,,0.1,,,0.5,
KRTAP22-1,,,0.0,,0.0,,,,,,,,0.5,,,,,,0.1,,,,
KRTAP22-2,0.3,,1.0,,1.0,,,,0.5,,,,,,,,0.7,,0.2,,,,
KRTAP23-1,,,1.0,,1.0,,,,0.6,,0.9,,,,,,,,0.1,,,0.8,
KRTAP24-1,,,0.0,,0.7,,,,0.6,,0.8,,,,,,,,0.5,,,,
KRTAP25-1,,,0.0,,0.0,,,,0.6,,0.8,,,,0.7,,,,0.5,,,0.7,
KRTAP26-1,,,0.14,,0.54,,,,0.5,,0.75,,,,,,,,0.85,,,,
KRTAP27-1,,,0.3,,0.6,,,,0.7,,,,0.9,,,,,,0.5,,,,
KRTAP29-1,,,0.0,,0.0,,,,0.5,,,,,,,0.5,,0.8,0.5,0.9,,,
KRTAP3-1,0.5,,0.8,,0.5,,,,0.6,,0.7,,,,,,,,0.4,,,,
KRTAP3-2,0.4,,,0.5,0.0,,,,0.6,,0.7,,,,,,0.8,,0.1,,,,
KRTAP3-3,0.3,,0.0,,0.4,,,,0.6,,0.8,,,,,,0.7,,0.5,0.9,,,
KRTAP4-1,0.2,,0.0,,0.4,,,,0.6,,,,,,,,,,0.5,,,,
KRTAP4-11,0.2,,0.0,,1.0,,,,0.6,,,,,,,,,,0.5,,,,
KRTAP4-12,0.3,,0.21,,0.29,,,,0.5,,0.1,,,,,,0.7,,0.8,1.0,,,
KRTAP4-2,0.3,,0.9,,0.2,,,,0.6,,,,,,,,0.8,,0.5,,,,
KRTAP4-3,,,0.0,,0.0,,,,0.6,,,,,,,,,,0.5,,,,
KRTAP4-4,0.2,,0.33,,0.0,,,,0.78,,0.14,,,,,,,,0.83,,,,
KRTAP4-5,0.3,,0.17,,0.44,,,,0.6,,0.1,,,,,,,,0.5,,,,
KRTAP4-6,,,0.0,,0.8,,,,0.5,,,,,,,0.3,,,0.5,,,,
KRTAP4-7,0.3,,0.0,,0.5,,,,0.6,,,,,,,,,,0.5,,,,
KRTAP4-8,,,0.03,,0.55,,,,0.7,,,,,,,0.65,,,0.5,,,,
KRTAP4-9,,,0.0,,0.5,0.8,,,0.7,,,,,,,,,,0.6,,,,
KRTAP5-1,0.4,,0.1,,0.45,,,,0.6,,,,,,,,,,0.5,0.99,,,
KRTAP5-10,,,0.0,,0.2,,,,0.7,,,,,,,,,0.6,0.8,,,,
KRTAP5-11,0.2,,0.39,,0.0,,,,0.6,,0.1,,,,,,,,0.78,,,,
KRTAP5-2,,,0.9,,0.85,,,,0.6,,,,,,,0.5,,,0.5,,,0.2,
KRTAP5-3,0.4,,0.18,,0.42,,,,0.8,,,,,,,,,,0.95,,,,
KRTAP5-4,,,0.1,,0.5,,,,0.6,,,,,,,0.3,,,0.3,,,0.2,
KRTAP5-5,,,0.09,,0.43,,,,0.75,,,,,,,0.6,,,0.85,,,,
KRTAP5-6,,,0.11,,0.75,,,,0.8,,,,,,,0.65,,,0.5,,,,
KRTAP5-7,,,0.1,,0.96,,,,0.75,,,,,,,,,,0.82,,,,
KRTAP5-8,,,0.1,,0.88,,,,0.6,,0.5,,,,,0.65,,,0.75,,,,
KRTAP5-9,,,0.1,,0.4,,,,0.7,,,,,,,,,,0.5,,,,
KRTAP6-1,,,0.8,,0.4,,,,0.6,,,,,,,,,,0.5,,,0.7,
KRTAP6-2,0.4,,0.8,,0.5,,,,0.7,,,,,,,,,,0.4,,,0.3,
KRTAP6-3,,,,0.5,0.0,,,,0.6,,,,,,,,,,0.1,,,0.4,
KRTAP7-1,0.2,,0.0,,0.0,,,,0.5,,,,,,,,,,0.1,,,0.3,
KRTAP8-1,,,0.11,,0.79,,0.4,,0.6,,0.8,,,,,,,,0.63,1.0,,,
KRTAP9-1,,,0.0,,0.0,,,,0.6,,,,,,,,,,0.5,,,,
KRTAP9-2,0.6,,0.32,,0.0,,,,0.5,,0.8,,,,,,,,0.87,1.0,,,
KRTAP9-3,0.3,,1.0,,1.0,,,,0.7,,,,,,,,,,0.5,,,,
KRTAP9-4,0.3,,0.0,,0.0,,,,0.5,,,,,,,,,,0.5,0.99,,,
KRTAP9-6,,,0.29,,0.0,,,,0.6,,,,,,,,,,0.8,,,,
KRTAP9-7,,,0.31,,0.0,,,,0.5,,,,,,,0.6,,,0.5,,,,
KRTAP9-8,0.2,,1.0,,1.0,,,,0.7,,0.5,,,,,,,,0.5,,,0.0,
KRTAP9-9,0.4,,0.3,,0.0,0.0,,,0.6,,,,,,,0.5,,,0.5,,,,
KRTCAP2,,,0.0,,0.73,,,,0.7,,0.9,,,,0.75,0.75,,,0.5,,,,
KRTCAP3,,,0.0,,0.78,0.64,,,0.7,,0.8,,,,0.6,0.65,,,0.5,,,,
KRTDAP,,,0.1,,0.35,,,,0.6,,,,0.6,,0.8,,,,0.5,1.0,,,
KSR1,,,,,,,,,,,,0.8,,0.6,,,,,,,,,
KSR2,,,,,,,,,,,,0.8,,0.6,,,,,,,,,
KTI12,,,0.0,,0.74,0.85,,,0.8,,0.9,,,,0.8,0.7,,,0.5,,,,
KTN1,,,0.0,,0.26,,0.5,,0.6,,0.7,,,,0.8,,,,0.8,,,0.5,
KTN1-AS1,,,0.0,,0.0,,,,0.8,,,,,,,,,,0.1,,,0.2,
KXD1,,,0.04,,0.46,,,,0.6,,0.91,,,,0.7,,,,0.88,,,0.49,
KY,0.7,,0.0,,0.61,,,,0.6,,,,0.9,,,,,,0.5,,0.88,,
KYAT1,,,0.0,,0.0,,,0.4,0.6,0.5,0.8,,,,0.5,,,,0.5,,,0.6,
KYAT3,,,0.0,,0.0,,,,0.7,,0.8,,,,0.7,,0.9,,0.5,,,0.6,0.5
KYNU,,,0.0,,0.9,,0.9,,0.85,,0.9,,,,0.75,0.8,,,0.7,0.95,,,
L1CAM,0.8,1.0,,1.0,0.04,,,0.6,0.7,,,,0.9,,0.8,,,,0.5,,0.92,,
L1TD1,,,0.0,,0.81,,,,0.65,,0.75,,,,0.9,,,,0.85,,,,
L2HGDH,0.8,,0.0,,0.47,,,0.6,0.7,,0.9,,,,0.7,,,,0.5,0.66,,,
L3HYPDH,,,0.0,,0.8,,,0.6,0.7,,0.9,,,,0.5,,,,0.5,,,,
L3MBTL1,,,0.0,,0.55,,,0.7,0.8,,0.85,,,,0.7,,,,0.75,0.75,,,
L3MBTL2,,,0.0,,,,0.8,0.6,0.7,,,,0.9,,0.7,,,,,,,0.5,
L3MBTL3,,1.0,,1.0,0.89,,0.8,0.4,0.6,0.5,0.7,,,,,,,,,0.79,,,
L3MBTL4,,,0.0,,0.6,,0.5,,0.6,,0.7,,,,0.9,0.7,,,0.8,0.79,,,
LACC1,,,0.0,,0.64,,0.8,0.75,0.8,,0.9,,,,,,,,0.5,,,0.6,
LACRT,,,0.0,,0.94,,,0.7,0.6,,0.87,,,,0.9,,,,0.5,,,,
LACTB,,,0.0,,,,0.8,0.5,0.6,,,,0.7,,0.7,,0.9,,,0.7,,,
LACTB2,,,0.0,,0.66,,,0.2,0.6,,0.8,,,,0.6,,,,0.5,,,,
LACTBL1,,,1.0,,1.0,,,,,,0.8,,,,,,,,0.5,1.0,,,
LAD1,0.85,,0.0,,0.94,,,0.7,0.8,,0.9,,,,0.75,0.7,,,0.5,0.97,,,
LAG3,,,0.24,,0.24,0.73,,0.8,0.7,0.5,0.9,,,,,,,,0.75,0.93,,,
LAGE3,0.5,,0.12,,0.64,,,0.6,0.7,,0.8,,,,0.9,,,,0.5,,,0.7,
LAIR1,,,,,,,,,,,,0.9,,0.6,,,,,,,,,
LAIR2,,,0.0,,0.5,,,0.7,0.7,,0.9,,,,0.8,,,,0.6,,,,0.5
LALBA,,,0.42,,0.19,,,0.1,0.8,,0.95,,,,0.85,,,,0.71,1.0,,,
LAMA1,,,,,,,,,,,,0.8,,0.6,,,,,,,,,
LAMA2,,,,,,,,,,,,0.8,,0.6,,,,,,,,,
LAMA3,,1.0,0.0,,0.56,,0.4,0.2,0.5,,0.8,,,,0.7,,,,0.5,0.86,,,
LAMA4,0.5,1.0,0.0,,,,,0.2,,,,,0.9,,,,0.6,,,,0.87,,
LAMA5,,,,,,,,,,,,1.0,,0.7,,,,,,,,,
LAMB1,,1.0,0.0,,0.5,,0.6,0.5,0.8,,0.9,,,,,,,,,0.89,,,
LAMB2,0.8,1.0,0.0,,0.51,,,0.6,0.7,,,,0.9,,,,,,0.5,,,,
LAMB3,1.0,1.0,0.0,,0.55,,,0.1,0.75,,,,,,0.8,,,0.9,0.5,0.91,,,
LAMB4,,,,,,,,,,,,0.8,,0.6,,,,,,,,,
LAMC1,,,,,,,,,,,,1.0,,0.7,,,,,,,,,
LAMC2,0.9,1.0,0.0,,0.47,,0.5,0.6,0.75,,0.9,,,,,,,,0.7,0.88,,,
LAMC3,,,,,,,,,,,,0.8,,0.5,,,,,,,,,
LAMP1,,,,,,,,,,,,,,,,,,,,,,,
LAMP2,,,0.3,,0.24,,,0.7,0.8,,0.9,,,,,,,,,,,0.59,
LAMP3,,,0.0,,0.53,,,0.79,0.67,,0.76,,,,0.5,,,,0.5,1.0,,,
LAMP5,,,0.0,,0.5,0.7,,,0.7,,0.8,,,,0.9,,,,0.6,,,,
LAMTOR1,,,,,,,,,,,,,,,,,,,,,,,
LAMTOR2,,,0.22,,0.28,0.56,,,,,,,,,,,,,,,,,
LAMTOR3,,,,,,,,,,,,0.9,,0.7,,,,,,,,,
LAMTOR4,,,,,,,,,,,,,,,,,,,,,,,
LAMTOR5,,,0.0,,0.5,,,0.7,0.8,,0.9,,,,0.9,,,,0.1,,,0.6,
LANCL1,,,0.0,,0.86,,,0.6,0.8,,0.73,,,,0.8,0.65,,,0.5,,,,
LANCL2,,,0.2,,0.25,,,,0.8,,0.9,,,,0.8,0.7,,,0.7,0.66,,,
LANCL3,,,,,,,,,,,,0.9,,,,,,,,,,,
LAP3,,,0.0,,0.59,0.8,,,0.7,0.1,0.9,,,,0.6,,,,0.5,0.79,,,
LAPTM4A,,,0.0,,0.55,,,,0.7,,0.88,,,,0.5,,,,0.5,,,,
LAPTM4B,,,0.0,,0.5,0.7,0.4,,0.7,,0.8,,,,0.9,0.75,,,0.6,,,0.6,
LAPTM5,,,,,,,,,,,,0.9,,,,,,,,,,,
LARGE1,0.8,,0.0,,,,,,,,,,0.9,,0.7,,0.9,,,,,,
LARGE2,,,0.0,,,,,,,,,,,,0.8,0.6,,,,,0.8,,
LARP1,,,,1.0,0.95,,,,0.6,,0.7,,,,0.75,,,,0.8,,,0.5,
LARP1B,,,0.0,,0.52,,,0.6,0.75,,0.9,,,,0.9,,,,0.8,,,,0.5
LARP4,,,,0.9,0.19,,,0.6,0.75,,0.87,,,,0.5,0.75,,,0.72,,,0.54,
LARP4B,,,,1.0,0.05,,,0.8,0.5,,0.7,,,,0.8,,,0.9,0.8,,,0.7,
LARP6,,,,0.66,0.16,,0.1,,0.8,,0.86,,,,0.7,,,,0.49,0.63,,,
LARP7,0.8,,0.0,,0.58,,,,0.7,,,,0.9,,0.7,,0.9,,0.5,,,,0.6
LARS2,0.8,,0.0,,0.62,,,,0.7,,0.9,,,,0.6,,,,0.5,,,0.6,
LAS1L,,,,,,,,,,,,,,,,,,,,,,,
LASP1,,,,,,,,,,,,0.8,,,,,,,,,,,
LAT,0.7,,0.9,,,,,,,,,,0.8,,0.75,,,,,,0.8,,
LAT2,,,0.0,,0.49,,0.1,,0.7,,0.8,,,,0.7,0.6,,,0.5,0.99,,,
LATS1,,1.0,,1.0,,,,,,,,,0.9,,,,,,,,0.63,,
LATS2,,1.0,,0.99,0.14,,,0.4,0.7,0.1,0.9,,,,,,,,,0.79,,,
LAX1,,,,,,,,,,,,,,,,,,,,,,,
LAYN,,,0.0,,0.88,,,,0.7,,,,,,0.9,,0.8,,0.6,,0.87,,
LBH,,,0.9,,,,0.8,,,,,,0.7,,0.7,0.75,,,0.5,,0.85,,
LBHD1,,,0.0,,0.0,,,0.6,0.7,,0.8,,,,,0.4,,,0.5,,,0.5,
LBP,,,0.0,,0.92,,0.8,,0.85,,0.9,,,,0.8,,,,,1.0,,,
LBR,0.8,,0.3,,,,,0.4,,,,,0.9,,0.7,,,,,,0.7,,
LBX1,,,,0.69,0.12,,0.4,,0.5,,0.8,,,,,,,,0.5,,0.99,,
LBX2,,,0.9,,0.66,,,,0.6,,0.8,,,,,,,0.9,0.5,0.93,,,
LCA5,0.8,,0.0,,,,,,,,,,0.9,,,,0.75,,,,0.65,,0.5
LCA5L,,,0.0,,0.67,,,0.2,0.5,,0.9,,,,0.6,,,,0.8,,,,
LCAT,,,,,,,,,,,,0.9,,0.75,,,,,,,,,
LCE1A,,,0.0,,0.5,,,,0.6,,0.8,,,,,,,,0.2,1.0,,,
LCE1B,,,0.9,,0.85,,,,,,,,0.8,,,0.75,,,0.5,,,,
LCE1C,,,0.03,,0.88,,,,0.9,,,,,,,,,,0.12,,,,
LCE1D,,,0.0,,0.5,,,,0.8,,,,,,0.8,,,,0.5,,,,
LCE1E,,,0.18,,0.4,,0.1,,0.9,,,,,,,0.65,,,0.5,,,,
LCE1F,,,0.9,,0.4,0.7,,,0.8,,,,,,,,,,0.5,,,,
LCE2A,,,0.9,,0.95,0.8,,,0.6,,0.7,,,,,,,,0.6,1.0,,,
LCE2B,0.7,,0.8,,0.84,,,,,,,,0.9,,,,,,0.5,,,,
LCE2C,0.4,,0.3,,0.4,,,,0.7,,,,,,,0.5,,,0.6,,,,
LCE2D,,,0.2,,0.5,,,,0.7,,0.4,,,,,0.7,,,0.6,1.0,,,
LCE3A,,,0.0,,0.0,,0.6,,0.7,,,,,,,,,,,,,,
LCE3B,,,0.0,,0.6,0.8,0.4,,0.7,,,,,,,,,,0.5,,,,
LCE3C,,,0.47,,0.0,,,,0.8,,1.0,,,,,0.85,,,0.94,,,,
LCE3D,,,0.8,,,,0.7,,0.6,,,,,,,,0.75,,,,0.9,,
LCE3E,,,0.48,,0.0,0.39,0.4,,0.9,,,,,,,0.7,,,0.92,,,,
LCE4A,,,0.0,,0.0,,,,0.9,,,,,,,0.6,,,0.99,,,,
LCE5A,,,0.8,,0.7,,,,0.7,,,,,,,,,,0.6,,,,
LCE6A,,,0.0,,0.0,,,,0.8,,0.9,,,,,,,,0.1,,,,
LCK,,,,1.0,0.93,0.77,,0.6,0.75,0.9,0.85,,,,,0.85,,0.95,,,,,
LCLAT1,,,0.0,,0.46,,,,0.8,,,,0.9,,0.8,0.65,,,0.5,,,0.6,
LCMT1,,1.0,0.0,,0.52,,,0.4,0.6,,0.8,,,,0.6,,,0.9,0.5,,,0.7,
LCMT2,,,0.0,,0.5,,,0.6,0.8,,,,0.9,,0.7,,,,0.7,,,,
LCN1,0.6,,0.0,,0.6,,,0.3,0.7,,0.9,,,,0.8,,,,0.5,0.95,,,0.5
LCN10,,,0.0,,0.75,,,,0.7,,0.9,,,,0.6,0.7,,,0.5,0.92,,,
LCN12,,,0.0,,,,0.8,0.2,0.7,,,,0.9,,0.8,,0.6,,,,1.0,,
LCN15,,,0.0,,0.56,,,0.6,0.7,,0.9,,,,0.9,,,,0.5,,,,
LCN1P1,,,0.0,,0.0,,,,,,,,,,,,,,0.5,,,0.8,
LCN2,,,0.0,,0.5,,,,0.75,,0.9,,,,,0.85,,,0.7,1.0,,,
LCN6,,,0.0,,0.85,,,0.7,0.6,,0.9,,,,0.8,,,,0.5,,,,
LCN8,,,0.0,,0.61,,,0.6,0.8,,0.9,,,,0.8,,,,0.5,,,,
LCN9,,,0.01,,0.44,,,,0.7,,0.61,,,,0.8,0.7,,,0.88,,,,
LCNL1,,,0.0,,0.5,,,,0.6,,0.7,,,,,0.7,,,0.6,0.9,,,
LCOR,,,,0.96,0.11,,,0.45,0.72,,0.87,,,,0.9,,,,0.65,,,,
LCORL,,,,0.98,0.12,,0.75,,0.7,,0.8,,,,0.9,,,,0.85,0.61,,,0.65
LCP1,,,,,,,,,,,,0.9,,0.5,,,,,,,,,
LCP2,,,,0.98,0.15,,,,,,,,,,,,,,,,,,
LCT,,,0.04,,0.25,0.85,0.5,,0.7,,0.9,,,,0.8,,,,0.75,1.0,,,
LCTL,,,0.8,,0.9,,,,0.8,,0.9,,,,0.7,,0.5,,0.6,1.0,,,
LDAH,,,0.0,,0.0,,,,0.7,,0.8,,,,0.6,,,,0.5,,,,
LDB1,,,,,,,,,,,,,,,,,,,,,,,
LDB2,,,,0.96,0.89,,,,0.8,,0.85,,,,0.8,0.78,,,0.75,0.88,,,
LDB3,0.8,1.0,0.0,,0.45,,,0.5,0.6,,,,0.9,,0.7,,,,,,,,
LDHA,,1.0,0.06,,0.31,0.73,0.5,0.4,0.8,,0.9,,,,0.7,,,,0.5,,,,
LDHAL6A,,,0.0,,0.5,,,,0.7,,0.8,,,,0.9,,,,0.6,,,,
LDHAL6B,,,0.07,,0.5,,,0.5,0.6,,1.0,,,,0.9,,,,0.95,,,,
LDHB,,,,,,,,,,,,0.9,,0.6,,,,,,,,,
LDHC,,,0.0,,0.81,,0.1,,0.8,,0.9,,,,0.6,,,0.7,0.5,1.0,,,
LDHD,,,0.0,,0.85,,0.8,0.5,0.6,,0.9,,,,0.7,,0.9,,0.5,0.8,,,
LDLR,,,,,,,,,,,,,,,,,,,,,,,
LDLRAD1,,,0.0,,0.76,,,,0.8,,0.9,,,,0.85,0.7,,,0.5,,,,
LDLRAD2,,,0.0,,0.57,,,,0.8,,0.88,,,,0.5,0.65,,,0.68,,,,
LDLRAD3,,,0.8,,0.6,0.7,,,0.7,,0.9,,,,0.85,,,,0.5,0.9,,,
LDLRAD4,,,,0.66,0.17,,0.5,0.7,0.6,,0.8,,,,0.8,,,,0.5,0.7,,,
LDLRAP1,,,0.0,,0.67,,0.9,0.6,0.85,,0.9,,,,0.7,,,,,,,,
LDOC1,,,,0.55,0.0,,,,0.75,,0.95,,,,,,,,0.73,,,,
LEAP2,,,0.0,,0.5,,,0.5,0.6,,0.8,,,,0.9,,,,0.3,1.0,,,
LECT2,,,0.0,,0.68,,,,0.6,,0.9,,,,0.8,,,,0.5,1.0,,,
LEF1,,1.0,,1.0,0.04,,0.8,0.6,0.85,,0.9,,,,,,,,,0.88,,,
LEFTY1,,1.0,0.0,,0.5,,,0.5,0.6,,0.8,,,,0.8,,,0.9,0.7,0.95,,,
LEFTY2,,1.0,0.0,,,,,0.2,0.8,,,,0.9,,0.8,,,,0.5,,,,
LEKR1,,,,,,,,,,,,,,,,,,,,,,,
LELP1,,,,,,0.67,,,,,,,,,,,,,,,,,
LEMD1,,,0.0,,0.83,,,,0.7,,0.8,,,,0.8,0.7,,,0.5,,,,
LEMD2,,,,0.72,0.18,,0.6,,0.75,,0.9,,,,0.7,0.65,,,0.5,,,0.6,
LEMD3,,,,,,,,,,,,0.8,,0.7,,,,,,,,,
LENEP,,,0.0,,0.5,,,,0.6,,0.8,,,,,0.6,,,0.2,0.9,,,
LENG1,,,0.0,,0.7,0.8,,0.5,0.7,,0.9,,,,0.8,0.6,,,0.6,,,0.5,
LENG8,,,,1.0,0.89,,,,0.6,,0.7,,,,0.8,0.8,,,0.8,,,,
LENG9,,,1.0,,1.0,,,,0.8,,,,,,,,,,0.5,,,0.9,
LEO1,,,,0.87,0.19,,,0.1,0.85,,0.93,,,,0.5,,,,0.75,,,0.6,
LEP,0.9,,0.4,,,,,,,,,,0.9,,,,,,,,0.97,,
LEPR,,,,1.0,0.84,,0.95,,0.75,,0.85,,,,,,,,0.9,0.86,,,
LEPROT,,,0.45,,0.18,,,,0.67,,,,0.83,,0.8,0.65,,,0.65,,,,
LEPROTL1,,,,0.71,0.0,,,,0.8,,0.9,,,,0.9,,,,0.5,,,0.49,
LETM1,0.9,,0.0,,0.49,,,,0.8,,0.9,,,,0.7,0.75,0.85,,0.7,,,,
LETM2,,,0.0,,0.5,,,,0.6,,0.8,,,,0.7,,,,0.7,,,,
LETMD1,,,0.2,,,,,0.5,,,,,,,,,,,,,,0.7,0.4
LEUTX,,,0.0,,,,,,,,,,0.7,,,,,,0.5,,,,
LFNG,,,0.1,,0.31,,,,0.8,,,,,,0.8,,,,,0.77,,,
LGALS1,,,0.0,,0.78,,,,0.75,,0.9,,,,0.8,,,,0.5,,,,
LGALS12,,,0.0,,0.5,,,0.5,0.6,,0.7,,,,0.5,,0.8,,0.6,,,,
LGALS13,,,0.0,,0.74,,,0.5,0.4,,0.9,,,,,,,,0.5,,,,
LGALS14,,,0.0,,0.78,,0.1,,0.6,,0.8,,,,,0.7,,,0.5,1.0,,,
LGALS16,,,1.0,,0.0,,,,0.8,,,,,,,0.85,,,0.5,,,,
LGALS2,,,0.8,,,,0.6,,0.7,,0.9,,,,0.8,0.7,,,,0.9,,,
LGALS3,,,0.0,,0.8,,0.4,0.7,0.8,,0.9,,,,,,,0.6,0.5,0.8,,,
LGALS3BP,,,,,,,,,,,,1.0,,,,,,,,,,,
LGALS4,,,,,,,,,,,,0.9,,0.6,,,,,,,,,
LGALS7B,,,,,,,,,,,,0.8,,0.6,,,,,,,,,
LGALS8,,,,,,,,,,,,0.9,,0.6,,,,,,,,,
LGALS9,0.75,,0.0,,,,0.8,0.85,0.7,,,,0.9,,,,0.9,,,,0.94,,
LGALS9B,,,1.0,,1.0,,,,0.7,,0.9,,,,0.9,,0.8,,0.8,,,,
LGALS9C,,,0.0,,0.94,,,0.7,0.8,,0.9,,,,0.7,,,,0.5,0.95,,,
LGALSL,,,0.8,,0.6,,,,0.7,,0.9,,,,0.8,,,,0.5,,,,
LGI1,,,,,,,,,,,,0.9,,,,,,,,,,,
LGI2,,,0.0,,0.52,,0.4,0.2,0.6,,0.8,,,,0.6,,,0.7,0.5,,,,
LGI3,,,0.0,,0.48,,,,0.7,,0.8,,,,0.9,0.75,,,0.6,0.88,,,
LGI4,0.8,1.0,0.01,,0.36,,,,0.7,,,,0.9,,0.8,,,,,,0.94,,
LGMN,,,0.0,,0.39,,,0.4,0.6,0.1,0.8,,,,,,,,0.5,0.8,,,
LGR4,,,,,,,,,,,,0.8,,0.6,,,,,,,,,
LGR5,,1.0,0.0,,,,0.1,0.6,0.7,0.8,0.9,,,,0.9,,,,,0.95,,,
LGR6,,,0.0,,,,0.8,0.6,,,,,0.9,,0.75,,0.85,,,,0.97,,0.5
LGSN,,,0.0,,0.5,0.8,,,0.7,,0.9,,,,0.8,,0.4,,0.6,,,,
LHB,,,0.0,,0.98,,0.8,0.4,0.6,,0.7,,,,,,,,0.5,1.0,,,
LHCGR,,,0.0,,0.57,,0.8,,0.75,0.9,0.85,,,,0.8,,,0.9,0.7,0.99,,,
LHFPL1,0.6,,0.14,,0.35,0.68,,,0.5,,0.69,,,,,0.6,,,0.5,,,,
LHFPL2,,,0.06,,0.39,,0.6,0.7,0.8,,0.9,,,,0.75,,,,0.57,0.73,,,
LHFPL3,,,,0.9,0.0,,,,0.6,,0.8,,,,0.8,,,,0.7,,,,
LHFPL4,,,,0.6,0.14,,,0.4,0.7,,0.22,,,,0.5,,,,0.247,0.92,,,
LHFPL5,0.8,,0.0,,0.72,,,,0.6,,,,0.9,,0.7,,0.85,,0.5,,0.94,,
LHFPL6,,,0.0,,0.0,,,,0.7,,0.8,,,,0.9,,,,0.5,,,,0.5
LHPP,,,0.0,,0.93,,0.8,0.4,0.67,,0.79,,,,0.6,,,,0.54,0.94,,,
LHX1,,1.0,0.45,,0.21,,,,0.6,,0.9,,,,,,,,0.75,,,0.0,
LHX2,,1.0,,1.0,0.0,,0.8,,0.6,,0.7,,,,,0.82,,0.9,0.5,0.93,,,
LHX3,,,0.01,,0.4,,0.75,,0.6,,0.9,,,,,,,,,,1.0,,
LHX4,0.8,,0.02,,0.35,,,0.7,0.6,,,,0.9,,,,,,,,,,
LHX5,,,,0.94,0.07,,,,,,,,,,,,,,,0.99,,,
LHX6,,1.0,,1.0,0.05,,,0.6,0.7,,0.9,,,,,,,,0.6,0.84,,,
LHX8,,1.0,,0.55,0.2,,,,0.6,,0.8,,,,,,,,0.75,0.95,,,
LHX9,,,,0.98,0.06,,,0.6,0.8,,,,0.93,,,,,,0.79,,,,
LIAS,,1.0,0.0,,0.51,,,,0.8,,0.9,,,,0.5,,,,,,,0.6,
LIF,,,,,,,,,,,,1.0,,0.8,,,,,,,,,
LIFR,0.8,1.0,0.0,,0.51,,,,0.85,,0.9,,,,0.75,,,,0.6,0.85,,,
LIG1,,,,,,,,,,,,,,,,,,,,,,,
LIG3,,1.0,0.0,,0.45,0.75,0.8,0.7,0.85,,0.9,,,,0.9,,,,,0.66,,,
LIG4,,,,,,,,,,,,,,0.7,,,,,,,,,
LILRA1,,,0.0,,0.5,,0.3,,0.6,,0.8,,,,0.8,0.7,,0.8,0.7,1.0,,,
LILRA2,,,,,,,,,,,,0.9,,0.6,,,,,,,,,
LILRA3,,,0.0,,0.67,,,0.5,0.8,,,,,,,,,,0.7,,,0.0,0.5
LILRA4,,,0.0,,0.5,,0.7,,0.8,,0.9,,,,0.75,,,,0.6,,0.95,,
LILRA5,,,0.0,,,,0.8,,,,,,0.9,,0.8,,,,,,,,0.6
LILRA6,,,0.0,,,,0.5,,,,,,0.76,,0.7,0.7,,0.8,,,0.99,,
LILRB1,0.75,,0.0,,,,0.8,,0.9,,,,,,,,,,,,0.97,,
LILRB2,,,,,,,,,,,,0.8,,0.6,,,,,,,,,
LILRB3,,,0.0,,0.46,,,0.6,0.7,,0.9,,,,0.75,,,,0.8,1.0,,,
LILRB4,,,0.0,,0.88,,,0.6,0.7,,0.9,,,,0.8,,,,0.8,,,,
LILRB5,,,0.0,,0.5,,0.8,,0.6,,0.9,,,,0.7,,,0.8,0.7,0.99,,,
LIM2,0.8,,0.0,,,,,,,,,,0.9,,0.6,,0.85,,,,0.99,,
LIMA1,0.5,,0.0,,0.53,,,,0.7,,0.9,,,,0.7,,0.8,,0.6,0.77,,,
LIMCH1,,,,0.94,0.19,,,0.1,0.87,,0.92,,,,0.8,0.75,,,0.5,0.77,,,
LIMD1,,,,,,,,,,,,0.8,,,,,,,,,,,
LIMD2,,,,,,,,,,,,0.85,,0.75,,,,,,,,,
LIME1,,,0.9,,,,,0.5,,,,,0.8,,0.8,0.75,,,,0.84,,,
LIMK1,,,,1.0,0.9,,,0.5,0.8,0.7,0.9,,,,,,,,0.8,0.86,,,
LIMK2,,,0.01,,0.31,,,0.6,0.75,0.5,0.8,,,,0.7,0.7,,0.9,0.64,0.72,,,
LIMS1,,1.0,0.0,,0.43,,,0.7,0.9,,0.8,,,,0.6,,,,0.5,,,,
LIMS2,0.8,,0.0,,,,,,,,,,0.9,,0.6,,0.7,,,,0.9,,
LIMS3,,,1.0,,1.0,,,,0.7,,0.9,,,,,,,,0.8,1.0,,,
LIN28A,,0.9,0.8,,,,,,,,,,0.9,,,,,,0.6,,1.0,,
LIN28B,,,,0.55,0.18,,0.82,,0.73,,0.95,,,,,0.78,,,0.25,1.0,,,
LIN37,,,0.9,,0.4,,,0.6,0.7,,0.8,,,,,0.65,,,0.5,,,0.7,
LIN52,,,,0.9,0.0,,,,0.6,,0.7,,,,,,,,0.5,,,0.6,
LIN54,,,,1.0,0.95,,0.6,,0.85,,0.9,,,,0.7,,,,0.7,,,0.5,
LIN7A,,,0.0,,0.86,,,0.6,0.8,,0.9,,,,0.7,0.75,,,0.5,,,,
LIN7B,,,,0.86,0.09,,,0.65,0.67,,0.78,,,,0.9,0.76,,,0.5,,,,
LIN7C,,,0.04,,0.37,,0.8,0.7,0.75,,0.9,,,,0.8,,,,0.5,,,0.55,
LIN9,,1.0,,1.0,0.89,,,0.7,0.8,,0.9,,,,0.6,,,,0.5,,,,0.5
LINC00052,,,0.0,,0.0,,,,0.8,,,,,,,,,,0.5,,,,
LINC00114,,,1.0,,1.0,,,,0.8,,,,,,,,,0.7,0.5,,,,
LINC00158,,,,,,,,,,,,,,,,,,,,,,,
LINC00173,,,0.0,,0.0,,,,0.5,,,,,,,0.2,,,0.1,,,0.4,
LINC00205,,,0.0,,0.0,,,,0.5,,,,,,,0.2,,0.7,0.5,,,0.3,
LINC00208,0.3,,0.0,,0.0,,,,,,,,,,,,,0.5,0.1,,,0.2,
LINC00242,,,0.0,,0.0,,,,0.6,,,,,,,0.25,,0.4,0.5,,,0.3,
LINC00269,,,0.0,,0.0,,,,0.5,,,,,,,,,,0.5,,,0.2,
LINC00299,,,0.0,,0.0,,,,0.5,,,,,,,,,,0.0,,,0.2,
LINC00301,,,0.0,,0.0,,,,0.6,,,,,,,,,0.5,0.1,,,0.4,
LINC00303,,,0.0,,0.0,,,,0.5,,,,,,,0.2,,0.4,0.2,,,0.3,
LINC00304,,,0.0,,0.0,,,,0.7,,,,,,,0.3,,0.6,0.5,,,0.4,
LINC00305,,,1.0,,1.0,,,,0.8,,,,,,,,,0.7,0.5,,,0.6,
LINC00308,,,,,,,,,,,,,,,,,,,,,,,
LINC00310,,,0.0,,0.0,,,,0.5,,,,,,,,,,0.0,,,1.0,
LINC00311,,,0.0,,0.0,,,,0.5,,,,,,,0.1,,,0.0,,,0.2,
LINC00312,,,1.0,,,,,,0.6,,,,,,,,,,,,,,
LINC00313,,,0.0,,0.0,,,,0.5,,,,,,,,,,0.0,,,1.0,
LINC00315,,,0.0,,0.0,,,,0.5,,,,,,,,,,0.0,,,,
LINC00322,,,0.0,,0.0,,,,0.6,,,,,,,0.3,,0.7,0.5,,,0.2,
LINC00336,,,0.0,,0.0,,,,0.7,,,,,,,0.3,,0.6,0.5,,,0.4,
LINC00467,,,,,,,,,,,,,,,,,,,,,,,
LINC00469,,,0.0,,0.0,,,,0.4,,,,,,,0.3,,,0.1,,,0.3,
LINC00470,,,0.0,,0.0,,,,0.5,,,,,,,0.3,,,0.1,,,0.2,
LINC00471,0.2,,0.0,,0.0,,,,0.5,,,,,,,0.2,,,0.0,,,0.0,
LINC00472,,,0.0,,0.0,,,,0.7,,,,,,,,,,0.5,,,0.3,
LINC00473,,,0.0,,0.0,,,,0.8,,,,,,0.9,0.4,,,0.5,,,0.2,
LINC00474,,,0.0,,0.0,,,,0.5,,,,,,,0.2,,,0.0,,,0.2,
LINC00477,,,0.0,,0.0,,,,0.7,,,,,,,,,,0.5,,,0.6,
LINC00479,,,0.0,,0.0,,,,0.7,,,,,,,0.2,,,0.0,,,0.5,
LINC00482,,,1.0,,1.0,,,,0.7,,,,,,,,,0.6,0.5,,,0.8,
LINC00518,,,0.0,,0.0,,,,0.6,,,,,,,,,0.4,0.5,,,0.7,
LINC00523,,,0.0,,0.0,,,,0.5,,,,,,,0.2,,0.4,0.1,,,0.3,
LINC00526,,,0.0,,0.0,,,,0.5,,,,,,,0.2,,,0.1,,,0.2,
LINC00528,,,0.9,,0.1,,,,0.6,,,,,,,0.3,,0.7,0.5,,,0.4,
LINC00574,,,0.0,,0.0,,,,0.8,,,,,,,,,0.5,0.0,,,0.2,
LINC00575,,,0.0,,0.0,,,,0.5,,,,,,,,,,0.1,,,,
LINC00587,,,0.0,,0.0,,,,0.5,,,,,,,,,0.6,0.1,,,0.4,
LINC00588,,,0.0,,0.0,,,,0.5,,,,,,,0.1,,0.3,0.1,,,0.2,
LINC00596,,,1.0,,1.0,,,,0.8,,,,,,,,,0.7,0.5,,,0.6,
LINC00597,,,0.0,,0.0,,,,0.5,,,,,,,,,0.6,0.1,,,0.2,
LINC00612,,,0.0,,0.0,,,,0.5,,,,,,,0.2,,0.6,0.2,,,0.3,
LINC00614,0.1,,0.0,,0.0,,,,,,,,,,,,,,0.0,,,1.0,
LINC00615,,,0.0,,0.0,,,,,,,,,,,,,0.5,0.1,,,0.2,
LINC00696,,,0.0,,0.0,,,,0.5,,,,,,,0.2,,,0.0,,,0.5,
LINC00862,,,0.0,,0.0,,,,0.5,,,,,,,,,,0.1,,,0.3,
LINC00869,,,1.0,,1.0,,,,0.8,,,,,,,,,,0.5,,,0.9,
LINC01356,,,0.0,,0.0,,,,0.6,,,,,,,0.3,,0.7,0.5,,,0.2,
LINC01387,,,0.0,,0.0,,,,0.5,,,,,,,0.2,,,0.0,,,0.5,
LINC01465,,,0.0,,0.0,,,,0.5,,,,,,,0.1,,,0.0,,,0.2,
LINC01545,0.3,,0.0,,0.0,,,,,,,,,,,,,,0.0,,,0.0,
LINC01546,,,0.0,,0.0,,,,,,,,,,,0.2,,,0.1,,,0.2,
LINC01547,,,0.0,,0.0,,,,0.7,,,,,,,,,,0.5,,,0.0,
LINC01548,,,0.0,,0.0,,,,0.5,,,,,,,0.1,,0.3,0.1,,,0.2,
LINC01549,,,0.0,,0.0,,,,0.5,,,,,,,0.1,,0.3,0.1,,,0.2,
LINC01551,,,0.0,,0.0,,,,0.5,,,,,,,0.1,,,0.0,,,0.2,
LINC01553,,,0.0,,0.0,,,,0.5,,,,,,,0.2,,,0.0,,,0.5,
LINC01554,,,0.0,,0.0,,,,0.5,,,,,,,,,,0.1,,,,
LINC01555,,,0.0,,0.0,,,,0.5,,,,,,,0.2,,,0.0,,,0.5,
LINC01556,,,0.0,,0.0,,,,0.5,,,,,,,0.1,,,0.1,,,,
LINC01558,,,0.0,,0.0,,,,0.6,,,,,,,,,0.5,0.1,,,0.4,
LINC01559,,,0.0,,0.0,,,,0.6,,,,,,,0.4,,0.7,0.5,,,0.4,
LINC01560,,,0.0,,0.0,,,,0.5,,,,,,,0.3,,0.7,0.1,,,0.2,
LINC01561,,,0.0,,0.0,,,0.4,0.6,,,,,,,0.4,,,0.5,,,0.5,
LINC01565,,,0.0,,0.0,,,,0.5,,,,,,,,,,0.0,,,0.0,
LINC01587,,,0.0,,0.0,,,0.7,0.6,,,,,,,,,,0.1,,,0.2,
LINC01590,,,,,,,,,,,,0.8,,,,,,,,,,,
LINC01599,,,0.0,,0.0,,,,0.8,,,,,,,,,,0.0,,,0.5,
LINC01600,,,0.0,,0.0,,,0.2,0.5,,,,,,,0.1,,,0.1,,,0.3,
LINC01619,,,0.0,,0.0,,,,0.5,,,,,,,0.2,,,0.1,,,,
LINC01620,,,0.0,,0.0,,,,0.6,,0.8,,,,,0.3,,,0.5,,,0.7,
LINGO1,,,,1.0,0.0,,0.8,0.5,0.6,0.6,0.5,,,,0.6,,,0.8,,,,,
LINGO2,,,,0.82,0.14,,0.87,0.7,0.83,,0.92,,,,0.8,0.85,,0.9,0.75,0.95,,,
LINGO3,,,1.0,,1.0,,,,0.8,,0.9,,,,0.8,0.85,,,0.8,,,,
LINGO4,,,0.0,,0.67,0.8,0.5,,0.6,,0.9,,,,0.7,0.75,,,0.5,1.0,,,
LINS1,0.7,,0.0,,0.0,,,,0.6,,,,0.8,,0.9,,,,0.5,,,,0.5
LIPA,,,,,,,,,,,,0.8,,0.6,,,,,,,,,
LIPC,,,0.0,,0.62,,0.9,0.5,0.7,,0.8,,,,0.8,,,,0.6,,1.0,,
LIPE,0.5,,0.0,,0.63,,,,0.8,,,,0.9,,0.7,,,,0.5,,,,
LIPF,,,0.0,,,,0.5,0.6,0.8,0.7,0.9,,,,0.7,,0.8,,0.5,1.0,,,
LIPG,,,,,,,,,,,,0.8,,0.6,,,,,,,,,
LIPH,0.8,,0.0,,0.81,,,0.7,0.8,,0.9,,,,0.75,,,,0.5,,,,
LIPI,0.7,1.0,0.0,,0.5,,,,0.6,,0.8,,,,0.8,,,0.8,0.7,0.96,,,0.5
LIPJ,,,0.0,,0.78,,,,0.7,,0.85,,,,0.75,,,,0.5,,,,
LIPK,,,0.0,,0.62,,,,0.6,,0.9,,,,0.7,,,,0.75,1.0,,,
LIPM,,,0.0,,0.82,,,,0.6,,0.9,,,,0.75,0.78,,,0.7,1.0,,,
LIPN,,,0.0,,0.5,,0.2,,0.6,,0.9,,,,0.8,,,,0.8,1.0,,,
LIPT1,0.7,,0.0,,0.5,,,0.5,0.6,,0.8,,,,0.9,,,,0.6,0.7,,,
LIPT2,0.8,,1.0,,1.0,,,,0.7,,,,0.9,,,0.75,0.8,,0.5,0.9,,,0.6
LITAF,,,,,,,,,,,,0.9,,,,,,,,,,,
LIX1,,,0.0,,0.46,,,,0.8,,0.9,,,,,,,,0.5,,,,
LIX1L,,,0.0,,0.55,,,0.4,0.8,,0.85,,,,0.9,,,,0.5,,,0.0,
LKAAEAR1,,,0.0,,0.0,,,,0.6,,0.8,,,,,0.4,,,0.5,,,,
LLCFC1,,,0.0,,0.0,,,,0.6,,,,0.8,,0.7,,,,0.5,,,,
LLGL1,,,0.0,,0.38,,,,0.7,,0.9,,,,0.7,0.5,,,0.6,,,,
LLGL2,0.6,1.0,0.0,,,,,0.85,0.8,,,,0.9,,,,0.9,,0.7,,0.87,,
LLPH,,,,,,,,,,,,,,,,,,,,,,,
LMAN1,0.8,1.0,0.0,,0.32,,,,0.7,,,,0.9,,0.6,,,,0.5,,,,
LMAN1L,,,0.0,,0.83,,0.7,,0.75,,0.9,,,,0.7,,,,0.8,0.96,,,
LMAN2,,,0.0,,,,0.8,0.6,0.7,,,,0.9,,0.7,,0.8,,0.5,,0.6,,
LMAN2L,,,,,,,,,,,,0.8,,,,,,,,,,,
LMBR1,0.7,,0.0,,0.57,,,,0.6,,0.9,,,,0.8,,0.5,,0.5,0.6,,0.7,
LMBR1L,,,0.0,,0.74,,,,0.7,,0.9,,,,0.9,,,,0.6,,,,
LMBRD1,0.7,,0.0,,0.63,,,0.4,0.8,,,,0.9,,0.7,,0.8,,0.5,,,0.6,
LMBRD2,,,0.9,,0.3,,,,0.7,,0.8,,,,0.9,0.75,,,0.6,,,0.5,
LMCD1,0.7,,0.0,,,,0.8,0.5,,,,,0.9,,,,,,,,0.9,,
LMF1,,1.0,0.0,,0.88,,0.4,,0.8,,0.7,,,,0.9,,,0.9,,,,0.5,
LMF2,,,0.0,,0.7,,,,0.7,,0.8,,,,0.75,,,,0.6,,,,
LMLN,,,0.0,,0.64,,,,0.7,,0.9,,,,0.9,,,,0.5,,,,0.5
LMNA,0.95,,,1.0,0.07,,,0.6,0.85,,,,0.9,,,,,,0.8,0.77,,,
LMNB1,,1.0,,0.57,0.21,,0.5,,0.85,,0.9,,,,0.7,,0.9,,,1.0,,,
LMNB2,0.8,1.0,,1.0,0.0,,,,0.6,,,,0.7,,0.7,,0.9,,,,0.85,,
LMNTD1,,,0.0,,0.0,,,,0.6,,0.8,,,,,,,,0.5,,,,
LMNTD2,,,0.0,,0.0,,,,,,,,0.7,,,0.5,,,0.5,,0.9,,
LMO1,,,,0.64,0.13,,0.8,0.75,0.67,,0.9,,,,,,,,0.78,0.94,,,0.6
LMO2,,1.0,0.17,,0.32,,0.6,0.75,0.7,,0.8,,,,0.5,,,,,0.66,,,
LMO3,,,,0.71,0.12,,,,0.8,,0.9,,,,,,,,0.5,,0.87,,0.6
LMO4,,1.0,,0.69,0.12,,0.6,,0.7,,0.8,,,,,,,,,,0.69,,
LMO7,,1.0,0.0,,0.29,,0.6,,0.9,,0.8,,,,0.7,0.65,,0.7,,0.85,,,
LMO7DN,,,0.0,,0.0,,,,0.5,,0.6,,,,,0.4,,,0.5,,,,
LMOD1,0.8,,,0.87,0.13,,0.9,,0.7,,0.8,,,,0.6,,,,0.75,0.93,,,
LMOD2,,,0.0,,0.42,,,,0.8,,0.9,,,,0.6,0.7,,,0.5,,,,
LMOD3,0.9,,0.0,,0.7,,,,0.8,,,,0.9,,,,,0.7,0.8,,1.0,,
LMTK2,,1.0,,1.0,0.13,,0.8,,0.7,,0.9,,,,0.8,,,0.9,,,,0.6,
LMTK3,,,,,,,,,,,,1.0,,0.6,,,,,,,,,
LMX1A,,0.9,,0.95,0.8,,0.6,,0.65,,0.7,,,,0.7,,,0.75,,0.9,,,
LMX1B,,,,0.78,0.18,,0.9,0.75,0.85,,0.95,,,,,,,,,0.92,,,0.7
LNP1,,,0.0,,0.5,,,0.6,0.5,,0.7,,,,,,,,0.4,0.9,,,
LNPEP,,,,,,,,,,,,0.8,,0.6,,,,,,,,,
LNPK,0.8,,0.0,,,,,,,,,,0.9,,0.9,,0.8,,,,,,
LNX1,,,0.0,,,,0.8,0.6,,,,,0.9,,,,0.9,,,,0.76,,0.5
LNX2,,,0.0,,,,0.8,,,,,,0.9,,0.75,,,,,,0.6,,
LONP1,0.9,,,1.0,0.88,,,,0.75,,,,0.85,,0.8,,,,0.7,,,,0.7
LONP2,,,0.0,,0.5,,,,0.7,,0.8,,,,0.8,0.7,,,0.6,,,,0.5
LONRF1,,,,0.64,0.21,,,0.4,0.9,,0.78,,,,0.7,,,,0.77,0.75,,,
LONRF2,,,0.0,,0.36,,0.7,,0.8,,0.9,,,,0.7,,,,0.6,0.87,,,
LONRF3,,,,,,,,,,,,1.0,,,,,,,,,,,
LOX,,,,,,,,,,,,0.8,,0.6,,,,,,,,,
LOXHD1,0.8,,0.0,,,,,,,,,,0.9,,0.8,,0.9,,,,1.0,,
LOXL1,0.8,,,0.88,0.15,,,,0.75,,,,0.9,,0.7,,,,0.57,0.89,,,
LOXL2,,,0.0,,0.41,,0.5,0.6,0.85,0.7,0.9,,,,,,,,0.6,0.96,,,
LOXL3,,,0.0,,0.62,,,0.7,0.8,,0.9,,,,,,0.9,,0.75,,,,
LOXL4,,,,,,,,,,,,0.8,,0.5,,,,,,,,,
LPA,0.8,,0.0,,,,0.9,,,,,,0.7,,0.8,,,,,,1.0,,
LPAL2,,,1.0,,1.0,,,,0.8,,,,,,,,,,0.5,,,0.2,
LPAR1,,1.0,0.2,,0.27,,0.85,0.75,0.8,0.9,0.95,,,,,,,,,,,,
LPAR2,,,,,,,,,,,,0.85,,0.75,,,,,,,,,
LPAR3,,,,,,,,,,,,,,,,,,,,,,,
LPAR4,,1.0,0.0,,0.88,,,0.75,0.85,0.8,0.9,,,,,0.75,,0.9,0.5,0.91,,,
LPAR5,,,,,,,,,,,,,,,,,,,,,,,
LPAR6,0.5,,0.0,,0.64,0.55,,0.6,0.7,,0.8,,,,0.8,,,0.9,0.5,0.84,,,
LPCAT1,,,,,,,,,,,,0.5,,0.5,,,,,,,,,
LPCAT2,,,0.0,,0.66,,,0.88,0.87,,0.92,,,,0.75,0.78,0.85,,0.54,0.86,,,
LPCAT3,,,,0.95,0.85,,0.8,,0.65,,0.7,,,,,0.78,0.9,,0.5,0.6,,,
LPCAT4,,,0.4,,0.22,0.2653,,0.4,0.12,,0.26,,,,0.5,0.6,,,0.524,,,,
LPGAT1,,,,0.98,0.09,,0.4,0.3,0.12,,0.56,,,,0.6,0.65,,,0.37,,,0.52,
LPIN1,,,0.0,,0.55,,,,,,,,,,,,,,,,,,
LPIN2,,,0.0,,,,,,,,,,0.9,,0.75,0.75,0.9,,,,,,
LPIN3,,,0.0,,0.65,,,0.8,0.85,,0.88,,,,0.7,0.75,,,0.85,0.73,,,
LPL,,1.0,0.0,,0.76,,0.77,,0.84,0.67,0.95,,,,0.8,,,,0.75,0.95,,,
LPO,,,0.0,,,,0.8,,,,,,0.9,,0.75,,0.85,,,,,,0.6
LPP,0.85,0.8,0.9,,,,,,,,,,0.9,,0.7,,0.8,,,,0.93,,0.6
LPXN,,,0.0,,,,0.5,0.7,0.8,,,,0.9,,0.6,0.7,0.8,,,0.99,,,
LRAT,0.8,,0.03,,0.54,0.56,,0.2,0.75,,0.9,,,,,,,,0.46,,0.88,,
LRBA,,,0.0,,0.32,,0.6,,0.8,,0.9,,,,0.85,,,,0.8,0.7,,,
LRCH1,,,,1.0,0.93,,0.9,0.7,0.75,,0.8,,,,0.9,,,,0.7,0.8,,,
LRCH2,,,,1.0,0.8,,,,0.7,,0.82,,,,0.75,,0.85,,0.76,,,,
LRCH3,,,0.0,,0.57,,,0.75,0.8,,0.9,,,,0.9,,,,0.7,,,,
LRCH4,,,0.0,,0.46,,,,0.8,,0.9,,,,0.8,,,,0.7,0.79,,,
LRCOL1,,,0.0,,0.0,,,,0.6,,,,,,0.8,0.7,,,0.5,,,,
LRFN1,,,,,,,,,,,,0.8,,,,,,,,,,,
LRFN2,,,0.1,,,,0.9,0.6,0.7,,,,0.8,,0.7,,0.8,,0.5,,0.9,,
LRFN3,,,,0.9,0.0,,,0.5,0.8,,,,0.9,,0.8,,,,0.7,,,,
LRFN4,,,,,,,,,,,,0.9,,,,,,,,,,,
LRFN5,,,,,,,,,,,,0.9,,,,,,,,,,,
LRG1,,,,,,,,,,,,,,,,,,,,,,,
LRGUK,0.5,,0.0,,0.69,,,,0.7,,0.9,,,,,,,,0.8,1.0,,,
LRIF1,,,0.0,,0.4,,,,0.8,,0.9,,,,0.9,,,,0.5,,,,
LRIG1,,,0.04,,0.26,,0.7,0.6,0.9,,0.8,,,,0.7,,,,0.5,,,0.6,
LRIG2,0.7,,0.0,,,,,,,,,,0.9,,0.8,,,,,,0.64,,0.5
LRIG3,,,0.8,,,,0.7,,,,,,0.9,,0.8,0.75,,,,,0.7,,
LRIT1,,,0.0,,0.5,,,,0.6,,0.8,,,,0.7,,,,0.6,,,,
LRIT2,,,0.0,,0.5,,0.5,,0.6,,0.8,,,,0.8,0.7,,,0.6,0.97,,,
LRIT3,0.7,,0.0,,0.96,,,,0.6,,0.9,,,,0.8,,,,0.8,0.65,,,
LRMDA,0.8,,0.1,,,,,,,,,,0.5,,,,,,,,0.9,,0.4
LRP1,,,,,,,,,,,,0.8,,0.6,,,,,,,,,
LRP10,0.8,,0.0,,0.59,,,,0.67,,,,0.84,,0.75,0.7,,,0.5,,,,
LRP11,,,0.0,,0.4,,,,0.8,,0.9,,,,0.8,0.6,,0.7,0.5,,,0.6,
LRP12,,,,1.0,0.89,0.82,0.5,,0.8,,0.9,,,,0.7,,,,0.75,,,0.6,
LRP1B,,0.8,,0.6,0.3,,0.9,,0.6,,0.7,,,,0.7,,,0.8,0.5,0.9,,,
LRP2,,1.0,,1.0,0.19,,0.7,0.3,0.5,,0.6,,,,,,,,,,,,
LRP2BP,,,0.0,,0.59,,,0.4,0.7,,0.9,,,,,0.65,,,0.6,,,,
LRP3,,,0.0,,0.47,,,,0.7,,0.8,,,,0.9,0.65,,,0.5,,,,
LRP4,,,,,,,,,,,,0.8,,,,,,,,,,,
LRP5,,,,,,,,,,,,0.8,,,,,,,,,,,
LRP5L,,,0.0,,0.5,,,,0.6,,0.9,,,,,,,,0.5,0.75,,,
LRP6,,,,,,,,,,,,0.8,,0.6,,,,,,,,,
LRP8,0.8,,,1.0,0.9,,,,,,,,0.9,,,,,,0.7,,0.91,,0.7
LRPAP1,,1.0,0.0,,0.71,,0.9,0.5,0.6,,0.7,,,,0.7,,,,,,,0.5,
LRPPRC,,,0.0,,,,0.8,,0.6,,,,0.7,,,,,,,,0.5,,
LRR1,,,,,,,,,,,,,,,,,,,,,,,
LRRC1,,,,,,,,,,,,,,,,,,,,,,,
LRRC10,,,0.42,,0.19,,,0.71,0.83,,0.84,,,,,,,,0.77,1.0,,,
LRRC10B,,,0.0,,0.0,,,,0.7,,0.9,,,,,,,,0.8,,,,
LRRC14,,,0.0,,,,0.8,,,,,,0.9,,0.75,,,,0.5,,,0.6,
LRRC14B,,,0.0,,0.5,,,,0.7,,0.8,,,,0.9,,,,0.6,,,,
LRRC15,,,0.0,,0.9,,0.5,0.7,0.6,,0.9,,,,,0.8,,0.8,0.7,0.92,,,
LRRC17,,,,,,,,,,,,,,,,,,,,,,,
LRRC18,,,0.0,,0.7,,0.6,,0.7,,0.8,,,,,0.75,,,0.5,1.0,,,
LRRC19,,,0.0,,0.8,,,,0.6,,0.9,,,,0.8,0.85,,,0.7,1.0,,,
LRRC2,,,0.0,,,,0.8,,,,,,0.9,,,,,,0.5,,0.96,,
LRRC20,,,,,,,,,,,,,,,,,,,,,,,
LRRC23,,,0.0,,0.79,,,,0.7,,0.9,,,,,,,,0.5,0.75,,,
LRRC24,,,0.0,,0.44,,,,0.6,,0.8,,,,0.7,,,,0.5,,,,
LRRC25,,,,,,,,,,,,0.8,,,,,,,,,,,
LRRC26,,,,,,,,,,,,0.9,,0.7,,,,,,,,,
LRRC27,,,,,,,,,,,,,,,,,,,,,,,
LRRC28,,,0.0,,0.9,,0.2,0.5,0.6,,0.8,,,,0.8,,,,0.5,,,0.6,
LRRC3,,,0.0,,0.8,,,,0.6,,0.9,,,,0.7,0.65,,,0.5,0.79,,,
LRRC30,,,0.0,,0.6,,,,0.6,,0.7,,,,,0.6,,,0.5,,,,
LRRC31,,,,,,,,,,,,,,,,,,,,,,,
LRRC32,,,0.0,,0.45,,0.7,0.7,0.8,,0.9,,,,0.8,,,,0.6,,,,
LRRC34,,,0.0,,0.64,,0.8,,0.7,,0.9,,,,0.7,,,,0.8,0.81,,,
LRRC36,,,0.0,,0.64,,0.4,0.5,0.6,,0.75,,,,0.9,,,,0.8,1.0,,,
LRRC37A,,,0.05,,0.36,,,,0.7,,0.85,,,,0.8,0.7,,,0.8,,,0.6,
LRRC37A2,,,0.0,,0.0,,,,0.6,,0.8,,,,0.8,,,0.7,0.5,0.6,,,
LRRC37A3,,,0.0,,0.55,,,,0.7,,0.9,,,,0.8,0.7,,0.6,0.8,,,,
LRRC37A5P,,,0.0,,0.0,,,,0.5,,,,,,,0.1,,,0.5,,,0.0,
LRRC37B,,,0.04,,0.27,0.84,0.1,,0.5,,0.71,,,,0.6,0.55,,,0.95,0.75,,,
LRRC38,,,1.0,,1.0,,,,0.7,,0.9,,,,0.8,,,0.8,0.8,1.0,,,
LRRC39,,,0.0,,0.47,0.8,,0.6,0.7,,0.9,,,,,0.75,,,0.5,0.99,,,
LRRC3B,,,0.47,,0.18,,,0.1,0.8,,0.7,,,,0.8,,,0.75,0.51,,,,
LRRC3C,,,0.0,,0.0,,,,0.6,,0.8,,,,0.8,,,,0.5,,,,
LRRC4,,,,1.0,0.0,,,0.85,0.9,,0.7,,,,0.8,,,,0.8,,,,
LRRC40,,,0.0,,0.5,,,0.2,0.8,,0.9,,,,0.9,0.6,,0.6,0.7,,,0.5,
LRRC41,,,,1.0,0.8,,,,0.75,,0.85,,,,0.6,,,,0.7,,,0.6,
LRRC42,,,0.0,,0.72,,,0.6,0.9,,0.93,,,,0.8,0.65,,,0.85,,,,
LRRC43,,,0.0,,0.85,,0.1,,0.5,,0.8,,,,,,,,0.65,,,,
LRRC45,,,0.0,,0.56,,,0.2,0.7,,0.9,,,,0.5,,,0.6,0.7,0.69,,,
LRRC46,,,0.0,,0.49,,,0.7,0.6,,0.9,,,,0.8,0.7,,,0.5,,,,
LRRC47,,,,,,,,,,,,,,0.7,,,,,,,,,
LRRC49,,,0.0,,0.38,0.7,,0.5,0.6,,0.8,,,,0.9,,,0.9,0.5,0.72,,,
LRRC4B,,,,,,,,,,,,0.8,,0.6,,,,,,,,,
LRRC4C,,,,,,,,,,,,0.8,,0.5,,,,,,,,,
LRRC52,,,0.0,,0.94,,,0.75,0.7,,0.9,,,,0.8,,,,0.6,1.0,,,
LRRC53,,,0.0,,0.0,,,,0.5,,0.6,,,,0.7,,,,0.7,,,,
LRRC55,,,0.04,,0.38,0.8,,0.85,0.7,,0.9,,,,0.8,0.82,0.9,,0.75,0.89,,,
LRRC56,0.8,,0.0,,,,,,,,,,0.9,,,,0.85,,,,,,
LRRC57,,,0.0,,0.57,,,0.6,0.7,,0.9,,,,0.9,0.7,,,0.5,,,0.6,
LRRC58,,,0.0,,0.46,,,,0.6,,0.8,,,,0.9,0.65,,0.7,0.5,,,0.6,
LRRC59,,,,,,,,,,,,0.9,,,,,,,,,,,
LRRC61,,,0.0,,0.69,,0.1,0.7,0.8,,0.9,,,,0.6,,,,0.5,0.7,,,
LRRC63,,,0.0,,0.0,,,,0.6,,,,,,,0.5,,,0.5,0.9,,,
LRRC66,,,0.0,,0.6,,,,0.6,,0.8,,,,0.9,,,,0.5,,,,
LRRC69,,,,,,,,,,,,1.0,,,,,,,,,,,
LRRC7,,,,1.0,0.93,,0.6,,0.75,,0.9,,,,,0.82,,0.85,0.7,0.88,,,
LRRC70,,,1.0,,1.0,,,,0.7,,0.9,,,,0.8,,,0.8,0.8,0.9,,,
LRRC71,,,,,,,,,,,,,,,,,,,,,,,
LRRC72,,,0.0,,0.0,,,,0.6,,0.9,,,,,,,0.7,0.8,1.0,,,
LRRC73,,,0.95,,0.65,,,0.55,0.71,,0.58,,,,0.8,0.67,,,0.79,,,,
LRRC74A,,,0.0,,0.0,,,0.5,0.6,,0.8,,,,,0.4,,,0.5,,,,
LRRC74B,,,,,,,,,,,,,,,,,,,,,,,
LRRC75A,,,0.0,,,,,,,,,,0.9,,,,,,0.5,,,,
LRRC75B,,,0.0,,0.0,,,,0.6,,0.9,,,,,,,,0.5,,,,
LRRC8A,0.9,,,,,,,,,,,,,,,,0.85,,,,,,
LRRC8B,,,,1.0,0.8,,,0.75,0.6,,0.85,,,,0.8,,0.9,,0.7,,,,
LRRC8C,,,,,,,,,,,,0.8,,,,,,,,,,,
LRRC8D,,,,0.98,0.12,,,0.1,0.73,,0.66,,,,,0.78,,,0.75,0.75,,,
LRRC8E,,,,,,,,,,,,0.9,,,,,,,,,,,
LRRC9,,,1.0,,1.0,,,,0.6,,0.8,,,,0.7,,,0.9,0.8,1.0,,,
LRRCC1,,,0.0,,0.74,,,0.85,0.7,,0.9,,,,0.6,,,0.75,0.8,,,,
LRRD1,,,0.0,,0.58,,,,0.5,,,,,,,0.65,,,0.75,1.0,,,
LRRFIP1,,,0.8,,,,,,,,,,0.9,,0.8,0.75,,,,,0.7,,
LRRFIP2,,,0.0,,0.76,,,,0.7,,0.9,,,,0.7,,,,0.5,,,,
LRRIQ1,,,0.0,,,,0.5,0.7,,,,,0.8,,,,,,,,,,
LRRIQ3,,,,,,,,,,,,1.0,,0.5,,,,,,,,,
LRRIQ4,,,0.0,,0.71,,0.2,,0.6,,0.8,,,,,,,,0.5,1.0,,,
LRRK1,,,0.0,,,,0.8,,,,,,0.9,,0.8,0.75,,,,,0.76,,
LRRK2,,1.0,0.0,,0.52,,0.9,0.5,0.8,0.9,0.85,,,,,,0.9,,,0.76,,,
LRRN1,,,,0.97,0.1,,0.5,0.6,0.7,,0.9,,,,0.8,,,,0.75,0.82,,,
LRRN2,,,,0.63,0.19,,0.71,0.78,0.57,,0.9,,,,0.8,,,,0.85,0.73,,,
LRRN3,,,0.8,,0.35,,,0.5,0.7,,0.9,,,,0.9,0.75,,,0.6,,,,
LRRN4,,,0.0,,0.87,,,,0.8,,0.9,,,,0.7,,,,0.5,,,,
LRRN4CL,,,0.0,,0.5,,,,0.8,,0.9,,,,0.8,0.6,,0.7,0.5,,,,
LRRTM1,,,,,,,,,,,,1.0,,,,,,,,,,,
LRRTM2,,,,,,,,,,,,0.8,,,,,,,,,,,
LRRTM3,,,,0.98,0.1,,,,0.8,,0.6,,,,0.9,0.8,,0.75,0.58,0.88,,,
LRRTM4,,,0.4,,,,0.5,0.8,,,,,0.7,,,0.7,0.8,,,,0.9,,
LRSAM1,0.8,,0.0,,,,,,,,,,0.9,,0.75,,0.85,,0.5,,,,
LRTM1,,,0.0,,0.7,,,,0.6,,0.9,,,,0.75,0.78,,,0.8,,,,
LRTM2,,,,0.88,0.09,,,0.7,0.6,,0.58,,,,0.9,,,,0.74,,,,
LRTOMT,0.8,,0.0,,0.66,,,,0.7,,,,0.9,,,0.7,,,0.5,,1.0,,
LRWD1,0.6,,0.0,,0.92,,,,0.7,,0.9,,,,0.7,,,,0.8,1.0,,,
LSAMP,,,,0.9,,,0.5,,,,,,0.8,,0.8,,,,0.6,,0.9,,
LSG1,,,0.0,,0.64,,,,0.8,,0.9,,,,0.6,,0.8,,0.5,,,,
LSM1,,,0.01,,0.54,,0.1,,0.8,,0.9,,,,0.8,0.6,,,0.5,,,0.6,0.5
LSM10,,,0.0,,,,,,,,,,0.8,,0.7,0.6,,,,,,,
LSM11,,,,0.61,0.17,,,,0.6,,0.8,,,,0.5,,0.75,,0.5,0.76,,,
LSM12,,,,0.97,0.0,,,,0.8,,0.74,,,,0.7,0.75,,,0.195,,,0.52,
LSM14A,,,0.14,,0.26,,,,0.67,,0.92,,,,0.75,0.65,,,0.46,,,0.52,
LSM14B,,,,1.0,0.9,,,0.4,0.5,,0.7,,,,0.9,,,,0.6,,,0.6,
LSM2,,,0.0,,,,,,,,,,0.9,,0.7,0.6,0.8,,,,,,
LSM3,,,0.0,,0.98,,,0.85,0.8,,0.9,,,,0.8,,,,0.5,,,0.6,
LSM4,,,,,,,,,,,,,,,,,,,,,,,
LSM5,,,0.8,,0.6,,,0.8,0.7,,0.9,,,,0.8,,,,0.5,,,0.6,
LSM6,,,,,,,,,,,,,,,,,,,,,,,
LSM7,,,,0.77,0.0,,,0.85,0.87,,1.0,,,,0.8,0.75,,,0.1,,,0.52,
LSM8,,,,,,,,,,,,,,,,,,,,,,,
LSMEM1,,,0.0,,0.5,,,,0.7,,0.8,,,,0.9,0.6,,,0.5,,,,
LSMEM2,,,0.0,,0.5,0.0,,0.7,0.6,,0.8,,,,0.7,0.6,,,0.5,,,,
LSP1,,,0.0,,0.56,,0.9,0.6,0.7,,0.8,,,,0.7,0.7,,,0.5,0.94,,,
LSR,,1.0,0.0,,,,0.1,0.7,0.8,,,,0.9,,0.6,,,,,,0.81,,
LSS,,,,,,,,,,,,0.8,,0.7,,,,,,,,,
LST1,,,0.0,,,,0.8,,0.7,,,,0.9,,0.75,,,,,,,,
LTA,,,,0.56,0.15,,0.75,0.5,0.7,0.6,0.85,,,,0.75,,,,0.75,1.0,,,
LTA4H,,,0.0,,0.5,,,,0.76,0.83,0.91,,,,0.67,,,0.8,0.61,0.65,,,
LTB,,,0.0,,0.5,,,0.4,0.6,0.7,0.8,,,,0.7,,,,0.6,1.0,,,
LTB4R,,,0.12,,0.39,,,,0.85,0.9,0.8,,,,0.9,,,,0.7,0.95,,,
LTB4R2,,,,,,,,,,,,,,,,,,,,,,,
LTBP1,,0.9,0.0,,0.35,,0.7,,0.5,,0.6,,,,0.7,,,0.8,0.4,0.97,,,
LTBP2,,1.0,0.0,,0.26,,0.8,,0.7,,0.9,,,,0.8,,,0.8,0.5,0.96,,,
LTBP3,0.8,,,0.92,0.2,,,,,,,,0.8,,0.75,,,,0.85,,,,
LTBP4,0.8,1.0,,0.94,0.2,,,,0.7,,,,0.9,,0.8,,,0.8,0.5,0.87,,,
LTBR,,,0.29,,0.24,,0.11,0.75,0.8,,0.61,,,,0.75,,,,0.87,0.7,,,
LTC4S,,,0.0,,0.84,,,,0.8,0.75,0.9,,,,0.9,,,,0.5,,,0.0,
LTF,,,0.0,,0.9,,0.9,0.2,0.8,,0.9,,,,,,,,0.7,1.0,,,
LTK,,,0.0,,0.92,,,,0.6,0.5,0.9,,,,0.8,,,,0.7,,,,
LTN1,,0.9,0.8,,,,0.7,,0.75,,,,0.85,,0.9,0.8,,,,,0.6,,
LTV1,0.8,,0.0,,,,,,,,,,0.9,,0.5,0.7,,,,,,,
LUC7L,,,,0.52,0.21,,0.6,0.75,0.8,,0.88,,,,0.9,,,0.5,0.37,0.65,,,
LUC7L2,,,0.0,,0.37,,,0.8,0.7,,0.9,,,,0.8,,0.7,,0.5,,,0.56,0.6
LUC7L3,,,,1.0,0.0,,,,0.6,,0.8,,,,0.9,,0.85,,0.7,0.75,,,0.7
LUM,,,0.2,,,,0.5,0.6,0.7,,,,0.9,,0.8,,,,,0.85,,,
LURAP1,,,0.9,,0.6,,,,0.6,,0.7,,,,,,,,0.5,0.9,,,
LURAP1L,,,0.9,,0.6,,,0.6,0.7,,0.8,,,,,,,,0.5,,,,
LUZP1,,,0.35,,0.23,,0.4,,0.73,,0.85,,,,0.5,0.65,0.8,,,,,0.57,
LUZP2,0.8,,0.0,,,,0.8,,,,,,0.9,,0.7,,,,,,0.9,,
LUZP4,,,0.0,,0.5,,,,0.7,,0.9,,,,,,,,0.6,,,,
LUZP6,,,0.0,,0.0,,,,0.6,,,,0.7,,,,,,0.1,,,1.0,
LVRN,,,0.0,,0.0,,,,0.5,0.6,0.7,,,,0.8,,,,0.8,,,,
LXN,,,,,,,,,,,,,,,,,,,,,,,
LY6D,,,0.02,,,,,0.5,0.67,,0.78,,,,0.8,,,,0.64,0.97,,,
LY6E,,,,,,,,,,,,1.0,,0.7,,,,,,,,,
LY6G5B,,,0.0,,0.93,,,,0.7,,0.9,,,,0.9,,,,0.8,,,,
LY6G5C,,,0.34,,0.23,,,,0.5,,0.9,,,,0.8,,,,0.5,0.92,,,
LY6G6C,,,0.0,,0.97,,,,0.8,,0.85,,,,0.8,,,,0.75,1.0,,,
LY6G6D,,,0.03,,0.49,,,0.4,0.8,,0.92,,,,0.8,,,,0.99,,,,
LY6G6F,,,0.0,,0.78,,,,0.7,,0.9,,,,0.8,,,,0.5,,,,
LY6H,,,0.18,,0.31,,,,0.9,,0.88,,,,0.75,0.78,,,0.14,0.94,,,
LY6K,,,0.9,,0.7,,,,0.6,,0.8,,,,0.75,,,0.7,0.5,0.97,,,
LY6L,,,0.0,,0.0,,,,,,,,,,0.9,0.5,,,0.5,1.0,,,
LY75,,,,,,,,,,,,0.9,,0.6,,,,,,,,,
LY86,,,,,,,,,,,,0.9,,,,,,,,,,,
LY9,,,0.0,,,,0.8,,,,,,0.9,,0.75,0.8,,,,,,,
LY96,,,0.0,,0.83,,0.5,,0.85,0.75,0.9,,,,0.8,0.75,,0.8,0.5,0.86,,,
LYAR,,,0.0,,0.67,,,,0.8,,0.9,,,,0.6,0.7,,,0.5,0.99,,,
LYG1,,,0.0,,0.75,,,,0.6,,0.9,,,,0.85,,,,0.5,,,,
LYG2,,,0.0,,0.7,,,0.7,0.6,,0.9,,,,0.8,,,,0.5,,,,
LYL1,,,,0.77,0.0,,0.5,,0.6,,0.8,,,,,,,0.9,0.5,0.94,,,
LYN,,,,1.0,0.93,0.85,0.8,0.6,0.8,0.9,0.95,,,,,0.88,,0.9,,,0.97,,
LYNX1,,,0.03,,0.52,,,,0.9,,,,,,0.8,0.75,,,0.116,,,,0.7
LYPD1,,,0.0,,0.9,,,0.6,0.7,,0.8,,,,0.8,,,,0.5,0.88,,,
LYPD2,,,0.26,,0.29,,,0.75,0.75,,0.84,,,,0.5,,,,0.75,,,,
LYPD3,,,0.0,,0.7,0.6,,0.9,0.7,,0.8,,,,0.8,0.75,,,0.5,,,,
LYPD4,,,0.0,,0.95,,,0.67,0.5,,,,0.84,,0.9,,,,0.5,,,0.0,
LYPD5,,,0.0,,0.71,,0.1,0.2,0.7,,0.9,,,,0.6,,,,0.5,1.0,,,
LYPD6,,,0.0,,0.84,,,0.8,0.9,,0.7,,,,0.8,,,,0.5,,,,
LYPD6B,,,0.0,,0.58,,,0.7,0.85,,0.95,,,,0.9,,,,0.5,1.0,,,
LYPD8,,,1.0,,1.0,,,,0.7,,,,,,0.8,,,,0.5,,,0.0,
LYPLA1,,,,,,,,,,,,0.9,,0.7,,,,,,,,,
LYPLA2,,,,0.95,0.07,,,,0.75,,0.8,,,,0.8,0.78,,,0.65,,,,0.5
LYPLAL1,,,0.0,,0.8,,0.9,,0.7,,0.8,,,,0.7,,,,0.5,,,0.5,
LYRM1,,,0.0,,0.5,,,,0.9,,0.8,,,,0.7,,,,0.6,,,0.6,
LYRM2,,,0.0,,0.5,,,0.6,0.8,,0.9,,,,0.7,,,,0.1,,,0.5,
LYRM4,,,,,,,,,,,,,,0.6,,,,,,,,,
LYRM7,0.7,,0.8,,,,,0.6,,,,,0.9,,0.8,0.75,0.9,,,,,,
LYRM9,,,0.9,,0.7,,0.8,,0.6,,0.7,,,,,,,,0.5,,,,
LYSMD1,,,0.98,,0.54,0.68,,,0.6,,0.84,,,,0.8,0.65,,,0.45,,,0.54,
LYSMD2,,,0.42,,0.19,,,,0.7,,0.8,,,,0.9,,,,0.5,,,,
LYSMD3,,,0.28,,0.24,,,,0.8,,0.93,,,,0.75,0.7,,,0.61,,,0.59,
LYSMD4,,,0.0,,0.71,,,,0.7,,0.85,,,,0.8,0.75,,,0.85,,,,
LYST,,,,0.56,0.22,,0.75,,0.7,,0.9,,,,0.6,0.75,,,0.8,0.7,,,
LYVE1,,,0.0,,0.81,,,0.2,0.8,,0.9,,,,0.8,,,0.7,0.5,0.89,,,
LYZ,0.7,,0.0,,,,0.8,,,,,,0.9,,0.75,,,,,,1.0,,
LYZL1,,,0.0,,,,0.8,0.6,0.7,,,,0.9,,0.9,,,,,,1.0,,
LYZL2,,,0.0,,0.5,,,0.9,0.5,,0.8,,,,0.7,0.6,,,0.6,1.0,,,
LYZL4,,,0.48,,0.17,0.53,,,0.5,,0.78,,,,0.8,,,,0.73,1.0,,,
LYZL6,,,0.0,,0.85,,,,0.7,,0.9,,,,0.8,,,,0.5,,,0.0,
LZIC,,,0.0,,0.61,0.49,,0.6,0.75,,0.85,,,,0.9,0.7,,,0.95,,,,
LZTFL1,0.8,,0.07,,0.29,,,0.6,0.7,,0.9,,,,0.9,,,,0.75,0.63,,,
LZTR1,0.8,,0.0,,0.2,,,0.6,0.7,,0.9,,,,0.8,,,,0.5,,,0.6,
LZTS1,0.8,,,0.95,0.11,,,,0.7,,0.9,,,,0.75,,,,0.5,0.88,,,
LZTS2,,,,,,,,,,,,0.8,,,,,,,,,,,
LZTS3,,,,1.0,0.95,,,,0.6,,0.8,,,,0.75,,,,0.7,0.94,,,
M1AP,0.8,,0.0,,0.5,,,,0.6,,,,0.9,,0.7,0.65,0.8,,0.7,,0.95,,
M6PR,,1.0,0.03,,0.35,,,,0.6,0.4,0.8,,,,0.6,,,,0.5,,,,
MAB21L1,0.8,,0.22,,0.27,,,0.7,0.6,,,,0.9,,0.5,,,,0.5,1.0,,,
MAB21L2,,1.0,0.44,,0.21,,,0.7,0.6,,,,0.9,,,,,,,1.0,,,
MAB21L3,,,0.0,,0.66,,,,0.7,,0.9,,,,,0.6,,,0.5,,,,
MACC1,,,0.0,,0.94,,0.5,0.6,0.8,,0.9,,,,,,,0.7,0.85,0.94,,,
MACF1,,,,,,,,,,,,0.9,,,,,,,,,,,
MACO1,,,0.0,,0.0,,,,0.7,,0.9,,,,0.8,,,,0.8,,,0.6,
MACROD1,,,,,,,,,,,,,,,,,,,,,,,
MACROD2,,,0.38,,0.22,,0.8,,0.9,,0.95,,,,0.75,,0.85,,0.89,0.77,,,
MAD1L1,,,0.0,,,,0.9,,0.6,,,,0.7,,0.7,,,,,,,0.5,
MAD2L1,,,,,,,,,,,,,,,,,,,,,,,
MAD2L1BP,,,0.0,,0.88,,,,0.75,,0.95,,,,0.8,,,,0.54,,,0.54,
MAD2L2,,,,,,,,,,,,,,,,,,,,,,,
MADCAM1,,,0.49,,0.17,,,0.3,0.93,0.4,0.54,,,,0.5,,,,0.76,,,,
MADD,,1.0,0.0,,0.44,,0.7,,0.85,,0.9,,,,,0.85,,,,0.91,,,
MAEA,,1.0,,0.64,0.19,,0.6,,0.7,,0.8,,,,0.7,0.75,,,,,,0.5,
MAEL,,,0.0,,0.36,,,0.4,0.6,,0.7,,,,,0.65,,,0.5,1.0,,,
MAF,,1.0,,0.75,0.11,,0.8,,0.7,,0.9,,,,0.8,0.75,,,,0.85,,,
MAF1,,,,0.95,0.07,,,0.8,0.87,,0.89,,,,0.8,0.8,,,0.64,,,0.59,
MAFA,0.8,,0.0,,,,,,,,,,0.9,,0.6,,,,,,1.0,,
MAFB,0.5,1.0,,0.9,0.0,,,,0.8,,,,0.95,,0.7,,,,,0.95,,,
MAFF,,,0.8,,0.66,,,0.6,0.7,,0.9,,,,0.8,0.7,,,0.5,0.8,,,
MAFG,,1.0,,0.73,0.0,,,0.1,0.7,,0.9,,,,0.8,0.75,,,0.5,,,0.5,
MAFIP,,,1.0,,1.0,,,,0.5,,,,,,,,,,0.5,,,0.0,0.5
MAFK,,,,0.72,0.0,,,0.1,0.8,,0.9,,,,0.8,,,,0.5,0.81,,,
MAG,,,,,,,,,,,,0.8,,,,,,,,,,,
MAGEA1,,,0.0,,0.0,,,0.7,0.8,,0.9,,,,0.9,,,,0.5,1.0,,,
MAGEA10,,,0.0,,0.0,,,0.7,0.6,,0.9,,,,,0.75,,,0.7,,,,0.5
MAGEA11,,,,0.7,0.0,,,,0.8,,0.9,,,,0.8,,,,0.85,,,,
MAGEA12,,,0.0,,0.0,,,,0.7,0.6,0.9,,,,0.7,,,,0.5,1.0,,,0.5
MAGEA13P,,,0.0,,0.0,,,,,,,,,,,0.4,,,0.5,,,1.0,
MAGEA2,,,1.0,,1.0,0.0,,,0.6,,0.8,,,,,,,,0.5,1.0,,,
MAGEA3,,,0.0,,0.0,,,,0.7,0.6,0.9,,,,0.8,,,,0.5,,,,
MAGEA4,0.6,,1.0,,1.0,,,0.7,0.8,,0.9,,,,0.8,0.7,,,0.5,,,,
MAGEA6,0.8,,0.0,,0.0,,,,0.6,,0.8,,,,0.7,,,,0.7,,,,
MAGEA8,,,1.0,,1.0,,,,0.7,,0.9,,,,0.9,0.7,,,0.5,,,,
MAGEA9B,,,0.0,,0.0,,,,0.6,,0.8,,,,,,,,0.5,1.0,,,
MAGEB1,,,1.0,,1.0,,,,0.7,,0.9,,,,0.9,,,,0.6,,,,0.5
MAGEB10,,,0.0,,0.0,,,0.85,0.8,,0.9,,,,0.6,0.7,,,0.7,1.0,,,
MAGEB16,,,0.37,,0.0,,,,0.6,,0.8,,,,,,,,0.5,,,,
MAGEB17,,,0.0,,0.0,,,,0.5,,0.6,,,,,0.5,,,0.5,,,,
MAGEB18,,,0.0,,0.5,0.3,,,0.7,,0.8,,,,,,,,0.6,1.0,,,
MAGEB2,,,0.0,,0.0,,,,0.7,,0.9,,,,0.9,,,,0.6,1.0,,,
MAGEB3,,,0.44,,0.0,,,0.1,0.5,,0.95,,,,0.6,,,,0.69,1.0,,,
MAGEB4,,,0.0,,0.0,,,0.5,0.6,,0.7,,,,,0.6,,,0.8,1.0,,,
MAGEB5,,,0.0,,0.0,,,,,,0.8,,,,,,,,0.5,,,,
MAGEB6,,,0.0,,0.0,,,,0.6,,0.68,,,,,0.5,,,0.5,,,,
MAGEC1,,,0.0,,0.0,,,,0.7,,1.0,,,,0.8,0.7,,,1.0,,,,
MAGEC2,,,0.0,,0.0,0.8,0.7,,0.6,,0.9,,,,0.7,,,,0.5,1.0,,,
MAGEC3,,,0.0,,0.5,,,,0.6,,0.8,,,,,,,,0.7,,,,
MAGED1,,,,,,,,,,,,0.8,,0.6,,,,,,,,,
MAGED2,0.85,,,0.95,0.9,,,0.65,0.7,,0.75,,,,0.9,,,,0.6,0.8,,,0.6
MAGED4B,,,0.0,,0.0,,,,0.6,,0.7,,,,,0.4,,,0.5,,,,
MAGEE1,,,,,,,,,,,,0.8,,,,,,,,,,,
MAGEE2,,,0.0,,0.5,,0.3,0.4,0.5,,0.8,,,,0.7,,,,0.6,0.9,,,
MAGEF1,,,0.0,,0.81,,,,0.6,,0.8,,,,0.6,,,,0.5,,,0.7,
MAGEH1,,,0.24,,0.31,,,,0.8,,0.85,,,,0.9,,,,0.5,,,,
MAGEL2,,1.0,,0.98,0.1,,,,0.67,,0.86,,,,0.5,0.75,0.75,,,0.94,,,
MAGI1,,,,,,,,,,,,0.9,,0.6,,,,,,,,,
MAGI2,,1.0,,1.0,0.87,,0.6,,0.8,,0.9,,,,0.85,,,,0.5,0.77,,,
MAGI3,,,0.8,,0.7,,,,0.75,,0.85,,,,0.9,,0.9,,0.6,,,0.8,
MAGIX,,,0.0,,0.5,,,0.6,0.7,,,,,,0.9,0.5,,0.8,0.5,,,0.4,
MAGOH,,,,,,,,,,,,,,,,,,,,,,,
MAGOHB,,,0.33,,0.24,,,0.1,0.93,,0.8,,,,0.75,,,,0.74,,,0.54,
MAGT1,,,,,,,,,,,,0.8,,0.6,,,,,,,,,
MAIP1,,,1.0,,1.0,,,0.5,0.7,,0.9,,,,,0.7,,,0.8,,,0.6,
MAJIN,,,0.0,,0.0,,,0.5,0.6,,0.8,,,,0.7,0.6,,,0.5,1.0,,,
MAK,0.8,,0.0,,0.86,,,,,,,,0.9,,0.8,,0.85,,0.8,,,,0.6
MAK16,,,,,,,,,,,,,,,,,,,,,,,
MAL,,,,0.83,0.0,,,,0.65,,0.8,,,,0.8,,,,0.5,,,,
MAL2,,,,,,,,,,,,0.9,,,,,,,,,,,
MALL,,,0.23,,0.33,,,,0.8,,,,0.75,,0.9,0.65,0.7,,0.5,,0.99,,
MALRD1,0.6,,1.0,,1.0,,,,0.7,,0.9,,,,0.8,,,0.8,0.8,1.0,,,
MALSU1,,,,,,,,,,,,,,,,,,,,,,,
MALT1,,,,1.0,0.13,,0.5,0.6,0.8,,0.9,,,,0.7,,,0.9,0.5,0.77,,,
MAMDC2,,,0.0,,0.54,,,0.5,0.6,,0.9,,,,0.8,,,,0.7,,,,
MAMDC4,,,0.0,,0.5,0.9,,,0.6,,0.8,,,,0.8,,,0.8,0.7,0.94,,,
MAML1,,1.0,,1.0,0.03,,0.7,0.5,0.6,,0.8,,,,0.8,,,,,0.66,,,
MAML2,,,,1.0,0.89,,0.6,0.65,0.7,,0.9,,,,,,,,0.75,0.72,,,
MAML3,,,,1.0,0.9,,0.9,0.6,0.75,,0.8,,,,,,,,0.7,0.76,,,
MAMLD1,,,,0.54,0.21,,0.5,,0.75,,0.9,,,,,,,,0.77,0.77,,,
MAMSTR,,,0.0,,0.44,,,,0.8,,,,0.75,,,0.7,,,0.5,0.92,,,
MAN1A1,,,,,,,,,,,,0.8,,,,,,,,,,,
MAN1A2,,1.0,,1.0,0.09,,0.5,,0.7,,0.8,,,,0.75,,,,,,,0.6,
MAN1B1,0.8,,0.0,,0.56,0.66,,,0.85,,0.9,,,,0.9,,,,0.7,,,0.5,
MAN1C1,,,0.34,,0.23,0.23,0.1,,0.9,,0.74,,,,0.6,,,,0.79,0.72,,,
MAN2A1,,,0.0,,0.45,,0.9,,0.75,,0.7,,,,0.9,,,,0.6,0.77,,,
MAN2A2,,,0.0,,0.46,,,,0.85,,0.9,,,,0.9,,,,0.7,,,0.6,
MAN2B1,,,0.0,,0.76,,0.5,,0.85,,0.9,,,,0.8,0.7,,,0.8,0.7,,,
MAN2B2,,,0.0,,0.77,,0.5,,0.8,,0.9,,,,0.75,,,,0.8,0.7,,,
MAN2C1,,,0.0,,0.87,,,,0.73,,0.81,,,,0.7,,,,0.5,,,,
MANBA,,,0.0,,0.71,,0.6,,0.6,,0.7,,,,0.75,,,,0.5,0.65,,,
MANBAL,,,0.04,,0.77,0.462,,0.5,0.8,,0.96,,,,0.8,0.65,,,0.85,,,0.55,
MANEA,,,,,,,,,,,,0.8,,0.5,,,,,,,,,
MANEAL,,,0.9,,0.43,,,,0.7,,0.8,,,,0.75,0.75,,,0.6,,,,
MANF,,,0.0,,0.73,0.52,,0.2,0.8,,,,,,,0.7,,,0.5,,,,
MANSC1,,,0.9,,,,0.6,0.8,0.75,,,,0.85,,0.9,,,,,0.7,,,
MANSC4,,,1.0,,1.0,,,,0.6,,0.7,,,,0.8,,,,0.5,,,,
MAOA,0.7,,,1.0,0.0,,,0.6,0.8,0.85,0.75,,,,0.8,,,,0.8,,,,0.7
MAOB,,,,1.0,0.0,0.85,,,0.75,0.9,0.8,,,,0.9,,,,0.5,,,,
MAP10,,,0.0,,0.98,,,,0.6,,0.8,,,,,,,,0.5,0.66,,,
MAP1A,,,,1.0,0.89,,0.4,,0.8,,0.67,,,,0.5,0.75,,,0.85,0.87,,,
MAP1B,,1.0,,1.0,0.94,,0.5,,0.75,,0.9,,,,0.8,0.85,,,,0.87,,,
MAP1LC3A,,,,,,,,,,,,,,,,,,,,,,,
MAP1LC3B,,,0.0,,0.66,,,0.4,0.8,,0.9,,,,0.8,,,,0.5,,,,
MAP1LC3B2,,,0.9,,0.7,,,,0.8,,0.7,,,,0.7,,,,0.6,,,,
MAP1LC3C,,,0.0,,0.6,,,0.3,0.7,,0.9,,,,,,,,0.5,,,,
MAP1S,,,0.37,,0.23,,0.6,,0.5,,0.7,,,,0.4,,,0.9,0.8,0.62,,,
MAP2,,,,,,,,,,,,0.8,,0.6,,,,,,,,,
MAP2K1,,1.0,,0.91,0.14,,0.4,,0.8,0.85,0.9,,,,,,,,0.7,,,0.6,
MAP2K2,,,,,,,,,,,,,,,,,,,,,,,
MAP2K3,,,0.38,,0.22,0.61,0.1,,0.8,0.9,0.8,,,,0.8,,,0.9,0.69,0.69,,,
MAP2K4,,1.0,,1.0,0.95,,,,0.85,0.9,0.9,,,,0.8,,,0.9,0.7,,,0.8,
MAP2K5,,,,,,,,,,,,,,,,,,,,,,,
MAP2K6,,,,0.9,0.8,,,0.5,0.85,0.9,0.8,,,,0.8,,,0.9,0.6,0.95,,,
MAP2K7,,1.0,,1.0,0.0,,,,0.7,0.7,0.6,,,,0.8,0.75,,0.9,0.8,,,,
MAP3K1,,,,1.0,0.1,,0.85,,0.65,0.6,0.75,,,,0.8,,,,0.8,0.83,,,
MAP3K10,,,,0.58,0.21,,,,0.7,0.6,0.8,,,,0.7,0.78,,,0.75,0.88,,,
MAP3K11,,1.0,0.01,,0.29,,0.7,,0.75,0.8,0.9,,,,0.8,0.85,,0.9,,0.65,,,
MAP3K12,,1.0,,1.0,0.0,,0.5,,0.6,0.7,0.8,,,,0.8,,,0.9,,,,,0.6
MAP3K13,,,,,,,,,,,,0.8,,0.6,,,,,,,,,
MAP3K14,,,0.0,,0.0,,,0.5,0.6,0.5,0.8,,,,0.7,,,0.9,0.7,0.65,,,
MAP3K15,,,0.0,,0.5,,,,0.7,,0.9,,,,0.7,,,0.9,0.8,1.0,,,
MAP3K19,,,0.0,,0.78,,,,0.6,0.5,0.7,,,,0.7,,,,0.5,,,,
MAP3K2,,,,1.0,,,0.8,,0.6,,,,0.9,,,,,,,,0.7,,
MAP3K20,0.8,,0.0,,,,,,0.7,,,,0.9,,,,,,,,0.82,,
MAP3K21,,,1.0,,1.0,,,,0.8,,0.9,,,,0.8,,0.7,,0.8,0.9,,,
MAP3K3,,1.0,,0.99,0.15,,0.6,0.2,0.65,0.5,0.8,,,,0.7,,,0.9,,0.65,,,0.4
MAP3K4,,1.0,,1.0,0.89,,0.4,,0.65,,0.6,,,,0.7,,,0.9,,0.65,,,
MAP3K5,,,,0.54,0.22,,,0.1,0.85,0.8,0.9,,,,,0.7,,,0.75,0.76,,,
MAP3K6,,,0.0,,0.6,,,0.6,0.7,0.5,0.9,,,,0.8,,,0.9,0.8,0.76,,,
MAP3K7,,1.0,,1.0,0.94,,0.6,0.5,0.8,0.75,0.9,,,,,,,0.9,,,,0.7,
MAP3K7CL,,,0.0,,0.98,,0.8,,0.6,,0.7,,,,,,,,0.5,0.89,,,
MAP3K8,0.8,0.85,,0.95,,,,0.5,0.65,,,,0.6,,,,,,,,0.75,,
MAP3K9,,,0.22,,0.24,,,,0.8,0.7,0.9,,,,0.8,,,0.9,0.85,0.92,,,
MAP4,,,,,,,,,,,,1.0,,,,,,,,,,,
MAP4K1,,,,,,,,,,,,,,,,,,,,,,,
MAP4K2,,,0.0,,0.52,,0.1,,0.8,0.5,0.9,,,,0.7,,,0.9,0.82,0.76,,,
MAP4K3,,,,0.63,0.22,,,0.1,0.1,0.1,0.254,,,,0.7,,,0.8,0.894,,,0.58,
MAP4K4,,1.0,,1.0,0.09,,,,0.75,0.6,0.7,,,,0.7,,,0.9,0.8,0.81,,,
MAP4K5,,,,,,,,,,,,0.7,,0.5,,,,,,,,,
MAP6,,1.0,0.35,,0.23,,,,0.6,,0.9,,,,0.5,,,,0.8,0.77,,,
MAP6D1,,,0.1,,0.43,,,,0.6,,0.65,,,,,,,,0.5,,,,
MAP7,,,,,,,,,,,,,,,,,,,,,,,
MAP7D1,,,,1.0,0.13,,,,0.6,,0.7,,,,0.7,,,,0.8,,,0.5,
MAP7D2,,,0.13,,0.25,,,0.65,0.7,,0.9,,,,0.5,0.7,,,0.73,0.91,,,
MAP7D3,,,0.0,,0.68,,,,0.8,,0.9,,,,0.7,,,,0.8,0.81,,,
MAP9,,,0.0,,0.82,,,,0.6,,0.9,,,,0.8,0.75,,,0.8,,,,
MAPK1,,1.0,,1.0,0.0,,0.8,0.6,0.9,0.9,0.8,,,,,,,0.9,,,,0.7,
MAPK10,,,,,,,,,,,,0.8,,0.6,,,,,,,,,
MAPK11,,,0.0,,0.41,0.43,,0.6,0.85,0.9,0.8,,,,,,,,0.5,0.72,,,
MAPK12,,,0.0,,0.63,,,0.6,0.7,0.9,0.8,,,,0.75,,,0.8,0.5,0.91,,,
MAPK13,,,0.0,,,,0.5,0.4,0.7,0.6,0.8,,,,0.7,0.7,,0.9,,0.9,,,
MAPK14,,1.0,,0.78,0.18,,0.1,0.7,0.66,0.9,0.8,,,,,0.75,,,,,,,
MAPK15,,,0.0,,0.5,,,0.5,0.6,0.3,0.9,,,,,,,0.8,0.7,0.95,,,
MAPK1IP1L,,,,0.66,0.13,,,,0.5,,0.65,,,,0.8,0.6,,,0.49,,,0.57,
MAPK3,,,0.1,,0.28,,0.8,0.5,0.85,0.6,0.9,,,,,,,,0.75,,,,
MAPK4,,,0.2,,0.25,0.87,0.9,0.65,0.7,,0.8,,,,0.75,0.75,,,0.75,0.87,,,
MAPK6,,,,0.9,0.16,,,,,,,,,,,,,,,,,,
MAPK7,,1.0,0.0,,0.37,,,,0.7,0.8,0.9,,,,0.75,,,0.9,0.6,0.66,,,
MAPK8,,,,1.0,0.04,,,0.7,0.8,0.9,0.85,,,,,0.85,,,,,,0.75,
MAPK8IP1,,,,,,,,,,,,0.9,,0.7,,,,,,,,,
MAPK8IP2,,,,1.0,0.0,,,,0.7,,0.9,,,,0.8,,,,0.8,0.91,,,
MAPK8IP3,,,,,,,,,,,,,,,,,,,,,,,
MAPK9,,,0.16,,0.25,0.17,,0.6,0.75,0.8,0.9,,,,,0.85,,0.9,0.85,,,,
MAPKAP1,,1.0,,1.0,0.0,,0.5,,0.6,0.8,0.7,,,,,0.85,,,,,,,
MAPKAPK2,,,,1.0,0.0,0.9,0.8,0.5,0.7,0.7,0.6,,,,,0.8,,0.9,,0.7,,,
MAPKAPK3,,,0.0,,,,0.5,0.5,0.7,0.6,0.8,,,,,,,,,,0.8,,
MAPKAPK5,,,,0.7,,,,0.5,0.7,0.6,,,0.8,,0.5,,,,0.5,,,0.6,
MAPKAPK5-AS1,,,0.0,,0.0,,,,0.8,,,,,,,0.3,,,0.5,,,0.2,
MAPKBP1,0.8,,0.0,,,,,,,,,,0.9,,0.5,,0.7,,,,0.9,,
MAPRE1,,,,1.0,1.0,,,0.7,0.6,,,,0.8,,0.8,0.85,,,0.7,,,0.8,
MAPRE2,0.75,,,0.85,0.16,,,,0.8,,0.9,,,,0.7,0.8,,,0.65,0.7,,,
MAPRE3,,,,0.72,0.16,,,,0.73,,0.91,,,,0.75,0.74,,,0.56,0.82,,,
MAPT,,,,,,,,,,,,,,,,,,,,,,,
MARCKS,,,,,,,,,,,,1.0,,0.7,,,,,,,,,
MARCKSL1,,0.8,0.9,,,,,0.6,0.7,,,,0.9,,0.75,0.78,0.8,,0.5,,,,
MARCO,,,0.0,,0.5,,,,0.8,,0.9,,,,0.7,,,,0.6,1.0,,,
MARF1,,,1.0,,1.0,,,,0.6,,0.8,,,,0.5,,,,0.5,,,0.7,
MARK1,,,,0.65,0.21,,,,0.8,0.1,0.9,,,,0.7,,,0.85,0.79,,,,
MARK2,,,,,,,,,,,,0.7,,0.5,,,,,,,,,
MARK3,,1.0,0.0,,0.42,,0.7,0.4,0.7,0.6,0.8,,,,0.7,,0.8,0.9,,,,0.6,
MARK4,,,,1.0,0.09,,0.8,0.2,0.75,,0.9,,,,,,,,,,0.53,0.6,
MARS2,0.9,,0.0,,0.5,,,,0.6,,0.7,,,,0.8,,,,0.6,0.9,,,
MARVELD1,,,1.0,,1.0,,,,0.7,,0.8,,,,0.8,,,,0.5,0.9,,,
MARVELD2,0.8,,0.0,,0.82,,,0.6,0.7,,0.9,,,,0.7,0.65,,,0.5,0.86,,,
MARVELD3,,,0.0,,0.76,,,,0.7,,0.9,,,,0.75,0.7,,,0.5,,,,
MAS1,,,0.0,,0.77,,,0.7,0.75,0.9,0.85,,,,0.85,,,,0.6,0.95,,,
MAS1L,,,0.0,,0.0,,0.6,,0.7,,0.8,,,,0.85,,,0.9,0.75,,0.91,,
MASP1,0.5,,0.0,,0.67,,,,0.8,,0.9,,,,,,,,0.7,,0.97,,
MASP2,0.8,,0.0,,0.81,,,,0.85,,0.9,,,,0.8,,,,0.7,,0.99,,
MAST1,,,,,,,,,,,,0.9,,0.6,,,,,,,,,
MAST2,,,0.0,,0.57,,0.7,,0.8,,0.9,,,,0.9,,,0.6,0.5,0.76,,,
MAST3,,,,1.0,0.89,,,,0.6,0.5,0.6,,,,0.7,,,0.9,0.7,,,,
MAST4,,,0.0,,,,0.8,,,,,,0.9,,0.75,,,,0.5,,0.6,,0.6
MASTL,0.7,,0.0,,,,,,,,,,0.9,,,,,,,,0.77,,0.5
MAT1A,0.8,,0.0,,0.4,,,0.5,0.7,,,,0.9,,0.7,0.6,,,0.6,,1.0,,
MAT2A,,,,,,,,,,,,,,,,,,,,,,,
MAT2B,,,0.8,,0.6,,,0.3,0.8,,0.9,,,,0.8,,,,0.5,,,0.7,0.6
MATK,,,,,,,,,,,,0.8,,0.6,,,,,,,,,
MATN1,0.75,,0.0,,0.44,,0.6,,0.7,,0.8,,,,0.9,,,0.9,0.5,0.85,,,
MATN2,,,0.0,,0.62,,,0.6,0.7,,0.9,,,,0.7,,,,0.8,0.89,,,
MATN3,0.8,,0.0,,0.79,,,0.6,0.7,,0.9,,,,0.8,,,0.7,0.5,0.93,,,
MATN4,,,0.0,,0.62,,0.1,0.6,0.5,,0.65,,,,0.8,,,0.75,0.8,0.95,,,
MATR3,0.8,,,1.0,0.0,0.9,,,,,,,0.9,,0.8,,,,0.7,,,0.6,
MAU2,,,,1.0,0.03,,0.8,0.5,0.6,,0.7,,,,0.6,,,,,0.7,,,
MAVS,,,0.0,,0.79,,,0.1,0.8,,0.9,,,,0.8,,,,0.5,0.62,,,
MAX,,,,,,,,,,,,,,0.7,,,,,,,,,
MAZ,,,,1.0,1.0,,,0.2,0.7,,0.9,,,,0.8,,,0.9,0.8,,,0.6,
MB,,,,,,,,,,,,,,,,,,,,,,,
MB21D2,,,0.04,,0.34,,,,0.8,,0.33,,,,0.9,,,,0.491,,,,
MBD1,,,,1.0,0.13,,0.5,,0.8,,0.9,,,,0.8,,,,0.5,0.62,,,
MBD2,,,,,,,,,,,,,,0.7,,,,,,,,,
MBD3,,1.0,,0.98,0.0,,,,0.6,,0.7,,,,0.7,,,,0.5,,,0.48,
MBD3L1,,,0.0,,0.0,,,0.5,0.6,,0.7,,,,,,,,0.8,,,,
MBD3L2,,,1.0,,1.0,,,,0.7,,0.9,,,,,0.75,,,0.8,,,0.5,
MBD3L2B,,,0.0,,0.0,,,,,,,,,,,,,,0.5,,,0.2,
MBD3L3,,,0.29,,0.0,,,,0.6,,0.8,,,,,,,,0.5,1.0,,,
MBD3L4,,,0.0,,0.0,,,,0.6,,,,,,,,0.3,,0.5,,,0.4,
MBD3L5,,,0.0,,0.0,,,,0.5,,0.5,,,,,,,,0.5,,,0.8,
MBD4,,1.0,0.0,,,,,,,,,,0.9,,0.7,,,,0.5,,,,0.5
MBD5,,,,1.0,0.04,,,0.7,0.6,,0.8,,,,,,,,,,,0.6,
MBD6,,,,1.0,0.9,,,,0.75,,0.7,,,,,,,,0.6,,,,
MBIP,,,0.0,,,,0.8,0.6,0.7,,,,0.9,,0.7,0.65,0.8,,,0.5,,,
MBL2,,,,,,,,,,,,0.8,,,,,,,,,,,
MBLAC1,,,0.19,,0.39,,,0.4,0.5,,0.7,,,,0.7,0.65,,,0.5,,,0.55,
MBLAC2,,,,,,,,,,,,0.9,,,,,,,,,,,
MBNL1,,,,0.75,0.18,,0.4,0.3,0.6,,0.5,,,,0.7,0.65,,,0.78,0.76,,,
MBNL2,,,0.26,,0.24,,,0.1,0.8,,0.97,,,,0.8,0.75,,,0.75,,,0.54,
MBNL3,,,,0.93,0.08,,,,0.8,,0.9,,,,0.75,0.8,,,0.7,,,,
MBOAT1,,,0.0,,0.75,,0.5,,0.7,,0.9,,,,0.85,,,,0.6,0.79,,,
MBOAT2,,,0.49,,0.22,,,,0.87,,0.67,,,,0.8,0.7,,,0.52,,,,
MBOAT4,,,1.0,,1.0,,,,0.7,,0.9,,,,0.9,,,,0.8,,,,
MBOAT7,,,0.11,,0.28,,0.6,,0.75,,0.8,,,,0.7,,,,0.472,,,,
MBP,,,,,,,,,,,,0.8,,,,,,,,,,,
MBTD1,,1.0,,1.0,0.0,0.9,,,0.6,,0.8,,,,0.7,0.85,,,0.7,,,,
MBTPS1,0.5,1.0,0.0,,,,,0.6,0.7,,,,0.8,,,,0.9,,,,,0.7,
MBTPS2,0.9,,,1.0,0.0,,,0.5,0.6,,0.7,,,,0.8,0.85,,,0.8,,,,
MC1R,,,0.0,,0.8,,0.9,,0.8,0.9,0.7,,,,0.8,,,0.9,0.5,0.95,,,
MC2R,0.8,1.0,0.0,,0.5,,,,0.8,0.9,0.9,,,,0.9,,,,0.6,1.0,,,
MC3R,0.8,,0.0,,0.6,0.7,,,0.8,0.9,0.9,,,,,,0.8,,0.5,1.0,,,
MC4R,,,0.0,,0.8,0.8,0.9,,0.7,0.9,0.8,,,,0.8,,,,0.5,0.94,,,
MC5R,,,0.0,,0.5,0.6,,,0.85,0.9,0.8,,,,0.9,,,0.9,0.7,1.0,,,
MCAM,0.9,,0.0,,,,,,,,,,,,,,,,,,0.95,,
MCAT,,,0.0,,0.64,0.5,,0.5,0.6,,0.8,,,,0.8,,0.7,,0.7,,,0.5,0.6
MCC,0.9,,0.0,,0.62,,,,0.7,,,,0.9,,0.8,,,,0.5,0.96,,,
MCCC1,,,0.0,,0.63,,0.6,,0.75,,0.7,,,,0.8,,,,0.5,,,0.5,
MCCC2,0.8,,0.0,,0.61,,,,0.7,,0.9,,,,0.7,,,,0.5,,,0.6,0.5
MCCD1,,,0.0,,0.97,,0.2,,0.5,,0.5,,,,,0.5,,,0.5,1.0,,,
MCEE,0.7,,0.8,,,,,,,,,,0.9,,0.9,,0.75,,,,,,
MCEMP1,,,0.0,,0.0,,,0.2,0.6,,0.8,,,,0.7,0.5,,,0.5,,,,
MCF2,,,,,,,,,,,,0.8,,,,,,,,,,,
MCF2L,,,0.0,,,,0.8,,,,,,0.9,,0.8,,,,,,0.96,,0.5
MCF2L2,,,0.0,,0.74,,,0.6,0.8,,0.7,,,,0.7,,,,1.0,,,,
MCFD2,0.8,,0.1,,0.41,,,0.5,0.7,,0.9,,,,,0.65,,0.75,0.73,,,0.6,
MCHR1,,,0.0,,0.75,,,0.1,0.75,0.9,0.85,,,,0.8,0.75,,0.9,0.8,0.94,,,
MCHR2,,,0.0,,0.72,0.34,0.1,0.2,0.6,0.7,0.8,,,,0.8,,,,0.5,,,,
MCIDAS,0.8,,0.1,,,,,,,,,,0.9,,,,0.85,,,,0.95,,
MCL1,,,,,,,,,,,,0.8,,0.75,,,,,,,,,
MCM10,,1.0,0.0,,0.62,,,0.6,0.8,,0.9,,,,0.8,,,,0.75,1.0,,,
MCM2,0.8,1.0,0.0,,,,,,,,,,0.9,,0.8,,0.9,,0.5,,1.0,,
MCM3,,1.0,0.0,,0.55,,,0.5,0.6,,0.7,,,,0.5,,,,0.8,,,,
MCM3AP,,1.0,0.0,,0.37,,0.5,,0.8,,0.8,,,,0.8,,,,0.7,,,0.6,
MCM4,,1.0,0.0,,0.31,,0.8,0.5,0.7,,0.6,,,,0.8,,,,0.4,0.93,,,
MCM5,0.8,,0.0,,0.36,,,0.6,0.7,,,,0.9,,0.75,,,,0.5,,0.86,,
MCM6,,,,,,,,,,,,,,,,,,,,,,,
MCM7,,1.0,0.0,,,,,0.6,0.7,,,,0.9,,0.7,0.75,,,0.8,,,0.6,
MCM8,,,0.0,,0.7,,0.8,0.2,0.8,,0.9,,,,0.5,,,0.7,,0.83,,,
MCM9,0.5,1.0,0.0,,,,,,,,,,0.9,,0.7,0.6,,,,,0.6,,
MCMBP,,,,1.0,0.88,,,,0.8,,0.9,,,,0.75,,,,0.7,0.65,,,
MCMDC2,,,0.0,,0.61,,,,0.7,,0.8,,,,,,,,0.5,,,,
MCOLN1,0.8,,0.0,,0.37,,,,0.5,,0.7,,,,,,,,0.5,0.75,,,
MCOLN2,0.9,,0.0,,0.86,,,0.75,0.8,,0.9,,,,0.8,,0.85,,0.7,1.0,,,
MCOLN3,,1.0,0.0,,,,,0.6,0.7,0.8,0.9,,,,0.7,,,,0.5,1.0,,,
MCPH1,,1.0,0.0,,0.5,,0.8,,0.7,,0.6,,,,0.9,0.7,,,,,,0.5,
MCRIP1,,,1.0,,1.0,,,,0.6,,0.8,,,,0.8,,0.9,,0.5,,,0.7,
MCRIP2,,,0.0,,0.0,,,0.5,0.6,,0.7,,,,,,,,0.5,0.64,,,
MCRS1,,,0.15,,0.25,,,,0.8,,,,0.99,,,0.7,,,0.5,,,0.46,
MCTP1,,,,,,,,,,,,0.9,,,,,,,,,,,
MCTP2,,,0.0,,,,0.7,,,,,,0.9,,0.8,,,,,,0.95,,
MCTS1,,,,,,,,,,,,,,,,,,,,,,,
MCU,,,,,,,,,,,,0.8,,0.6,,,,,,,,,
MCUB,,,,,,,,,,,,,,,,,,,,,,,
MCUR1,,,0.0,,0.69,,,0.2,0.8,,0.9,,,,0.8,0.6,,,0.5,,,0.7,
MDC1,,,0.0,,0.39,,,0.2,0.85,,0.9,,,,0.6,,,,0.8,0.7,,,
MDFI,,0.9,0.33,,0.24,,,,0.7,,0.8,,,,0.9,,,,0.5,0.88,,,
MDFIC,,,,,,,,,,,,0.8,,0.7,,,,,,,,,
MDFIC2,,,1.0,,1.0,,,,,,,,,,,0.8,,,0.5,,,,
MDGA1,,,,0.9,0.8,,,,0.8,,,,0.9,,0.9,,,,0.6,,,,
MDGA2,,,0.46,,0.22,,,,0.55,,0.7,,,,0.6,,,,0.95,0.88,,,
MDH1,0.5,1.0,,0.92,0.12,,,,0.8,,,,0.9,,0.7,,,,,0.69,,,
MDH1B,,,0.0,,0.83,,,,,,,,0.9,,,0.7,,,0.5,,,,
MDH2,0.8,,0.9,,0.6,0.7,,,0.8,,,,0.9,,0.7,,,,0.5,,,,
MDK,,,0.22,,0.28,,,0.7,0.8,,0.85,,,,,,,,0.75,0.95,,,
MDM1,0.6,,0.0,,0.64,,,0.2,0.6,,0.9,,,,0.5,,0.7,,0.8,0.72,,,
MDM2,,1.0,,1.0,0.03,,0.8,0.5,0.7,0.6,0.9,,,,,,,,0.8,0.65,,,
MDM4,,1.0,,1.0,0.0,,0.7,0.6,0.5,,0.6,,,,0.7,,,0.7,,0.6,,,
MDN1,,,0.0,,0.26,,,,0.7,,0.8,,,,0.7,,0.9,,0.5,,,,
MDP1,0.9,,0.0,,0.8,,,,0.6,,0.7,,,,0.8,,,,0.5,,,0.5,
MDS2,,,0.33,,0.23,,0.5,,0.5,,0.2,,,,,,,0.7,0.14,0.94,,,
ME1,,,0.0,,0.85,,,,0.7,,0.8,,,,0.7,,,,0.5,,,,
ME2,,,0.0,,0.76,,,,0.8,,0.9,,,,0.6,,,,0.5,,,,
ME3,,,0.0,,0.78,,0.6,,0.7,,0.8,,,,0.7,,,0.9,0.5,0.64,,,
MEA1,,,0.0,,0.93,,,0.6,0.7,,0.9,,,,0.7,,,,0.5,,,,
MEAF6,,,0.13,,0.29,,,0.68,0.64,,0.8,,,,0.9,,,,0.76,,,0.53,0.7
MECOM,,1.0,,1.0,0.04,,0.8,,0.7,,,,,,0.6,,,,,,,,
MECP2,0.95,,,0.78,0.11,,0.5,0.85,0.8,,0.9,,,,0.8,0.75,,,0.5,,,0.7,
MECR,0.8,,0.0,,,,,0.6,,,,,0.9,,,,0.9,,,,,,
MED1,,,,,,,,,,,,,,0.7,,,,,,,,,
MED10,,,0.8,,0.6,,,0.85,0.8,,0.9,,,,0.75,,,,0.5,,,0.7,
MED11,,,0.0,,0.5,,,,0.6,,0.9,,,,0.7,,,,0.8,,,0.5,
MED12,0.8,1.0,,1.0,0.01,,,,0.6,,,,,,0.8,,,,,0.7,,,
MED12L,0.8,,,1.0,0.89,,,,0.8,,,,0.9,,0.7,,,,0.7,0.86,,,
MED13,,,,1.0,0.0,,0.5,,0.7,,0.6,,,,0.8,,,,0.7,,,0.6,
MED13L,,,,1.0,0.0,,0.9,,0.6,,0.7,,,,0.8,,,,0.8,0.7,,,
MED14,,,,1.0,0.02,,0.5,,0.6,,0.7,,,,0.6,0.75,,0.8,0.8,0.7,,,
MED14OS,,,0.0,,0.0,,,,0.75,,,,,,,0.3,,,0.5,,,0.6,
MED15,,,,1.0,0.87,,,,0.6,,0.7,,,,0.8,0.8,,,0.8,,,0.7,
MED16,,,,,,,,,,,,,,,,,,,,,,,
MED17,0.8,,0.0,,0.54,,,0.75,0.8,,0.9,,,,0.7,,,,0.7,,,0.6,
MED18,,,0.0,,0.5,,,0.9,0.7,,0.8,,,,0.8,0.7,,,0.6,,,0.6,
MED19,,,,,,,,,,,,,,,,,,,,,,,
MED20,,,0.33,,0.24,,0.4,0.7,0.75,,0.55,,,,0.6,,,,0.21,,,0.48,
MED21,,0.9,0.8,,,,,,0.65,,,,,,0.7,0.75,,,,,,0.7,0.6
MED22,,,0.0,,0.63,,,0.6,0.7,,0.8,,,,0.7,0.65,,,0.5,,,,
MED23,,,0.0,,,,0.5,,0.6,,0.8,,,,0.5,,,,,0.7,,,
MED24,,1.0,0.0,,0.49,,0.6,,0.5,,0.7,,,,0.5,,,,,,,0.6,
MED25,0.9,,0.0,,0.41,,,,0.5,,0.6,,,,0.7,,,,0.7,,,,
MED26,,,,0.83,0.16,,,,0.8,,0.9,,,,0.85,0.82,,,0.75,0.92,,,
MED27,,,0.0,,,,0.5,,0.7,,,,0.8,,0.6,0.5,,,,,,0.6,0.4
MED28,,,,,,,,,,,,0.9,,0.6,,,,,,,,,
MED29,,,0.0,,0.62,,,,0.8,,0.9,,,,0.7,,,,0.5,,,0.54,
MED30,,,0.33,,0.24,,0.8,,0.7,,0.9,,,,0.8,,,,0.89,0.66,,,
MED31,,,,,,,,,,,,,,,,,,,,,,,
MED4,,,0.9,,,,,0.8,0.6,,,,0.8,,0.8,0.75,,,,,,0.7,
MED6,,,0.0,,0.56,,,,0.8,,0.9,,,,0.8,,,,0.5,,,0.6,
MED7,,,0.8,,0.5,,,0.7,0.8,,0.9,,,,0.8,,,,0.6,,,0.5,
MED8,,,,,,,,,,,,,,,,,,,,,,,
MED9,,,,,,,,,,,,,,,,,,,,,,,
MEDAG,0.7,,0.0,,,,0.8,,,,,,0.7,,,,,,,,0.9,,
MEF2A,0.85,0.9,,0.95,0.8,,,0.6,0.75,,,,0.9,,0.8,,,,,0.7,,,
MEF2C,,1.0,0.02,,0.33,,0.36,0.1,0.28,,0.97,,,,0.8,,,,,0.84,,,
MEF2D,,,,0.95,0.8,,0.9,0.5,0.7,,0.8,,,,0.6,,,,0.6,0.7,,,
MEFV,1.0,1.0,0.0,,0.81,,,,0.8,,0.9,,,,,0.8,,,0.7,,,,
MEGF10,,,,0.64,0.22,,0.5,,0.75,,0.9,,,,0.7,,,0.7,0.85,0.87,,,
MEGF11,,,0.0,,0.88,,,,0.7,,0.9,,,,0.9,,,,0.6,1.0,,,
MEGF6,,,0.0,,0.68,,,,0.6,,0.7,,,,0.8,,,0.9,0.8,0.93,,,
MEGF8,0.8,,0.0,,,,,,,,,,0.9,,0.75,,,,,,0.65,,
MEGF9,,,,,,,,,,,,0.9,,,,,,,,,,,
MEI1,,,0.0,,,,0.5,,0.6,,,,0.8,,,0.6,0.7,,,,0.9,,
MEI4,,,1.0,,1.0,,,,,,,,0.7,,,0.75,,,0.5,,,,
MEIG1,,,0.0,,0.88,,,,0.6,,0.9,,,,,0.6,,,0.1,,,,
MEIKIN,,,0.0,,0.0,,,,,,,,0.8,,,,,,0.5,,,,
MEIOB,0.8,,0.0,,,,,,,,,,0.9,,,0.7,0.7,,,,1.0,,
MEIOC,,,1.0,,1.0,,,,0.7,,0.9,,,,,,,,0.5,1.0,,,
MEIS1,,1.0,,1.0,0.0,,0.8,0.5,0.6,,0.7,,,,0.7,0.8,,,0.4,0.87,,,
MEIS2,,,,1.0,0.04,,0.8,0.5,0.6,,0.7,,,,0.7,,,0.9,,0.81,,,
MEIS3,0.6,,0.0,,0.59,,,,0.7,,0.9,,,,,,,,0.75,0.94,,,
MEIS3P1,,,0.0,,0.0,,,,0.6,,,,,,,,,0.4,0.5,,,0.2,
MEIS3P2,,,0.0,,0.0,,,,,,,,,,,,,,0.5,,,,
MELK,,,,,,,,,,,,,,,,,,,,,,,
MELTF,,,1.0,,1.0,,,,0.7,,0.9,,,,0.9,0.8,,,0.8,,,,0.5
MEMO1,,,,0.99,0.05,,,0.7,0.6,,0.87,,,,0.9,0.78,,,0.75,,,0.53,
MEN1,,,,,,,,,,,,,,,,,,,,,,,
MEOX1,0.5,,0.0,,0.68,,,0.6,0.8,,0.9,,,,,,,,0.5,,0.97,,
MEOX2,,0.85,,0.9,0.8,,0.6,,0.65,,0.75,,,,,0.8,,,,,,,
MEP1A,,,,,,,,,,,,0.9,,0.7,,,,,,,,,
MEP1B,0.8,1.0,0.0,,,,,,,,,,0.9,,0.8,,,,0.5,,1.0,,
MEPCE,,,,,,,,,,,,,,,,,,,,,,,
MEPE,,,0.01,,0.55,,0.75,0.6,0.7,,0.9,,,,0.85,,,,0.85,0.99,,,
MERTK,,,0.0,,,,0.8,,0.7,0.7,0.6,,,,0.8,0.75,,,,,0.77,,
MESD,0.8,,0.0,,,,,,,,,,0.9,,0.75,0.7,0.85,,,,,,
MESP1,0.9,1.0,0.0,,,,,,,,,,0.9,,,,,,0.5,,0.82,,
MESP2,1.0,1.0,0.0,,,,,0.5,,,,,0.9,,,,0.8,,,,0.7,,
MEST,,,,,,,,,,,,1.0,,0.5,,,,,,,,,
MET,,,,0.99,0.17,,0.9,,0.8,0.95,0.9,,,,,,,,,0.78,,,
METAP1,,,0.24,,0.24,0.4288,,,0.5,0.4,0.65,,,,0.7,,,,0.386,0.66,,,
METAP1D,,,0.0,,,,0.8,0.4,0.7,,,,0.9,,0.6,0.6,,,,0.7,,,
METAP2,,,,,,,,,,,,0.8,,0.9,,,,,,,,,
METRN,,,0.2,,0.5,,,,0.8,,0.9,,,,0.7,,,,0.5,,,,
METRNL,,,,0.75,0.11,,0.1,,0.1,,0.67,,,,0.9,,,,0.31,,,,
METTL1,,,,,,,,,,,,,,,,,,,,,,,
METTL13,,,0.0,,0.61,,,,0.6,,0.8,,,,0.7,,,0.9,0.5,,,0.7,
METTL14,,,,,,,,,,,,,,,,,,,,,,,
METTL15,,,0.0,,0.88,0.45,0.1,0.2,0.6,,0.7,,,,0.6,,,,0.5,,,0.5,
METTL15P1,,,0.0,,0.0,,,,,,,,,,,,0.7,,0.5,,,0.2,
METTL16,,,,,,,,,,,,,,0.65,,,,,,,,,
METTL17,,,,,,,,,,,,,,,,,,,,,,,
METTL18,,,0.0,,0.77,,,,0.6,,0.9,,,,,,,0.8,0.5,0.62,,,
METTL21A,,,0.0,,,,0.8,0.6,0.7,,,,0.9,,0.7,0.6,,,,,,,
METTL21C,,,0.0,,0.85,,,0.2,0.6,,0.8,,,,0.7,,,0.9,0.7,0.95,,,
METTL21EP,,,0.0,,0.0,,,,0.5,,,,,,,,,,0.5,,,0.6,
METTL22,,,0.0,,0.93,,,0.6,0.8,,0.85,,,,0.7,,,,0.75,0.65,,,
METTL23,0.7,,0.0,,0.5,,,,0.8,,,,0.9,,0.75,,,,0.6,,0.7,,
METTL24,,,0.0,,0.77,,,,0.6,,0.8,,,,0.7,,,,0.5,,,,
METTL25,,,0.0,,0.74,,,0.5,0.6,,0.7,,,,0.8,,,,0.8,0.64,,,
METTL26,,,1.0,,1.0,,,,0.7,,0.9,,,,0.8,,,0.9,0.8,,,0.6,
METTL27,0.9,,0.0,,0.0,,,0.6,0.7,,0.8,,,,0.7,,,,0.5,,,,
METTL2A,,,0.0,,0.94,,,0.6,0.5,,0.76,,,,0.7,,0.9,,0.5,,,0.48,
METTL2B,,,0.0,,0.79,,,,0.7,,0.9,,,,0.9,,0.7,,0.6,,,0.5,0.6
METTL3,,,0.0,,0.53,,,,0.7,,0.9,,,,,,,,0.8,0.69,,,
METTL4,,,0.0,,0.57,,,,0.6,,0.8,,,,0.5,,,,0.5,,,0.6,
METTL5,0.8,,0.0,,0.72,0.48,,,0.8,,,,0.9,,0.7,,0.85,,0.5,,,0.6,
METTL6,,,,,,,,,,,,,,,,,,,,,,,
METTL8,,,0.0,,0.86,,,0.2,0.7,,,,,,,,,,0.5,0.61,,,
METTL9,,,,,,,,,,,,0.8,,0.6,,,,,,,,,
MEX3A,,,,0.98,0.0,,,,0.7,,,,0.78,,0.9,,,,0.65,1.0,,,
MEX3B,,,,0.58,0.18,0.87,,,0.6,,0.9,,,,0.7,0.76,,,0.75,1.0,,,
MEX3C,,,,0.88,0.13,,0.5,,0.8,,0.9,,,,0.7,,,0.75,0.65,0.85,,,
MEX3D,,,,,,,,,,,,,,,,,,,,,,,
MFAP1,,,,,,,,,,,,,,,,,,,,,,,
MFAP2,,,0.0,,0.73,,0.9,,0.6,,0.7,,,,0.7,,,,0.5,0.85,,,
MFAP3,,,0.0,,0.57,,0.5,,0.7,,0.9,,,,0.8,0.7,,0.8,0.5,0.6,,,
MFAP3L,,,,0.85,0.09,,,,0.6,,0.66,,,,0.8,,,,0.82,,,,
MFAP4,,,0.39,,0.22,,,0.6,0.67,,0.79,,,,0.8,,0.75,,0.51,0.89,,,
MFAP5,0.6,,0.8,,,,,0.7,0.7,,,,0.9,,0.8,0.75,,,,,0.9,,
MFF,,,0.8,,,,0.6,0.5,0.7,,0.9,,,,0.7,,0.8,,,,,0.6,0.5
MFGE8,,,0.0,,0.54,,0.6,0.4,0.7,,0.9,,,,0.8,,,,0.5,0.99,,,
MFHAS1,,,0.0,,,,0.6,,,,,,0.9,,,,0.85,,,,0.66,,
MFN1,,1.0,0.0,,0.56,,,0.5,0.8,,,,,,0.8,,,,0.7,,,,
MFN2,,,,,,,,,,,,0.8,,0.75,,,,,,,,,
MFNG,,,0.0,,0.93,,,,0.8,,0.9,,,,0.8,0.75,,,0.5,0.94,,,
MFRP,0.7,,0.0,,0.86,,,,0.6,,0.9,,,,0.7,,,,0.5,0.89,,,
MFSD1,,,0.0,,0.9,,,,0.8,,0.62,,,,0.8,,,0.7,0.5,0.66,,,
MFSD10,,,0.0,,0.82,,,,0.7,,0.9,,,,0.8,0.7,,0.8,0.5,,,,
MFSD11,,,0.0,,0.54,,,0.5,0.6,,0.8,,,,0.9,,,,0.5,,,0.6,
MFSD12,,,0.0,,0.97,,,,0.7,,0.9,,,,0.75,0.78,,,0.6,,,0.7,
MFSD13A,,,0.0,,0.0,,,,0.8,,0.9,,,,0.7,,,,0.5,,,,
MFSD14A,,,1.0,,1.0,,,,0.7,,0.9,,,,0.8,,,0.9,0.8,,,,
MFSD14B,,,0.0,,0.0,,,,0.6,,0.8,,,,0.8,0.6,,,0.7,,,,
MFSD2A,0.8,,0.04,,0.28,,,,0.87,,,,0.73,,0.8,,,,0.54,,0.95,,
MFSD2B,,,0.0,,0.78,,0.8,,0.6,,0.9,,,,0.8,,,,0.5,,,,
MFSD3,,,0.0,,0.5,,,,0.6,,0.8,,,,0.8,0.6,,,0.7,,,,
MFSD4A,,,0.0,,0.0,,,0.6,0.7,,0.8,,,,0.7,,,,0.5,,,,
MFSD4B,,,0.0,,0.0,,,,0.7,,0.8,,,,0.9,,,0.6,0.5,0.7,,,
MFSD5,,,0.9,,0.5,0.6,,0.2,0.6,,,,0.8,,0.7,,,,0.7,,,,
MFSD6,,,0.0,,0.51,,,,0.8,,0.9,,,,0.7,,,,0.7,,,,
MFSD6L,,,0.0,,0.84,,,,0.5,,0.6,,,,0.8,0.7,,,0.75,1.0,,,
MFSD8,0.8,,0.0,,0.75,,,0.5,0.6,,0.9,,,,0.7,,,,0.5,,,,
MFSD9,,,0.0,,0.91,,,,0.7,,0.6,,,,0.85,,,0.8,0.5,0.72,,,
MGA,,,,1.0,0.03,0.85,0.5,,0.65,0.6,0.7,,,,,0.78,,0.8,0.75,0.66,,,
MGAM,,,0.0,,0.68,,0.5,,0.6,0.8,0.7,,,,0.75,,,,0.9,1.0,,,
MGAM2,,,1.0,,1.0,,,,0.7,,,,0.75,,0.9,,,,0.5,0.95,,,
MGARP,,,0.0,,0.5,,,0.7,0.8,,0.9,,,,,0.75,,,0.6,1.0,,,
MGAT1,,1.0,,1.0,,,,,,,,,0.9,,0.8,0.85,,,0.8,,,,
MGAT2,,,,,,,,,,,,0.8,,0.6,,,,,,,,,
MGAT3,,,,,,,,,,,,0.8,,0.6,,,,,,,,,
MGAT4A,,,0.0,,0.4,,,,0.87,,0.67,,,,0.9,0.65,,,0.5,,,,
MGAT4B,,,,,,,,,,,,0.8,,,,,,,,,,,
MGAT4C,,,0.0,,0.47,,,0.68,0.87,,0.74,,,,0.9,0.65,,,0.5,0.91,,,
MGAT4D,,,1.0,,1.0,,,,0.7,,0.9,,,,0.8,,,,0.8,,,,
MGAT5,,,,,,,,,,,,0.8,,0.6,,,,,,,,,
MGAT5B,,,0.07,,0.26,,0.1,,0.9,,0.68,,,,0.75,,,,0.792,0.93,,,
MGLL,,,0.8,,,,0.6,0.5,0.75,0.7,0.9,,,,,,,,,0.7,,,0.6
MGME1,0.8,,0.0,,0.46,,,0.5,0.6,,0.7,,,,0.6,,0.9,,0.5,0.7,,,
MGMT,,,0.0,,0.5,,0.9,,0.75,,0.8,,,,0.7,,,,0.7,0.6,,,
MGP,0.8,,0.0,,0.79,,,,0.7,,,,0.9,,,0.75,,,0.1,,1.0,,
MGRN1,,,,,,,,,,,,0.8,,,,,,,,,,,
MGST1,,,0.0,,,,0.5,,,,,,0.9,,0.6,,,,,,0.9,,
MGST2,,,,,,,,,,,,0.9,,0.7,,,,,,,,,
MGST3,,,0.0,,0.7,,,0.6,0.7,,0.8,,,,0.8,,,,0.76,,,0.49,
MIA,,,,,,,,,,,,1.0,,0.8,,,,,,,,,
MIA3,,,,,,,,,,,,0.8,,,,,,,,,,,
MIB1,0.9,0.8,0.0,,0.2,,,,0.6,,,,,,0.7,,,,0.5,,,0.6,
MIB2,,,0.0,,0.4,,,,0.7,,0.8,,,,0.7,,,0.9,0.5,,,0.6,
MICA,0.8,,0.9,,0.7,,0.8,0.7,0.75,,,,,,,,,,0.6,,,0.9,0.6
MICAL1,,,,,,,,,,,,,,,,,,,,,,,
MICAL2,,,0.0,,0.49,,,,0.9,,0.85,,,,,0.78,,,0.75,0.97,,,
MICAL3,,,,,,,,,,,,0.7,,0.5,,,,,,,,,
MICALL1,,,0.0,,,,0.5,,,,,,0.9,,0.6,0.7,,,,,0.8,,
MICALL2,,,0.0,,0.5,0.9,0.5,,0.6,,0.8,,,,0.8,0.7,,,0.7,0.9,,,
MICB,,,,,,,,,,,,0.9,,0.7,,,,,,,,,
MICU1,0.8,,0.0,,0.9,,,0.7,0.6,,0.9,,,,,,,,0.5,,,0.6,
MICU2,,,0.0,,0.5,,,0.7,0.6,,0.8,,,,,0.7,,,0.7,,,,
MICU3,0.6,,0.0,,,,0.5,,,,,,0.8,,0.7,,,,,,,,
MID1,,,,0.98,0.09,,,,0.75,,0.9,,,,0.6,,,,0.6,,,,
MID1IP1,,,,0.57,0.0,,,0.75,0.87,,0.97,,,,0.9,,,,0.5,,,0.54,
MID2,0.5,,0.42,,0.22,,,,0.5,,0.76,,,,0.7,,,,0.735,0.73,,,
MIDN,,,0.19,,0.26,,,,0.7,,0.87,,,,0.9,,,,0.75,,,,
MIEF1,,,0.9,,0.4,,,,0.7,,,,,,0.8,,0.8,,0.2,,,0.6,
MIEF2,0.7,,0.9,,,,,,,,,,0.8,,0.75,0.75,0.8,,,,,,
MIEN1,,,,,,,,,,,,1.0,,0.5,,,,,,,,,
MIER1,,,,0.56,0.21,,0.4,,0.8,,0.93,,,,0.9,0.65,,,0.51,0.63,,,
MIER2,,,,0.91,0.17,,,0.67,0.71,,0.79,,,,,,,,0.54,0.63,,,
MIER3,,,,1.0,0.9,,,,0.5,,0.7,,,,0.7,,,0.9,0.6,,,,
MIF,,,,,,,,,,,,0.8,,0.6,,,,,,,,,
MIF4GD,,,0.0,,0.93,,,0.4,0.7,,0.9,,,,0.7,,,0.6,0.5,0.64,,,
MIGA1,,,1.0,,1.0,,,,0.7,,0.9,,,,0.8,,,0.8,0.8,,,0.6,
MIGA2,,,0.0,,0.0,,,0.7,0.6,,0.8,,,,0.8,,,,0.7,,,0.5,
MIIP,,,0.0,,,,,,0.7,,,,,,0.6,,,,,,,,
MILR1,,,0.12,,0.38,,,0.7,0.6,,0.8,,,,0.8,,,,0.5,0.84,,,
MINDY1,,,,,,,,,,,,,,,,,,,,,,,
MINDY2,,,1.0,,1.0,,,0.6,0.7,,0.9,,,,0.8,,,,0.8,,,0.7,
MINDY3,,,1.0,,,,,0.7,,,,,,,0.8,,,,,,,0.7,
MINDY4,,,0.0,,0.0,,,,0.6,,0.8,,,,,0.7,,0.7,0.5,0.8,,,
MINDY4B,,,1.0,,1.0,0.0,,,0.8,,,,,,,,,,0.5,,,1.0,
MINK1,,,,1.0,0.94,,0.6,,0.6,0.5,0.7,,,,0.8,,0.8,0.9,0.8,,,0.7,
MINPP1,0.7,,0.8,,0.6,,,0.6,0.8,,0.9,,,,0.9,0.75,0.8,,0.5,0.6,,,
MIOS,,,0.0,,0.5,,,,0.6,,0.7,,,,0.8,,,,0.8,0.72,,,
MIOX,,,0.0,,0.5,,,,0.7,,0.8,,,,0.6,,,,0.6,1.0,,,
MIP,0.5,,0.03,,0.4,,,,0.57,,0.71,,,,0.5,,,,0.66,1.0,,,
MIPEP,,,0.0,,0.76,0.83,0.4,0.3,0.8,,0.7,,,,0.5,,,,0.5,0.68,,,
MIPOL1,0.7,,0.0,,0.76,,0.6,,0.5,,0.7,,,,0.6,,,,0.4,,,,0.5
MIR1-1HG,,,0.0,,0.0,,,,0.8,,,,,,,,,0.7,0.5,,,0.2,
MIR17HG,,,1.0,,1.0,,,,0.8,,,,,,,,,,0.2,,,0.1,
MIR22HG,,,1.0,,1.0,,,,0.8,,,,,,,,,,0.5,,,0.7,
MIR7-3HG,,,0.0,,0.0,,,,0.7,,,,,,,0.4,,,0.5,,,0.2,
MIS12,,,0.15,,0.34,,,0.6,0.9,,0.8,,,,0.7,,,,0.5,,,0.54,
MIS18A,,,0.9,,0.5,,,0.75,0.7,,0.8,,,,0.8,,,,0.6,0.85,,,
MIS18BP1,,,0.0,,0.56,,,0.1,0.7,,0.9,,,,0.7,,,0.6,0.8,,,,
MISP,,,0.0,,0.86,,,0.7,0.8,,0.9,,,,0.7,,,,0.5,1.0,,,
MISP3,,,0.0,,0.0,,,,0.5,,0.4,,,,,,,,0.5,,,,
MITD1,,,,,,,,,,,,,,,,,,,,,,,
MITF,,,,,,,,,,,,,,,,,,,,,,,
MIXL1,0.6,0.9,0.8,,,,,,,,,,0.9,,,,0.85,,0.5,,0.95,,
MKI67,,,0.0,,0.6,,,,0.7,,0.9,,,,,,0.85,,0.8,,,,
MKKS,0.8,1.0,0.0,,0.81,,,,0.7,,0.9,,,,0.9,,0.85,,,,,0.6,
MKLN1,,,,,,,,,,,,1.0,,,,,,,,,,,
MKNK1,,,0.0,,0.69,,,,0.6,0.4,0.8,,,,0.7,,,0.7,0.5,,,,0.5
MKNK2,,,0.0,,0.57,,0.5,,0.85,0.67,0.93,,,,0.8,0.75,,0.9,0.93,0.71,,,
MKRN1,,,,0.9,0.8,,,,0.7,,0.8,,,,0.7,,,0.9,0.6,,,0.7,
MKRN2,,,0.9,,0.4,,,,0.7,,0.8,,,,,,,0.8,0.5,,,,
MKRN2OS,,,0.0,,0.0,,,,0.4,,0.6,,,,,0.3,,,0.5,,,,
MKRN3,,,0.32,,0.24,,0.5,,0.6,,0.9,,,,0.8,,,0.85,0.75,0.86,,,
MKRN4P,,,0.0,,,,,,,,,,,,,,0.7,,0.6,,,,
MKRN9P,,,0.0,,0.0,,,,0.5,,,,,,,0.1,,,0.1,,,0.2,
MKS1,0.8,1.0,0.0,,0.76,,,,0.7,,0.9,,,,0.8,,,,,,,,
MKX,,,,0.85,0.13,,0.5,0.6,0.8,,0.9,,,,,0.78,,0.75,0.7,0.92,,,
MLANA,,,0.0,,0.7,,0.6,,0.5,,0.8,,,,0.7,,,,0.5,1.0,,,
MLC1,,,0.0,,0.73,0.53,0.5,0.6,0.5,0.6,0.7,,,,0.7,,0.4,,0.5,0.88,,,
MLEC,,,,,,,,,,,,0.8,,0.6,,,,,,,,,
MLF1,0.85,,0.1,,,,,,,,,,,,0.75,,,,,,0.8,,
MLF2,,,,0.81,0.14,,,,0.8,,0.9,,,,0.8,,,,0.5,,,0.6,
MLH1,1.0,1.0,0.0,,0.36,,,0.7,0.8,,0.9,,,,0.5,,,,,,,0.6,
MLH3,0.9,,0.0,,0.4,,,0.5,0.6,,0.7,,,,0.7,,,,0.8,,,0.6,
MLIP,,,,,,,,,,,,,,,,,,,,,,,
MLKL,,,,,,,,,,,,,,,,,,,,,,,
MLLT1,,1.0,,1.0,0.95,,,,0.6,,0.7,,,,0.8,0.85,,,0.5,,,0.6,
MLLT10,,,,1.0,0.09,,0.7,,0.5,,0.6,,,,0.7,,,0.8,0.8,0.65,,,
MLLT11,,,,0.55,0.0,,,0.1,0.1,,0.83,,,,,,,,0.9,0.91,,,
MLLT3,,,,,,,,,,,,,,0.6,,,,,,,,,
MLLT6,,,,1.0,0.93,,,0.75,0.8,,,,,,0.6,,,0.9,0.6,,,0.4,
MLN,,,,,,,,,,,,0.8,,,,,,,,,,,
MLNR,,,0.9,,0.5,,,0.2,0.7,0.8,0.9,,,,0.8,,,0.9,0.7,0.94,,,
MLPH,,1.0,0.0,,0.62,,0.4,0.6,0.7,,0.9,,,,0.5,,,,,0.94,,,
MLST8,,,0.01,,0.36,,,,,,,,,,,,,,,,,,
MLX,,,,,,,,,,,,,,,,,,,,,,,
MLXIP,,,,0.99,0.14,,,,0.7,,0.9,,,,0.8,,,,0.8,,,,
MLXIPL,,,0.05,,0.27,,0.75,,0.8,,0.9,,,,0.8,,,0.85,0.85,0.95,,,
MLYCD,,,,,,,,,,,,,,,,,,,,,,,
MMAA,0.8,,0.0,,0.87,0.75,,,0.7,,,,0.9,,0.7,0.65,,,0.5,,,0.5,
MMAB,,,0.0,,0.44,,0.5,,0.7,,0.9,,,,0.8,,,,0.5,,,0.6,
MMACHC,,,0.0,,0.5,,0.5,,0.7,,0.9,,,,0.7,0.65,0.8,,0.6,,,0.6,
MMADHC,0.8,,0.0,,0.58,,,0.3,0.7,,0.9,,,,0.7,,,,0.5,,,0.6,
MMD,,,,,,,,,,,,0.8,,,,,,,,,,,
MMD2,,,0.0,,0.83,,,,0.8,,0.9,,,,0.8,,,,0.5,,,,0.6
MME,0.8,,0.0,,0.65,,,0.7,0.85,0.95,0.9,,,,0.8,,,,0.75,,,,
MMEL1,,,0.0,,0.72,,0.9,,0.75,,0.85,,,,0.8,0.75,,,0.6,1.0,,,
MMGT1,,,,0.82,0.0,,,0.9,0.9,,0.73,,,,0.75,0.7,,,0.5,,,0.54,
MMP1,,,0.0,,0.5,,0.7,0.5,0.75,0.9,0.85,,,,0.7,,,,0.6,,,,
MMP10,,,0.0,,,,0.5,0.6,0.8,0.7,0.9,,,,0.7,,,,,0.95,,,
MMP11,,,0.0,,0.51,,,,0.6,0.1,0.8,,,,,,,,0.5,,,,
MMP12,,,0.0,,0.0,,,,0.7,0.8,0.9,,,,0.9,,,,0.5,,,0.6,
MMP13,,,0.0,,,,0.7,0.75,0.85,0.9,0.8,,,,0.8,,,,,1.0,,,
MMP14,,,,1.0,0.1,,0.6,0.6,0.8,0.7,0.9,,,,,,,,,0.81,,,
MMP15,,,0.2,,,,0.8,,0.7,0.6,0.9,,,,0.7,,,,0.5,0.9,,,
MMP16,,,,0.98,0.14,,0.86,,0.87,0.67,0.93,,,,0.75,,,,0.61,,,,
MMP17,0.9,,0.0,,0.67,,,,0.8,0.5,0.7,,,,0.75,,,,0.5,,,,
MMP19,0.7,,0.0,,0.5,0.4,,0.6,0.7,,0.8,,,,0.9,,,,0.6,0.9,,,
MMP2,0.5,,,0.84,0.19,,,0.75,0.85,0.95,0.9,,,,,,,,0.66,,,,
MMP20,,,0.0,,0.96,,0.5,,0.6,,0.9,,,,,0.7,,,0.8,1.0,,,
MMP21,,,,,,,,,,,,1.0,,0.8,,,,,,,,,
MMP23B,0.7,,0.0,,0.0,,,,0.6,,0.8,,,,0.8,0.6,,,0.5,,,,
MMP24,,,,0.87,0.17,,,,0.9,,0.8,,,,,,,,0.65,1.0,,,
MMP25,,,,,,,,,,,,0.8,,0.5,,,,,,,,,
MMP26,,,0.0,,0.5,,,0.6,0.7,0.8,0.9,,,,,0.7,,,0.5,1.0,,,
MMP27,0.8,,0.0,,0.7,,,,0.7,,0.8,,,,0.9,,0.85,,0.6,,,,
MMP28,,,0.0,,0.93,,,0.1,0.6,,0.9,,,,0.9,,,,0.5,,,0.0,
MMP3,,,0.0,,1.0,,0.8,0.75,0.85,0.9,0.95,,,,,,,,0.7,,,,
MMP7,,,0.0,,,,0.8,0.7,0.75,0.9,0.85,,,,,,,,,,,,
MMP8,,,0.0,,0.5,,0.8,,0.75,0.9,0.85,,,,0.8,,,,0.7,1.0,,,
MMP9,,,0.0,,0.91,,0.6,0.75,0.85,0.9,0.9,,,,0.9,,,,0.7,1.0,,,
MMRN1,0.7,,0.0,,0.9,,,0.7,0.8,,0.9,,,,0.6,,,,0.8,,,,
MMRN2,,,0.0,,0.7,,,,0.7,,0.9,,,,0.9,,,,0.5,,,,
MMS19,,,0.49,,0.22,,,0.6,0.75,,0.95,,,,0.7,,,,0.85,,,0.6,
MMS22L,,,0.0,,0.29,,0.8,,0.6,,0.7,,,,0.7,,,,0.8,0.82,,,
MN1,0.8,1.0,,1.0,0.0,,,,,,,,0.9,,,,,,,,0.89,,
MNAT1,,,,,,,,,,,,,,,,,,,,,,,
MND1,,,0.0,,0.84,,,0.6,0.8,,0.9,,,,0.8,,,,0.5,,,,
MNDA,,,,,,,,,,,,1.0,,,,,,,,,,,
MNS1,,,0.0,,0.98,,0.4,,0.5,,0.7,,,,0.9,0.6,,,0.5,1.0,,,
MNT,,1.0,,1.0,1.0,,,,0.6,,0.8,,,,,,,,0.7,,,0.5,
MNX1,0.8,,0.0,,,,,,,,,,0.9,,0.6,,0.85,,,,0.95,,
MOAP1,,,0.0,,0.5,,,0.6,0.7,,0.9,,,,0.7,,,,0.7,0.8,,,
MOB1A,,,,,,,,,,,,,,,,,,,,,,,
MOB1B,,,0.03,,0.39,,,0.7,0.7,,0.94,,,,0.8,,,,0.54,,,0.52,
MOB2,,,0.8,,,,0.7,0.5,,,,,0.9,,0.9,0.78,,,,,0.75,,
MOB3A,,,0.0,,0.93,,,,0.7,,0.9,,,,0.6,,,,0.5,,,,
MOB3B,,,0.8,,,,0.6,,,,,,0.9,,0.75,0.78,,,,,0.9,,
MOB3C,,,0.0,,0.67,,,,0.7,,0.9,,,,,,,,0.5,,,,0.6
MOB4,,,,0.99,0.0,,,,0.7,,0.85,,,,0.75,0.68,,,0.45,,,0.52,0.4
MOBP,,,,0.56,0.0,,0.8,,0.6,,0.7,,,,,,,0.9,0.5,0.99,,,
MOCOS,0.7,,0.0,,0.86,,,,0.8,,,,0.9,,,0.75,,,0.8,0.93,,,
MOCS1,0.8,1.0,0.0,,0.65,,,,0.7,,,,0.9,,,,,,,0.75,,,
MOCS2,,,0.0,,0.7,,0.5,,0.8,,0.9,,,,0.6,,0.8,,0.5,,,0.0,
MOCS3,,,0.0,,0.93,0.8,,0.5,0.7,,0.9,,,,0.7,,,,0.6,,,,
MOG,,,0.14,,0.28,0.8862,0.8,,0.75,,0.9,,,,0.7,,,,0.5,,,,
MOGAT1,,,0.0,,0.5,,,,0.8,,0.9,,,,0.7,0.75,,,0.7,0.96,,,
MOGAT2,,,,,,,,,,,,0.8,,0.75,,,,,,,,,
MOGAT3,,,0.0,,0.5,,,,0.9,,0.8,,,,0.9,0.75,0.8,,0.6,1.0,,,
MOGS,0.8,,0.0,,0.66,,,0.5,0.6,,0.7,,,,0.7,,,,0.5,0.62,,,
MOK,,,0.0,,0.7,,,0.5,0.7,,0.8,,,,0.9,,,,0.6,,,,0.6
MON1A,,,0.0,,,,0.8,0.5,0.7,,,,0.9,,0.7,,0.8,,,,,0.6,
MON1B,,,0.8,,0.6,,,,0.8,,0.9,,,,0.9,,,,0.5,,,,
MON2,,,,0.91,0.21,,,,0.67,,0.76,,,,0.7,,,0.8,0.85,,,,
MORC1,,,0.0,,0.36,,,0.5,0.6,,0.9,,,,0.5,,,,0.8,1.0,,,
MORC2,0.9,,,1.0,0.89,,,,0.85,,0.95,,,,0.8,,,,0.7,0.65,,,0.7
MORC3,,1.0,,1.0,0.8,,,,0.7,,0.9,,,,0.8,,,,0.7,,,,0.6
MORC4,,,,1.0,0.9,,0.7,,0.7,,0.8,,,,0.8,,0.9,,0.6,0.75,,,0.6
MORF4L1,,1.0,,0.9,0.7,,0.6,0.6,0.7,,0.5,,,,0.6,,,,,,,0.5,
MORF4L2,,,,0.82,0.0,,,0.6,0.7,,0.9,,,,0.6,0.75,,,0.8,,,0.5,
MORN1,,,0.0,,0.71,,0.6,,0.7,,0.8,,,,0.9,0.65,,,0.75,0.94,,,
MORN2,,,0.0,,0.0,,,,0.5,,0.6,,,,,,,,0.5,,,,
MORN3,,,0.0,,0.82,,,0.4,0.8,,0.9,,,,,0.65,,,0.6,,,,
MORN4,,,,0.56,0.15,,,0.5,0.67,,0.75,,,,0.9,,,,0.65,0.77,,,
MORN5,,,0.0,,0.81,,,0.5,0.6,,0.8,,,,,,,,0.5,,,,
MOS,,,,0.59,0.15,,,0.6,0.7,,0.85,,,,0.8,0.75,,,0.75,1.0,,,
MOSMO,,,1.0,,1.0,,,,0.7,,,,,,0.8,0.85,,,0.8,,,0.6,
MOSPD1,,,,0.9,0.0,,,,0.5,,0.7,,,,0.8,0.65,,,0.6,,,,
MOSPD2,,,,1.0,0.0,,,,0.85,,0.9,,,,0.8,0.85,,,0.8,,,,
MOSPD3,,1.0,0.0,,0.66,,,,0.6,,0.9,,,,0.8,,,,0.5,0.66,,,
MOV10,,,,0.59,0.21,,0.9,,0.85,,0.8,,,,,0.82,,,0.75,,,,
MOV10L1,,,0.0,,,,,,,,,,0.9,,,,,,,,,,
MOXD1,,,0.0,,0.5,,,0.5,0.7,,0.8,,,,0.8,,,,0.6,0.9,,,
MOXD2P,,,1.0,,1.0,,,,0.7,,,,,,,,,,0.5,,,0.8,
MPC1,,,,,,,,,,,,0.8,,0.6,,,,,,,,,
MPC1L,,,1.0,,1.0,,,,0.8,,,,,,0.8,0.8,,,0.5,1.0,,,
MPC2,,,,,,,,,,,,0.8,,0.6,,,,,,,,,
MPDU1,,,0.0,,0.79,,0.5,,0.8,,0.9,,,,0.7,,,,0.5,,,0.6,0.6
MPDZ,0.5,,0.0,,0.74,,,0.85,0.7,,0.9,,,,0.8,,,0.9,0.8,0.62,,,
MPEG1,0.9,,0.0,,0.8,,,,,,,,0.9,,0.8,,,,0.5,,1.0,,
MPG,,,0.0,,,,0.5,0.6,0.7,,,,0.8,,0.7,0.6,0.9,,,,0.5,,
MPHOSPH10,,,,0.84,0.19,,,0.4,0.73,,1.0,,,,0.7,0.75,,,0.681,,,0.5,
MPHOSPH6,,,0.0,,0.73,,,0.7,0.8,,0.9,,,,0.75,,,,0.5,,,0.6,
MPHOSPH8,,,,,,,,,,,,,,,,,,,,,,,
MPHOSPH9,,,0.0,,0.45,,0.7,,0.6,,0.8,,,,0.7,,0.9,0.5,0.5,0.75,,,
MPI,,,,,,,,,,,,0.7,,0.5,,,,,,,,,
MPIG6B,0.8,,0.0,,,,,,,,,,0.9,,0.8,,0.85,,,,0.93,,
MPL,0.7,,0.0,,0.53,,,0.5,0.7,0.9,0.8,,,,0.8,,,0.9,0.9,0.83,,,
MPLKIP,0.8,,0.0,,,,,0.6,,,,,0.9,,0.8,,,,,,,,
MPND,,,0.0,,0.53,,,,0.6,,0.9,,,,0.8,,,,0.5,,,0.46,
MPO,,,,,,,,,,,,0.8,,0.6,,,,,,,,,
MPP1,,,,,,,,,,,,0.8,,0.7,,,,,,,,,
MPP2,,,0.0,,0.55,,,0.6,0.8,,0.9,,,,0.8,,,0.75,0.7,,,,
MPP3,,,0.0,,,,0.5,,,,,,0.9,,0.7,,,,,,0.99,,0.6
MPP4,,,0.0,,0.75,,,,0.7,,0.9,,,,0.8,0.75,,,0.6,,,,
MPP7,,,0.0,,0.69,,0.7,,0.8,,0.9,,,,0.7,,,0.6,0.5,0.86,,,
MPPE1,,,,,,,,,,,,0.8,,,,,,,,,,,
MPPED1,,,0.0,,0.44,,,0.75,0.7,,0.9,,,,0.8,,,,0.6,,,,
MPPED2,,,,1.0,,,0.8,0.6,0.7,,,,0.9,,0.6,,,,,0.85,,,
MPRIP,,,,0.98,0.18,,,,0.75,,,,0.95,,0.6,0.78,,,0.85,,,0.54,
MPST,,,0.0,,0.73,,,,0.8,,0.9,,,,0.6,0.7,,,0.5,,,,
MPTX1,,,1.0,,1.0,,,,0.6,,,,,,,,,0.7,0.8,,,0.4,
MPV17,0.8,,0.0,,0.5,,,0.5,0.6,,,,0.7,,0.7,,,,0.4,,,0.6,
MPV17L,,,0.0,,0.97,0.0,0.4,,0.7,,0.8,,,,0.8,,,,0.5,0.6,,,
MPV17L2,,,0.0,,0.83,,0.1,,0.6,,0.75,,,,0.8,,,,0.5,,,0.5,
MPZ,0.9,,0.23,,0.26,,,,0.6,,,,0.95,,0.8,,,,0.75,,,,
MPZL1,,,0.15,,0.29,,,0.67,0.67,,0.71,,,,0.8,,,,0.54,0.69,,,
MPZL2,,,0.0,,,,0.8,,0.6,,0.9,,,,0.7,,,,,0.9,,,
MPZL3,,,0.0,,0.7,,,,0.8,,0.9,,,,0.8,0.75,,,0.6,0.92,,,
MR1,,,0.0,,0.5,,,,0.7,,0.9,,,,,,,,0.6,,,,
MRAP,0.8,,0.0,,0.89,,,,0.6,,0.9,,,,0.7,,,,0.5,0.99,,,
MRAP2,,,0.0,,,,0.7,0.75,0.6,,,,0.9,,0.8,,,,,0.95,,,
MRAS,,,,,,,,,,,,0.33,,0.5,,,,,,,,,
MRC1,,,,,,,,,,,,0.8,,0.6,,,,,,,,,
MRC2,,,,,,,,,,,,0.9,,,,,,,,,,,
MRE11,0.8,,0.0,,0.0,,,0.6,0.7,,,,0.9,,,,,,0.5,0.7,,,0.5
MREG,0.7,,0.0,,0.9,,,0.6,0.8,,0.9,,,,0.8,0.75,,,0.5,0.94,,,
MRFAP1,,,0.31,,0.25,0.38,,0.67,0.71,,0.88,,,,0.8,,,,0.12,,,0.5,0.6
MRFAP1L1,,,0.0,,0.81,,,,0.6,,0.9,,,,0.8,0.6,,,0.5,,,0.5,
MRGBP,,,,0.9,0.0,,,0.7,0.6,,0.8,,,,0.8,,,,0.5,0.94,,,
MRGPRD,,,0.0,,0.0,,,,0.6,0.5,0.8,,,,0.7,,,,0.5,0.89,,,
MRGPRE,,,0.0,,0.0,0.8,,,0.7,,0.9,,,,,,,,0.6,0.88,,,
MRGPRF,,,,,,,,,,,,1.0,,0.8,,,,,,,,,
MRGPRG,,,0.0,,0.0,,,,0.6,,0.8,,,,0.7,,,,0.5,,,,
MRGPRG-AS1,,,0.0,,0.0,,,,0.8,,,,,,,,,,0.5,,,0.2,
MRGPRX1,,,0.0,,0.0,,,,0.7,0.6,0.75,,,,1.0,,,,0.8,1.0,,,
MRGPRX2,,,0.0,,0.0,,,,0.8,,0.9,,,,,,,,0.7,,0.94,,
MRGPRX3,,,0.0,,0.0,,,,0.7,,0.9,,,,0.8,0.85,,0.9,0.8,,,,
MRGPRX4,,,,,,,,,,,,0.8,,0.6,,,,,,,,,
MRI1,,,,,,,,,,,,,,,,,,,,,,,
MRLN,,,1.0,,1.0,,,,0.6,,,,,,0.7,,,,0.2,,,,
MRM1,,,0.0,,0.77,,,0.6,0.7,,0.9,,,,0.5,,,,0.8,,,0.2,
MRM2,0.7,,0.0,,0.0,,,0.7,0.6,,,,0.8,,0.5,,0.9,,0.5,,,0.6,
MRM3,,,0.0,,0.0,,,0.6,0.7,,,,0.8,,0.7,0.5,0.9,,0.5,,,0.6,
MRNIP,,,0.0,,,,,,0.6,,0.75,,,,0.9,0.75,,,,,,,
MRO,,,0.0,,0.72,,,,0.6,,0.9,,,,,,,0.8,0.5,0.88,,,
MROH1,,,,0.52,0.21,,,,0.7,,0.9,,,,0.75,,,,0.8,,,,
MROH2A,,,0.0,,0.58,,,,0.5,,0.6,,,,,,,,0.5,0.99,,,
MROH2B,,,0.0,,0.77,,,,0.75,,0.85,,,,0.6,,,,0.5,,,,
MROH5,,,1.0,,1.0,,,,0.8,,,,,,,0.7,,0.7,0.5,,,0.9,
MROH6,,,0.0,,0.94,0.0,,,0.7,,0.6,,,,0.8,0.6,,0.8,0.5,,,,
MROH7,,,0.0,,0.77,,,,0.6,,0.9,,,,0.85,,,0.7,0.8,,,,
MROH8,,,0.0,,0.61,,,,0.7,,0.8,,,,,,,,0.5,,,,0.6
MROH9,0.5,,,,,,,,,,,,,,,,,,,,,,
MRPL1,,,0.0,,0.61,,,,0.9,,0.8,,,,,,,,0.5,,,0.5,
MRPL10,,,,,,,,,,,,,,,,,,,,,,,
MRPL11,,,0.0,,0.5,0.7,,,0.7,,0.8,,,,0.7,0.6,,,0.6,,,0.6,0.5
MRPL12,0.5,,0.0,,0.58,,,0.7,0.6,,0.8,,,,0.7,,0.8,,0.5,,,0.6,
MRPL13,,,,,,,,,,,,,,,,,,,,,,,
MRPL14,,,0.0,,0.98,0.42,0.1,,0.9,,0.79,,,,0.7,,,,0.5,,,0.54,
MRPL15,,,0.0,,0.82,,,,0.8,,0.9,,,,0.6,,,,0.5,,,0.5,
MRPL16,,,0.0,,0.77,,,0.4,0.8,,0.9,,,,0.7,,,,0.5,,,0.6,
MRPL17,,,0.8,,0.5,,,,0.7,,0.9,,,,0.8,,,,0.5,,,0.6,
MRPL18,,,0.0,,0.68,,,0.66,0.67,,0.74,,,,0.6,0.58,,,0.5,,,0.47,
MRPL19,,,,,,,,,,,,,,,,,,,,,,,
MRPL2,,,0.0,,0.75,,,,0.7,,0.9,,,,0.7,0.65,,,0.5,,,0.6,
MRPL20,,,0.0,,0.5,,,,0.7,,0.8,,,,0.4,,,,0.6,,,0.5,0.5
MRPL21,,,0.0,,0.7,,,0.7,0.6,,0.8,,,,0.6,0.5,,,0.5,,,0.5,
MRPL22,0.6,,0.0,,0.8,,0.1,,0.7,,0.8,,,,0.7,,,,0.5,,,0.5,
MRPL23,,,0.0,,,,0.8,0.85,0.7,,,,0.9,,0.75,,,,0.5,,,0.6,
MRPL24,,,0.0,,0.86,,,,0.8,,0.9,,,,0.8,0.65,,,0.5,,,0.6,
MRPL27,,,,0.5,0.17,,,,0.8,,,,0.9,,0.8,0.65,,,0.8,,,0.6,
MRPL28,,,0.0,,0.95,,0.8,0.7,0.6,,0.7,,,,0.5,,,,0.5,,,0.6,
MRPL3,,,0.0,,0.93,,0.5,,0.8,,0.9,,,,0.7,,,,0.5,,,0.6,
MRPL30,,,,,,,,,,,,,,,,,,,,,,,
MRPL32,,,,,,,,,,,,,,0.6,,,,,,,,,
MRPL33,,,0.38,,0.21,0.52,0.4,,0.73,,0.72,,,,0.6,0.55,,,0.13,0.64,,,
MRPL34,,,0.0,,0.3,,,0.7,0.6,,0.8,,,,0.4,,,,0.5,,,0.5,
MRPL35,0.5,,0.0,,0.64,,,0.85,0.8,,,,0.9,,0.7,,,,0.5,,,0.6,
MRPL36,,,1.0,,1.0,0.2,,,0.9,,0.8,,,,0.7,,,,0.5,,,0.7,
MRPL37,,,0.0,,0.73,,,0.8,0.75,,0.9,,,,,0.65,,,0.85,,,0.5,
MRPL38,,,0.0,,0.72,,,0.6,0.4,,0.67,,,,0.7,,,,0.5,,,0.46,
MRPL39,,,0.0,,0.56,,,0.7,0.8,,0.9,,,,0.8,0.65,,,0.5,,,,
MRPL4,,,0.0,,0.95,,,0.85,0.8,,0.9,,,,0.75,,,,0.5,,,0.6,0.6
MRPL40,0.7,,0.06,,0.34,,,,0.75,,0.9,,,,0.85,,,,0.8,,,,
MRPL41,,,,,,,,,,,,,,,,,,,,,,,
MRPL42,,,,,,,,,,,,1.0,,0.6,,,,,,,,,
MRPL43,,,0.0,,0.88,,,0.6,0.6,,0.8,,,,0.8,0.65,,,0.7,,,0.5,
MRPL44,0.7,,0.0,,0.5,,,,0.7,,0.8,,,,0.8,,0.6,,0.6,,,0.5,
MRPL45,,,0.0,,0.53,,,,0.9,,,,,,,,0.7,,0.5,,,0.0,
MRPL46,,,0.0,,0.84,0.84,,0.6,0.8,,0.9,,,,0.7,,,,0.5,,,0.5,
MRPL47,,,0.0,,0.46,,,0.6,0.7,,0.51,,,,0.9,0.65,,,0.5,,,0.48,
MRPL48,,,0.0,,0.44,,,,0.7,,0.9,,,,0.7,,,,0.5,,,0.6,
MRPL49,,,0.0,,0.75,,,,0.9,,0.76,,,,0.7,,,,0.5,,,0.56,
MRPL50,,,0.0,,0.93,,,0.56,0.73,,0.97,,,,0.6,,,,0.5,,,0.47,
MRPL51,,,0.8,,0.5,,,,0.7,,0.9,,,,0.6,,,,0.6,,,0.5,
MRPL52,,,0.0,,0.6,,,0.8,0.7,,0.9,,,,0.5,,,,0.5,,,0.6,
MRPL53,,,0.26,,0.29,,,0.54,0.8,,0.18,,,,0.5,,,,0.11,0.69,,,
MRPL54,,,0.8,,0.6,,,,0.7,,0.9,,,,0.8,,,,0.4,,,0.6,
MRPL55,,,,,,,,,,,,,,,,,,,,,,,
MRPL57,,,1.0,,1.0,,,,0.7,,0.9,,,,0.7,,,,0.8,,,0.6,
MRPL58,,,,,,,,,,,,,,,,,,,,,,,
MRPL9,,,0.0,,0.5,,,,0.6,,0.8,,,,0.8,,,,0.7,,,0.5,0.7
MRPS10,,,0.8,,0.5,,,,0.6,,0.7,,,,0.8,,,,0.4,,,0.5,
MRPS11,,,0.0,,0.96,,,0.85,0.8,,0.9,,,,0.75,,,,0.5,,,0.6,
MRPS12,,,0.0,,0.8,,,0.6,0.7,,0.9,,,,0.8,,,,0.5,,,0.5,0.7
MRPS14,0.5,,0.0,,0.9,,,,0.7,,0.8,,,,0.7,0.5,,,0.5,,,0.6,
MRPS15,,,0.0,,0.97,,,0.75,0.7,,0.9,,,,0.6,,,,0.6,,,0.5,
MRPS16,0.8,,0.94,,0.53,,,,0.7,,0.9,,,,0.75,,,,0.5,,,0.6,
MRPS17,,,0.0,,0.95,,,0.9,0.7,,0.8,,,,0.7,,,,0.5,,,0.5,
MRPS18A,,,0.0,,0.77,,,0.6,0.8,,0.85,,,,0.9,0.6,,,0.5,,,0.5,
MRPS18B,,,0.0,,0.64,,,0.7,0.8,,0.9,,,,0.8,0.6,,,0.5,,,0.6,
MRPS18C,,,,,,,,,,,,,,,,,,,,,,,
MRPS2,0.7,,0.0,,0.5,0.8,,0.6,0.7,,0.9,,,,0.8,,,,0.6,,,0.5,
MRPS21,,,,,,,,,,,,,,0.6,,,,,,,,,
MRPS22,,,0.0,,0.54,0.77,0.8,,0.7,,0.9,,,,0.6,,,,0.5,,,0.5,
MRPS23,0.8,,0.13,,0.31,0.31,,,0.6,,,,0.98,,0.7,,,,0.95,,,,
MRPS24,,,0.0,,0.53,,,0.6,0.7,,0.88,,,,0.5,,,,0.5,,,0.47,
MRPS25,0.8,,0.0,,0.82,,,0.75,0.7,,0.9,,,,0.7,,,,0.5,,,0.6,
MRPS26,,,0.0,,1.0,,,,0.6,,0.8,,,,0.5,0.4,,,0.5,,,0.5,
MRPS27,,,0.0,,0.53,,,0.75,0.8,,0.9,,,,0.8,,,,0.7,,,0.5,
MRPS28,0.6,,0.0,,0.7,,,,0.7,,0.8,,,,0.5,,,,0.5,,,0.6,
MRPS30,,,,,,,,,,,,,,,,,,,,,,,
MRPS31,0.4,,0.0,,0.51,,0.1,0.7,0.6,,0.8,,,,0.7,,,,0.5,,,0.5,
MRPS33,,,0.0,,0.74,0.64,,,0.8,,0.82,,,,0.7,,,,0.5,,,0.48,
MRPS34,0.8,,0.0,,0.84,,,0.6,0.7,,0.9,,,,0.7,,,,0.5,,,0.5,
MRPS35,,,0.0,,0.81,,,,0.7,,0.8,,,,0.8,,,,0.5,,,0.5,0.6
MRPS5,,,0.0,,0.41,,,0.8,0.8,,0.86,,,,0.6,,,,0.5,,,0.47,
MRPS6,,,0.0,,0.71,,0.4,,0.7,,0.6,,,,0.8,,,,0.5,0.73,,,
MRPS7,,,,,,,,,,,,,,,,,,,,,,,
MRPS9,,,0.0,,0.64,,,0.7,0.8,,0.9,,,,0.6,,,,0.5,,,0.5,
MRRF,,,0.0,,0.92,,,0.4,0.6,,0.8,,,,0.7,,,,0.5,,,,
MRS2,,,0.0,,0.66,0.72,,,0.7,,0.9,,,,0.8,,,,0.5,,,0.48,
MRTO4,,,,1.0,0.0,,,0.5,0.6,,0.8,,,,0.7,0.65,0.5,,0.7,,,0.6,
MS4A1,0.8,,0.0,,,,,,,,,,0.95,,0.75,0.8,0.9,,,,1.0,,
MS4A10,,,0.0,,0.5,,,,0.5,,0.7,,,,0.7,,,,0.6,,,,
MS4A12,,,0.0,,0.5,,,,0.7,,0.9,,,,0.8,,,,0.6,,,,
MS4A13,,,0.0,,0.92,0.8,,,0.6,,0.9,,,,0.7,,,,0.5,,,,
MS4A14,,,0.0,,0.5,,,,0.6,,0.7,,,,0.7,0.7,,,0.8,1.0,,,
MS4A15,,,0.0,,0.72,0.85,,,0.8,,0.9,,,,0.7,,,,0.5,,,,
MS4A18,,,1.0,,1.0,,,,0.5,,0.6,,,,0.7,,,,0.5,,,0.8,
MS4A2,0.8,,0.0,,0.5,,,,0.7,,0.9,,,,0.8,,,,0.4,0.9,,,
MS4A3,,,0.0,,0.59,,0.1,,0.6,,0.8,,,,0.8,,,,0.5,1.0,,,
MS4A4A,,,0.0,,0.79,,0.1,,0.7,,0.8,,,,0.8,,,,0.5,0.92,,,
MS4A4E,,,0.0,,0.5,,0.8,,0.5,,0.6,,,,0.7,,,,0.7,0.9,,,
MS4A5,,,0.0,,0.76,,,,0.6,,0.9,,,,0.8,0.7,,,0.5,1.0,,,
MS4A6A,,,0.0,,0.6,,0.7,,0.7,,0.9,,,,0.8,,,,0.5,0.9,,,
MS4A6E,,,0.03,,0.49,,,0.2,0.5,,0.29,,,,,0.4,,,0.147,1.0,,,
MS4A7,,,0.0,,0.88,,,0.1,0.6,,1.0,,,,0.8,0.65,,,0.5,,,,
MS4A8,,,0.0,,0.81,,,,0.6,,0.9,,,,0.8,,,,0.5,1.0,,,
MSANTD1,,,,0.8,0.1,,0.5,,0.6,,0.7,,,,,,,,0.5,0.85,,,
MSANTD2,,,,0.91,0.14,,,,0.75,,0.84,,,,0.85,,,,0.55,,,,
MSANTD3,,,0.8,,0.4,,,,0.7,,0.9,,,,0.8,0.7,,,0.5,,,0.6,
MSANTD4,,,0.03,,0.36,,,,0.78,,0.9,,,,0.8,,,,0.69,,,0.53,
MSC,,,0.8,,,,0.9,,0.85,,,,0.95,,0.7,0.85,,,,,0.95,,
MSGN1,0.6,0.8,0.3,,,,,,,,,,0.9,,,0.7,0.85,,0.5,,0.95,,
MSH2,,,,,,,,,,,,,,,,,,,,,,,
MSH3,,,0.0,,0.91,,0.5,0.4,0.7,,0.9,,,,0.7,,,0.6,0.5,,,0.5,
MSH4,,,0.0,,,,0.8,,,,,,0.9,,,,,,,,,,
MSH5,,,0.0,,0.51,,0.75,0.2,0.7,,0.9,,,,0.8,,,0.6,0.5,,,,
MSH6,0.9,,0.0,,0.35,,,,0.6,,,,0.7,,0.8,,,,0.8,0.72,,,
MSI1,,,,0.99,0.08,,,,0.7,,0.85,,,,0.6,0.78,,,0.72,0.87,,,
MSI2,,1.0,,1.0,0.8,,0.6,0.7,0.8,,0.7,,,,,0.75,,0.9,,0.7,,,
MSL1,,,,1.0,0.0,,,0.5,0.6,,0.8,,,,0.6,,,,0.7,,,0.6,
MSL2,,,,0.57,0.19,0.207,0.5,0.6,0.6,,0.9,,,,0.7,0.75,,0.8,0.577,0.6,,,
MSL3,0.7,,,1.0,0.0,,,0.6,0.8,,,,0.9,,0.8,,,,0.8,,0.7,,
MSLN,,,0.0,,0.5,,,,0.8,0.6,0.9,,,,0.7,,,,0.7,1.0,,,
MSLNL,,,0.0,,0.96,0.0,,,0.6,,,,,,,,,,0.5,,,,
MSMB,,,0.02,,0.67,,0.87,0.67,0.73,,0.95,,,,,,,,0.11,,,0.0,
MSMO1,0.5,,0.08,,0.32,,,,0.8,,0.9,,,,0.7,,,,0.73,0.77,,,
MSMP,,,0.2,,0.4,,,,0.6,,0.8,,,,0.75,,,,0.5,,,0.1,
MSN,,,,,,,,,,,,0.9,,0.7,,,,,,,,,
MSR1,0.8,,0.0,,,,,0.6,,,,,0.9,,0.7,,,,,,,,
MSRA,,,0.0,,0.5,0.7,0.8,,0.7,,0.9,,,,0.8,,,,0.6,0.6,,,
MSRB1,,,0.13,,0.37,0.58,,,0.9,,,,0.64,,0.7,,,,0.32,,,,
MSRB2,,,0.0,,0.86,,,0.6,0.8,,0.9,,,,0.8,,,,0.5,,,0.52,
MSRB3,,,0.0,,0.55,,0.8,0.5,0.6,,0.9,,,,0.7,,,,0.5,0.93,,,
MSS51,,,0.0,,0.91,,,0.4,0.6,,0.9,,,,,,,0.7,0.5,,,,
MST1,,,0.0,,0.75,,0.9,,0.85,,,,,,,,,,0.7,,0.97,,
MST1L,,,0.0,,0.0,,,,0.6,,,,,,,,,,0.8,,,,
MST1R,0.8,1.0,0.0,,0.5,0.7,,,0.8,0.9,0.9,,,,0.75,,,,,0.94,,,
MSTN,0.8,,0.44,,0.21,,,,0.7,0.6,0.9,,,,0.7,,,,0.75,0.6,,,
MSTO1,0.8,,0.0,,0.75,,,,0.6,,,,0.9,,,,,,0.5,0.68,,,
MSX1,,1.0,0.17,,0.32,,0.5,,0.8,,0.9,,,,,0.75,,,0.6,0.88,,,
MSX2,,,0.2,,0.3,,0.5,0.6,0.85,,0.9,,,,0.8,,,,0.75,0.93,,,
MT-ATP6,,,0.0,,0.0,,,,,,,,0.8,,0.8,,,,0.5,,,0.7,
MT-ATP8,,,0.0,,0.0,,,,,,0.8,,,,0.8,0.5,,,0.1,,,0.6,
MT-CO1,,,,,,,,,,,,0.8,,0.6,,,,,,,,,
MT-CO2,,,0.0,,0.0,,,,,,0.8,,,,0.7,0.6,,,0.5,,,0.6,
MT-CO3,,,0.0,,0.0,,,,,,,,0.9,,0.7,,,,0.5,,,0.6,
MT-CYB,,,1.0,,1.0,,,,,,0.9,,,,0.8,,,,0.8,,,0.7,
MT-ND1,0.8,,0.0,,,,,,,,,,,,0.7,,,,,,,,
MT-ND2,,,1.0,,1.0,,,0.3,,0.8,0.9,,,,0.9,0.75,,,0.5,,,0.7,
MT-ND3,0.9,,0.0,,0.0,,,,,0.6,0.8,,,,0.8,,,,0.5,,,0.7,
MT-ND4,0.8,,0.0,,,,,,,,,,,,,,,,,,,,
MT-ND4L,0.8,,1.0,,1.0,,,,,0.8,0.9,,,,0.9,,,,0.5,,,0.7,
MT-ND5,0.7,,0.0,,0.0,,,0.2,,0.8,0.9,,,,0.8,,,,0.5,,,0.6,
MT-ND6,0.8,,1.0,,1.0,,,0.6,,0.8,0.9,,,,0.9,,,,0.5,0.7,,,
MT-RNR1,,,0.0,,0.0,,,,0.5,,,,,,,0.75,,,0.1,,,0.8,
MT-RNR2,,,0.0,,0.0,,,0.3,,,,,,,,0.4,,,0.1,,,0.2,
MT1A,0.6,,0.0,,0.5,,,,0.7,,0.9,,,,0.7,,,,0.2,0.95,,,
MT1B,,,0.9,,0.5,,,,0.7,,,,0.9,,,,,,0.6,,,,
MT1DP,,,0.0,,0.0,0.0,,,0.6,,,,,,,,,,0.1,,,0.5,
MT1E,,,0.7,,0.8,,,,0.7,,0.8,,,,0.6,0.75,,,0.5,,,,
MT1F,,,0.8,,0.6,,,0.7,0.8,,0.9,,,,0.75,,,,0.5,0.95,,,
MT1G,,,0.8,,0.7,,,,0.85,,0.9,,,,0.7,,,,0.4,0.95,,,
MT1H,,,0.9,,0.5,,,,0.8,,0.7,,,,0.6,,,,0.6,,,,
MT1HL1,,,1.0,,1.0,,,,0.8,,,,,,0.6,,,,0.5,,,,
MT1L,,,1.0,,1.0,,,,0.8,,,,,,,,,,0.2,,,0.9,
MT1M,,,0.0,,0.5,,,0.6,0.7,,0.9,,,,,,,,0.2,,,,
MT1X,,,0.0,,0.7,,,,0.85,,0.9,,,,0.8,,,,0.5,,,,
MT2A,,,0.0,,0.5,0.7,,,0.8,,0.9,,,,0.8,,,,0.2,,,,
MT3,,,0.07,,0.51,,,,0.75,,0.87,,,,,0.65,,,0.1,,,,
MT4,,,0.0,,0.7,,,,0.8,,0.9,,,,,0.75,,,0.5,1.0,,,
MTA1,,,,1.0,0.02,,,0.75,0.85,,0.9,,,,,,,,0.7,,,0.6,
MTA2,,1.0,,0.92,0.18,,,,0.8,,0.85,,,,0.6,,,,0.75,,0.64,,
MTA3,,,0.04,,0.29,,,,0.7,,0.85,,,,0.6,0.7,,,0.75,,,,
MTAP,,,,,,,,,,,,,,,,,,,,,,,
MTBP,,1.0,0.0,,0.74,,,,0.8,,0.85,,,,0.8,0.85,,,0.9,,,,
MTCH1,,,,,,,,,,,,0.8,,,,,,,,,,,
MTCH2,,,0.98,,,,0.85,,0.75,,,,0.9,,0.65,,0.8,,,,,0.7,
MTCL1,,,,,,,,,,,,0.8,,0.6,,,,,,,,,
MTCP1,0.8,,0.49,,0.17,,,,0.75,,,,0.85,,0.8,,,,0.11,,,0.47,
MTDH,,,0.34,,0.23,,0.6,0.4,0.67,,0.85,,,,0.7,0.76,,,0.58,0.63,,,
MTERF1,,,0.0,,0.0,,,0.2,0.7,,0.8,,,,0.5,,,,0.5,,,0.6,
MTERF2,,,0.0,,0.0,,,0.6,0.7,,0.8,,,,0.7,,,,0.5,,,,
MTERF3,,,0.0,,0.0,,,,0.8,,,,0.9,,0.5,0.6,,,0.5,,,,
MTERF4,,,0.0,,0.0,,,0.2,0.6,,0.8,,,,0.5,,,,0.5,0.64,,,
MTF1,,,,0.97,0.15,,0.4,,0.6,,0.5,,,,0.5,,,,0.7,,,,
MTF2,,1.0,,1.0,0.94,,,0.5,0.8,,0.9,,,,0.75,,,0.8,0.7,0.7,,,
MTFMT,0.8,,0.0,,0.56,,,,0.7,,0.9,,,,0.5,,,,0.75,,,0.6,
MTFP1,,,0.04,,0.47,,,0.33,0.67,,0.64,,,,0.8,0.75,,,0.66,,,,
MTFR1,,,,,,,,,,,,0.8,,,,,,,,,,,
MTFR1L,,,,,,,,,,,,0.8,,0.6,,,,,,,,,
MTFR2,,,0.0,,0.67,,,0.2,0.7,,0.8,,,,0.6,,,,0.5,1.0,,,
MTG1,,,,,,,,,,,,1.0,,1.0,,,,,,,,,
MTG2,,,0.9,,0.4,,,0.5,0.6,,0.8,,,,0.9,,,0.7,0.7,,,0.6,
MTHFD1,0.7,0.9,0.8,,,,,,,,,,0.6,,0.7,,,,,,,,
MTHFD1L,,,0.0,,,,0.8,0.6,0.7,,,,0.9,,0.5,0.7,,,,,,,
MTHFD2,,1.0,0.0,,0.45,,,0.6,0.85,,0.9,,,,0.7,0.75,,0.8,0.5,0.91,,,
MTHFD2L,,,0.0,,,,0.8,0.2,,,,,0.9,,0.8,0.7,0.9,,,,,,
MTHFR,,,0.0,,0.62,,0.9,,0.7,,0.6,,,,0.75,,,,0.7,,,0.6,
MTHFS,,,0.0,,0.79,,0.5,0.3,0.8,,0.9,,,,,,,,0.5,0.71,,,
MTHFSD,,,0.0,,0.5,,,,0.6,,0.8,,,,0.8,,,,0.7,0.65,,,
MTIF2,,,0.0,,0.6,,,,0.8,,,,0.9,,0.8,,,,0.7,,,0.6,
MTIF3,,,0.0,,0.96,,0.8,,0.7,,0.9,,,,0.8,,,,0.5,,,0.6,
MTM1,1.0,1.0,,1.0,0.04,,,0.6,0.7,,,,0.8,,0.8,,,,,,,,
MTMR1,,,,1.0,0.04,,,,0.6,,0.8,,,,0.9,,0.8,,0.7,,,,
MTMR10,,,0.0,,0.46,,,0.2,0.6,,0.9,,,,0.8,,,,0.6,,,0.7,
MTMR11,,,0.0,,,,0.9,0.6,0.7,,,,0.8,,,0.7,,,,0.85,,,
MTMR12,,,,1.0,0.14,,,0.1,0.7,,0.77,,,,0.9,,,,0.75,,,0.6,
MTMR14,0.8,,0.0,,,,,0.6,,,,,0.9,,0.7,0.7,0.9,,,,,,
MTMR2,1.0,1.0,0.0,,0.42,,,0.5,0.8,,,,,,0.8,0.7,0.9,,,,,,
MTMR3,,,,1.0,0.13,,0.9,,0.75,,0.85,,,,0.8,,0.95,,0.8,,,,
MTMR4,,,,1.0,0.14,,,,0.85,,0.9,,,,0.9,,,,0.7,,,,
MTMR6,,,,,,,,,,,,0.8,,0.6,,,,,,,,,
MTMR7,,,0.0,,0.7,,0.6,0.6,0.8,,0.7,,,,0.7,,,,0.5,0.87,,,
MTMR8,,,0.0,,0.5,,,0.3,0.6,,0.9,,,,,0.7,,0.7,0.8,,,,
MTMR9,,,0.0,,,,0.5,0.7,0.6,,,,0.8,,0.6,,0.7,,,,,0.6,
MTNR1A,,,0.0,,0.5,,,,0.75,0.9,0.8,,,,0.9,,,0.85,0.7,0.97,,,
MTNR1B,,,0.0,,,,0.9,,0.5,0.7,0.6,,,,0.8,,,,,,1.0,,
MTO1,0.8,,0.0,,0.42,,,,0.7,,,,0.9,,0.9,,,,0.5,,,0.6,
MTOR,,1.0,,1.0,0.13,,0.4,0.6,0.7,0.9,0.8,,,,,,,,0.5,,,0.6,
MTPAP,0.8,,,1.0,0.04,,,,0.5,,0.6,,,,,,,,0.7,0.7,,,
MTPN,0.6,,,0.83,0.0,0.59,0.4,,0.7,,0.64,,,,0.5,0.65,,0.8,0.5,0.75,,,
MTR,,1.0,0.0,,0.42,,0.5,,0.75,,0.9,,,,0.8,,,,,0.66,,,
MTREX,,,0.0,,0.0,,,,0.6,,0.8,,,,0.6,,,,0.7,,,0.5,
MTRF1,,,0.0,,0.69,,,0.7,0.5,,0.99,,,,0.8,,0.6,,0.5,,,0.59,0.4
MTRF1L,,,0.0,,,,0.5,0.6,0.8,,,,0.9,,0.7,0.6,0.8,,,,,0.7,
MTRNR2L1,,,0.0,,0.0,,,,0.6,,0.8,,,,,,,,0.1,,,,
MTRNR2L10,,,0.0,,0.0,,,,0.6,,,,,,,,,,0.1,,,,
MTRNR2L11,,,1.0,,1.0,,,,,,,,,,,,,,0.5,0.9,,,
MTRNR2L12,,,0.0,,0.0,,,,,,,,,,,,,,0.1,0.81,,,
MTRNR2L13,,,0.0,,0.0,,,,,,,,,,,,,,0.1,1.0,,,
MTRNR2L2,,,0.0,,,,,,0.4,,,,,,,,,,,0.6,,0.5,
MTRNR2L3,,,1.0,,1.0,,,,0.8,,,,,,,0.85,,,0.5,,,,
MTRNR2L4,,,1.0,,1.0,,,,0.8,,,,,,,0.85,,,0.1,,,,
MTRNR2L5,,,0.0,,0.0,,,,,,,,,,,,,,0.1,1.0,,,
MTRNR2L6,,,0.0,,0.0,,,,0.5,,,,,,,,,,0.1,,,,
MTRNR2L7,,,0.0,,0.0,,,,,,,,,,,,,,0.1,,,,
MTRNR2L8,,,1.0,,1.0,,,,0.8,,,,,,,0.75,,,0.1,,,,
MTRNR2L9,,,0.0,,0.0,,,,0.5,,,,,,,,,,0.1,,,0.2,
MTRR,0.7,,0.0,,0.72,0.95,,,0.75,,0.6,,,,0.8,,,,0.8,,,,0.5
MTSS1,,,,,,,,,,,,0.9,,0.7,,,,,,,,,
MTTP,0.8,1.0,0.0,,0.38,,,0.3,0.5,0.6,0.7,,,,0.7,,,,,1.0,,,
MTURN,,,1.0,,1.0,,,,0.7,,0.6,,,,0.9,0.85,,,0.8,,,,
MTUS1,,,0.0,,0.52,,,0.2,0.7,,0.9,,,,,,,,0.8,0.61,,,
MTUS2,,,,0.85,0.2,,,0.65,0.8,,0.7,,,,0.7,,,,0.75,,,,
MTX1,,,0.9,,,,0.8,0.5,0.6,,,,0.7,,0.7,,,,,,,,
MTX2,,,0.8,,,,0.7,0.65,0.75,,0.9,,,,0.8,,,,0.5,,,0.7,
MTX3,,,0.0,,0.6,,,,0.7,,0.9,,,,0.8,,,,0.5,,,,
MUC1,,,0.1,,,,0.8,0.5,0.6,,0.9,,,,0.7,0.7,,,,0.9,,,
MUC12,,,0.0,,0.0,,,,0.7,,0.9,,,,0.9,,,,0.8,,,,
MUC13,,,0.0,,0.39,,,,0.8,,0.9,,,,0.8,,,0.7,0.5,1.0,,,
MUC15,,,0.0,,0.71,,,0.4,0.8,,0.9,,,,0.6,,,,0.5,,,,
MUC16,,,,,,,,,,,,0.7,,0.5,,,,,,,,,
MUC17,,,0.0,,0.0,,,,0.6,,0.7,,,,0.5,0.6,,,0.8,,,,
MUC19,,,0.0,,0.0,,,,0.8,,,,,,,0.4,,,0.5,,,0.2,
MUC2,,,0.0,,0.3,,0.5,,0.7,,,,,,,,,,0.8,,,0.9,
MUC20,,,0.0,,0.0,,,0.6,0.7,,0.8,,,,0.9,,,,0.5,0.7,,,
MUC21,,,0.2,,,,0.8,,,,,,0.7,,0.8,,,,0.5,,1.0,,
MUC22,,,0.0,,0.0,,,,0.5,,,,,,0.8,0.5,,,0.5,,,,
MUC3A,,,0.0,,0.0,,,,0.7,,,,,,0.75,0.65,,0.9,0.8,1.0,,,
MUC3B,,,1.0,,1.0,,,,0.7,,,,,,,,,0.9,0.8,,,0.6,
MUC4,,,1.0,,1.0,,,,0.7,,0.9,,,,0.8,,0.9,,0.8,,,,
MUC5AC,,,,,,,,,,,,1.0,,0.6,,,,,,,,,
MUC5B,,,,1.0,0.17,,,,0.7,,0.9,,,,0.7,,,,0.8,,,,
MUC6,,,0.0,,0.74,,,,0.75,,0.9,,,,0.9,0.75,,,0.8,1.0,,,
MUC7,0.6,,0.8,,,,,,,,,,0.9,,0.75,,,,,,1.0,,
MUCL1,,,0.0,,0.7,,,0.6,0.8,,0.9,,,,0.85,,,,0.2,,,,
MUL1,,,0.0,,0.7,,,,0.8,,0.75,,,,0.8,,,,0.5,,,,
MUS81,0.7,1.0,0.0,,,,,0.6,0.8,,,,0.9,,,,,,0.7,,0.62,,
MUSK,,,,,,,,,,,,0.8,,0.6,,,,,,,,,
MUSTN1,,,0.0,,,,0.5,,0.6,,0.7,,,,0.8,,,,,0.9,,,
MUTYH,0.8,,0.0,,0.87,,,,0.75,,,,0.9,,0.7,,,,0.5,,0.66,,
MVB12A,,,0.0,,0.67,,,0.4,0.8,,0.9,,,,0.6,,,,0.5,0.68,,,
MVB12B,,,0.42,,0.22,,0.6,0.5,0.7,,0.8,,,,0.7,,,,0.5,0.89,,,0.6
MVD,0.7,,0.0,,0.8,0.6,,,0.8,,,,0.9,,0.7,,,,0.5,,,0.6,
MVK,,,0.19,,0.26,,0.8,0.4,0.7,0.8,0.9,,,,0.6,,,,0.79,0.72,,,
MVP,,,0.0,,0.49,0.75,,0.6,0.8,,0.9,,,,0.9,,,,0.5,,,,0.7
MX1,,,,,,,,,,,,,,,,,,,,,,,
MX2,,,0.0,,,,0.8,,,,,,0.9,,0.7,,,,,,0.95,,
MXD1,,,0.16,,0.29,,0.75,0.6,0.65,,0.85,,,,0.9,,,,0.5,0.97,,,0.6
MXD3,,,0.0,,,,0.8,0.6,0.7,,,,0.9,,0.9,0.7,,,,,0.65,,
MXD4,,,,0.93,0.0,,,,0.6,,0.8,,,,,,,,0.5,,,,
MXI1,,,0.0,,,,,,,,,,0.9,,0.8,,,,,,,0.6,
MXRA5,,,,,,,,,,,,0.8,,,,,,,,,,,
MXRA7,,,0.0,,0.82,0.0,0.5,,0.7,,0.8,,,,0.8,0.65,,,0.5,0.76,,,
MXRA8,,,0.0,,,,0.8,,,,,,0.8,,,0.8,,,,,,,
MYADM,,,0.9,,0.65,,,0.3,0.7,,0.8,,,,0.8,,,,0.5,0.79,,,
MYADML2,,,0.0,,0.0,,,,0.6,,0.9,,,,0.8,0.6,,,0.5,1.0,,,
MYB,,,,0.96,0.17,,0.8,,0.6,0.5,0.7,,,,,,,0.8,,,0.96,,
MYBBP1A,,,0.0,,0.97,,,,0.8,,0.9,,,,0.9,,,,0.7,,,0.6,0.6
MYBL1,,,,1.0,0.0,,,0.5,0.6,,0.7,,,,0.6,,,0.9,0.8,0.93,,,
MYBL2,,0.8,0.3,,,,,,,,,,0.9,,0.6,0.75,,,0.5,,,,
MYBPC1,0.8,,0.0,,,,,,,,,,0.9,,,,0.8,,,,1.0,,0.6
MYBPC2,0.5,,0.0,,0.75,,,0.2,0.7,,0.8,,,,0.4,0.5,,,0.9,,,,
MYBPC3,,,0.0,,0.39,,0.5,0.4,0.6,,0.9,,,,0.7,,,,0.7,1.0,,,
MYBPH,,,0.0,,0.85,,,,0.7,,0.8,,,,0.7,,,,0.5,,,,
MYBPHL,,,0.0,,0.41,,0.4,0.4,0.5,,0.6,,,,,,,,,1.0,,,
MYC,1.0,1.0,,1.0,,,,0.6,0.8,,,,0.9,,,,,,,,0.89,,
MYCBP,,,,0.85,0.0,,,0.8,0.9,,0.9,,,,0.6,,,,0.1,0.68,,,
MYCBP2,,1.0,,1.0,0.8,,,,0.7,,,,0.9,,,,,,0.5,,0.63,,
MYCBPAP,,,0.0,,0.44,,,,0.6,,0.7,,,,0.75,,,,0.8,,,,
MYCL,,,0.12,,0.29,,,0.7,0.6,,0.87,,,,,,,,0.5,0.97,,,
MYCLP1,,,0.0,,0.0,,,,0.6,,,,,,,,,0.7,0.5,,,0.2,
MYCN,,,,,,,,,,,,,,,,,,,,,,,
MYCNOS,,,0.1,,,,,,0.6,,,,,,,,,,,,,,
MYCT1,,,0.0,,0.64,,,,0.6,,0.9,,,,,,,,0.5,,,,
MYD88,,,,,,,,,,,,0.8,,,,,,,,,,,
MYDGF,,,1.0,,1.0,,,0.6,0.7,,0.9,,,,0.8,,0.5,,0.8,,,,
MYEF2,,,,0.54,0.21,,,,0.75,,,,,,0.9,0.75,,,0.6,,,,
MYEOV,,,0.0,,0.8,,0.8,0.6,0.7,,0.9,,,,0.85,0.75,,,0.7,,,,
MYF5,0.8,1.0,0.0,,,,,,,,,,0.9,,,0.85,0.9,,,,1.0,,
MYF6,1.0,1.0,0.0,,0.53,,,0.6,0.7,,0.8,,,,,,0.9,0.9,0.5,1.0,,,
MYH1,,,0.0,,0.92,,,,0.85,,0.9,,,,0.7,0.75,,,0.8,,,,
MYH10,0.8,1.0,,1.0,0.09,,,,0.85,,0.9,,,,0.7,,,0.9,0.8,,,,
MYH11,,,,,,,,,,,,0.8,,,,,,,,,,,
MYH13,,,0.0,,0.74,,,,0.7,,0.9,,,,0.8,,,,0.6,,,,
MYH14,,,,,,,,,,,,,,,,,,,,,,,
MYH15,,,0.0,,0.88,,0.4,,0.7,,0.6,,,,0.6,,,,0.5,0.82,,,
MYH16,,,1.0,,1.0,,,,0.8,,,,,,,,,,0.5,,,0.2,
MYH2,0.9,,0.0,,0.54,,,,0.5,,,,0.7,,0.8,,0.9,,0.6,,1.0,,
MYH3,0.8,,0.0,,0.49,,,,0.6,,,,0.9,,0.7,,,,0.5,0.79,,,
MYH4,,,0.0,,0.87,,,,0.7,,0.9,,,,0.6,,,,0.8,1.0,,,
MYH6,,1.0,0.0,,0.68,,0.9,,0.6,0.5,0.7,,,,0.8,,,0.7,0.5,1.0,,,
MYH7,,,0.0,,,,0.9,,0.6,0.5,0.7,,,,0.7,,,,,,1.0,,
MYH7B,,,0.0,,0.79,0.8,0.8,0.7,0.6,0.5,0.9,,,,0.8,,,0.9,0.7,0.97,,,
MYH8,0.8,,0.0,,0.84,,,,0.7,,,,0.9,,,0.75,,,0.75,,1.0,,
MYH9,,1.0,,1.0,0.04,,0.9,0.5,0.6,,0.7,,,,0.7,,,,0.4,,,,
MYL1,,1.0,0.0,,0.62,,0.5,,0.7,,0.9,,,,0.6,,,0.8,,1.0,,,
MYL10,,,0.9,,0.5,,,0.5,0.7,,,,0.8,,,,,,0.6,,,,
MYL12A,,,0.0,,0.92,,,,0.7,,0.9,,,,0.8,,,,0.5,,,,
MYL2,,1.0,0.0,,0.5,,0.9,0.4,0.6,,0.8,,,,0.7,,,,0.6,1.0,,,
MYL3,,,,,,,,,,,,,,,,,,,,,,,
MYL4,0.8,,0.0,,0.74,,,,0.7,,,,0.9,,0.8,,0.6,,0.5,,1.0,,
MYL5,,,0.0,,0.5,,,,0.6,,0.8,,,,,,,0.8,0.7,,,0.6,
MYL6,,,0.0,,0.66,,,0.6,0.8,,0.9,,,,0.5,,,,0.5,0.8,,,
MYL6B,,,0.0,,0.84,,,,0.8,,0.9,,,,0.5,,0.7,0.6,0.5,,,,0.6
MYL7,,1.0,0.0,,0.85,,,,0.7,0.1,0.8,,,,0.9,,,,0.5,,,,
MYL9,,,0.8,,0.6,,,,0.8,,0.9,,,,0.7,0.75,,,0.5,0.95,,,
MYLIP,,,,,,,,,,,,0.8,,0.6,,,,,,,,,
MYLK,,,0.0,,0.38,,,,0.7,0.6,0.8,,,,,,,,,0.92,,,
MYLK2,,,0.24,,,,0.75,0.5,0.7,0.6,0.8,,,,0.7,,,0.9,,1.0,,,
MYLK3,,,0.0,,0.47,,,0.5,0.7,,0.9,,,,0.75,,,0.8,0.6,,,,
MYLK4,,,0.0,,0.94,,,0.5,0.6,,0.83,,,,0.7,,,0.8,0.5,0.66,,,
MYMK,0.8,,0.0,,,,,,,,,,0.6,,0.7,,0.9,,,,1.0,,
MYMX,,,0.0,,0.0,,,,,,,,,,,,,,0.5,0.97,,,
MYNN,,,,0.6,0.2,,0.8,,0.6,,0.9,,,,0.9,,,0.7,0.61,,,0.56,
MYO10,,,,,,,,,,,,0.9,,0.7,,,,,,,,,
MYO15A,0.7,,0.0,,0.69,,,,0.6,,,,0.9,,0.5,,0.8,,0.8,1.0,,,
MYO15B,,,1.0,,1.0,,,,0.7,,,,,,0.6,,,0.8,0.5,,,0.0,
MYO16,,,,1.0,0.18,,0.6,,0.65,,0.7,,,,0.8,,0.9,,0.75,,,,
MYO18A,,,,,,,,,,,,,,,,,,,,,,,
MYO18B,,1.0,0.0,,0.57,,0.75,,0.7,,,,,,0.6,,,,,,0.96,,
MYO19,,,0.0,,0.93,,,0.2,0.8,,0.9,,,,0.8,,0.9,,0.7,,,,
MYO1A,0.8,,0.0,,0.5,,,,0.6,,0.9,,,,0.8,,,,0.7,1.0,,,0.7
MYO1B,,,0.0,,0.3,,0.1,,0.9,,0.8,,,,0.7,,,0.6,0.5,0.9,,,
MYO1C,,,,,,,,,,,,1.0,,0.7,,,,,,,,,
MYO1D,,,0.0,,,,0.8,0.5,0.7,,,,0.9,,0.6,0.7,0.8,,,,0.9,,
MYO1E,,,,,,,,,,,,0.8,,,,,,,,,,,
MYO1F,0.75,,0.0,,,,0.8,0.5,0.7,,,,0.85,,0.6,0.7,,,,,0.95,,
MYO1G,,,,,,,,,,,,0.8,,,,,,,,,,,
MYO1H,0.6,,0.0,,,,0.8,,,,,,0.9,,,,,,,,1.0,,
MYO3A,0.7,,0.0,,0.85,,,,0.6,,0.9,,,,0.7,,,0.8,0.8,,0.99,,
MYO3B,,,0.0,,0.81,,,,0.8,,0.9,,,,0.8,0.75,,,0.7,,,,0.7
MYO5A,0.8,1.0,,0.99,0.2,,,0.5,0.7,,,,0.9,,0.6,0.75,,,,0.82,,,
MYO5B,,,,,,,,,,,,,,,,,,,,,,,
MYO5C,,,,,,,,,,,,,,,,,,,,,,,
MYO6,,,0.0,,0.3,,0.5,0.5,0.6,,0.9,,,,,,0.8,0.8,,,,0.6,
MYO7A,0.8,,0.0,,,,,,,,,,0.9,,0.7,,,,,,0.96,,0.6
MYO7B,,,0.0,,0.61,,0.1,,0.6,,0.7,,,,0.5,,,,0.5,0.99,,,
MYO9A,,,,0.91,0.21,,0.8,,0.6,,0.7,,,,0.8,,,,0.75,,,,
MYO9B,,,,1.0,0.8,,0.9,,0.75,,0.85,,,,0.8,,,,0.7,0.72,,,
MYOC,0.8,,0.0,,0.85,,,,0.7,,,,0.9,,,,,,0.5,,0.93,,
MYOCD,,1.0,0.39,,0.23,,0.1,,0.9,,0.84,,,,0.8,,,,,0.94,,,
MYOCOS,,,1.0,,1.0,,,,,,,,,,,0.5,,0.8,0.5,,,0.2,
MYOD1,,,0.15,,0.34,0.43,,0.1,0.8,,0.95,,,,0.7,,,0.9,0.64,1.0,,,
MYOF,,,0.0,,0.77,,0.5,,0.7,,0.8,,,,0.7,,,0.9,0.9,0.8,,,
MYOG,,1.0,,0.89,0.0,,,0.7,0.8,,0.9,,,,,,,,0.5,,,,
MYOM1,,,0.0,,0.77,,,,0.6,,0.85,,,,0.7,0.75,0.8,,0.9,0.99,,,
MYOM2,0.4,,0.0,,0.5,,,,,,,,0.9,,,,0.6,,0.7,,,,
MYOM3,,,0.0,,,,0.5,,,,,,0.8,,,,,,0.6,,0.95,,
MYORG,0.7,,1.0,,1.0,,,0.7,0.8,,,,0.9,,0.9,,0.8,,0.8,0.9,,,
MYOT,0.8,,0.0,,,,,,,,,,0.9,,0.6,,,,,,,,0.5
MYOZ1,,,0.0,,0.74,,,,0.6,,0.9,,,,,0.75,,,0.5,1.0,,,
MYOZ2,0.8,,0.2,,,,,,,,,,0.9,,,,0.85,,,,0.9,,
MYOZ3,,,0.0,,0.78,,,,0.6,,0.95,,,,,0.75,,,0.5,,,,
MYPN,,,0.0,,0.35,,0.5,,0.7,,0.9,,,,0.8,,,,0.8,,,,
MYPOP,,,,0.89,0.0,,,0.7,0.6,,0.85,,,,,0.7,,,0.75,,,0.54,
MYRF,,,,1.0,0.04,,0.9,,0.6,,0.7,,,,0.8,,,,0.8,0.91,,,
MYRFL,,,1.0,,1.0,1.0,,,0.6,,0.7,,,,0.8,,,,0.8,1.0,,,
MYRIP,,,0.0,,0.38,,,0.4,0.6,,0.8,,,,,,,0.7,0.5,,,,
MYSM1,0.8,,0.04,,0.26,,,0.5,0.7,,,,0.9,,,,,0.7,0.83,0.64,,,
MYT1,,1.0,,0.9,0.8,,0.5,,0.7,,0.6,,,,0.7,,,,,1.0,,,
MYT1L,,,,1.0,0.02,,0.6,,0.4,,0.5,,,,0.6,,,,0.8,0.9,,,
MZB1,,,0.0,,0.67,,,,0.6,,0.9,,,,0.8,,,,0.5,,,,
MZF1,,,0.0,,0.74,,,0.6,0.7,,0.9,,,,0.7,0.75,,0.85,0.8,0.63,,,
MZT1,,,0.8,,0.6,,,0.7,0.8,,,,0.9,,0.75,,,,0.5,0.8,,,
MZT2A,,,0.0,,0.5,0.0,,,0.6,,0.4,,,,0.5,,,,0.2,,,0.7,
MZT2B,,,0.06,,0.57,,,0.8,0.5,,,,0.75,,0.7,,,,0.5,,,0.46,
N4BP1,,,,0.67,0.2,,0.75,,0.7,,0.9,,,,0.8,,,,0.8,,,0.6,
N4BP2,,,,,,,,,,,,,,,,,,,,,,,
N4BP2L1,,,,0.86,0.09,,,0.5,0.67,,0.25,,,,,,,,0.61,,,,
N4BP2L2,,,0.0,,0.52,,0.5,,0.7,,0.9,,,,0.9,,,,0.8,,,0.6,
N4BP3,,,0.0,,0.46,,,,0.8,,0.9,,,,0.8,0.75,,,0.5,,,,
NAA10,0.8,,,0.77,0.11,,,0.5,0.6,,0.9,,,,,0.75,,,0.47,,,0.6,
NAA11,,,0.9,,0.55,,,,0.7,,0.8,,,,0.9,,,,0.6,,,,
NAA15,0.7,,,0.95,0.85,,,0.65,0.75,,0.9,,,,0.9,0.75,,,0.6,,,,
NAA16,,,0.0,,0.73,,,,0.7,,0.9,,,,0.9,,,0.5,0.6,0.65,,,
NAA20,,,0.9,,0.5,,,,0.7,,,,0.8,,0.5,0.7,0.8,,0.6,,,,
NAA25,,,,1.0,0.97,,0.6,,0.5,,0.7,,,,0.8,,,0.9,0.8,,,0.7,
NAA30,,,,1.0,0.0,,,0.7,0.6,,0.8,,,,0.7,,,,0.7,,,0.5,
NAA35,,,,,,,,,,,,0.8,,0.6,,,,,,,,,
NAA38,,,0.0,,,,0.7,0.5,0.6,,,,0.8,,0.7,,,,,,,0.6,
NAA40,,,0.0,,0.84,,,0.7,0.8,,0.9,,,,0.8,0.65,,,0.5,0.75,,,
NAA50,,,,,,,,,,,,,,,,,,,,,,,
NAA60,,,0.46,,0.2,,,,0.8,,0.89,,,,0.85,0.68,,,0.48,,,0.57,0.7
NAAA,,,0.0,,,,0.8,0.7,0.5,0.6,0.7,,,,0.7,,0.8,,,0.9,,,
NAALAD2,,,0.0,,0.82,,0.6,,0.67,,0.78,,,,0.75,0.68,,,0.74,0.91,,,
NAALADL1,,,0.8,,0.7,,,,0.7,,0.9,,,,0.9,,,,0.5,,,,
NAALADL2,,,0.0,,0.5,,0.1,0.5,0.6,,0.7,,,,0.8,,,,0.8,0.76,,,
NAB1,,,0.03,,0.31,0.22,0.1,,0.8,,0.75,,,,0.6,,,,0.49,0.68,,,
NAB2,,,,0.57,0.2,,,0.6,0.7,,0.9,,,,,,,0.8,0.75,0.73,,,
NABP1,,,0.0,,,,0.5,,,,,,0.9,,,,,,,,0.92,,
NABP2,,,,0.9,0.0,,,0.7,0.75,,,,0.8,,0.8,0.85,,,0.7,,,0.6,
NACA,,1.0,0.0,,0.44,,0.4,,0.6,,0.8,,,,0.7,,,,,0.63,,,
NACA2,,,0.7,,,,0.5,,0.8,,,,0.9,,0.6,0.75,,,,1.0,,,
NACAD,,,0.43,,0.22,,,,0.7,,0.9,,,,,,,,0.8,0.85,,,
NACC1,0.8,,,1.0,0.0,,,,0.7,,,,0.9,,0.7,,,,0.5,,,0.6,
NACC2,,,0.32,,0.24,,,0.5,0.6,,0.8,,,,0.8,,,,0.5,0.75,,,
NADK,,,0.0,,0.68,,0.6,,0.7,,0.8,,,,0.7,,,,0.5,0.64,,,
NADK2,,,,,,,,,,,,,,,,,,,,,,,
NADSYN1,0.7,,0.0,,,,0.8,,,,,,0.9,,0.75,,0.9,,,,0.6,,
NAE1,,,0.0,,0.66,0.34,,0.2,0.8,0.1,0.9,,,,0.7,,,,0.5,,,0.6,
NAF1,0.85,,,0.98,0.1,,,,0.7,,0.87,,,,0.75,,0.8,,0.75,,,,
NAGA,,,,,,,,,,,,0.8,,0.6,,,,,,,,,
NAGK,,,0.0,,,,0.8,0.6,0.7,,,,0.9,,0.7,0.7,0.8,,,0.5,,,
NAGLU,,,0.0,,0.59,,0.9,,0.5,0.6,0.7,,,,0.8,,,,0.7,0.66,,,
NAGPA,,,0.0,,0.76,,0.5,0.5,0.6,,0.8,,,,0.7,,,0.7,0.7,,,0.6,
NAGS,,,,,,,,,,,,,,,,,,,,,,,
NAIF1,,,0.25,,0.27,,,,0.75,,,,0.95,,0.8,0.65,,,0.65,,,0.57,
NAIP,,,0.0,,0.72,,,,0.7,,0.9,,,,0.8,,,,0.8,,,,
NALCN,0.8,0.9,0.0,,,,,,,,,,0.7,,0.7,,0.9,,,,0.8,,
NAMPT,,,,,,,,,,,,0.8,,0.6,,,,,,,,,
NANOG,,,,0.71,0.12,,,,,,,,,,,,,,,,,,
NANOGNB,,,0.0,,0.0,,,,0.5,,,,,,,,,,0.5,,1.0,,
NANOGP1,,,0.0,,0.0,,,,0.6,,,,,,,,,0.7,0.5,,,0.4,
NANOGP8,,,0.0,,0.0,,,,,,,,,,,0.75,,,0.5,,,0.8,
NANOS1,0.8,,,0.53,0.0,,,,0.7,,,,0.9,,0.6,0.7,,,0.292,,,0.6,
NANOS2,,,0.8,,,,,,0.65,,,,,,,0.75,,,,,,,
NANOS3,,,0.04,,0.45,,,,0.4,,0.9,,,,,,,,0.173,,,,
NANP,,,0.0,,0.83,,,,0.8,,0.9,,,,0.7,,0.85,,0.5,,,,
NANS,0.5,,0.0,,0.82,,,,0.85,,,,0.9,,0.7,,0.8,,0.5,0.65,,,
NAP1L1,,,,1.0,0.04,,,0.7,0.6,,0.8,,,,0.7,,,,0.7,0.68,,,
NAP1L2,,,,,,,,,,,,0.8,,0.6,,,,,,,,,
NAP1L3,,,0.1,,0.35,,,,0.7,,0.8,,,,0.8,,,,0.5,,,,
NAP1L4,,,,0.65,0.2,,,,0.73,,0.8,,,,0.6,0.75,,,0.75,,,0.47,
NAP1L5,,,,0.71,0.0,,,0.68,0.78,,0.69,,,,0.9,,,,0.36,0.89,,,
NAPA,,1.0,0.27,,0.24,0.51,,,0.75,,0.95,,,,0.6,,,,0.85,,,,
NAPB,0.85,,0.09,,0.29,,,,0.75,,0.84,,,,0.8,,0.9,,0.75,,,,
NAPEPLD,,,,,,,,,,,,,,,,,,,,,,,
NAPG,,,,,,,,,,,,0.9,,,,,,,,,,,
NAPRT,,,,,,,,,,,,0.8,,0.75,,,,,,,,,
NAPSA,,,0.0,,0.5,,,0.5,0.7,,0.8,,,,,0.7,,,0.6,1.0,,,
NARF,,,0.0,,0.83,0.8,,,0.8,,0.9,,,,0.8,0.75,,,0.7,,,0.6,
NARS2,0.8,,0.0,,0.56,,,,0.7,,,,0.9,,0.7,,0.9,,0.5,,,,
NASP,,1.0,,1.0,0.13,0.8,0.6,0.5,0.7,,0.9,,,,0.7,,,0.8,,0.6,,,
NAT1,0.8,,0.0,,0.6,,,0.2,0.8,0.85,0.75,,,,,,0.9,,0.7,0.9,,,
NAT10,,,,,,,,,,,,,,0.7,,,,,,,,,
NAT14,,,0.8,,0.6,,,,0.6,,0.9,,,,0.8,,,,0.5,,,,
NAT16,,,0.0,,0.89,,,0.6,0.7,,0.8,,,,,,,,0.5,,,,
NAT2,,,0.0,,,,0.8,0.4,0.5,,0.6,,,,,,,,,,1.0,,
NAT8,,,1.0,,1.0,,0.95,,0.8,,0.85,,,,0.9,,,,0.5,1.0,,,
NAT8B,,,0.0,,,,,0.7,,,,,,,,0.4,,,,,,0.6,
NAT8L,0.8,,,0.86,0.0,,,0.5,0.7,,,,0.9,,0.7,,0.85,,0.75,0.88,,,
NAT9,,,0.0,,0.65,,,0.6,0.75,,0.88,,,,0.8,,,,0.5,,,0.6,
NATD1,,,0.0,,0.0,,,,0.6,,0.7,,,,0.8,,,,0.5,,,0.0,
NAV1,,,,1.0,0.03,0.9,0.7,,0.5,,0.6,,,,0.7,0.75,,,0.8,0.82,,,
NAV2,,,,,,,,,,,,0.8,,,,,,,,,,,
NAV3,,,,1.0,0.8,,0.9,,0.75,,0.85,,,,0.9,,,0.8,0.6,,,,
NAXD,0.8,,0.0,,,,,0.6,,,,,0.9,,0.7,,0.8,,,,,,
NAXE,0.7,,0.0,,,,,,,,,,0.9,,,,0.8,,,,,,
NBAS,0.8,,0.0,,0.64,,,,0.6,,0.7,,,,0.8,,,,0.5,,,,
NBDY,,,1.0,,1.0,,,,0.7,,,,,,,,,,0.1,,,0.5,
NBEA,,,,,,,,,,,,0.8,,0.6,,,,,,,,,
NBEAL1,,,0.0,,0.52,,0.6,,0.5,,0.7,,,,0.5,,,,0.8,,,,
NBEAL2,0.8,,,0.63,0.22,,,,0.7,,,,0.9,,0.8,,,0.85,0.75,,0.88,,
NBEAP1,,,0.0,,0.0,,,,0.5,,,,,,,,,,0.1,,,0.0,
NBL1,,,0.06,,0.4,,,,0.8,,0.9,,,,0.8,,,,0.5,,,,
NBN,0.9,,0.0,,,,,0.75,,,,,0.85,,,,,,,,,,
NBPF1,,,1.0,,1.0,,,,0.7,,,,,,0.6,,,,0.5,,,1.0,
NBPF10,,,0.0,,0.5,0.0,,,0.6,,,,,,0.5,,,,0.4,,,0.8,0.6
NBPF11,,,0.0,,0.0,,,,0.6,,0.8,,,,0.9,0.4,,,0.5,,,0.0,
NBPF12,,,0.0,,0.4,0.0,,,0.6,,,,,,0.5,,,,0.5,,,0.8,
NBPF14,,,1.0,,1.0,,,,0.8,,,,,,0.6,,,,0.5,,,0.2,
NBPF15,,,0.0,,0.7,,,,0.6,,0.8,,,,0.5,,,,0.5,,,0.9,
NBPF19,,,1.0,,1.0,1.0,,,0.7,,,,,,,,,0.9,0.8,,,0.6,
NBPF26,,,0.0,,0.0,,,,,,,,,,0.9,0.4,,,0.5,,,1.0,
NBPF3,0.9,,0.0,,,,0.8,0.5,0.7,,,,0.9,,0.7,0.7,,,,0.6,,,
NBPF4,0.9,,0.0,,0.75,,,,0.7,,0.8,,,,,,,,0.5,,,,
NBPF5P,,,0.0,,0.0,,,,,,,,,,,0.3,,,0.5,0.4,,,
NBPF6,0.8,,0.9,,,,,,,,,,0.7,,,,,,0.6,,0.95,,
NBPF8,,,1.0,,1.0,,,,0.8,,,,,,0.6,,,,0.5,,,0.7,
NBPF9,,,1.0,,1.0,,,,0.8,,,,,,0.6,,,,0.5,,,0.9,
NBR1,,,0.0,,0.46,,,,0.8,,0.9,,,,0.8,,,,0.7,,,,
NBR2,,,1.0,,1.0,,,,0.8,,,,,,,,,0.7,0.0,,,0.5,
NCALD,,,,0.9,0.0,,,,0.7,,0.9,,,,0.6,,,0.8,0.6,0.85,,,
NCAM1,,1.0,,1.0,0.8,,,0.7,0.85,,0.95,,,,0.9,0.85,,,0.9,0.77,,,
NCAM2,,,0.21,,0.24,,0.4,,0.73,,0.87,,,,0.8,,,,0.83,0.87,,,
NCAN,,,0.8,,,,0.9,0.5,,,,,0.9,,0.6,,,,,,,,
NCAPD2,0.8,,0.0,,,,,,,,,,0.9,,0.6,0.75,0.85,,,,0.87,,
NCAPD3,0.5,,0.0,,0.36,,,0.6,0.8,,,,0.9,,0.7,,,,0.5,0.77,,,
NCAPG,,,0.0,,,,0.5,0.2,0.7,,,,0.9,,0.5,,0.8,,0.6,0.99,,,
NCAPG2,,1.0,,1.0,0.85,,0.5,,0.8,,0.9,,,,0.8,,,,0.6,0.97,,,
NCAPH,,,0.0,,,,0.5,,0.6,,0.8,,,,,,,,,1.0,,,
NCAPH2,,,0.0,,0.37,,,0.75,0.7,,0.9,,,,0.6,0.65,,,0.6,,,0.5,
NCBP1,,,,1.0,0.02,,,0.5,0.6,,,,0.8,,,,,,0.7,,,0.7,
NCBP2,,,0.41,,0.21,,,0.4,0.8,,0.88,,,,,,,,0.78,,,0.5,
NCBP2L,,,0.0,,0.0,,,,0.4,,,,,,,,,0.7,0.5,,1.0,,
NCBP3,,,0.0,,0.0,,,,0.7,,0.8,,,,0.6,,,,0.5,,,,
NCCRP1,,,0.0,,,,,,,,,,0.85,,,,,,,,,,
NCDN,,,,,,,,,,,,0.8,,,,,,,,,,,
NCEH1,,,0.98,,0.65,,,0.7,0.8,,0.85,,,,0.85,,,,0.75,,,,
NCF1,1.0,,0.0,,0.58,,,0.6,0.8,,0.9,,,,0.8,,,0.7,0.5,,,,
NCF1B,,,1.0,,1.0,,,0.3,0.8,,,,,,,,,0.7,0.5,,,0.2,
NCF1C,,,0.0,,0.0,,,,0.6,,,,,,,,,0.7,0.5,,,0.4,
NCF2,,,0.0,,0.49,,0.6,0.5,0.7,,0.9,,,,0.7,,0.85,,0.8,0.99,,,
NCF4,,1.0,0.0,,0.76,,0.7,,0.8,,0.9,,,,0.8,,,0.8,0.5,0.96,,,
NCK1,,,,,,,,,,,,0.9,,,,,,,,,,,
NCK2,,,0.48,,0.21,,,0.85,0.75,,0.9,,,,0.6,0.7,,0.7,,0.62,,,
NCKAP1,,,,,,,,,,,,0.8,,0.6,,,,,,,,,
NCKAP1L,,,,,,,,,,,,0.8,,,,,,,,,,,
NCKAP5,,,0.0,,0.32,,0.1,,0.7,,0.8,,,,0.6,,,,0.5,0.83,,,
NCKAP5L,,,0.49,,0.22,,,,0.6,,0.85,,,,0.8,0.7,,,0.75,,,,
NCKIPSD,,,,,,,,,,,,0.9,,0.7,,,,,,,,,
NCL,,,,,,,,,,,,0.8,,,,,,,,,,,
NCLN,,,,0.99,0.12,,0.5,0.5,0.6,,0.9,,,,0.8,0.75,,,0.75,,,0.6,
NCMAP,,,0.04,,0.7,,,,0.75,,0.86,,,,0.8,,,,0.5,1.0,,,
NCOA1,,,,1.0,0.15,,0.8,,0.7,0.5,0.9,,,,0.8,,,,0.6,,,0.5,
NCOA2,,,,,,,,,,,,,,,,,,,,,,,
NCOA3,,,,,,,,,,,,,,,,,,,,,,,
NCOA4,,,0.0,,,,0.8,0.6,0.7,,,,0.9,,0.6,,0.8,,,,,0.5,0.4
NCOA5,,,,1.0,0.93,,0.8,0.5,0.7,,0.6,,,,0.7,,,,0.7,0.6,,,
NCOA6,,1.0,,1.0,0.14,,0.8,,0.85,,0.9,,,,0.8,0.85,,,,,,0.7,
NCOA7,,,0.0,,0.34,0.39,0.6,,0.7,,0.9,,,,0.9,,,,0.8,,,0.6,
NCOR1,,1.0,,1.0,0.1,,,0.6,0.7,,0.9,,,,0.8,,,,0.8,,,,
NCOR1P1,,,0.0,,0.0,,,,0.5,,,,,,,,,,0.5,,,0.2,
NCOR2,,1.0,,1.0,0.1,,,0.6,0.85,,0.9,,,,0.8,,,,0.8,,,,
NCR1,,,0.0,,,,0.5,,,,,,0.9,,0.8,0.75,,,,,,,
NCR2,,,0.0,,0.86,,,,0.85,,0.98,,,,0.8,0.87,,,0.76,,,,
NCR3,,,0.0,,0.81,,0.5,,0.7,,0.9,,,,0.8,,,,0.5,1.0,,,
NCR3LG1,,,1.0,,1.0,,,0.8,0.7,,0.9,,,,0.8,,,,0.8,0.9,,,
NCS1,,,,,,,,,,,,0.85,,0.65,,,,,,,,,
NCSTN,,,,,,,,,,,,,,,,,,,,,,,
NDC1,,,,,,,,,,,,1.0,,,,,,,,,,,
NDC80,,,0.0,,0.46,,,0.2,0.8,,0.9,,,,0.7,,,,0.5,0.97,,,
NDE1,,,,,,,,,,,,,,,,,,,,,,,
NDEL1,,1.0,,0.98,0.1,,,0.75,0.8,,,,0.9,,0.6,,,,0.7,,,0.57,
NDFIP1,,,,0.98,0.0,,,,0.9,,0.87,,,,,0.73,,,,,,0.57,
NDFIP2,,,,,,,,,,,,0.8,,,,,,,,,,,
NDN,0.5,1.0,,0.64,0.13,,,,0.75,,,,0.9,,0.7,,,,,0.68,,,
NDNF,0.8,,0.42,,0.22,,,,,,,,0.74,,,0.73,0.85,,0.57,,,,
NDOR1,,,0.0,,0.76,,0.7,0.7,0.6,,0.8,,,,0.7,,,,0.5,,,0.6,
NDP,,,,,,,,,,,,1.0,,0.8,,,,,,,,,
NDRG1,0.9,,0.01,,0.34,,,,0.75,,0.85,,,,0.6,,,,0.78,0.75,,,
NDRG2,,,0.0,,,,0.8,0.6,,,,,0.9,,0.6,,,,,,0.79,,
NDRG3,,1.0,0.37,,0.23,,,,0.8,,,,0.94,,0.6,0.75,,,0.75,,0.88,,
NDRG4,0.75,,0.9,,,,0.7,,,,,,0.8,,0.8,,,,,,0.85,,
NDST1,,,,,,,,,,,,1.0,,0.7,,,,,,,,,
NDST3,,,,,,,,,,,,0.8,,,,,,,,,,,
NDST4,,,0.0,,0.42,,0.5,,0.8,,0.9,,,,0.8,,,,0.7,0.95,,,
NDUFA1,,,,,,,,,,,,0.8,,0.6,,,,,,,,,
NDUFA10,,,0.0,,0.7,,0.5,0.5,0.6,0.6,0.7,,,,0.7,,,,0.5,,,0.5,
NDUFA11,,,0.8,,,,0.9,,0.6,0.6,0.5,,,,0.8,0.75,,,,,,0.7,
NDUFA12,,,0.0,,0.79,,0.5,0.5,0.65,0.6,0.7,,,,0.75,,,,0.29,,,0.5,
NDUFA13,,0.9,0.0,,,,0.5,0.6,0.5,0.6,0.7,,,,0.6,,,,,,,0.7,
NDUFA2,,,,,,,,,,,,0.8,,0.6,,,,,,,,,
NDUFA3,,,0.07,,0.49,0.67,,,0.9,0.75,0.8,,,,0.8,,,,0.1,,,0.47,
NDUFA4,0.7,,0.8,,,,,,,,,,0.9,,0.8,,,,,,,0.75,
NDUFA4L2,,,0.07,,0.51,,,0.6,0.8,0.75,0.85,,,,0.8,,,,0.87,0.91,,,
NDUFA5,,,0.0,,0.65,,,,0.7,0.6,0.8,,,,0.8,,,,0.5,,,0.5,
NDUFA6,0.5,,0.0,,0.9,,,,0.6,0.75,0.8,,,,0.8,0.65,,,0.5,,,0.5,
NDUFA7,,,0.0,,0.6,,,0.6,0.7,0.75,0.9,,,,0.8,,,,0.5,,,0.5,
NDUFA8,0.8,,0.36,,0.23,0.37,,0.6,0.5,0.6,0.7,,,,0.7,,,,0.5,,,0.5,
NDUFA9,0.7,,0.9,,,,,,,,,,0.85,,0.6,,0.8,,,,,,
NDUFAB1,,,,0.53,0.16,,,0.5,0.95,0.75,0.67,,,,0.9,,,,0.78,,,0.48,
NDUFAF1,,,0.0,,0.46,0.82,0.5,0.4,0.5,0.6,0.7,,,,0.7,0.6,,,0.5,,,0.6,
NDUFAF2,,,0.0,,0.83,0.8,0.6,0.6,0.7,0.7,0.8,,,,0.7,,,,0.5,,,0.5,
NDUFAF3,0.8,,0.01,,0.49,,,0.4,0.5,0.6,0.7,,,,,0.5,,,0.184,,0.87,,
NDUFAF4,0.8,,,0.52,0.16,,,0.5,0.65,0.6,0.7,,,,0.7,0.65,,,0.35,,,0.49,
NDUFAF5,0.8,,0.0,,,,,0.6,,,,,0.9,,0.7,0.65,0.8,,,,,,
NDUFAF6,,,0.0,,,,0.7,0.4,0.5,,0.6,,,,0.7,0.6,,,,,,0.5,
NDUFAF7,,,0.0,,0.5,0.0,,,0.7,,0.8,,,,0.8,,,,0.5,0.6,,,
NDUFAF8,0.8,,0.0,,,,,,,,,,0.9,,0.7,,0.8,,,,,,
NDUFB1,,,0.0,,0.6,,0.5,,0.7,0.8,0.9,,,,0.9,,,,0.2,,,0.6,
NDUFB10,0.7,,0.9,,,,,,,,,,0.9,,0.75,,,,,,,,
NDUFB11,,,,,,,,,,,,0.8,,0.6,,,,,,,,,
NDUFB2,,,0.0,,0.7,0.6,,,0.85,0.8,0.9,,,,0.75,,,,0.5,,,0.6,
NDUFB3,0.8,,0.0,,0.67,,,0.7,0.75,0.6,0.7,,,,0.9,,,,0.5,,,0.6,
NDUFB4,,,0.9,,0.65,,,,0.75,0.8,0.85,,,,0.8,,,,0.5,,,0.6,
NDUFB5,,,0.0,,0.55,,,0.6,0.85,0.75,0.78,,,,0.8,,,,0.5,,,0.47,
NDUFB6,,,0.9,,0.64,,,0.6,0.75,0.8,0.7,,,,0.7,,,,0.5,,,0.5,
NDUFB7,,,0.0,,0.81,,,,0.7,0.6,0.8,,,,0.8,,,,0.5,,,0.5,
NDUFB8,0.8,,0.9,,,,,0.5,0.7,,,,0.6,,0.7,,0.8,,,,,0.6,
NDUFB9,0.8,,0.0,,,,,,,,,,0.9,,0.7,,,,,,,0.5,0.5
NDUFC1,,,,,,,,,,,,0.8,,0.6,,,,,,,,,
NDUFC2,,,,,,,,,,,,0.8,,0.6,,,,,,,,,
NDUFC2-KCTD14,,,,0.67,0.0,,,,0.1,,,,,,0.8,0.6,,,0.114,,,0.0,
NDUFS1,0.8,,0.0,,,,,,,,,,0.7,,0.7,0.6,0.9,,,,,0.5,
NDUFS2,,,0.0,,,,0.8,,0.5,0.7,0.6,,,,0.7,0.7,,,,,,0.6,
NDUFS3,0.9,,0.8,,,,,,,,,,0.9,,0.8,,,,,,,,
NDUFS4,,,0.0,,,,0.8,,0.5,0.6,0.5,,,,0.7,,,,,,,0.6,0.4
NDUFS5,,,0.9,,0.6,,,0.8,0.7,0.8,0.9,,,,0.8,,,,0.5,,,0.6,
NDUFS6,,,,,,,,,,,,0.8,,0.6,,,,,,,,,
NDUFS7,,,,,,,,,,,,0.8,,0.7,,,,,,,,,
NDUFS8,0.8,,0.07,,0.37,,,,0.68,0.6,0.7,,,,0.75,,,,0.42,,,0.5,
NDUFV1,0.8,,0.0,,,,,,,,,,0.9,,0.8,,0.9,,,,,,
NDUFV2,0.8,,0.9,,,,,,,,,,0.6,,0.7,0.75,0.9,,,,,,
NDUFV3,,,0.0,,0.6,,,0.6,0.7,0.8,0.9,,,,0.8,,,,0.5,,,0.5,
NEB,,1.0,0.0,,0.35,,0.5,,0.6,,0.7,,,,0.5,,,0.8,,1.0,,,
NEBL,,,0.0,,,,0.8,0.6,0.7,,,,0.9,,0.7,,,,,,0.9,,
NECAB1,,,0.8,,0.6,,,0.6,0.7,,0.9,,,,0.8,,,,0.5,,,,
NECAB2,,,0.0,,1.0,0.44,,0.6,0.7,,0.86,,,,0.7,0.65,,,0.5,0.93,,,
NECAB3,,,0.0,,0.5,,,,0.6,,0.9,,,,0.5,,,0.8,0.7,,,,
NECAP1,0.8,,0.1,,0.3,,,,0.7,,0.75,,,,0.8,,,,0.55,,,,
NECAP2,,,0.0,,0.91,,,0.55,0.65,,0.74,,,,0.8,,0.7,,0.5,0.65,,,
NECTIN1,0.8,,0.0,,,,,,,,,,0.9,,,,,,,,0.94,,
NECTIN2,,,0.0,,0.0,,,0.6,0.7,,0.8,,,,0.8,,,,0.5,,,,
NECTIN3,,,,,,,,,,,,1.0,,,,,,,,,,,
NECTIN4,0.8,,0.0,,,,,0.5,0.7,,,,0.9,,0.8,,0.7,,,,0.9,,
NEDD1,,,0.44,,0.22,0.79,,,0.93,,0.79,,,,0.7,,,0.85,0.66,0.71,,,
NEDD4,,1.0,0.0,,,,0.8,,,,,,0.9,,0.8,,,,,,,,
NEDD4L,,,,1.0,0.09,,,0.5,0.6,,0.7,,,,,,,0.75,,0.8,,,
NEDD8,,,,0.86,0.0,,0.4,0.6,0.7,,0.8,,,,0.5,0.7,,,0.5,,,0.7,
NEDD9,,,0.1,,0.3,,0.8,0.5,0.6,,0.9,,,,0.7,,,0.8,,0.9,,,
NEFH,0.9,,0.0,,0.7,,,0.7,0.85,,,,0.95,,0.7,,,,0.8,,0.92,,
NEFL,0.9,,0.0,,,,,,0.5,,,,,,0.8,,,,,,,0.6,
NEFM,,,0.03,,0.29,0.69,,0.73,0.78,,0.93,,,,0.8,0.76,,,0.91,,,,
NEGR1,,,,,,,,,,,,0.8,,,,,,,,,,,
NEIL1,,,0.0,,0.64,,,0.1,0.8,,0.9,,,,0.7,,,,0.5,0.71,,,
NEIL2,,,0.0,,0.5,0.7,0.3,,0.7,,0.8,,,,0.6,,,,0.6,,,0.5,
NEIL3,,,0.0,,0.74,,,,0.8,,0.9,,,,0.7,,,,0.8,0.97,,,
NEK1,0.8,1.0,0.0,,0.68,,,,0.6,,,,0.85,,0.7,,,,,,0.91,,
NEK10,,,,,,,,,,,,0.8,,0.6,,,,,,,,,
NEK11,,,0.0,,0.91,,,0.1,0.5,0.2,0.8,,,,0.6,,,,0.5,0.73,,,
NEK2,,,0.0,,,,0.5,0.5,0.7,0.6,0.8,,,,,,,,,,1.0,,
NEK3,,,0.0,,0.97,,,,0.7,0.1,0.8,,,,0.5,,,,0.5,,,,
NEK4,,,0.0,,0.89,,0.8,,0.7,,0.9,,,,0.8,,,,0.5,,,0.6,
NEK5,,,0.0,,0.86,0.91,,,0.4,,,,0.99,,0.75,,,,0.8,,,,
NEK6,,,0.03,,0.32,,0.5,0.4,0.85,0.5,0.94,,,,0.6,,,0.9,0.78,0.94,,,
NEK7,,1.0,,0.89,0.15,,,,0.16,0.1,0.52,,,,0.5,0.75,,0.8,0.76,,,,
NEK8,,,0.0,,,,0.5,,0.6,,0.8,,,,0.6,0.7,,,,0.8,,,
NEK9,,,0.0,,,,0.8,,0.85,,0.9,,,,0.75,0.7,,,,,0.6,,
NELFA,,,,,,,,,,,,,,,,,,,,,,,
NELFB,,,,,,,,,,,,,,,,,,,,,,,
NELFCD,,,,,,,,,,,,,,,,,,,,,,,
NELFE,,,0.0,,0.35,0.0,,0.6,0.8,,0.9,,,,0.8,,0.6,,0.5,,,,
NELL1,,,0.0,,0.54,,0.4,0.6,0.5,,0.85,,,,0.6,,,,0.7,0.93,,,
NELL2,,,,1.0,0.13,,,0.75,0.8,,0.9,,,,0.85,,,,0.7,,,,
NEMF,0.5,,0.0,,0.3,,,,0.8,,,,0.9,,0.8,0.7,,,0.7,,,0.6,
NEMP1,,,1.0,,1.0,,,0.7,0.6,,0.8,,,,0.8,,,,0.5,,,,
NEMP2,,,1.0,,1.0,,,,0.5,,0.75,,,,0.9,0.7,,,0.5,,,,
NENF,,,0.8,,0.6,,,0.6,0.7,,0.9,,,,0.8,0.7,,,0.5,,,0.7,
NEO1,,,,,,,,,,,,1.0,,,,,,,,,,,
NES,,1.0,0.0,,0.32,,,,0.7,,0.9,,,,0.8,,,,0.8,,,,
NET1,0.85,,0.0,,0.49,,,,0.7,,0.9,,,,0.9,,0.75,,0.6,,,,
NETO1,,,0.7,,,,0.6,,,,,,0.8,,0.8,0.75,,,,0.9,,,0.5
NETO2,,,0.94,,0.73,,,,0.8,,0.9,,,,0.8,0.78,0.85,,0.65,,,,
NEU1,,,0.0,,0.54,0.37,0.5,,0.7,,0.9,,,,0.8,0.5,,,0.5,,,0.6,
NEU2,,,0.0,,0.5,,,0.6,0.7,,0.8,,,,0.8,0.7,0.9,,0.6,1.0,,,
NEU3,,,0.0,,0.87,,,,0.6,,0.7,,,,0.8,,0.8,,0.5,0.76,,,
NEU4,,,0.0,,0.95,,,0.6,0.7,,0.8,,,,0.75,0.65,0.9,,0.5,0.88,,,
NEURL1,,,0.0,,0.0,,,,0.7,,0.8,,,,0.6,0.65,,,0.5,,,,
NEURL1B,,,,0.67,0.13,,,,0.6,,0.8,,,,0.7,,,0.75,0.5,,,,
NEURL2,,,0.0,,0.9,,,,0.6,,0.8,,,,,0.75,,,0.5,0.61,,,
NEURL3,,,0.0,,0.0,,,,0.6,,0.8,,,,,,,,0.5,,,,
NEURL4,,,,1.0,0.87,,,,0.6,,0.9,,,,0.8,,0.8,,0.8,,,0.7,
NEUROD1,0.8,,,0.77,0.11,,,0.6,0.5,,,,0.9,,,0.75,,,,,,,
NEUROD2,,,,0.94,0.0,,0.4,,0.6,,0.7,,,,0.7,,,,0.5,0.99,,,
NEUROD4,,0.8,0.3,,,,,,,,,,0.9,,0.6,,0.8,,0.5,,1.0,,
NEUROD6,,,,0.89,0.09,,,,0.75,,0.87,,,,0.7,,,,0.67,,,,
NEUROG1,,1.0,0.0,,,,,,,,,,0.9,,,,,,0.5,,1.0,,
NEUROG2,,1.0,,0.82,0.0,,,,0.7,,0.9,,,,,0.85,,,0.5,,,,
NEUROG3,,1.0,0.0,,0.7,,0.5,0.8,0.7,,0.6,,,,,,,0.9,,1.0,,,
NEXMIF,0.8,,0.0,,,,,,,,,,0.9,,0.6,,0.7,,,,0.9,,
NEXN,0.8,,0.0,,,,,0.7,,,,,0.9,,0.7,0.75,,,,,0.9,,
NEXN-AS1,,,1.0,,1.0,,,,0.8,,,,,,,,,0.9,0.5,,,0.4,
NF1,,,,,,,,,,,,0.8,,0.6,,,,,,,,,
NF2,,,,,,,,,,,,0.8,,0.6,,,,,,,,,
NFAM1,,,0.0,,0.67,,,0.2,0.7,,0.9,,,,0.8,,,,0.5,0.99,,,
NFASC,,1.0,,1.0,0.88,,0.8,,0.6,,0.7,,,,0.8,0.85,,,0.5,0.7,,,
NFAT5,0.7,1.0,,1.0,0.12,,0.9,,0.75,,0.8,,,,0.9,0.8,0.8,,0.6,,,,
NFATC1,,,,,,,,,,,,,,0.7,,,,,,,,,
NFATC2,,,,1.0,0.93,,0.9,,0.75,,0.85,,,,0.8,0.78,,,0.6,,,,
NFATC2IP,,,0.0,,0.6,,0.1,0.7,0.6,,0.8,,,,0.9,,,,0.5,0.65,,,
NFATC3,,1.0,,1.0,0.14,,,0.2,0.6,,0.75,,,,,0.8,,,0.85,0.69,,,
NFATC4,,,,0.83,0.19,,0.6,,0.7,,0.8,,,,,,,,0.5,0.8,,,
NFE2,,,,0.69,0.16,,0.6,,0.75,,0.8,,,,0.7,,,,,1.0,,,
NFE2L1,,1.0,,1.0,0.93,,,,0.75,,0.6,,,,,,,,0.7,,,,
NFE2L2,0.7,,0.0,,0.37,,,,0.8,,0.9,,,,,,,,0.8,,,,
NFE2L3,,,0.0,,0.87,,0.76,0.4,0.57,,0.88,,,,0.9,0.75,,,0.69,0.77,,,
NFE4,,,0.0,,0.0,,,,0.6,,,,,,,,,,0.5,,,0.0,
NFIA,,1.0,,1.0,0.93,,0.9,,0.6,,0.7,,,,,,,,,0.75,,,
NFIB,,1.0,,1.0,0.93,,0.4,0.6,0.8,,0.9,,,,0.7,,,,,0.73,,,
NFIC,,,0.11,,0.27,,,,0.7,,0.8,,,,0.9,,0.8,,0.75,0.63,,,
NFIL3,,,,0.85,0.13,,0.1,0.5,0.7,,0.9,,,,0.6,,,,0.46,0.8,,,
NFIX,,1.0,,1.0,0.0,,0.6,,0.5,,0.7,,,,0.6,,,,,0.7,,,
NFKB1,,,,1.0,0.95,,0.9,0.6,0.7,,0.85,,,,,,,,0.5,0.73,,,
NFKB2,,,,1.0,0.93,,,0.6,0.75,0.7,0.9,,,,,,,0.8,,,,,
NFKBIA,,1.0,,1.0,1.0,,0.9,0.7,0.8,,0.7,,,,0.9,,,,0.5,0.8,,,
NFKBIB,,,0.36,,0.23,,,0.7,0.85,,0.9,,,,0.8,,,,0.75,,,,0.6
NFKBID,,,,,,,,,,,,0.85,,0.7,,,,,,,,,
NFKBIE,,,,0.77,0.17,,0.7,,0.6,,0.8,,,,0.9,,,0.9,0.5,0.97,,,
NFKBIL1,,,0.38,,0.22,0.56,0.7,,0.8,,0.9,,,,0.8,,,0.85,0.76,,,0.48,
NFKBIZ,,,,,,,,,,,,,,0.7,,,,,,,,,
NFRKB,,,0.13,,0.24,0.76,,,0.75,,0.82,,,,0.7,0.7,,,0.85,0.68,,,
NFS1,,,0.8,,0.3,0.7,,,0.8,,0.9,,,,0.8,0.75,,,0.6,,,0.7,0.6
NFU1,0.8,,0.0,,0.71,,,,0.7,,0.9,,,,0.8,,,,0.5,,,0.6,
NFX1,,,,,,,,,,,,0.9,,,,,,,,,,,
NFXL1,,,0.0,,0.33,,,,0.9,,0.8,,,,0.75,,,,0.5,0.68,,,
NFYA,,1.0,0.1,,0.27,,,0.65,0.8,,0.85,,,,0.8,0.75,,,0.75,0.64,,,0.7
NFYB,,,,,,,,,,,,,,,,,,,,,,,
NFYC,,,0.43,,0.22,0.25,,0.5,0.75,,0.95,,,,,,,,0.91,,,0.5,
NGB,,,0.0,,0.72,,,0.6,0.9,,0.8,,,,0.7,,,,0.5,0.96,,,
NGDN,,,0.0,,0.69,,,,0.7,,0.93,,,,0.6,0.65,,,0.5,,,0.57,
NGEF,,,,0.65,0.21,,0.1,0.5,0.95,,0.77,,,,0.85,0.75,,0.8,0.71,0.94,,,
NGF,,,,,,,,,,,,0.8,,0.6,,,,,,,,,
NGFR,,,,,,,,,,,,0.8,,0.6,,,,,,,,,
NGLY1,0.5,,0.0,,0.69,,,,0.7,,,,0.9,,0.7,,0.85,,0.6,0.69,,,
NGRN,,,0.0,,0.64,,,0.5,0.6,,0.9,,,,0.7,0.7,,,0.5,,,,
NHEJ1,,,0.0,,0.39,,0.4,,0.8,,0.9,,,,,0.75,,,0.75,0.68,,,
NHLH1,,,0.26,,0.29,,,,0.6,,0.85,,,,,,,,0.67,0.82,,,
NHLH2,,,,0.57,0.0,,,0.75,0.8,,,,0.95,,,0.78,,,0.85,,0.95,,
NHLRC1,0.9,,0.2,,,,,,,,,,0.9,,,,,,0.6,,,,
NHLRC2,0.5,,0.0,,0.45,,,,0.7,,0.9,,,,0.8,,,,0.8,0.64,,,
NHLRC3,,,0.0,,0.6,,,,0.67,,,,0.87,,0.9,,0.75,,0.5,,,,0.5
NHLRC4,,,0.0,,0.0,,,,0.7,,,,,,,,,,0.5,,,,
NHP2,,,0.8,,,,0.6,,0.8,,,,0.9,,0.6,0.75,,,,,,0.7,
NHS,0.9,,,1.0,0.0,,,,0.6,,,,0.7,,0.7,,,,0.8,0.8,,,0.6
NHSL1,,,0.0,,0.0,,,,0.8,,0.9,,,,,,,,0.7,,,,
NHSL2,,,,,,,,,,,,1.0,,,,,,,,,,,
NICN1,,,,,,,,,,,,,,,,,,,,,,,
NID1,,,0.0,,0.44,,,,0.75,,0.9,,,,0.7,0.75,0.8,,0.85,,,,
NID2,,,0.0,,0.38,,,,0.7,,0.8,,,,0.9,0.78,,0.9,0.75,0.89,,,
NIF3L1,,,0.0,,0.81,0.75,,0.6,0.8,,0.9,,,,0.9,,,,0.5,,,0.5,
NIFK,,,0.0,,,,,,0.5,,,,,,0.5,,0.6,,0.4,,,0.7,
NIM1K,,,,,,,,,,,,,,,,,,,,,,,
NIN,,,,,,,,,,,,1.0,,,,,,,,,,,
NINJ1,,,0.12,,0.38,,0.1,,0.8,,0.85,,,,,,,,0.76,0.75,,,
NINJ2,,,0.0,,,,0.9,0.2,,,,,0.8,,0.75,,,,,,0.82,,
NINL,,,0.0,,0.86,,,0.2,0.75,,0.9,,,,0.9,,,,0.8,,,,
NIP7,,,0.32,,0.24,,,0.4,0.7,,0.85,,,,0.6,,,,0.9,0.72,,,
NIPA1,0.8,,0.03,,0.4,,,,0.75,,,,0.9,,0.7,,,,0.66,,0.86,,
NIPA2,,,,0.92,0.08,0.52,,,0.7,,0.78,,,,0.9,,,0.85,0.72,,,,
NIPAL1,,,0.0,,0.97,,0.1,,0.6,,0.7,,,,0.7,,,,0.5,0.97,,,
NIPAL2,,,0.0,,0.96,0.67,0.4,,0.8,,0.85,,,,0.7,0.65,,,0.5,0.73,,,
NIPAL3,,,0.0,,0.51,,,0.1,0.8,,0.9,,,,0.9,0.7,,,0.5,,,,
NIPAL4,0.8,,0.0,,0.48,,,,0.7,,0.9,,,,0.8,,,0.6,0.5,0.97,,,
NIPBL,,1.0,,1.0,0.01,,0.5,0.3,0.8,,0.9,,,,0.6,0.75,,0.7,,0.65,,,
NIPSNAP1,,,0.1,,0.3,,,,0.6,,0.7,,,,0.7,,,,0.4,0.6,,,
NIPSNAP2,,,0.0,,0.0,,,,0.7,,0.8,,,,0.9,,,,0.5,,,0.6,
NIPSNAP3A,,,0.0,,0.5,,,,0.6,,0.8,,,,0.8,,,,0.6,,,0.7,
NIPSNAP3B,,,0.0,,0.5,,,,0.6,,0.8,,,,0.9,,,,0.7,,,,
NISCH,,,,1.0,0.15,,0.8,,0.7,,0.9,,,,,,,,,0.72,,,
NIT1,,,0.0,,0.67,,,0.72,0.75,,0.79,,,,0.7,,,,0.5,,,0.52,
NIT2,,,0.8,,0.4,0.6,,,0.7,,0.9,,,,0.9,,0.8,,0.5,,,0.6,
NKAIN1,,,0.27,,0.25,,,0.8,0.75,,0.85,,,,0.8,0.65,,,0.69,1.0,,,
NKAIN2,0.7,,0.8,,0.4,,,,0.7,,,,0.9,,0.8,,,,0.5,,,,0.6
NKAIN3,,,0.17,,0.29,,,,0.9,,0.8,,,,0.9,0.65,,,0.39,,,,
NKAIN4,,,0.01,,0.49,,,,0.7,,0.86,,,,0.9,0.75,,,0.208,,,,
NKAP,0.8,,,1.0,0.0,,,0.7,0.5,,0.6,,,,0.7,,,,0.7,,,0.6,
NKAPD1,,,1.0,,1.0,,,0.8,0.7,,0.9,,,,0.9,,,,0.5,,,0.6,
NKAPL,,,0.0,,0.58,,0.5,,0.7,,0.9,,,,0.6,,,,0.8,1.0,,,
NKAPP1,,,,,,,,,,,,,,,,,,,,,,,
NKD1,,,,1.0,0.04,,,,0.8,,,,0.9,,0.8,0.85,,,0.7,0.85,,,
NKD2,,,0.0,,0.76,,0.5,0.6,0.7,,0.8,,,,0.8,0.7,,0.7,0.5,0.95,,,
NKG7,,,0.0,,0.94,,0.5,,0.8,,0.7,,,,0.7,,,,0.5,1.0,,,
NKIRAS1,,,0.0,,,,0.8,,0.7,,,,0.9,,0.6,0.75,,,,,,,
NKIRAS2,0.5,,0.9,,,,,0.7,,,,,,,,0.7,,,,0.6,,,
NKPD1,,,0.0,,0.48,,,,0.6,,0.9,,,,0.8,0.6,,,0.5,,,,
NKRF,,,,1.0,0.0,,,,0.8,,,,0.9,,0.7,0.75,,,0.7,,,0.6,
NKTR,,,,1.0,0.18,,,,0.6,,0.8,,,,0.75,,,,0.7,,,,
NKX1-1,,,,0.7,0.0,,,,,,,,0.9,,,0.8,,,0.5,1.0,,,
NKX1-2,,,1.0,,1.0,,,,0.6,,0.9,,,,,,,0.8,0.5,0.9,,,
NKX2-1,,1.0,0.38,,0.22,,0.6,,0.7,,0.9,,,,,,,0.8,0.5,1.0,,,
NKX2-2,,1.0,,0.77,0.11,,,,0.8,,,,0.9,,1.0,,,,0.5,,0.96,,
NKX2-3,,1.0,,0.94,0.0,,0.85,,0.6,,0.75,,,,,,,,0.5,0.97,,,
NKX2-4,,,0.0,,0.73,,,,0.8,,0.9,,,,0.7,,,0.7,0.5,1.0,,,
NKX2-5,,,,0.94,0.0,,0.6,0.2,0.7,,0.8,,,,,,,,,1.0,,,
NKX2-6,,,0.02,,0.48,,0.8,,0.6,,0.9,,,,,,,,0.5,0.99,,,
NKX2-8,,,0.2,,,,,,,,,,,,0.9,,,,,,,,
NKX3-1,,,0.0,,,,0.8,,,,,,0.9,,0.8,,,,,,,,
NKX3-2,0.5,1.0,,0.62,0.14,,,,0.8,,,,0.9,,,,,,0.5,,,,
NKX6-1,,1.0,0.05,,0.41,,,,0.7,,0.9,,,,,0.85,,,0.8,1.0,,,
NKX6-2,0.8,,0.7,,,,,,,,,,0.9,,,,0.85,,,,,,
NKX6-3,,,0.8,,0.7,,,,0.6,,0.7,,,,,,,0.8,0.6,,1.0,,
NLE1,,1.0,0.0,,0.38,,,,0.6,,,,0.9,,0.7,,,,0.5,,,0.54,
NLGN1,,,,,,,,,,,,0.8,,0.6,,,,,,,,,
NLGN2,,,,,,,,,,,,,,,,,,,,,,,
NLGN3,,,,,,,,,,,,0.85,,0.7,,,,,,,,,
NLGN4X,,,,0.95,0.8,,,,0.8,,0.9,,,,0.8,,,,,,,,
NLGN4Y,,,,,,,,,,,,1.0,,0.6,,,,,,,,,
NLK,,1.0,,1.0,0.0,,,0.5,0.6,0.7,0.8,,,,,,,0.9,,,,,
NLN,,,0.0,,0.64,0.29,,0.1,0.7,,0.8,,,,0.9,,,,0.7,0.63,,,
NLRC3,,,0.0,,,,0.8,,,,,,0.9,,0.75,,,,,,0.97,,0.6
NLRC4,,,,,,,,,,,,0.9,,0.7,,,,,,,,,
NLRC5,,,0.0,,0.33,0.8,0.75,,0.6,,0.7,,,,0.7,,,,0.9,0.89,,,
NLRP1,,,0.0,,0.62,,,,0.75,0.5,0.9,,,,,,,,,,0.77,,
NLRP10,,,0.0,,0.94,0.57,0.1,0.5,0.6,,0.8,,,,0.9,,,0.7,0.5,0.99,,,
NLRP11,,,0.0,,0.56,,0.5,,0.6,,0.8,,,,0.7,,,,0.7,,,,
NLRP12,,,0.0,,0.5,,0.8,,0.6,,0.7,,,,,,,,0.6,,,,
NLRP13,,,0.0,,0.71,,,,0.7,,0.9,,,,0.8,,,0.9,0.8,1.0,,,
NLRP14,,,0.0,,0.8,,,,0.5,,0.6,,,,0.6,,,0.8,0.7,0.9,,,
NLRP2,,,0.0,,0.5,,,,0.6,,0.8,,,,0.7,,,,0.7,,,,0.6
NLRP2B,,,0.0,,0.0,,,,,,,,,,,0.5,,,0.1,0.81,,,
NLRP3,,,0.0,,,,0.8,,0.6,,0.7,,,,,,,,,,1.0,,0.5
NLRP4,,,0.0,,0.53,,,0.2,0.6,,0.9,,,,0.7,,,,0.8,1.0,,,
NLRP5,,,0.0,,0.58,,,,0.6,,0.9,,,,,,,,0.8,1.0,,,
NLRP6,0.85,,,,,,,,,,,,,,,,,,,,,,
NLRP7,0.6,,0.0,,0.73,,,,0.7,,,,0.9,,0.5,,,,0.8,,1.0,,
NLRP8,,,0.0,,0.98,,,,0.7,,0.9,,,,,,,,0.8,,,,
NLRP9,,,0.0,,0.5,,,,0.6,,,,0.9,,,,,,0.7,,0.85,,
NLRX1,,,0.0,,0.5,,,0.5,0.9,,0.8,,,,0.8,,,,0.6,0.7,,,
NMB,0.5,,0.8,,,,,0.7,0.7,,,,0.9,,0.8,0.75,0.8,,,,0.9,,
NMBR,,,0.0,,0.5,,,0.4,0.8,0.9,0.9,,,,0.8,,,0.9,0.6,,,,
NMD3,,,0.0,,0.57,0.8,,0.5,0.7,,0.9,,,,0.6,,,,0.6,,,0.7,
NME1,,1.0,0.0,,0.58,,,,0.8,,0.95,,,,,,,,0.76,0.71,,,
NME1-NME2,,,0.0,,0.9,,,,0.8,,0.9,,,,,,0.2,,0.5,0.63,,,
NME2P1,,,0.0,,,,,,0.5,,,,,,,,,,,,,0.7,
NME3,,,,,,,,,,,,,,,,,,,,,,,
NME4,,,0.0,,0.74,,,,0.7,,0.9,,,,0.9,,,,0.5,0.72,,,
NME5,,,0.0,,0.64,,,,0.7,,0.9,,,,0.75,,0.85,,0.5,,,,
NME6,0.5,,0.0,,0.83,,,0.4,0.8,,0.9,,,,,,0.7,,0.5,0.64,,,
NME7,,,0.0,,0.57,,0.8,,0.85,,0.9,,,,0.75,0.7,0.8,,0.5,0.66,,,
NME8,,,0.0,,0.5,,0.4,,0.5,,0.7,,,,,,,,0.6,0.9,,,
NME9,,,0.0,,0.71,,,,0.8,,0.9,,,,0.6,0.65,,,0.5,0.82,,,
NMI,,,0.0,,0.66,,,0.6,0.7,,0.9,,,,,0.78,,,0.5,0.81,,,
NMNAT1,0.7,,0.8,,,,,,,,,,0.9,,0.8,,0.9,,,,,,0.5
NMNAT2,,,,0.99,0.94,,0.83,,0.81,,0.87,,,,,0.82,,,0.61,0.96,,,
NMNAT3,,,0.0,,,,0.5,0.6,0.8,,,,0.9,,0.6,0.65,0.8,,,0.7,,,
NMRAL1,0.5,,0.0,,,,0.5,,0.8,,,,0.9,,0.7,0.6,,,,,,,
NMRK1,,,0.0,,0.9,,,,0.9,,0.85,,,,0.8,0.78,,0.8,0.75,,,0.6,
NMRK2,,,0.0,,0.4,0.7,,,0.6,,0.8,,,,0.7,,,,0.5,,,,
NMS,,,0.0,,0.5,,,,0.8,,0.9,,,,0.9,,,,0.6,1.0,,,
NMT1,,,,0.95,0.8,,,,,,,,,,,,,,,,,,
NMT2,,,,,,,,,,,,,,,,,,,,,,,
NMU,,,0.0,,0.49,,,,0.8,,0.99,,,,0.9,,0.6,,0.5,0.97,,,0.7
NMUR1,,,,,,,,,,,,,,,,,,,,,,,
NMUR2,,,0.0,,0.57,,0.1,0.7,0.8,0.75,0.9,,,,,0.7,,,0.85,,,,
NNAT,,,0.32,,0.24,,,,0.6,,0.76,,,,,0.68,,,0.81,,,,
NNMT,,,0.0,,0.5,,,,0.9,,0.8,,,,0.9,,,,0.6,0.95,,,
NNT,,,,,,,,,,,,0.9,,0.7,,,,,,,,,
NOA1,,,,,,,,,,,,0.8,,0.6,,,,,,,,,
NOB1,,,0.0,,0.8,,,0.4,0.8,,0.9,,,,0.7,,,,0.5,,,,
NOBOX,0.8,,0.1,,,,,,,,,,0.7,,,,,,,,,,
NOC2L,,,0.0,,0.5,0.6,0.3,0.5,0.6,,0.8,,,,0.6,,,0.7,0.7,,,0.5,
NOC3L,,,0.0,,0.63,,,,0.9,,0.84,,,,0.6,,,,0.8,0.7,,,
NOC4L,,,,,,,,,,,,0.85,,,,,,,,,,,
NOCT,,,0.0,,,,,,,,,,0.9,,0.8,,,,,,,,
NOD1,0.85,,0.0,,0.84,,,,0.7,0.6,0.8,,,,,,,,0.5,,,,
NOD2,,,0.0,,0.5,,0.9,,0.7,0.6,0.7,,,,,,,,0.7,,,,
NODAL,,1.0,,0.98,0.06,,,0.5,0.75,,0.9,,,,0.9,0.85,,0.7,,0.8,,,
NOG,,,,0.89,0.0,,0.7,0.85,0.8,,0.9,,,,0.8,,,,,0.85,,,
NOL10,,,0.8,,,,0.7,0.5,0.6,,,,0.9,,0.9,,0.8,,,,,,
NOL11,,,0.0,,0.45,,0.1,,0.65,,0.75,,,,0.9,,,,0.5,0.64,,,
NOL12,,,0.0,,0.58,,,0.7,0.6,,0.8,,,,0.7,,,,0.5,,,0.9,
NOL3,0.8,,0.0,,0.86,,,,0.7,,0.9,,,,0.8,,,,0.5,0.65,,,
NOL4,,,,1.0,0.09,,0.5,,0.8,,0.9,,,,0.8,,,,0.6,0.88,,,
NOL4L,,,0.0,,0.0,,,,0.8,,0.9,,,,0.7,0.4,,,0.5,,,,
NOL6,,,,,,,,,,,,,,,,,,,,,,,
NOL7,,,0.0,,0.82,,,0.6,0.7,,0.8,,,,0.7,,,,0.5,,,0.6,
NOL8,,,0.0,,0.57,,,0.6,0.7,,0.9,,,,0.6,,,,0.8,,,,
NOL9,,,0.9,,0.7,,,0.7,0.75,,0.8,,,,0.8,,0.85,,0.5,,,0.6,
NOLC1,,,0.0,,0.38,,,0.4,0.6,,0.8,,,,0.5,,,,0.7,,,0.6,
NOM1,,,0.0,,0.6,,,,0.6,,0.76,,,,0.7,,,,0.5,0.64,,,
NOMO1,,,1.0,,1.0,,,,0.7,,0.9,,,,0.5,,,,0.8,,,0.6,
NOMO2,0.2,,1.0,,1.0,,,0.5,0.7,,0.9,,,,0.6,,0.8,,0.8,0.7,,,
NOMO3,0.2,,1.0,,1.0,,,,0.7,,0.9,,,,0.6,,0.8,,0.8,,,,
NONO,0.9,,,0.95,0.8,,,0.75,0.8,,,,0.9,,,,,,0.6,0.7,,,0.6
NOP10,0.5,,,0.71,0.0,,,,0.9,,,,0.85,,0.8,,,,0.64,,,0.54,
NOP14,,,0.0,,0.39,,,,0.8,,0.9,,,,0.8,0.7,,,0.85,0.64,,,0.6
NOP16,,,0.9,,0.5,,,0.5,0.7,,0.8,,,,0.8,,,,0.6,,,,0.7
NOP2,,,,,,,,,,,,,,0.7,,,,,,,,,
NOP53,,,0.0,,,,,0.7,,,,,0.9,,,,,,0.5,0.7,,,
NOP56,0.8,,,0.79,0.18,,,0.5,0.8,,,,0.73,,0.7,,0.85,,0.59,,,0.57,
NOP58,,,0.0,,0.32,,,,0.75,,0.85,,,,0.7,0.6,,,0.5,0.65,,,
NOP9,,,0.0,,0.73,,,,0.6,,0.7,,,,0.9,,,0.75,0.8,,,0.5,
NOS1,,,,1.0,0.11,,0.8,,0.85,0.9,0.7,,,,0.8,,,,0.6,0.88,,,
NOS1AP,,,,0.62,0.2,,0.75,,0.8,,0.9,,,,0.8,,,,0.51,0.94,,,
NOS2,,,0.0,,0.56,,0.8,,0.6,0.8,0.7,,,,0.7,,,,0.5,0.9,,,
NOS3,,1.0,0.0,,0.35,,0.9,,0.85,,0.95,,,,0.8,,,,,1.0,,,
NOSIP,,,,,,,,,,,,,,,,,,,,,,,
NOSTRIN,,,0.0,,0.77,,0.7,,0.6,,0.8,,,,0.8,,,,0.506,,,,
NOTCH1,,1.0,,1.0,0.04,,0.8,0.5,0.7,0.7,0.6,,,,,,,,,,,,
NOTCH2,,,,,,,,,,,,0.8,,0.6,,,,,,,,,
NOTCH3,0.9,,,0.87,0.21,,,0.5,0.75,0.7,0.6,,,,0.7,,,0.8,0.8,,0.87,,
NOTCH4,,,0.0,,,,0.85,,0.8,0.75,0.7,,,,,0.7,0.9,,,0.86,,,
NOTO,,,0.0,,,,,,,,,,0.9,,,,0.8,,0.5,,,,
NOTUM,,,0.0,,0.35,,,,0.8,,0.9,,,,0.8,,,,0.5,,,,
NOVA1,,1.0,,1.0,0.0,,0.8,0.6,0.7,,0.9,,,,0.7,,,,,0.88,,,
NOVA2,0.5,1.0,,0.98,0.0,,,,0.6,,,,0.9,,0.7,0.8,0.9,,,0.79,,,
NOX1,,,0.0,,0.67,,,0.6,0.8,,0.9,,,,0.8,,,,0.5,,,,
NOX3,,,0.0,,0.76,,,0.1,0.7,,0.9,,,,0.6,0.5,,,0.5,0.89,,,
NOX4,0.75,,0.0,,0.83,,0.6,0.5,0.7,,0.8,,,,,,,,0.5,0.97,,,
NOX5,,,0.0,,0.5,,,0.7,0.8,,0.9,,,,,,,,0.8,,,,
NOXA1,,,0.0,,0.62,,,0.4,0.73,,0.95,,,,,,,,0.76,,,0.54,
NOXO1,,,0.0,,0.5,,,0.6,0.7,,0.8,,,,0.9,,,,0.6,0.9,,,
NOXRED1,,,0.98,,,,0.8,0.5,0.7,,,,0.9,,0.75,0.78,,,,,1.0,,
NPAP1,,,1.0,,1.0,,,,0.8,,0.9,,,,0.8,,,0.85,0.8,,,,
NPAS1,0.85,,,0.95,0.9,,,0.65,0.7,,0.75,,,,,,0.8,,0.8,0.89,,,
NPAS2,,,,1.0,0.04,0.9,0.5,0.6,0.7,,0.8,,,,,,,,0.5,,,0.6,
NPAS3,,1.0,,1.0,0.8,,0.9,,0.7,,0.8,,,,,,,,,0.87,,,
NPAS4,,,,0.97,0.14,,,,0.7,,0.9,,,,0.75,0.85,,,0.75,0.95,,,
NPAT,,,,0.76,0.21,,,,0.5,,0.58,,,,0.8,0.75,,,0.714,,,,
NPB,,,0.1,,0.96,,,0.8,0.85,,,,0.9,,0.8,,,,0.75,,,0.95,
NPBWR1,,,0.0,,0.7,0.8,0.6,,0.7,0.9,0.8,,,,0.8,,,0.9,0.5,0.93,,,
NPBWR2,,,0.0,,0.5,0.8,,,0.75,0.9,0.85,,,,0.8,,,0.9,0.6,,0.99,,
NPC1,,,0.0,,0.32,,0.6,,0.7,,0.9,,,,0.75,0.7,,,0.7,,,0.6,
NPC1L1,,,0.0,,0.7,,0.8,,0.8,0.9,0.7,,,,0.8,,,,0.9,1.0,,,
NPC2,,,,,,,,,,,,0.9,,0.7,,,,,,,,,
NPDC1,,,,,,,,,,,,0.9,,,,,,,,,,,
NPEPL1,,,0.0,,0.64,,,,0.6,0.5,0.8,,,,0.6,,,,0.5,,,0.7,
NPEPPS,,1.0,,1.0,0.0,,0.8,,0.7,0.7,0.6,,,,,,,,,,,0.5,
NPFF,,,0.0,,0.7,,,,0.8,,0.9,,,,0.8,0.75,,,0.5,,,,0.7
NPFFR1,,,0.0,,0.7,,,0.2,0.7,0.9,0.8,,,,0.9,,,0.9,0.5,0.95,,,
NPFFR2,,,,,,,,,,,,0.8,,0.6,,,,,,,,,
NPHP1,0.9,,0.0,,,,,,,,,,0.8,,0.75,0.75,,,,,0.92,,
NPHP3,,,,,,,,,,,,0.9,,0.6,,,,,,,,,
NPHP4,,,0.0,,0.78,,0.5,0.4,0.7,,0.9,,,,0.8,,,,0.7,0.6,,,
NPHS1,1.0,1.0,0.0,,0.51,,,,0.7,,,,0.9,,0.8,,,,0.5,,1.0,,
NPHS2,1.0,1.0,0.0,,0.76,,,,0.67,,,,0.96,,0.8,,,,,,1.0,,0.5
NPIPA1,,,0.33,,0.0,,,,0.7,,0.8,,,,,,,,0.5,0.8,,,
NPIPA2,,,0.0,,0.0,,,,0.6,,,,,,,,,,0.5,,,,
NPIPA3,,,0.0,,0.0,,,,0.3,,0.2,,,,,0.3,,,0.5,,,,
NPIPA5,,,0.1,,0.84,,0.5,,0.6,,0.7,,,,,0.5,,,0.5,,,,
NPIPA8,,,0.0,,0.0,,,,0.6,,,,,,,0.4,,,0.5,,,,
NPIPB11,,,1.0,,1.0,,,,0.7,,,,,,0.8,,,,0.8,,,,
NPIPB13,,,0.0,,0.0,,,,0.6,,,,,,0.9,0.5,,,0.8,,,,
NPIPB15,,,0.0,,0.5,0.0,,,0.6,,0.75,,,,0.9,0.65,,,0.5,,,,
NPIPB3,,,0.11,,0.77,0.0,,,0.6,,0.75,,,,0.9,0.65,,,1.0,,,0.59,
NPIPB4,,,0.0,,0.0,,,,0.5,,0.5,,,,,,,,0.5,,,,
NPIPB5,,,1.0,,1.0,0.0,,,0.6,,,,,,0.8,0.7,,,0.8,,,0.7,
NPIPB6,,,0.0,,0.5,,0.2,,0.6,,,,,,,0.4,,,0.5,1.0,,,
NPIPB7,,,0.1,,0.89,,,,0.8,,0.5,,,,0.8,0.7,,,0.5,,,,
NPIPB8,,,0.0,,0.5,,0.6,,0.4,,,,,,,0.4,,,0.5,1.0,,,
NPIPB9,,,0.0,,0.0,,,,0.5,,,,,,,0.3,,,0.5,,,,
NPL,,,0.0,,0.71,,,0.1,0.75,,0.86,,,,0.8,0.65,0.7,,0.5,,,,0.6
NPLOC4,,,,1.0,0.03,,0.7,,0.8,,0.9,,,,0.7,,,0.75,,,,0.5,
NPM1,0.8,1.0,,1.0,0.0,,,0.7,0.6,,,,0.7,,0.7,,,,,,0.84,,
NPM2,,,0.0,,0.53,,,0.5,0.7,,0.62,,,,,,,,0.5,,,,
NPM3,,,0.8,,,,0.5,,0.7,,,,0.9,,0.7,0.75,0.8,,,0.6,,,
NPNT,,,0.0,,,,0.7,,,,,,0.9,,0.75,,,,,,,,
NPPA,,,0.0,,0.88,,0.8,0.7,0.6,,0.7,,,,,0.75,,,0.5,,,,
NPPB,,,0.0,,0.5,,0.9,0.6,0.7,,0.8,,,,0.9,,,,0.7,1.0,,,
NPPC,,1.0,0.06,,0.54,,0.9,,0.75,,0.8,,,,0.8,,,,,0.86,,,
NPR1,,,,,,,,,,,,0.8,,0.9,,,,,,,,,
NPR2,0.8,0.9,0.0,,,,,0.5,0.6,,,,0.9,,0.7,,,,,,0.8,,
NPR3,,1.0,0.0,,0.5,,0.9,,0.6,0.8,0.7,,,,0.8,,0.9,,,0.9,,,
NPRL2,0.8,,0.32,,0.23,,,0.6,0.7,,0.9,,,,0.8,,,0.85,0.5,,,0.6,
NPRL3,,1.0,0.2,,0.25,,0.8,0.4,0.5,,0.6,,,,,,,,,,,0.5,
NPS,,,0.0,,0.6,0.8,,0.3,0.7,,0.9,,,,0.75,,,,0.5,,,0.4,
NPSR1,,,,,,,,,,,,0.8,,0.7,,,,,,,,,
NPTN,,,,,,,,,,,,0.9,,,,,,,,,,,
NPTX1,,,,,,,,,,,,0.8,,,,,,,,,,,
NPTX2,,,0.03,,0.35,0.0,,0.5,0.6,,0.8,,,,,0.65,,,0.5,0.94,,,
NPTXR,,,,,,,,,,,,0.8,,,,,,,,,,,
NPVF,,,0.0,,0.99,0.72,0.1,,0.7,,0.9,,,,0.8,,,,0.5,1.0,,,
NPW,,,0.0,,0.0,,,0.4,0.6,,0.8,,,,0.8,,,,0.5,0.93,,,
NPY,,,0.16,,0.34,,,,0.73,,0.87,,,,0.8,,,,0.97,0.94,,,
NPY1R,,,0.04,,0.37,0.6,,0.5,0.85,0.75,0.9,,,,0.8,,,,0.8,0.99,,,
NPY2R,0.8,,0.96,,,,,0.7,0.85,0.75,0.8,,,,0.85,,,0.9,,0.95,,,
NPY4R,,,0.0,,0.9,,,0.6,0.75,0.85,0.9,,,,0.8,0.7,,,0.5,,,,
NPY5R,,,0.01,,0.51,,,0.6,0.8,0.67,0.76,,,,0.9,,,,0.89,0.89,,,
NPY6R,,,1.0,,1.0,,,,0.6,,,,,,,,,0.9,0.8,,,0.7,
NQO1,,,0.0,,,,0.7,,0.75,0.6,0.9,,,,,,0.85,,,0.94,,,
NQO2,0.9,,0.0,,,,0.5,,,,,,0.8,,0.7,,0.8,,,,,,0.6
NR0B1,0.9,,,0.97,0.0,,,,0.8,,,,0.95,,0.7,,,,0.85,,1.0,,
NR0B2,0.5,,0.0,,0.97,,,0.6,0.8,,0.9,,,,0.7,0.65,,,0.5,,,,
NR1D1,,,,0.79,0.18,,,,0.75,0.83,0.92,,,,,0.82,,,0.61,,,,
NR1D2,0.7,,0.9,,,,0.8,0.5,0.7,0.7,0.6,,,,,,0.9,,,0.6,,,
NR1H2,,,0.42,,0.22,,,0.1,0.95,0.9,0.87,,,,,0.7,,,0.92,,,0.49,
NR1H3,,,,0.91,0.14,,,0.58,0.87,0.84,0.78,,,,,0.75,,,0.89,,,,
NR1H4,0.8,,0.0,,0.36,,,0.4,0.75,0.9,0.85,,,,,,,,0.5,,,,
NR1I2,,,0.0,,0.77,0.8,,,0.85,,0.9,,,,0.7,,,,0.6,0.99,,,
NR1I3,,,0.0,,,,0.2,0.6,0.7,0.8,0.9,,,,,,,,,1.0,,,
NR2C1,,,,0.53,0.21,,,,0.8,,0.85,,,,0.8,,,,0.75,0.65,,,0.5
NR2C2,,1.0,,1.0,0.07,,,0.5,0.7,0.8,0.9,,,,0.8,,,,0.6,0.64,,,0.6
NR2C2AP,,,0.22,,0.28,,,,0.75,,0.93,,,,0.9,0.65,,,0.69,0.62,,,
NR2E1,,,,1.0,1.0,,,0.6,0.8,,0.9,,,,0.7,,,0.9,0.7,0.92,,,
NR2E3,0.8,,0.0,,,,,,0.7,,,,0.9,,0.7,,0.9,,,,,,
NR2F1,0.9,1.0,,1.0,1.0,,,,,,,,0.7,,,,,,,,0.9,,
NR2F2,,1.0,,0.95,0.0,,0.8,0.6,0.75,,0.9,,,,,0.75,,,,,,,
NR2F6,,,0.43,,0.21,,,0.5,0.7,,0.9,,,,0.7,,,,0.8,,,0.54,
NR3C1,0.8,1.0,,0.98,0.15,,,0.6,0.75,0.9,0.85,,,,,,,0.9,,0.72,,,
NR3C2,,,,,,,,,,,,1.0,,0.8,,,,,,,,,
NR4A1,,,0.33,,0.23,,,0.5,0.7,,0.8,,,,0.75,,,,0.6,,,,
NR4A2,0.8,1.0,,1.0,0.0,,0.8,,0.6,,0.7,,,,,,,,0.5,0.91,,,
NR4A3,0.8,1.0,,0.9,0.16,,,,0.7,,,,0.9,,,0.8,,,0.5,,,,
NR5A1,,,,0.99,0.95,,,,,,,,,,,0.85,,,,,,,
NR5A2,,,0.2,,0.24,,0.9,0.1,0.76,,0.8,,,,,,,,0.5,,,,
NR6A1,,0.85,,0.9,0.8,,0.6,,0.65,,0.75,,,,0.7,,0.8,0.9,,1.0,,,
NRAP,,,0.0,,0.83,,,,0.6,,0.9,,,,,,,,0.8,1.0,,,
NRARP,,,0.22,,0.34,,,,0.7,,0.99,,,,,,,,0.5,0.83,,,
NRAS,,,,0.53,0.19,,,,0.75,0.5,0.9,,,,0.75,,,0.85,0.95,0.8,,,
NRBF2,,,0.0,,,,0.8,0.6,,,,,0.9,,0.9,,,,,,,0.5,
NRBP1,,,,1.0,0.9,,,0.75,0.8,,,,0.9,,0.8,0.8,0.85,,0.7,,,,
NRBP2,,,0.8,,0.3,0.1,,,0.5,,0.7,,,,0.9,,,0.9,0.6,0.7,,,
NRCAM,,,0.18,,0.24,0.45,,0.6,0.8,,0.76,,,,0.7,0.75,,,0.65,0.85,,,
NRDC,,,0.0,,0.0,,,,0.6,,,,0.9,,0.7,,0.8,,0.5,,,0.7,
NRDE2,0.5,,0.0,,,,0.5,,,,,,0.9,,,,,,,,,,
NREP,,,0.9,,,,0.8,,,,,,0.7,,,0.8,,,,,1.0,,
NRF1,,1.0,,1.0,0.04,,0.8,0.5,0.6,,0.7,,,,,,,,,,,0.7,
NRG1,0.8,,,1.0,0.9,,0.8,0.7,0.6,,0.7,,,,,,,,,,,,
NRG2,0.5,1.0,,1.0,0.93,,,,0.6,,0.7,,,,0.8,,,,0.8,0.93,,,
NRG3,,,0.09,,0.26,,0.5,,0.64,,0.85,,,,0.8,,,0.9,0.72,0.89,,,
NRG4,,,0.8,,,,0.7,,,,,,0.9,,,,,,0.5,,0.9,,
NRGN,,,0.48,,0.0,,,0.3,0.5,,0.6,,,,,0.65,,,0.1,,,,
NRIP1,,,,1.0,0.12,,,,0.85,,0.9,,,,0.7,0.8,,,0.75,0.62,,,
NRIP2,,,0.0,,1.0,,,,0.6,,0.8,,,,,,0.9,,0.5,0.95,,,
NRIP3,,,0.0,,0.99,,,0.4,0.6,,0.8,,,,,,,,0.5,,,,
NRK,,1.0,,1.0,0.15,,,,0.6,,0.7,,,,0.8,,,,0.8,,,,
NRL,0.8,,0.2,,,,,,,,,,0.9,,0.7,,0.85,,,,0.6,,
NRM,,,0.8,,,,0.7,0.5,,,,,0.9,,,,,,,,0.75,,
NRN1,,,,0.86,0.0,,,0.6,0.7,,0.9,,,,0.7,,,,0.5,,,,
NRN1L,,,0.0,,0.98,,,0.2,0.8,,0.9,,,,,,,,0.5,0.7,,,
NRP1,,,,,,,,,,,,0.8,,0.6,,,,,,,,,
NRP2,,1.0,0.0,,,,0.5,0.3,0.7,,0.8,,,,0.7,0.7,,,,0.9,,,
NRROS,0.5,,0.37,,0.23,,,0.7,0.6,,0.9,,,,0.8,0.7,,,0.8,,,,
NRSN1,,,0.0,,0.77,,,,0.6,,0.61,,,,0.8,,,,0.5,0.91,,,
NRSN2,,,0.0,,0.79,,,0.4,0.5,,0.9,,,,0.6,,,,0.5,,,,
NRTN,0.6,,0.8,,,,0.7,,,,,,0.9,,0.8,0.78,0.75,,,,0.9,,
NRXN1,,,,,,,,,,,,0.8,,0.6,,,,,,,,,
NRXN2,,,,,,,,,,,,0.8,,0.6,,,,,,,,,
NRXN3,,,,,,,,,,,,0.8,,,,,,,,,,,
NSA2,0.7,,0.9,,0.4,,,0.7,0.6,,0.8,,,,0.8,,,,0.5,0.6,,,0.5
NSD1,,,,,,,,,,,,0.7,,0.6,,,,,,,,,
NSD2,,,0.0,,0.0,,,,0.7,,0.9,,,,,,0.9,,0.8,,,0.6,0.5
NSD3,,,1.0,,1.0,,,,0.7,,0.9,,,,,,,0.9,0.8,,,0.6,
NSDHL,0.8,0.7,,0.9,,,,0.5,,,,,0.65,,0.7,,,,,,,,
NSF,,,0.8,,,,0.7,,,,,,0.9,,0.8,0.78,,,,,0.9,,
NSFL1C,,,,,,,,,,,,0.7,,0.6,,,,,,,,,
NSG1,,,0.9,,,,,,,,,,,,0.8,,0.8,,,,,,
NSG2,,,,,,,,,,,,0.8,,,,,,,,,,,
NSL1,0.8,,0.0,,0.45,,,0.7,0.7,,0.9,,,,0.7,,,,0.6,,,0.5,
NSMAF,,,0.0,,0.49,,,0.7,0.8,,,,0.96,,0.6,,,,0.5,,,0.57,
NSMCE1,,,0.0,,,,0.8,0.6,0.7,,,,0.9,,0.7,,0.9,,,,,0.5,
NSMCE2,0.8,,0.04,,0.38,,,,0.7,,,,0.9,,0.7,,,,0.25,,,,
NSMCE3,0.7,,0.0,,,,,,,,,,0.9,,,,0.8,,,,,,
NSMCE4A,,,0.9,,0.4,,,0.6,0.7,,0.8,,,,0.7,,,,0.5,0.7,,,
NSMF,0.9,,0.32,,0.23,,,0.6,0.7,,0.85,,,,0.75,,,,0.8,0.88,,,
NSRP1,,0.8,0.9,,,,0.5,,0.7,,,,0.9,,0.5,,,,,,,0.6,
NSUN2,0.5,,0.0,,0.33,,,0.6,0.7,,0.9,,,,0.7,,,,0.6,0.6,,,0.5
NSUN3,0.6,,0.0,,0.83,,,,0.8,,,,0.9,,0.7,,0.85,,0.5,,,,
NSUN4,,,,,,,,,,,,,,0.7,,,,,,,,,
NSUN5,,,0.0,,0.87,,,0.6,0.8,,0.9,,,,0.9,,,,0.7,,,,
NSUN5P1,,,1.0,,1.0,,,,0.8,,,,,,,,,,0.5,,,1.0,0.5
NSUN5P2,,,0.0,,0.0,,,,0.5,,,,,,,,,,0.5,,,,0.4
NSUN6,0.6,,0.0,,,,0.5,,,,,,0.9,,0.7,0.6,,,,,,,
NSUN7,,,0.0,,0.46,,,0.5,0.7,,0.95,,,,,0.75,,,0.8,0.91,,,
NT5C,,,0.0,,0.61,,0.1,0.4,0.7,,0.8,,,,0.6,,0.7,,0.5,0.63,,,
NT5C1A,0.5,,0.0,,0.59,,,,0.6,,0.8,,,,,,0.8,,0.5,0.97,,,
NT5C1B,,,0.0,,0.63,0.8,,,0.8,,0.9,,,,0.7,,,,0.5,,,,
NT5C2,,,0.0,,0.47,,0.8,,0.7,,0.9,,,,0.8,,,,0.5,,,0.6,
NT5C3A,,,0.8,,,,,0.5,0.8,,,,0.9,,0.7,,0.8,,,0.7,,,0.6
NT5C3B,0.5,,0.8,,,,,,,,,,0.75,,0.85,,0.9,,,,,,
NT5DC1,,,0.0,,0.58,,0.1,0.6,0.8,,0.9,,,,0.8,0.5,,,0.5,,,0.55,
NT5DC2,,,0.0,,,,0.9,,,,,,0.8,,0.85,0.7,0.75,,,,0.6,,
NT5DC3,,,0.0,,,,0.5,0.3,,,,,0.9,,0.6,,,,,,0.9,,
NT5DC4,,,1.0,,1.0,,,,0.7,,0.9,,,,,,,,0.8,,,,
NT5E,,,0.0,,0.78,,0.4,0.5,0.6,0.7,0.8,,,,0.7,,,,0.5,,,,
NT5M,,,0.0,,0.5,,,,0.7,,0.8,,,,0.7,,,,0.4,,,,
NTAN1,,,0.0,,,,0.8,0.2,0.6,,0.7,,,,0.5,,0.9,,,,,0.5,0.4
NTF3,,1.0,,0.89,0.09,,0.5,0.6,0.7,,0.9,,,,0.8,0.75,,,,0.96,,,
NTF4,0.7,,0.9,,,,,,,,,,0.8,,0.7,,,,,,0.9,,
NTHL1,0.8,,0.0,,0.5,0.7,,,0.8,,0.9,,,,0.8,,,,0.6,,,0.7,
NTM,,,0.2,,,,0.8,0.6,0.7,,,,0.9,,0.7,,0.8,,0.5,,0.9,,
NTM-AS1,0.2,,0.0,,0.0,,,,,,,,,,,,,0.8,0.5,,,0.2,
NTMT1,,,,,,,,,,,,,,,,,,,,,,,
NTN1,0.8,1.0,,1.0,0.0,,,0.5,,,,,0.7,,0.8,,,,,,0.9,,
NTN3,,,0.0,,0.67,,,,0.8,,0.8,,,,0.6,,,,0.5,0.8,,,
NTN4,,,,0.97,0.15,,0.6,,0.7,,0.8,,,,0.8,,,,0.75,0.88,,,0.6
NTN5,,,0.0,,,,,,,,,,0.8,,0.8,,0.7,,,,,,
NTNG1,,,,0.92,0.16,,0.5,0.6,0.8,,0.9,,,,0.8,,,0.7,0.75,0.86,,,0.7
NTNG2,0.7,,,1.0,0.04,,,,0.5,,0.6,,,,0.7,,,0.8,0.8,0.9,,,
NTPCR,,,0.0,,0.64,,,,0.87,,0.99,,,,,0.55,,,0.5,,,0.5,
NTRK1,0.8,1.0,0.0,,0.42,,,,0.75,0.9,0.85,,,,,,,,,0.86,,,
NTRK2,,1.0,,1.0,0.02,,0.5,,0.85,0.8,0.9,,,,,0.85,,,,0.85,,,
NTRK3,,1.0,,1.0,0.9,,,0.8,0.7,0.9,0.8,,,,0.9,,,,0.6,0.92,,,
NTS,,,0.0,,0.91,,,,,,,,0.95,,0.8,,,,0.85,,0.97,,
NTSR1,,,0.0,,0.86,,,0.1,0.8,0.9,0.85,,,,0.9,,,,0.75,,,,
NTSR2,,,,,,,,,,,,0.8,,0.7,,,,,,,,,
NUAK1,,0.9,0.1,,,,,0.5,0.6,0.8,0.7,,,,,,,,,0.8,,,
NUAK2,0.6,0.9,0.0,,,,,,,,,,,,0.75,,,,,,0.96,,
NUB1,,,0.0,,0.36,,,,0.6,,,,,,0.7,,,0.9,0.8,,,0.57,0.6
NUBP1,,,0.0,,0.5,,,,0.7,,0.8,,,,0.7,,,,0.6,,,,
NUBP2,,,0.0,,0.61,,0.4,,0.6,,0.59,,,,0.7,,,,0.54,,,,0.5
NUBPL,0.8,,0.0,,0.57,,,,0.7,,0.9,,,,0.8,,,,0.5,,,0.6,
NUCB1,,,0.0,,0.56,,,0.2,0.7,0.6,0.9,,,,0.8,,,,0.5,0.61,,,
NUCB2,,,0.0,,,,0.8,,0.7,,,,,,0.8,,,,,,,0.5,
NUCKS1,,,,0.9,,,0.8,,,,,,0.7,,0.7,0.75,0.8,,,,,,
NUDC,,,,0.91,0.14,,0.5,,0.76,,0.8,,,,0.8,0.75,,,0.5,,,0.46,
NUDCD1,,,0.0,,0.68,,,,0.7,,0.9,,,,0.75,,,,0.8,,,,
NUDCD2,,,0.0,,0.58,,,0.2,0.8,,0.9,,,,0.9,,,,0.5,,,0.6,
NUDCD3,,,0.44,,0.22,,,,0.4,,0.56,,,,0.75,0.6,,,0.72,,,,
NUDT1,,,0.0,,0.6,,,0.6,0.7,,0.9,,,,0.8,,,,0.8,0.85,,,
NUDT10,,,1.0,,1.0,,,0.6,0.8,,0.9,,,,0.5,,0.7,,0.5,,,,
NUDT11,,,0.11,,0.4,,,,0.73,,0.85,,,,0.6,0.65,,,0.5,0.88,,,
NUDT12,,,0.0,,0.89,,0.8,0.5,0.6,,0.9,,,,0.7,,0.8,,0.5,,,0.5,
NUDT13,,,0.0,,0.95,,,0.1,0.8,,,,0.88,,,,0.9,,0.5,,,0.6,
NUDT14,,,0.0,,0.88,,,,0.8,,0.9,,,,0.7,0.7,0.85,,0.5,0.63,,,
NUDT15,,,0.0,,,,0.8,,0.6,,0.7,,,,,,,,,,,0.5,
NUDT16,,,0.9,,0.4,,,0.6,0.7,,0.8,,,,0.7,,,,0.5,,,0.7,
NUDT16L1,,,0.0,,0.94,,,0.5,0.7,,0.9,,,,0.8,0.75,,,0.6,,,0.6,
NUDT17,,,0.0,,0.71,,,,0.6,,0.8,,,,,,,,0.5,,,0.5,
NUDT18,,,0.0,,0.96,,,,0.7,,,,0.8,,0.6,,0.9,,0.5,,,0.0,
NUDT19,,,0.0,,,,,,,,,,0.8,,0.6,0.65,0.9,,,0.65,,,
NUDT2,,,,,,,,,,,,,,,,,,,,,,,
NUDT21,,,,1.0,1.0,,,0.3,0.7,,0.9,,,,0.6,0.75,,,0.5,,,0.6,
NUDT22,,,0.0,,0.81,,,,0.6,,0.72,,,,0.8,,,,0.76,,,0.46,
NUDT3,,,,,,,,,,,,,,,,,,,,,,,
NUDT4,,,,,,,,,,,,,,,,,,,,,,,
NUDT5,,,0.0,,0.47,,,0.5,0.5,,0.61,,,,0.7,0.55,0.8,,0.5,,,0.54,
NUDT6,,,0.0,,0.57,,,0.6,0.7,,0.8,,,,0.8,,,,0.5,,,0.5,
NUDT7,,,0.0,,0.5,0.8,,,0.7,,0.9,,,,0.5,,0.8,,0.6,,,0.6,
NUDT8,,,0.0,,0.5,,,,0.7,,0.8,,,,0.8,,,,0.6,,,,
NUDT9,,,0.0,,0.58,,0.4,0.5,0.8,,0.6,,,,0.8,,0.7,,0.5,,,0.6,
NUF2,,,0.0,,,,0.5,0.6,,,,,0.9,,0.7,0.7,,,,,1.0,,
NUFIP1,,,0.0,,0.56,,,0.76,0.6,,0.66,,,,,,,,0.5,,,,
NUFIP2,,,,1.0,0.9,,0.5,0.6,0.6,,0.8,,,,0.7,,,,0.7,0.7,,,
NUGGC,,,0.0,,0.58,,,,0.6,,,,0.8,,,,,,0.75,,,,
NUMA1,,1.0,,1.0,0.13,,0.5,,0.75,,0.9,,,,,,,,0.6,0.65,,,0.5
NUMB,,,0.0,,0.35,,,,,,,,,,,,,,,,,,
NUMBL,,,,1.0,0.93,,0.8,,0.6,,0.7,,,,0.9,,,0.7,0.5,0.7,,,
NUP107,0.8,,0.0,,0.41,,,,0.85,,0.9,,,,0.7,,,,0.5,,0.68,,
NUP133,0.5,1.0,0.0,,,,,0.7,,,,,0.9,,0.7,,0.8,,,,,,
NUP153,,,,1.0,0.8,,,,0.85,,0.9,,,,0.8,0.78,,,0.75,0.66,,,
NUP155,,,,,,,,,,,,0.8,,,,,,,,,,,
NUP160,,,0.0,,0.3,,0.8,,0.7,,0.9,,,,0.5,,,0.9,0.5,0.6,,,
NUP188,0.75,,,0.95,0.2,,,,0.68,,,,0.67,,0.6,,,,0.85,,,,
NUP205,,,,1.0,0.16,0.9,0.5,,0.8,,0.9,,,,0.8,,,,0.7,0.7,,,
NUP210,,,0.0,,0.58,,,0.2,0.8,,0.9,,,,0.6,,,,0.7,0.93,,,
NUP210L,,,0.0,,0.28,,0.6,,0.8,,0.9,,,,0.9,,,,0.7,1.0,,,
NUP214,,,,,,,,,,,,,,,,,,,,,,,
NUP35,,,,,,,,,,,,0.8,,,,,,,,,,,
NUP37,,,0.0,,0.58,,0.7,,0.8,,0.9,,,,0.7,,,,0.5,0.8,,,
NUP43,,,0.0,,0.51,,,0.7,0.85,,0.9,,,,0.7,,,,0.5,,,,
NUP50,,,,,,,,,,,,,,,,,,,,,,,
NUP54,,,0.26,,0.24,,,0.6,0.7,,0.76,,,,0.75,,,,0.51,,,,0.65
NUP58,,,0.0,,0.0,,,0.6,0.7,,0.8,,,,0.7,0.5,0.9,,0.5,0.6,,,
NUP62,0.5,1.0,,0.95,0.0,,,0.75,0.8,,,,0.9,,0.7,,,,,,0.68,,
NUP62CL,,,0.0,,0.72,,0.9,0.75,0.8,,0.85,,,,0.7,,,,0.5,0.96,,,
NUP85,0.8,,,1.0,0.05,,,,0.85,,,,0.9,,0.8,,,,0.7,,0.68,,
NUP88,0.8,,0.0,,,,,0.6,,,,,0.9,,0.8,,,,,,0.65,,
NUP93,,,0.0,,0.38,,0.5,,0.8,,0.9,,,,0.7,,,,0.5,0.6,,,
NUP98,,,,,,,,,,,,1.0,,,,,,,,,,,
NUPR1,,,0.0,,,,0.5,0.7,0.8,,,,0.9,,,0.75,,,,0.72,,,
NUPR2,,,1.0,,1.0,,,,0.8,,,,,,,0.85,,,0.5,,,,
NUS1,,,,,,,,,,,,0.8,,0.6,,,,,,,,,
NUSAP1,,1.0,0.18,,0.26,,,0.54,0.67,,0.79,,,,0.8,,,,0.88,,,,
NUTF2,,,,0.9,0.0,,,,0.6,,0.7,,,,0.7,,,,0.5,,,,
NUTM1,,,0.0,,0.33,,,,0.6,,0.9,,,,0.5,0.6,,,0.8,1.0,,,
NUTM2B,0.4,,,,,,,,,,,,,,,,,,,,,,
NUTM2D,,,,,,,,,,,,,,,,,,,,,,,
NUTM2E,,,,,,,,,,,,,,,,,,,,,,,
NUTM2F,,,0.0,,0.0,,,,0.7,,0.9,,,,,,,,0.8,,,,
NUTM2G,,,0.0,,0.0,,,,0.6,,,,,,,,,,0.8,,,,
NVL,,,0.0,,0.7,,,,0.73,,0.76,,,,0.7,0.75,0.9,,0.85,0.64,,,
NWD1,,,0.0,,0.78,,,,0.5,,0.6,,,,,,,0.7,0.8,,,,
NWD2,,,0.0,,0.0,,,,0.6,,0.8,,,,0.9,,,0.7,0.5,,,,
NXF1,,,,0.99,0.15,,,0.65,0.7,,0.9,,,,0.8,0.78,,0.8,0.75,0.65,,,0.75
NXF2B,,,,0.68,0.13,,,0.1,0.8,,0.48,,,,,,,,0.75,,,0.0,
NXF3,,,0.9,,0.5,,,0.5,0.7,,0.8,,,,,,,,0.6,,1.0,,0.6
NXF5,,,0.0,,0.5,,,0.5,0.6,,0.8,,,,,,,0.7,0.7,0.9,,,
NXN,,1.0,,1.0,0.95,,0.7,,0.85,,0.9,,,,0.9,,,0.9,0.6,0.8,,,
NXNL1,0.9,,0.2,,,,,,,,,,0.9,,,,,,,,,,
NXNL2,,,,0.69,0.0,0.7397,,0.4,0.67,,0.88,,,,,,,,0.78,,,,
NXPE1,,,0.0,,0.8,,0.6,,0.7,,0.8,,,,0.9,,,0.9,0.7,1.0,,,
NXPE2,,,0.0,,0.83,,,,0.7,,0.9,,,,0.8,0.75,,0.85,0.8,0.99,,,
NXPE3,,,0.8,,0.6,,,,0.7,,0.9,,,,0.8,,,0.8,0.5,,,0.6,0.7
NXPE4,,,0.0,,0.5,,0.3,,0.6,,0.8,,,,0.7,,,0.8,0.7,1.0,,,
NXPH1,,,,,,,,,,,,0.8,,,,,,,,,,,
NXPH2,,,,0.93,0.0,,0.14,0.75,0.67,,0.69,,,,0.5,,,,0.66,0.96,,,
NXPH3,,,,,,,,,,,,0.8,,,,,,,,,,,
NXPH4,,,,,,,,,,,,0.9,,,,,,,,,,,
NXT1,,,,0.67,0.0,,,,0.12,,0.91,,,,0.9,0.78,,,0.14,,,,
NXT2,,,,0.83,0.0,,,0.7,0.8,,0.9,,,,0.6,,,,0.5,,,,
NYAP1,,,,1.0,0.8,,0.6,,0.6,,0.5,,,,0.7,,,,0.7,0.9,,,
NYAP2,,,0.0,,,,0.8,0.6,0.7,,,,0.9,,0.75,0.7,,,,,0.9,,
NYNRIN,,,0.0,,0.42,,0.75,,0.6,,0.7,,,,0.9,,,,0.6,0.88,,,
NYX,0.8,,0.13,,0.37,,,0.7,0.6,,0.9,,,,0.8,0.7,,,0.5,1.0,,,
OAF,,,0.0,,0.57,,0.75,,0.7,,0.85,,,,0.9,0.65,,,0.5,,,,
OARD1,,,0.0,,,,0.5,,0.7,,,,0.8,,0.7,,0.9,,0.5,,,,
OAS1,,,0.0,,,,0.8,,,,,,0.9,,,,,,,,0.97,,
OAS2,,,0.0,,0.94,,,0.5,0.8,,0.9,,,,0.8,,,,0.6,1.0,,,
OAS3,,,0.0,,,,0.8,,,,,,0.9,,0.8,0.85,,,,,0.95,,
OASL,,,0.0,,0.5,,0.8,,0.7,,0.9,,,,0.7,,,0.8,0.6,0.95,,,
OAT,0.7,0.9,0.0,,0.6,,,,0.8,,,,0.9,,0.7,,0.9,,,,,,
OAZ1,,,0.19,,0.28,,,0.4,0.8,,0.9,,,,0.7,0.65,,,0.5,,,0.7,0.6
OAZ2,,,0.32,,0.24,,,0.4,0.8,,0.73,,,,,,,,0.5,,,0.48,0.5
OAZ3,,,0.0,,0.8,,,0.7,0.8,,0.9,,,,,0.7,,,0.5,,,,
OBP2A,,,0.0,,0.97,,0.8,0.7,0.75,,0.9,,,,0.9,,0.85,,0.85,1.0,,,
OBP2B,,,0.0,,,,0.8,,,,,,0.9,,0.9,,0.85,,,,0.99,,
OBSCN,,,,,,,,,,,,,,,,,,,,,,,
OBSCN-AS1,,,0.0,,0.0,,,,0.5,,0.5,,,,,0.4,,0.7,0.5,0.9,,,
OBSL1,0.6,,0.0,,0.68,,,0.5,0.7,,,,0.8,,0.6,,0.75,,0.7,,0.92,,
OC90,,,0.0,,0.82,,,,0.7,,,,0.85,,0.9,,,,0.5,,,0.0,
OCA2,,1.0,0.0,,0.58,,0.85,,0.8,,0.9,,,,,,,,,0.88,,,
OCEL1,,,0.0,,0.62,,,,0.8,,0.9,,,,,,,,0.5,,,0.6,
OCIAD1,,,0.0,,0.66,,,,0.8,,0.76,,,,0.9,,,,0.5,,,0.49,
OCIAD2,,,0.0,,0.74,,,,0.7,,0.9,,,,0.6,,,,0.5,,,,
OCLN,0.8,,0.0,,,,,0.6,,,,,0.9,,0.7,,0.8,,,,0.9,,
OCM,,,0.0,,0.6,,,,0.7,,0.8,,,,0.8,,,0.9,0.5,0.9,,,
OCM2,,,0.8,,0.6,,,,0.6,,0.9,,,,0.9,,,0.8,0.5,,1.0,,
OCRL,,,,,,,,,,,,0.7,,0.5,,,,,,,,,
OCSTAMP,,,0.0,,0.0,,,,0.6,,0.8,,,,0.7,,,,0.5,,,,
ODAM,,,0.0,,0.5,0.7,,0.4,0.7,,0.8,,,,0.9,,,,0.6,,,,
ODAPH,0.8,,0.0,,,,,0.6,,,,,0.9,,0.9,,0.7,,,,0.8,,
ODC1,,,,,,,,,,,,,,,,,,,,,,,
ODF1,,,,0.97,0.0,,,0.7,0.5,,,,0.66,,,0.75,,,0.5,1.0,,,
ODF2,,0.8,0.0,,0.29,,,0.6,0.7,,0.9,,,,0.7,,,,0.5,1.0,,,
ODF2L,,,0.0,,0.8,,,0.4,0.6,,0.9,,,,0.5,,,,0.5,,,,
ODF4,,,0.01,,0.59,,0.1,0.4,0.67,,0.88,,,,0.8,,,,0.257,1.0,,,
ODR4,,,1.0,,1.0,,,,0.7,,0.9,,,,0.9,,,0.9,0.8,,,0.8,
OFCC1,,,0.0,,0.0,,,0.5,0.6,,0.8,,,,,,,,0.5,,,,
OFD1,,,,,,,,,,,,0.8,,0.6,,,,,,,,,
OGDH,,,,,,,,,,,,,,,,,,,,,,,
OGDHL,,,0.0,,0.49,,,,0.8,,0.9,,,,0.9,,,,0.7,0.87,,,
OGFOD1,,,0.0,,0.88,,,,0.8,,0.9,,,,0.85,,0.7,,0.5,,,0.6,
OGFOD2,,,0.0,,0.8,0.6,0.5,,0.6,,0.7,,,,0.9,0.7,,,0.5,0.7,,,
OGFOD3,,,0.0,,,,0.5,0.6,,,,,0.8,,0.9,,,,,,,0.7,
OGFR,,,0.04,,0.34,,,0.1,0.83,,0.89,,,,0.7,,,,0.68,,,0.59,
OGFRL1,,,0.0,,0.4,,,,0.9,,0.8,,,,0.75,,,,0.5,,,,
OGG1,0.5,,0.0,,0.92,,,,0.75,,0.8,,,,0.7,,,,0.7,,,0.6,
OGN,,,0.0,,0.52,,,0.6,0.8,,0.9,,,,0.8,,,,0.5,,,,
OGT,0.7,,,1.0,0.0,,,,0.8,,,,0.9,,,0.85,0.9,,0.8,,,,0.6
OIP5,,,0.0,,0.5,0.7,,0.6,0.7,,0.8,,,,,,,,0.6,1.0,,,
OIT3,,,0.0,,0.79,,0.4,,0.7,,0.8,,,,0.8,,,0.9,0.6,1.0,,,
OLA1,,,,,,,,,,,,0.8,,0.6,,,,,,,,,
OLAH,0.6,,0.0,,0.95,,,,0.8,,,,0.9,,,,,,0.5,1.0,,,
OLFM1,,,,1.0,0.8,,,0.5,0.6,,0.8,,,,0.7,0.8,0.85,,0.7,,,,0.6
OLFM2,,,0.32,,0.23,,0.1,0.75,0.6,,0.8,,,,0.7,0.65,,,0.91,0.87,,,
OLFM3,,,0.0,,0.39,0.7,,0.6,0.8,,0.9,,,,0.8,,,,0.5,0.94,,,
OLFM4,,,0.0,,0.6,,0.75,0.7,0.8,,0.9,,,,0.9,,,,0.5,,,,
OLFML1,,,0.0,,0.81,,,,0.7,,0.9,,,,0.8,,,,0.8,0.84,,,
OLFML2A,,,0.0,,0.69,,,,0.8,,0.9,,,,0.8,,,,0.5,0.85,,,
OLFML2B,,,0.0,,0.73,,0.1,0.5,0.8,,0.9,,,,0.8,0.65,,,0.75,0.88,,,
OLFML3,,,0.0,,0.78,,,0.2,0.7,,0.9,,,,0.8,,,,0.5,0.92,,,
OLIG1,,,,0.65,0.0,,,,0.7,,0.8,,,,,0.78,,,0.5,,,,
OLIG2,,1.0,0.1,,,,,,0.5,,,,0.9,,,,,,,0.89,,,
OLIG3,,1.0,,0.83,0.0,,0.6,,0.5,,0.8,,,,,0.78,,0.9,,1.0,,,
OLR1,,,,,,,,,,,,,,,,,,,,,,,
OMA1,,,0.0,,0.76,,,,0.7,,,,0.8,,,,,,0.5,,,0.57,
OMD,,,0.0,,0.65,0.73,,0.6,0.8,,0.9,,,,0.8,0.75,,,0.85,,,,
OMG,,,,,,,,,,,,0.8,,,,,,,,,,,
OMP,,,0.0,,0.5,,,0.4,0.5,,0.8,,,,0.5,,,,0.6,,,,
ONECUT1,,0.8,,0.6,0.19,,,0.2,0.8,,,,0.9,,,,,0.7,0.5,0.99,,,
ONECUT2,0.6,,,0.91,0.08,,,,0.7,,0.85,,,,,,,,0.5,,0.93,,
ONECUT3,,,0.0,,0.0,,,,0.6,,0.8,,,,,0.6,,,0.5,1.0,,,
OOEP,,,0.0,,0.93,,,,0.8,,0.9,,,,,0.8,,,0.5,1.0,,,
OOSP1,,,0.0,,0.0,,,,,,,,,,,,,,0.5,,,1.0,
OOSP2,,,0.0,,0.0,,,,0.6,,0.8,,,,0.7,,,,0.5,1.0,,,
OPA1,,1.0,,1.0,0.17,,0.5,,0.6,,0.7,,,,,,,,,,,,
OPA3,0.8,,0.49,,0.0,,,,,,,,0.9,,0.8,,,,0.89,,,,
OPALIN,,,0.0,,0.7,,,0.8,0.6,,0.95,,,,0.8,,,,0.5,,,,
OPCML,,,,,,,,,,,,0.8,,,,,,,,,,,
OPHN1,,,,1.0,0.03,,,,0.8,,0.9,,,,0.8,,,,0.7,0.63,,,
OPLAH,,,0.0,,0.58,,0.6,,0.5,,0.7,,,,0.7,,,,0.5,0.9,,,
OPN1LW,,,,,,,,,,,,0.8,,0.7,,,,,,,,,
OPN1MW,0.8,,0.7,,,,,,,,,,0.9,,0.9,,,,,,,,
OPN1MW2,,,,,,,,,,,,0.6,,0.5,,,,,,,,,
OPN1MW3,,,0.0,,0.0,,,,,,,,,,0.9,,0.8,,0.5,,,,
OPN1SW,0.9,,0.8,,,,0.5,,,,,,0.9,,0.8,0.75,,,,,0.75,,
OPN3,0.7,,0.0,,0.51,,,0.6,0.75,,0.9,,,,,,0.85,,0.8,0.93,,,
OPN4,,,,,,,,,,,,,,,,,,,,,,,
OPN5,,,,,,,,,,,,,,,,,,,,,,,
OPRD1,0.8,,0.0,,0.6,,,,0.75,0.9,0.85,,,,0.85,,,0.9,0.5,0.95,,,
OPRK1,,,0.0,,0.74,,,,0.75,0.9,0.85,,,,0.8,,,,0.5,,,,0.7
OPRL1,,,,0.5,0.19,,,0.1,0.83,0.93,0.92,,,,0.8,,,,0.74,0.91,,,0.7
OPRM1,,,0.0,,,,0.5,0.6,0.7,0.9,0.8,,,,,0.75,,,,0.99,,,
OPRPN,,,0.0,,,,,,,,,,0.6,,0.9,,,,,,,,0.5
OPTC,,,0.0,,0.5,,,,0.7,,0.9,,,,0.7,,,0.8,0.6,0.9,,,
OPTN,,,0.0,,0.9,,0.8,0.4,0.6,,0.9,,,,,,,,0.5,0.7,,,
OR10A2,,,0.0,,0.77,,,,0.9,,0.8,,,,0.8,,,,0.5,,,,
OR10A3,,,0.0,,0.4,,,,0.6,,0.7,,,,0.8,0.6,,0.9,0.5,0.95,,,
OR10A4,,,0.0,,0.5,,,0.5,0.6,,0.8,,,,0.9,,,0.8,0.7,1.0,,,
OR10A5,,,0.8,,0.55,,,,0.6,,0.7,,,,0.8,,,0.9,0.5,,,0.4,
OR10A6,,,0.0,,0.5,,,,0.7,,0.8,,,,0.5,,,0.9,0.6,,,0.2,
OR10A7,,,0.44,,0.19,,,,0.7,,,,0.75,,0.6,,,,0.63,,,,
OR10AC1,,,1.0,,1.0,,,,0.7,,,,,,,,,0.8,0.5,,,0.2,
OR10AD1,,,0.9,,0.58,,,,0.6,,0.8,,,,0.8,,0.75,0.85,0.7,0.87,,,
OR10AG1,,,0.0,,0.5,,,,0.6,,0.8,,,,0.8,0.5,,0.9,0.7,,,0.2,
OR10C1,,,,0.76,0.0,,,,0.11,,0.23,,,,0.5,,,,0.5,1.0,,,
OR10D3,,,0.0,,0.0,,,,0.5,,0.5,,,,0.6,0.4,,,0.5,,1.0,,
OR10D4P,0.0,,0.0,,0.0,,,,0.7,,,,,,,,,0.8,0.5,,,0.3,
OR10G2,,,0.0,,0.79,,,0.1,0.8,,0.9,,,,0.8,0.6,,0.7,0.5,0.99,,,
OR10G3,,,0.0,,0.76,,,,0.8,,0.9,,,,0.8,0.7,,,0.5,,1.0,,
OR10G4,,,0.0,,0.4,,,,0.7,,0.8,,,,0.7,0.6,,0.9,0.6,1.0,,,
OR10G6,,,0.0,,0.0,,,,0.6,,,,0.8,,0.7,,0.9,,0.5,,1.0,,
OR10G7,,,0.0,,0.5,,,,,,,,0.8,,0.7,,,,0.7,,,,
OR10G8,,,0.8,,0.6,,,,0.6,,0.7,,,,0.8,0.7,,0.9,0.5,,,0.4,
OR10G9,,,0.0,,0.5,,,,0.6,,0.8,,,,0.5,,,0.9,0.7,1.0,,,
OR10H1,,,0.0,,0.5,,,,0.7,,0.9,,,,0.8,0.7,,,0.6,1.0,,,
OR10H2,,,0.0,,0.83,,,,0.8,,0.9,,,,0.6,0.5,,0.7,0.5,1.0,,,
OR10H3,,,0.0,,0.2,,,0.6,0.7,,0.8,,,,0.5,,,,0.5,,,,
OR10H4,,,0.9,,0.5,,,,0.6,,0.7,,,,0.8,,,,0.6,,,,
OR10H5,,,0.3,,0.5,,,,0.7,,0.8,,,,0.7,0.6,,,0.6,,,,
OR10J1,,,0.0,,0.7,,0.3,,0.6,,0.8,,,,0.7,0.6,,0.8,0.5,1.0,,,
OR10J3,,,0.0,,,,0.2,,,,,,0.8,,,,,,0.5,,1.0,,
OR10J4,,,0.0,,0.0,,,,0.6,,,,,,,,,0.7,0.5,,,0.3,
OR10J5,,,0.03,,0.51,,,,0.9,,0.95,,,,0.8,,,,0.77,,,,
OR10J6P,,,0.0,,0.0,,,,0.6,,,,,,,,,,0.5,,,0.4,
OR10K1,,,0.3,,0.25,,,,0.8,,0.9,,,,0.5,0.6,,0.85,0.75,,,0.0,
OR10K2,,,0.0,,0.4,,,,0.7,,0.8,,,,0.7,0.5,,0.6,0.5,,,0.3,
OR10P1,,,,,,,,,,,,0.8,,0.6,,,,,,,,,
OR10Q1,,,0.0,,0.5,0.8,,,0.6,,0.7,,,,0.5,,,0.9,0.6,0.95,,,
OR10R2,,,0.0,,0.5,,,,0.6,,0.8,,,,,,,,0.7,,,,
OR10S1,,,0.0,,0.5,,,0.5,0.6,,0.8,,,,,,,,0.7,,,,
OR10T2,,,0.11,,0.39,0.02,,,0.5,,0.7,,,,0.8,0.45,,0.9,0.79,,,0.0,
OR10V1,,,0.0,,0.81,,,,0.8,,0.9,,,,0.6,0.5,,,0.5,,,0.0,
OR10W1,,,0.9,,0.7,,,,0.6,,0.7,,,,0.8,,,0.4,0.5,,,0.3,
OR10X1,,,0.0,,0.5,,,,0.8,,0.9,,,,0.7,,,,0.7,,,0.1,
OR10Z1,,,0.12,,0.38,,0.4,,0.9,,0.83,,,,0.5,0.55,,0.8,0.75,,,0.0,
OR11A1,,,0.0,,0.83,,,,0.7,,0.65,,,,0.8,,,0.9,0.5,,1.0,,
OR11G2,0.2,,0.0,,0.4,,,,0.5,,0.7,,,,,,,0.9,0.6,1.0,,,
OR11H1,,,0.0,,0.3,,,,,,,,0.8,,,,,,0.5,,,,
OR11H12,,,0.0,,0.0,,,,,,,,0.8,,0.7,0.4,,,0.5,,,,
OR11H2,,,0.0,,0.0,,,,0.6,,,,0.8,,,,,,0.5,,,,
OR11H4,,,0.0,,0.5,,,,0.7,,0.8,,,,,,,0.5,0.6,0.9,,,
OR11H6,,,0.0,,0.76,,,,0.7,,0.5,,,,0.8,,,0.9,0.5,,,,
OR11H7,,,0.0,,0.0,,,,0.6,,,,,,,,,,0.5,,,,
OR11L1,,,0.06,,0.4,,,,0.7,,0.85,,,,0.8,0.65,,0.9,0.8,0.99,,,
OR12D1,,,1.0,,1.0,,,,,,,,,,,,,0.8,0.5,,,0.2,
OR12D2,,,,0.67,0.0,,,,0.9,,0.1,,,,0.7,,,0.8,0.5,,,0.2,
OR12D3,,,0.9,,,,0.7,0.5,0.6,,,,0.8,,0.7,,,,,,0.95,,
OR13A1,,,0.0,,0.76,,,0.1,0.8,,0.5,,,,0.7,0.6,,0.9,0.5,0.92,,,
OR13C2,,,0.9,,0.7,,,,0.7,,0.6,,,,0.9,,,0.8,0.5,,,0.4,
OR13C3,,,0.0,,0.5,,,,0.5,,0.7,,,,,,,0.9,0.6,,1.0,,
OR13C4,,,0.0,,0.6,,,,0.7,,0.8,,,,,0.5,,0.9,0.5,,,0.2,
OR13C5,,,0.0,,0.0,,,0.2,0.7,,0.8,,,,0.6,0.4,,0.9,0.5,,,0.1,
OR13C6P,,,1.0,,1.0,,,,,,,,,,,,,0.8,0.5,,,0.2,
OR13C7,,,0.0,,0.0,,,,,,,,,,,,,,0.5,,,,
OR13C8,,,0.0,,0.5,,,,0.6,,0.7,,,,0.8,0.6,,0.9,0.6,1.0,,,
OR13C9,,,0.8,,0.6,,,,0.6,,0.7,,,,0.7,,,0.9,0.5,1.0,,,
OR13D1,,,0.9,,0.66,,,,0.7,,0.8,,,,,,,,0.5,,,,
OR13F1,,,0.0,,0.5,,,,0.6,,0.8,,,,0.7,0.5,,,0.7,,,0.2,
OR13G1,,,0.16,,0.47,,,,0.71,,0.82,,,,0.8,0.65,,,0.61,1.0,,,
OR13H1,,,0.0,,0.6,,,,0.6,,0.7,,,,0.8,0.5,,0.9,0.5,,,0.4,
OR13J1,,,0.0,,0.5,,,0.7,0.9,,0.8,,,,0.6,0.65,,0.8,0.6,0.7,,,
OR14A16,,,0.0,,0.0,,,,0.7,,,,0.8,,0.8,0.6,,,0.5,,1.0,,
OR14A2,,,0.0,,0.0,,,,0.6,,0.5,,,,0.5,0.4,,0.7,0.5,1.0,,,
OR14C36,,,0.0,,0.0,,,,0.7,,0.8,,,,0.6,0.5,,,0.5,1.0,,,
OR14I1,,,1.0,,1.0,,,,0.6,,0.7,,,,0.8,,,0.9,0.5,0.95,,,
OR14J1,,,0.0,,0.2,,,,0.7,,0.9,,,,0.8,0.5,,,0.5,,,,
OR14K1,,,0.0,,0.0,,,,,,0.8,,,,0.6,0.5,,0.7,0.5,1.0,,,
OR1A1,,,0.0,,0.94,,,,0.7,,0.8,,,,0.75,0.6,,,0.5,,,,
OR1A2,,,0.8,,0.5,,,0.5,0.6,,0.7,,,,0.8,0.7,,0.9,0.6,1.0,,,
OR1B1,,,0.0,,0.5,,,,0.6,,0.8,,,,0.7,,,,0.7,,,0.2,
OR1C1,,,0.06,,0.57,,,,0.55,,0.66,,,,0.85,0.65,,0.9,0.75,1.0,,,
OR1D2,,,0.0,,0.76,,,,0.9,,1.0,,,,0.9,,,,0.5,,,,
OR1D4,,,0.0,,0.0,,,,0.7,,,,,,,0.3,,0.8,0.5,,,0.2,
OR1D5,,,0.9,,0.5,0.0,,,0.7,,0.8,,,,0.8,,,0.9,0.5,,,,
OR1E1,,,0.0,,0.69,,,,0.78,,0.86,,,,,0.65,,,0.79,0.93,,,
OR1E2,,,0.0,,0.68,,,,0.8,,0.4,,,,0.6,0.5,,0.9,0.5,,,,
OR1E3,,,0.0,,0.0,,,,0.6,,,,,,,,,,0.5,,,0.4,
OR1F1,,,0.0,,0.5,,,,0.6,,0.8,,,,0.7,0.6,,0.9,0.7,,,,
OR1F2P,,,0.0,,0.0,,,,0.7,,,,,,,,,,0.5,,,0.3,
OR1G1,,,0.0,,0.99,,,,0.75,,0.8,,,,,0.65,,,0.5,,1.0,,
OR1I1,,,0.0,,0.7,,,,0.6,,0.8,,,,0.7,0.6,,0.9,0.5,,,0.4,
OR1J1,,,0.0,,0.5,,,,0.7,,0.8,,,,0.6,,,0.9,0.5,0.95,,,
OR1J2,,,0.1,,0.93,0.76,,,0.8,,0.87,,,,0.75,,,0.9,0.5,,,,
OR1J4,,,0.08,,0.46,0.27,,,0.67,,0.64,,,,0.5,0.5,,0.9,0.78,,1.0,,
OR1K1,,,0.0,,0.85,,,,0.7,,0.8,,,,0.9,0.6,,0.9,0.5,,1.0,,
OR1L1,,,0.34,,0.0,,,,0.8,,0.93,,,,0.5,0.65,,,0.72,,,0.0,
OR1L3,,,0.0,,0.5,,,,0.6,,0.8,,,,0.7,0.6,,0.9,0.7,1.0,,,
OR1L4,,,0.0,,0.5,,,,0.6,,0.8,,,,0.9,0.6,,0.8,0.7,1.0,,,
OR1L6,,,0.0,,0.5,,,,0.6,,0.8,,,,0.7,,,0.9,0.7,,,0.2,
OR1L8,,,0.09,,0.43,0.82,,,0.9,,0.67,,,,0.85,0.7,,0.95,0.77,0.77,,,
OR1M1,,,,,,,,,,,,,,,,,,,,,,,
OR1N1,,,0.0,,0.0,,,,0.7,,0.87,,,,0.8,0.6,,,0.5,0.99,,,
OR1N2,,,0.0,,0.5,0.8,,,0.5,,0.7,,,,0.8,,,0.9,0.6,1.0,,,
OR1P1,,,0.0,,0.0,,,,0.6,,,,,,,0.1,,,0.5,,,,
OR1Q1,,,0.0,,0.94,,,,0.7,,0.8,,,,0.6,0.65,,0.9,0.5,1.0,,,
OR1S1,,,0.0,,0.5,,,,0.5,,0.6,,,,,,,0.7,0.4,,,0.2,
OR1S2,,,0.0,,0.5,,,,0.5,,0.6,,,,,,,0.7,0.4,,,0.2,
OR2A12,,,0.8,,0.6,,,,0.7,,0.9,,,,0.8,0.7,,0.9,0.5,,1.0,,
OR2A14,,,0.0,,0.9,,,,0.8,,0.6,,,,0.7,0.5,,0.9,0.5,0.93,,,
OR2A2,,,0.21,,0.36,,,0.2,0.9,,0.11,,,,0.8,0.5,,,0.318,0.97,,,
OR2A25,,,0.0,,0.75,,,0.1,0.7,,0.88,,,,0.8,0.5,,0.9,0.5,0.94,,,
OR2A4,,,0.12,,0.67,,,,0.7,,0.8,,,,0.8,0.65,,,0.5,,,,
OR2A42,,,0.06,,0.58,,,,0.8,,0.9,,,,0.8,,,0.7,0.5,,,,
OR2A5,,,0.0,,0.9,,,,0.7,,0.8,,,,0.6,0.6,,0.9,0.5,1.0,,,
OR2A7,,,0.0,,0.0,,,,0.6,,0.8,,,,0.7,,0.5,0.7,0.5,0.9,,,
OR2AE1,,,0.9,,0.8,,,,0.7,,0.8,,,,0.6,,,,0.5,0.87,,,
OR2AG1,,,0.0,,0.0,,,,0.6,,0.8,,,,0.7,,,0.9,0.5,,,0.1,
OR2AG2,,,0.8,,0.6,,,,0.6,,0.7,,,,0.8,,,0.9,0.5,,,,
OR2AJ1,,,0.9,,0.5,,,,0.7,,0.6,,,,0.8,,,0.8,0.4,1.0,,,
OR2AK2,,,0.0,,0.0,,,,0.7,,,,0.8,,,,,,0.5,,,,
OR2AP1,,,0.0,,0.98,,,,0.5,,0.75,,,,0.8,0.6,,0.9,0.5,1.0,,,
OR2AT4,,,0.0,,0.73,0.78,,,0.8,,0.85,,,,0.7,,,,0.5,1.0,,,
OR2B11,,,0.0,,0.8,,,,0.8,,0.9,,,,0.8,0.6,,0.9,0.5,,1.0,,
OR2B2,,,0.9,,,,0.8,,,,,,0.7,,0.75,,,,,,0.95,,
OR2B3,,,0.9,,0.6,,,,0.7,,,,0.8,,0.8,,,,0.5,,,,
OR2B6,,,0.0,,,,0.2,,,,,,0.8,,0.7,,,,,,1.0,,
OR2C1,,,0.0,,0.93,,,,0.7,,0.8,,,,0.6,0.5,,,0.5,0.74,,,
OR2C3,,,0.9,,0.65,,,,0.5,,0.7,,,,0.6,,,0.8,0.6,1.0,,,
OR2D2,,,0.0,,0.5,,,,0.7,,0.8,,,,0.7,,,0.9,0.6,1.0,,,
OR2D3,,,0.9,,0.6,,,,0.75,,0.85,,,,0.8,0.7,,0.9,0.7,1.0,,,
OR2F1,,,0.0,,0.5,,,,0.5,,0.6,,,,0.8,,,0.8,0.4,1.0,,,
OR2F2,,,0.0,,0.94,,,,0.8,,0.9,,,,0.6,0.65,,0.7,0.5,1.0,,,
OR2G2,,,0.03,,0.54,,,,0.8,,0.68,,,,0.85,0.65,,0.9,0.75,1.0,,,
OR2G3,,,0.3,,0.5,,,,0.7,,0.9,,,,0.6,,,0.8,0.6,,1.0,,
OR2G6,,,0.0,,0.93,,,0.7,0.8,,0.9,,,,0.7,,,,0.5,,,,
OR2H1,,,,,,,,,,,,0.5,,0.5,,,,,,,,,
OR2H2,,,0.0,,0.5,,,,0.7,,0.9,,,,0.7,0.6,,0.8,0.6,0.9,,,
OR2J1,,,0.7,,0.55,,,,0.8,,,,,,0.6,,,0.9,0.5,,,,
OR2J2,,,0.8,,,,0.7,,,,,,0.9,,0.75,,,,,,1.0,,
OR2J3,,,0.9,,0.53,,0.8,,0.8,,0.9,,,,0.8,0.75,,0.9,0.5,1.0,,,
OR2K2,,,0.0,,0.75,,0.1,0.4,0.7,,0.9,,,,0.8,0.5,,0.8,0.5,0.96,,,
OR2L13,,,0.0,,0.76,,,0.6,0.8,,,,0.65,,0.7,,,,0.5,,,,
OR2L2,,,0.0,,0.0,,,,0.6,,0.7,,,,0.8,0.6,,0.8,0.5,1.0,,,
OR2L3,,,1.0,,1.0,,,,0.7,,0.8,,,,0.6,,,0.9,0.5,0.9,,,
OR2L5,,,0.0,,0.0,,,,0.6,,0.8,,,,0.7,,,,0.5,,,,
OR2L8,,,0.33,,0.0,,,,0.8,,0.85,,,,0.6,,,0.9,0.75,,,0.1,
OR2M2,,,0.0,,0.0,,,,0.6,,0.8,,,,0.7,,,0.9,0.7,,,,
OR2M3,,,1.0,,1.0,,,,0.8,,0.9,,,,0.8,,,0.9,0.8,1.0,,,
OR2M4,,,0.0,,0.78,,,,0.8,,0.9,,,,0.7,,,0.85,0.5,0.94,,,
OR2M5,,,0.0,,0.0,,,,0.6,,0.8,,,,0.7,0.4,,,0.5,,,0.0,
OR2M7,,,0.0,,,,0.5,,,,,,0.9,,0.8,,,,,,,,
OR2S2,,,0.0,,0.5,,,0.2,0.5,,0.7,,,,0.8,,,,0.6,,,0.4,
OR2T1,,,0.0,,0.5,,,,0.7,,0.9,,,,,,,,0.6,,,0.2,
OR2T10,,,0.0,,0.5,,,0.5,0.6,,,,0.8,,0.7,,0.8,,0.7,,,,
OR2T11,,,0.0,,0.2,,,,0.6,,0.8,,,,0.7,,,,0.5,,,0.1,
OR2T12,,,0.0,,,,0.5,,,,,,0.9,,0.8,,,,,,,,
OR2T2,,,0.18,,0.41,0.9,,0.1,0.8,,0.5,,,,0.8,0.65,,0.9,0.75,1.0,,,
OR2T27,,,0.0,,0.5,,,,0.6,,0.8,,,,0.7,0.5,,0.9,0.4,,1.0,,
OR2T29,,,0.2,,0.9,,,,0.6,,0.8,,,,0.7,0.5,,0.7,0.5,,,0.4,
OR2T3,,,0.0,,0.0,,,,0.7,,0.8,,,,0.8,,,,0.5,,,,
OR2T33,,,0.44,,0.0,,,,0.7,,0.1,,,,0.6,0.65,,0.9,0.8,0.97,,,
OR2T34,,,0.0,,0.0,,,,0.7,,0.6,,,,0.7,0.6,,,0.5,1.0,,,
OR2T35,,,0.49,,0.0,,,,0.8,,0.68,,,,0.8,0.6,,0.9,0.5,,1.0,,
OR2T4,0.2,,0.2,,0.3,,,,,,,,0.8,,,,,,0.75,,0.99,,
OR2T5,,,,,,,,,,,,0.8,,0.6,,,,,,,,,
OR2T6,,,0.0,,0.5,,,,0.6,,0.8,,,,0.7,0.6,,0.8,0.7,1.0,,,
OR2T7,,,0.0,,0.5,,,,0.6,,,,,,,,,0.7,0.5,,,0.4,
OR2T8,,,0.0,,0.0,,,,0.6,,0.7,,,,0.5,0.5,,0.8,0.5,0.9,,,
OR2V1,,,0.0,,0.5,,,,0.5,,0.7,,,,0.7,0.5,,0.8,0.6,0.9,,,
OR2V2,,,,,,,,,,,,,,,,,,,,,,,
OR2W1,,,0.8,,0.6,,,,0.7,,0.9,,,,0.5,,,0.9,0.5,1.0,,,
OR2W3,,,0.0,,0.95,,,,0.67,,0.84,,,,0.8,0.6,,0.9,0.5,0.99,,,
OR2W6P,,,0.0,,0.0,,,,0.6,,,,,,,,,0.7,0.5,,,0.4,
OR2Y1,,,0.0,,0.0,,,,0.7,,0.8,,,,0.9,0.6,,0.6,0.5,1.0,,,
OR2Z1,,,0.0,,0.4,,,,0.7,,0.8,,,,0.8,0.5,,0.9,0.5,,,0.3,
OR3A1,,,0.8,,0.6,,,,0.6,,0.7,,,,0.8,0.7,,0.9,0.5,1.0,,,
OR3A2,,,0.0,,0.82,,,,0.7,,0.8,,,,,,,,0.5,1.0,,,
OR3A3,,,0.0,,0.7,,,,0.6,,0.8,,,,,,,0.9,0.5,0.9,,,
OR3A4P,,,1.0,,1.0,,,,0.5,,,,,,,,,0.7,0.5,,,0.2,
OR4A15,0.1,,0.0,,0.0,,,,,,,,0.8,,,,,,0.5,,,,
OR4A16,,,0.0,,0.5,,,,0.7,,0.8,,,,0.6,,,,0.6,1.0,,,
OR4A47,,,0.0,,,,0.6,,,,,,0.9,,0.5,,,,,,,,
OR4A4P,,,1.0,,1.0,,,,0.8,,,,,,,,0.7,,0.5,,,,
OR4A5,,,0.0,,0.4,,,,0.6,,0.7,,,,0.9,,,0.8,0.5,,,0.2,
OR4A8,,,1.0,,1.0,,,,0.8,,,,,,,0.4,,,0.5,,,0.6,
OR4B1,,,0.0,,0.81,,,,0.7,,0.8,,,,0.6,0.4,,0.9,0.5,,,0.0,
OR4C11,,,0.0,,0.5,0.9,,,0.7,,0.8,,,,0.7,0.6,,0.9,0.6,1.0,,,
OR4C12,,,0.0,,0.5,,,,0.7,,0.9,,,,0.7,,,,0.6,,,0.4,
OR4C13,,,0.0,,0.4,,,,0.6,,0.8,,,,0.9,0.5,,0.7,0.5,,,0.2,
OR4C15,,,0.0,,0.5,,,,0.7,,0.8,,,,0.6,,,,0.5,,,0.2,
OR4C16,,,0.0,,0.0,,,,,,,,0.9,,0.7,,,,0.5,,,,
OR4C3,,,0.0,,0.8,,,,0.6,,0.7,,,,0.5,0.5,,0.9,0.5,1.0,,,
OR4C45,0.2,,0.0,,0.0,,,,0.8,,,,,,,,,0.6,0.5,,,0.7,
OR4C46,,,0.0,,0.2,,0.6,,0.7,,0.4,,,,0.5,,,0.8,0.5,,,0.3,
OR4C5,,,0.8,,,,0.5,,,,,,0.6,,0.7,,,,,,0.9,,
OR4C6,,,0.9,,0.4,,,,0.7,,0.8,,,,0.7,,0.9,0.8,0.5,1.0,,,
OR4D1,,,0.0,,0.84,,,,0.8,,0.9,,,,0.7,,,0.95,0.5,1.0,,,
OR4D10,,,0.0,,0.72,,,,0.7,,0.9,,,,0.8,0.6,,0.9,0.5,,1.0,,
OR4D11,,,0.0,,0.4,0.6,,,0.7,,0.8,,,,0.9,0.5,,0.9,0.5,,,0.3,
OR4D2,,,0.0,,0.78,,,,0.8,,0.9,,,,0.8,0.7,,,0.5,1.0,,,
OR4D5,,,0.0,,0.7,,,,0.7,,0.9,,,,0.9,,,0.8,0.5,1.0,,,
OR4D6,,,0.9,,,,0.6,0.5,0.7,,,,0.8,,0.7,0.7,0.8,,0.4,,1.0,,
OR4D9,,,0.0,,0.8,,,,0.7,,,,0.8,,0.6,0.5,,,0.5,,,,
OR4E1,,,0.0,,0.0,,,,0.8,,,,,,0.5,,,0.9,0.5,,,0.6,
OR4E2,,,0.9,,0.66,,,,0.7,,0.8,,,,,,0.75,,0.5,,,,
OR4F15,,,0.1,,0.43,,,,0.9,,0.58,,,,,0.65,,0.95,0.78,,,0.0,
OR4F16,0.2,,0.0,,0.0,,,,0.7,,0.8,,,,,,,0.6,0.5,1.0,,,
OR4F17,,,,,,,,,,,,0.8,,0.6,,,,,,,,,
OR4F21,,,0.0,,0.0,,,,0.7,,0.8,,,,0.5,0.4,,0.6,0.5,1.0,,,
OR4F4,,,0.5,,0.0,,,,0.7,,0.8,,,,,,,0.9,0.4,,,0.3,
OR4F5,,,0.8,,0.7,,,,0.6,,0.9,,,,,,,0.9,0.5,,,0.7,
OR4F6,,,0.0,,0.5,,,,0.6,,0.8,,,,0.8,0.6,,0.9,0.7,,1.0,,
OR4K1,,,0.0,,0.5,0.9,,,0.6,,0.8,,,,0.8,0.6,,0.9,0.7,,1.0,,
OR4K13,,,0.0,,0.5,,,,0.7,,0.8,,,,0.6,,,0.9,0.6,,,0.4,
OR4K14,,,0.0,,0.83,,,,0.7,,0.9,,,,0.5,,0.6,0.8,0.5,,,0.0,
OR4K15,,,0.8,,0.6,,,,0.6,,0.7,,,,0.8,,,0.8,0.5,,,,
OR4K17,,,0.0,,0.99,,,,0.8,,0.9,,,,0.8,0.6,,0.9,0.5,,,0.0,
OR4K2,,,0.0,,0.5,,,,0.5,,0.7,,,,0.8,0.6,,0.9,0.6,,1.0,,
OR4K3,,,1.0,,1.0,,,,0.8,,,,,,,,,0.9,0.5,,,0.5,
OR4K5,,,0.0,,0.97,,,,0.7,,0.9,,,,0.8,,,0.6,0.8,,,0.5,
OR4L1,,,0.9,,0.66,,,,0.75,,0.85,,,,0.9,,,0.8,0.7,1.0,,,
OR4M1,,,0.0,,0.69,,,,0.7,,0.8,,,,0.9,0.7,,,0.5,,,,
OR4M2,,,0.0,,0.0,,,,0.7,,0.8,,,,0.6,0.4,,,0.5,,,0.3,
OR4N2,,,0.0,,0.94,,,,0.5,,0.67,,,,0.8,0.6,,0.8,0.5,1.0,,,
OR4N4,,,0.0,,0.5,0.9,,,0.7,,,,0.8,,0.8,0.6,,,0.6,,,,
OR4N5,,,0.8,,0.6,,,,0.6,,0.7,,,,0.5,,,0.4,0.5,,,0.3,
OR4P4,,,0.8,,,,0.5,,,,,,0.9,,0.6,0.65,,,,,,,
OR4Q2,,,0.0,,0.0,,,,0.7,,,,,,,0.2,,,0.5,,,0.2,
OR4Q3,,,0.0,,0.0,,,,,,,,0.9,,,,0.6,,0.5,,,,
OR4S1,,,0.0,,,,0.8,,,,,,0.9,,0.5,,,,,,1.0,,
OR4S2,,,0.0,,0.8,,,,0.6,,0.7,,,,0.9,0.6,,0.8,0.5,,,0.4,
OR4X1,,,0.0,,0.5,,,,0.6,,0.8,,,,,0.4,,0.8,0.7,1.0,,,
OR4X2,,,0.0,,0.5,,,,0.7,,0.6,,,,0.5,,,,0.4,,,0.2,
OR51A2,,,0.0,,0.0,,,,0.7,,0.8,,,,0.6,0.4,,,0.5,,,0.0,
OR51A4,,,0.0,,0.5,,,,0.6,,0.8,,,,0.8,0.5,,0.9,0.7,,,0.2,
OR51A7,,,0.0,,0.6,,,,0.7,,0.8,,,,0.6,,,0.9,0.4,,,,
OR51B2,,,0.9,,0.76,,,,0.7,,0.8,,,,0.6,,,0.9,0.5,,,0.2,
OR51B4,,,0.0,,0.84,,,,0.7,,0.8,,,,0.7,,,0.9,0.5,,,,
OR51B5,,,0.0,,,,0.5,,,,,,0.9,,0.6,,,,,,0.9,,
OR51B6,,,0.0,,0.8,,,,0.5,,0.6,,,,0.7,,,0.8,0.7,1.0,,,
OR51D1,,,0.0,,0.71,,,,0.67,,0.72,,,,0.8,0.65,,,0.5,0.99,,,
OR51E1,,,,,,,,,,,,,,,,,,,,,,,
OR51E2,,,,,,,,,,,,,,,,,,,,,,,
OR51F1,,,0.8,,0.5,,,,0.7,,,,,,0.5,0.5,,0.9,0.6,,,0.4,
OR51F2,,,0.0,,0.5,,,,0.5,,0.7,,,,0.8,0.6,,0.9,0.6,,1.0,,
OR51G1,,,0.0,,0.72,,,,0.5,,0.79,,,,0.7,,,0.9,0.5,,,,
OR51G2,,,0.0,,0.74,,,,0.7,,0.9,,,,0.8,0.65,,0.8,0.5,,1.0,,
OR51H1,,,0.0,,0.0,,,,0.6,,,,0.7,,,,,,0.5,,,,
OR51I1,,,0.0,,0.79,,0.1,,0.7,,0.8,,,,0.8,0.6,,0.9,0.5,0.95,,,
OR51I2,,,0.96,,0.54,,,,0.85,,0.92,,,,0.8,0.65,,0.9,0.75,,1.0,,
OR51J1,,,0.0,,0.0,,,,0.4,,0.6,,,,,,,0.7,0.5,,,,
OR51L1,,,0.0,,0.77,,0.1,,0.7,,0.8,,,,0.6,0.5,,0.9,0.5,1.0,,,
OR51M1,,,0.0,,0.69,,,,0.6,,0.8,,,,0.8,0.6,,,0.5,,1.0,,
OR51Q1,,,0.0,,0.5,,,,0.6,,0.8,,,,0.7,,,0.9,0.7,0.95,,,
OR51S1,,,0.0,,0.8,,,,0.9,,0.88,,,,0.6,,,,0.5,,,,
OR51T1,,,0.0,,0.5,,,,0.7,,0.8,,,,0.8,0.6,,,0.6,,0.99,,
OR51V1,0.3,,0.0,,0.67,,,,0.9,,0.8,,,,,,,0.7,0.5,1.0,,,
OR52A1,,,0.0,,0.69,,,,0.9,,0.92,,,,0.8,,,,0.5,,,,
OR52A4P,,,1.0,,1.0,,,,0.8,,,,,,,,,0.7,0.5,,,0.2,
OR52A5,,,0.0,,0.5,,,,0.6,,0.8,,,,0.7,,,0.9,0.7,1.0,,,
OR52B2,,,0.0,,0.7,,,,0.6,,0.8,,,,0.7,0.6,,0.9,0.5,1.0,,,
OR52B4,,,0.0,,0.5,,,,0.6,,,,,,0.5,,,0.8,0.4,,1.0,,
OR52B6,,,0.0,,0.72,,,,0.8,,0.7,,,,0.8,0.6,,0.9,0.5,0.95,,,
OR52D1,,,0.0,,0.89,,,,0.73,,0.97,,,,0.6,,0.8,0.9,0.5,1.0,,,
OR52E1,,,0.0,,0.0,,,,0.6,,,,,,,0.1,,,0.5,,,,
OR52E2,,,0.1,,0.41,,,,0.8,,0.97,,,,0.75,0.7,,0.9,0.65,,1.0,,
OR52E4,,,0.0,,0.7,,,,0.6,,0.8,,,,,0.7,,0.9,0.5,1.0,,,
OR52E5,,,0.0,,0.0,,,,,,,,0.7,,0.9,0.4,,,0.5,,,,
OR52E6,,,0.2,,0.37,,,,0.8,,0.9,,,,0.8,0.6,,0.7,0.5,,1.0,,
OR52E8,,,0.32,,0.24,,,,0.8,,0.5,,,,0.7,,,0.9,0.75,1.0,,,
OR52H1,,,0.9,,0.67,,,,0.7,,0.8,,,,0.7,,,0.9,0.5,0.95,,,
OR52I1,,,0.13,,0.37,,,,0.7,,0.8,,,,0.6,0.5,,,0.5,0.96,,,
OR52I2,,,0.43,,0.19,,,,0.1,,,,0.69,,,0.55,,,0.7,,,,
OR52J3,,,0.0,,0.5,,,,0.7,,0.8,,,,0.6,,,0.9,0.6,1.0,,,
OR52K1,,,0.0,,0.8,,,,0.6,,0.7,,,,0.7,,,0.8,0.5,,,,
OR52K2,,,0.0,,0.5,,,,0.6,,0.8,,,,0.7,,,0.9,0.7,,,,
OR52L1,,,0.0,,1.0,,,,0.7,,0.8,,,,0.6,0.5,,,0.5,,1.0,,
OR52L2P,,,0.0,,0.0,,,,0.6,,,,,,,,,,0.5,,,,
OR52M1,,,0.0,,0.5,,,,,,,,0.8,,0.7,,,,0.6,,,,
OR52N1,,,0.12,,0.38,,,,0.7,,0.9,,,,0.8,0.65,,,0.8,1.0,,,
OR52N2,,,0.0,,0.7,,,,0.6,,0.4,,,,0.7,,,0.8,0.5,,,,
OR52N4,,,0.0,,0.5,,,,0.7,,0.8,,,,0.5,,,0.9,0.6,,,,
OR52N5,,,0.0,,0.5,,,0.5,0.7,,0.8,,,,0.6,,,,0.6,,1.0,,
OR52R1,,,0.0,,0.5,,,,0.6,,0.7,,,,0.4,,,0.8,0.5,,,0.2,
OR52W1,,,0.0,,0.89,,,0.1,0.8,,0.9,,,,0.8,0.6,,0.7,0.5,0.94,,,
OR56A1,,,0.0,,0.89,,,,0.8,,0.9,,,,,,,0.6,0.5,1.0,,,
OR56A3,,,0.0,,0.6,,,,0.5,,0.7,,,,0.9,0.6,,0.8,0.5,,1.0,,
OR56A4,,,0.9,,0.57,,,,0.7,,0.8,,,,0.8,,,0.8,0.5,1.0,,,
OR56A5,,,0.0,,0.0,,,,0.8,,,,,,0.9,0.5,0.6,0.7,0.5,,,,
OR56B1,,,0.0,,0.5,,,,0.6,,0.8,,,,0.8,0.6,,0.9,0.7,0.95,,,
OR56B4,,,0.0,,0.4,,,0.2,0.7,,0.8,,,,0.6,0.5,,0.9,0.5,0.87,,,
OR5A1,,,0.0,,0.95,,,,0.7,,0.8,,,,0.7,0.65,,0.9,0.5,,1.0,,
OR5A2,,,0.0,,0.0,,,,0.7,,0.9,,,,0.7,,,0.8,0.5,1.0,,,
OR5AC1,,,0.0,,0.0,,,,0.6,,,,,,,0.3,,,0.5,,,,
OR5AC2,,,0.9,,0.7,,,,0.7,,0.8,,,,0.6,,,0.9,0.5,1.0,,,
OR5AK2,,,0.0,,0.87,,,,0.9,,0.8,,,,0.6,,,0.9,0.5,1.0,,,
OR5AK3P,,,0.0,,0.0,,,,0.6,,,,,,,,,,0.5,,,,
OR5AL1,,,1.0,,1.0,,,,0.7,,,,,,,,,0.8,0.5,,,0.3,
OR5AN1,,,0.0,,0.5,,,,0.7,,0.9,,,,0.8,0.6,,0.8,0.6,,,,
OR5AP2,,,0.0,,,,0.5,,,,,,0.9,,0.6,0.5,,,,,1.0,,
OR5AR1,,,0.0,,,,0.5,,0.8,,,,0.9,,0.6,,,,,,,,
OR5AS1,,,0.0,,0.97,0.86,,,0.8,,0.78,,,,0.7,0.5,,0.9,0.5,,,0.0,
OR5AU1,,,0.0,,0.5,,,,0.5,,0.7,,,,0.6,,,0.9,0.6,,,,
OR5B12,,,0.8,,,,0.5,0.6,0.7,,,,0.9,,0.8,,,,,,0.95,,
OR5B17,,,0.5,,0.0,0.9,,,0.7,,0.8,,,,0.6,,,0.5,0.6,,,0.4,
OR5B2,,,0.08,,0.48,,,,0.8,,0.1,,,,0.7,0.65,,0.9,0.77,0.94,,,
OR5B21,,,0.0,,0.4,,,,0.7,,,,0.8,,0.7,,,,0.5,,,,
OR5B3,,,0.0,,0.5,,,,0.7,,0.9,,,,0.6,0.5,,0.85,0.8,,,0.2,
OR5C1,,,0.0,,0.95,,,0.6,0.7,,0.9,,,,0.8,0.6,,,0.5,,,,
OR5D13,,,1.0,,1.0,,,,0.8,,0.9,,,,0.7,,,,0.5,,,,
OR5D14,,,0.0,,0.5,,,,0.6,,0.8,,,,0.7,0.5,,0.9,0.7,,,0.4,
OR5D16,,,1.0,,1.0,,,,0.6,,0.8,,,,0.7,0.5,,0.9,0.5,,,0.3,
OR5D18,,,0.0,,0.95,,,,0.8,,0.1,,,,0.6,,,0.7,0.5,1.0,,,
OR5F1,,,0.0,,0.5,0.9,,0.5,0.6,,0.8,,,,0.7,,,0.9,0.7,,,0.2,
OR5G3,,,0.0,,0.0,,,,0.6,,,,,,,,,0.7,0.5,,,0.4,
OR5H1,,,0.0,,0.5,,,,0.6,,0.8,,,,0.7,0.6,,0.9,0.7,1.0,,,
OR5H14,,,0.0,,0.5,,,,0.7,,,,,,0.6,,,,0.5,,,,
OR5H15,,,0.0,,0.8,,,,0.5,,0.7,,,,0.8,0.6,,0.9,0.6,,,0.4,
OR5H2,,,0.0,,0.5,,,,0.6,,0.8,,,,0.4,,,0.5,0.7,1.0,,,
OR5H6,,,0.0,,0.5,,,,0.6,,0.8,,,,0.4,,,0.5,0.7,,,,
OR5H8,,,0.0,,0.0,,,,,,,,,,,,,,0.5,,,,
OR5I1,,,0.0,,0.4,,,,0.7,,0.8,,,,0.5,,,0.6,0.5,,,0.3,
OR5J2,,,0.0,,0.87,,0.1,,0.6,,0.7,,,,0.8,0.4,,0.5,0.5,1.0,,,
OR5K1,,,0.0,,0.5,,,,0.6,,0.8,,,,0.7,,,0.5,0.7,1.0,,,
OR5K2,,,0.0,,0.5,,,,0.9,,0.8,,,,0.8,0.6,,0.9,0.6,,,,
OR5K3,,,0.0,,0.5,,,,0.6,,0.8,,,,0.7,0.6,,0.9,0.7,,1.0,,
OR5K4,,,0.0,,0.3,,,,0.7,,0.8,,,,0.6,0.5,,0.9,0.5,1.0,,,
OR5L1,,,0.0,,0.0,,,,0.7,,0.8,,,,0.5,,,,0.5,,,,
OR5L2,,,0.0,,0.5,,,,0.5,,0.7,,,,0.4,,,,0.6,,,,
OR5M1,,,0.0,,0.96,,,,0.7,,0.8,,,,0.6,,,0.9,0.5,,,0.0,
OR5M10,,,0.9,,0.6,,,,0.6,,0.7,,,,0.7,0.65,,0.8,0.5,,,0.4,
OR5M11,,,0.0,,0.5,,,,0.6,,0.8,,,,0.8,0.6,,0.9,0.7,1.0,,,
OR5M3,,,0.0,,0.5,,,,0.6,,0.7,,,,0.8,0.5,,0.9,0.6,,,0.4,
OR5M8,,,0.8,,0.5,,,,0.5,,0.7,,,,0.6,,,0.9,0.6,1.0,,,
OR5M9,,,0.0,,0.73,,,,0.7,,0.9,,,,0.8,0.5,,0.8,0.5,,,0.0,
OR5P2,,,0.0,,0.73,,,,0.5,,0.76,,,,0.5,,,0.8,0.5,1.0,,,
OR5P3,,,0.1,,0.41,,,,0.8,,0.95,,,,0.75,,,,0.85,,,,
OR5T1,,,1.0,,1.0,,,,0.7,,0.8,,,,0.6,0.5,,0.9,0.5,,,0.3,
OR5T2,,,0.0,,0.5,,,,0.7,,0.8,,,,,,,,0.6,,,,
OR5T3,,,0.0,,0.96,,,,0.7,,0.8,,,,,,,0.9,0.5,,,0.0,
OR5V1,,,0.9,,,,0.7,,,,,,0.8,,0.75,0.75,,,,,1.0,,
OR5W2,,,0.0,,0.9,,,,0.7,,0.8,,,,0.5,,,,0.5,,,0.0,
OR6A2,,,0.13,,0.36,,,0.05,0.1,,0.32,,,,0.5,0.55,,0.8,0.65,1.0,,,
OR6B1,,,0.0,,0.5,0.3,,0.4,0.7,,0.8,,,,0.6,0.4,,,0.6,1.0,,,
OR6B2,,,0.8,,0.6,,,,0.6,,0.7,,,,0.8,0.7,,0.9,0.5,1.0,,,
OR6B3,,,0.0,,0.5,,,,0.5,,0.7,,,,0.8,0.6,,0.9,0.6,1.0,,,
OR6C1,,,,0.51,0.16,,,,0.9,,,,0.8,,0.7,0.65,,,0.75,,,,
OR6C2,,,0.09,,0.45,,,,0.7,,0.56,,,,0.8,,,,0.78,1.0,,,
OR6C3,,,0.0,,0.77,,,,0.7,,0.9,,,,0.6,0.5,,0.8,0.5,,,0.2,
OR6C4,,,0.0,,0.2,,,,0.7,,0.9,,,,0.6,0.4,,0.8,0.5,,,0.0,
OR6C6,,,0.02,,0.57,,,,0.8,,0.87,,,,,0.65,,0.9,0.75,,,0.1,
OR6C65,,,0.0,,0.4,,,,0.7,,0.6,,,,0.9,,,,0.5,,,0.2,
OR6C68,,,0.9,,0.4,,,,0.6,,0.7,,,,0.5,,,0.8,0.5,,,0.3,
OR6C70,,,0.0,,0.5,,,,0.5,,0.7,,,,0.8,0.6,,,0.6,,,0.3,
OR6C74,,,0.0,,0.76,,,,0.7,,0.8,,,,0.8,0.65,,0.9,0.5,1.0,,,
OR6C75,,,0.8,,0.6,,,,0.6,,0.7,,,,0.5,0.5,,,0.4,,,0.3,
OR6C76,,,0.0,,0.86,,,,0.7,,0.6,,,,0.8,,,,0.5,,,0.2,
OR6F1,,,0.0,,0.4,,,,0.7,,0.6,,,,0.8,,0.5,0.9,0.5,,1.0,,
OR6J1,,,0.06,,0.58,,,,0.7,,0.6,,,,0.8,0.4,,,0.5,,1.0,,
OR6K2,,,0.0,,0.7,,,,0.6,,0.9,,,,0.7,,,0.9,0.5,1.0,,,
OR6K3,,,0.8,,0.9,,,,0.8,,0.9,,,,0.7,,,0.9,0.6,0.95,,,
OR6K6,,,0.0,,0.78,,,,0.8,,0.68,,,,,,,0.9,0.5,,1.0,,
OR6M1,,,0.0,,0.5,,,,0.6,,0.8,,,,0.7,0.6,,0.9,0.7,1.0,,,
OR6N1,,,0.0,,0.98,,,,0.7,,0.8,,,,0.6,0.4,,0.9,0.5,,,,
OR6N2,,,0.0,,0.66,,,,0.8,,0.9,,,,0.8,0.5,,0.7,0.5,,,0.1,
OR6P1,,,0.0,,0.0,,,,0.7,,,,0.8,,0.5,,,,0.5,,,,
OR6Q1,,,,,,,,,,,,0.8,,,,,,,,,,,
OR6S1,,,0.8,,0.55,,,,0.5,,0.7,,,,0.8,0.7,,0.9,0.6,0.99,,,
OR6T1,,,0.0,,0.68,,,,0.6,,0.8,,,,0.7,0.5,,0.9,0.5,1.0,,,
OR6V1,,,0.0,,0.5,,,,0.6,,0.8,,,,0.7,,,0.9,0.7,,,,
OR6X1,,,0.0,,0.76,,,,0.7,,0.8,,,,0.6,0.5,,0.9,0.5,1.0,,,
OR6Y1,,,0.0,,0.76,,,,0.9,,,,0.6,,0.8,0.5,,,0.5,,,0.0,
OR7A10,,,0.8,,0.6,,,,0.6,,0.7,,,,0.7,,,0.9,0.5,,,0.4,
OR7A17,,,0.32,,0.0,0.9034,,,0.8,,0.95,,,,0.8,0.65,,,0.5,,,0.0,
OR7A2P,,,0.0,,0.0,,,,0.6,,,,,,,,,0.7,0.5,,,0.4,
OR7A5,,,0.0,,0.0,,,0.5,0.6,,0.8,,,,0.7,0.6,,0.9,0.7,1.0,,,
OR7C1,,,0.0,,0.0,,,0.2,0.6,,0.7,,,,0.5,0.4,,0.9,0.8,1.0,,,
OR7C2,,,0.06,,0.13,,,,0.9,,0.32,,,,0.5,0.45,,0.8,0.64,,,0.0,
OR7D2,,,,,,,,,,,,0.8,,,,,,,,,,,
OR7D4,,,0.8,,0.4,,,,0.5,,0.6,,,,0.8,,,0.9,0.5,1.0,,,
OR7E24,,,1.0,,1.0,,,,0.7,,0.8,,,,0.7,,,0.9,0.5,,,,
OR7G1,,,1.0,,1.0,,,,0.7,,0.9,,,,0.6,0.5,,0.8,0.5,,,0.2,
OR7G2,,,1.0,,1.0,,,,0.7,,0.8,,,,0.8,,,0.9,0.5,,,0.0,
OR7G3,,,0.0,,0.0,,,,0.9,,0.1,,,,0.7,0.5,,0.8,0.5,1.0,,,
OR8A1,,,0.9,,0.67,,,,0.5,,0.7,,,,0.6,,,0.8,0.6,,1.0,,
OR8B12,,,,,,,,,,,,1.0,,0.8,,,,,,,,,
OR8B2,,,0.8,,0.4,0.7,,,0.6,,0.9,,,,,0.6,,0.9,0.5,,,0.2,
OR8B3,,,0.9,,0.7,,,,0.8,,0.7,,,,0.8,,,0.9,0.6,,,0.5,
OR8B4,,,0.7,,0.5,,,,0.7,,0.9,,,,0.5,,,0.8,0.6,,,0.4,
OR8B8,,,0.8,,0.66,,,,0.85,,0.9,,,,0.8,,,0.9,0.5,,,0.4,
OR8D1,,,1.0,,1.0,,,,0.8,,,,0.9,,0.8,,0.6,0.7,0.5,,,,
OR8D2,,,0.21,,0.35,,,,0.8,,0.9,,,,0.7,,,,0.77,,,,
OR8D4,,,0.12,,0.38,,,,0.7,,0.66,,,,0.85,0.7,,0.9,0.75,1.0,,,
OR8G1,,,0.0,,0.77,,,,0.6,,0.8,,,,0.5,,,,0.5,1.0,,,
OR8G2P,,,0.0,,0.0,,,,0.7,,,,,,,,,0.6,0.5,,,0.4,
OR8G5,,,0.8,,0.6,,,,0.7,,0.9,,,,,,,0.9,0.5,1.0,,,
OR8H1,,,0.0,,0.67,,,,0.8,,0.9,,,,0.5,0.4,,,0.5,,,0.0,
OR8H2,,,0.0,,0.5,0.9,,,0.6,,0.8,,,,0.7,0.5,,0.9,0.7,,,0.2,
OR8H3,,,0.9,,,,,,,,,,0.8,,0.6,0.65,,,,,,,
OR8I2,,,0.0,,0.5,,,,0.6,,0.8,,,,0.7,0.5,,0.9,0.7,,,0.2,
OR8J1,,,0.0,,0.7,,,,0.6,,0.8,,,,0.8,0.5,,0.9,0.5,,,0.2,
OR8J2,,,0.0,,0.0,,,,0.6,,,,,,,0.3,,0.7,0.5,,,0.2,
OR8J3,,,0.2,,0.4,,,,0.7,,0.8,,,,0.6,,,0.9,0.5,,,0.3,
OR8K1,,,0.0,,0.4,,,,0.7,,0.8,,,,0.5,0.5,,,0.6,,,0.2,
OR8K3,,,0.0,,0.3,,,,0.6,,0.8,,,,0.4,,,,0.5,,,0.2,
OR8K5,,,0.0,,0.7,,,,0.6,,0.8,,,,0.7,0.5,,0.9,0.5,1.0,,,
OR8S1,0.1,,0.0,,0.5,,,,0.6,,0.8,,,,,,,0.7,0.7,,,0.2,
OR8U1,,,0.0,,0.6,,,,0.7,,0.8,,,,0.6,,,0.8,0.5,1.0,,,
OR8U8,,,1.0,,1.0,,,,0.8,,,,,,,,,,0.5,,,,
OR8U9,,,0.0,,0.0,,,,0.6,,,,,,,,,,0.5,,,,
OR9A1P,,,1.0,,1.0,,,,0.8,,,,,,,,,,0.5,,,,
OR9A2,,,0.0,,0.78,,,,0.8,,0.9,,,,0.7,0.65,,0.7,0.5,0.99,,,
OR9A4,,,0.0,,0.4,,,,,,,,0.8,,0.7,0.5,,,0.5,,0.9,,
OR9G1,,,0.0,,0.93,,,,0.7,,0.8,,,,0.8,0.6,,0.9,0.5,1.0,,,
OR9G4,,,0.0,,0.5,,,,0.7,,0.8,,,,,,,,0.6,,,,
OR9G9,,,0.0,,0.0,,,,0.7,,,,,,,,,,0.5,,,,
OR9I1,,,0.39,,0.21,0.72,,,0.8,,0.9,,,,0.8,0.7,,0.95,0.85,,,,
OR9K2,,,0.0,,,,0.5,,,,,,0.8,,,,,,,,1.0,,
OR9Q1,,,0.0,,0.82,,,,0.8,,,,,,0.6,,,,0.5,,,,
OR9Q2,,,0.0,,0.5,0.7,,,0.6,,0.8,,,,0.8,0.6,,0.9,0.6,,1.0,,
ORAI1,0.8,1.0,0.0,,0.5,,,0.8,0.7,,,,0.9,,,,,,,,,0.5,
ORAI2,,,,,,,,,,,,0.9,,,,,,,,,,,
ORAI3,,,,,,,,,,,,0.8,,,,,,,,,,,
ORC1,0.5,,0.0,,0.63,,,,0.85,,0.9,,,,0.6,,0.7,0.8,0.75,1.0,,,
ORC2,,,,0.8,0.19,,,,0.93,,0.84,,,,0.7,0.75,,,0.577,0.65,,,0.5
ORC3,,,0.0,,0.5,,,,0.75,,0.9,,,,0.6,,,,0.7,,,0.52,0.7
ORC4,,,,,,,,,,,,,,,,,,,,,,,
ORC5,,,0.0,,0.54,,,,0.7,,0.85,,,,0.9,,,0.9,0.5,,,0.6,
ORC6,0.8,,0.0,,0.82,,,0.6,0.7,,,,0.9,,0.7,,,,0.5,,1.0,,
ORM1,,,0.0,,,,0.8,0.6,0.7,,,,0.9,,0.8,0.7,,,,1.0,,,
ORM2,,,0.0,,,,0.8,,,,,,0.9,,0.9,0.75,,,,,1.0,,
ORMDL1,,,,,,,,,,,,,,,,,,,,,,,
ORMDL2,,,0.21,,0.29,0.42,,,0.9,,0.64,,,,0.8,,,,0.5,0.66,,,
ORMDL3,,,,,,,,,,,,0.8,,0.5,,,,,,,,,
OS9,,,,,,,,,,,,0.9,,,,,,,,,,,
OSBP,,,,,,,,,,,,,,,,,,,,,,,
OSBP2,,,,,,,,,,,,0.9,,0.7,,,,,,,,,
OSBPL10,,,0.0,,0.46,,,,0.8,,0.9,,,,0.6,,0.8,,0.5,0.77,,,
OSBPL11,,,,0.94,0.17,,,,0.8,,0.85,,,,0.9,,,,0.75,,,0.52,
OSBPL1A,,,0.0,,0.38,,,,0.8,,0.9,,,,0.8,,0.85,,0.5,0.66,,,
OSBPL2,,,,,,,,,,,,0.8,,0.7,,,,,,,,,
OSBPL3,,,,,,,,,,,,1.0,,0.7,,,,,,,,,
OSBPL5,,,0.0,,0.36,,,0.5,0.7,,0.9,,,,0.6,,,0.7,0.6,0.73,,,
OSBPL6,,,,,,,,,,,,0.9,,,,,,,,,,,
OSBPL7,,,0.0,,0.3,,0.6,,0.7,,0.9,,,,0.6,,,,0.7,,,,
OSBPL8,,,,,,,,,,,,0.9,,0.75,,,,,,,,,
OSBPL9,,,,0.9,0.7,,,,0.7,,0.8,,,,0.8,,,0.8,0.6,,,,
OSCAR,,,0.0,,0.79,,,,0.7,,0.8,,,,0.8,0.75,,0.9,0.5,1.0,,,
OSCP1,,,,,,,,,,,,0.9,,,,,,,,,,,
OSER1,,,0.8,,,,0.6,0.5,,,,,0.9,,0.9,0.75,,,,,,,
OSGEP,0.8,,0.0,,0.69,,,0.6,0.7,,0.9,,,,0.5,,0.75,,0.5,0.69,,,
OSGEPL1,,,0.0,,0.57,,0.2,,0.7,,0.8,,,,0.9,,,,0.5,,,0.6,
OSGIN1,,,0.0,,0.91,0.52,,0.4,0.7,,0.8,,,,0.6,,,,0.5,0.92,,,
OSGIN2,,,,0.56,0.21,,,,0.7,0.8,0.63,,,,0.8,,,,0.51,,,0.55,
OSM,,,,0.6,0.0,,,0.5,0.21,,0.433,,,,1.0,,,,0.252,1.0,,,
OSMR,,,,,,,,,,,,0.8,,,,,,,,,,,
OSR1,,1.0,,0.87,0.0,,0.8,,0.7,,0.9,,,,0.75,,,0.8,0.5,0.93,,,
OSR2,,1.0,0.14,,0.3,,,,0.9,,0.85,,,,0.8,,,0.8,0.75,,0.99,,
OST4,,,1.0,,1.0,,,,0.6,,0.8,,,,0.8,,,,0.2,,,,
OSTC,,,0.98,,0.54,,,,0.75,,0.85,,,,0.8,0.75,0.9,,0.65,,,,
OSTF1,,,0.04,,0.33,0.67,,0.5,0.6,,0.8,,,,0.8,,,,0.5,0.68,,,
OSTM1,,,,,,,,,,,,0.8,,0.7,,,,,,,,,
OSTN,,,0.0,,0.96,,,,0.8,,0.9,,,,,,,,0.5,0.96,,,
OTC,0.8,1.0,,0.89,0.13,,,0.6,0.7,,,,0.9,,0.8,,,,,1.0,,,
OTOA,0.9,,0.0,,0.49,,,,0.6,,,,0.7,,0.8,,,,0.6,,,,
OTOF,0.8,,0.0,,,,,,,,,,0.9,,0.75,0.75,,,,,0.99,,
OTOG,1.0,,0.0,,,,,,0.8,,,,,,0.7,,,,,,1.0,,
OTOGL,0.8,,0.0,,,,,,,,,,0.9,,0.6,,,,,,0.94,,
OTOL1,,,0.0,,0.5,,0.4,,0.6,,0.8,,,,0.7,,0.85,,0.6,0.99,,,
OTOP1,,,0.0,,0.5,,,,0.5,,0.7,,,,0.9,,,,0.6,0.9,,,
OTOP2,,,0.0,,,,0.5,,,,,,0.8,,0.7,,0.9,,,,1.0,,
OTOP3,,,0.0,,0.8,,,,0.7,,0.9,,,,0.8,,,0.8,0.8,,,,
OTOR,0.6,,0.0,,0.72,,,,0.8,,0.9,,,,0.8,,,0.7,0.5,0.95,,,
OTOS,,,0.0,,0.7,0.6,0.5,,0.6,,0.8,,,,0.7,,,,0.2,1.0,,,
OTP,,1.0,,0.94,0.0,,,,0.7,,0.9,,,,,,,0.9,0.8,1.0,,,
OTUB1,,,,0.9,0.8,,,,0.8,,,,0.9,,,,,,0.5,,,0.6,
OTUB2,,,0.0,,0.6,0.7,,,0.9,,0.8,,,,0.7,,,,0.5,0.95,,,
OTUD1,0.6,,0.0,,0.0,,,,0.7,,0.8,,,,0.8,,,,0.5,0.64,,,
OTUD3,,,0.0,,0.57,,0.6,0.7,0.8,,0.7,,,,0.9,,,0.9,0.8,0.66,,,
OTUD4,,,,1.0,0.89,,0.8,,0.6,,0.75,,,,0.8,0.82,,,0.7,,,,0.7
OTUD5,0.8,,,1.0,0.0,0.85,,,0.75,,0.9,,,,0.8,,,,0.7,,,0.6,0.7
OTUD6A,,,0.29,,0.0,0.68,,,0.4,,,,0.95,,,0.65,,,0.72,,,,
OTUD6B,0.8,,0.0,,0.76,,,0.5,0.6,,0.9,,,,0.7,,,,0.5,,,0.5,
OTUD7A,,,,0.95,0.8,,,,0.75,,0.9,,,,0.7,,,,0.6,0.85,,,
OTUD7B,,,0.9,,,,0.8,0.5,0.6,,,,0.7,,0.6,0.75,0.9,,,,,0.8,
OTULIN,0.8,,0.0,,,,,0.6,,,,,0.9,,,,0.9,,,,0.7,,
OTX1,,,,0.87,0.09,,,,0.8,,,,0.9,,0.8,,,,0.5,,0.99,,
OTX2,0.8,1.0,,0.94,0.08,,,,0.7,,,,0.9,,,,,,,,1.0,,
OVCA2,,,0.0,,0.7,,,0.5,0.6,,0.8,,,,0.7,,,,0.5,,,0.9,
OVCH1,,,1.0,,0.99,,,,0.7,,0.9,,,,0.75,,,,0.8,,,,
OVCH2,,,0.0,,0.4,0.0,,,0.6,,,,,,,,0.7,,0.5,,,,
OVGP1,,,0.0,,0.42,,,0.6,0.7,,,,0.9,,0.8,,,,0.8,0.65,,,
OVOL1,,1.0,,0.87,0.09,,0.6,0.2,0.9,,0.7,,,,,0.75,,0.8,,0.96,,,
OVOL2,,,,0.7,0.12,,,,,,,,,,,,,,,,,,
OVOL3,,,0.0,,0.0,,,,0.6,,,,,,,,,0.7,0.5,1.0,,,
OVOS2,,,0.0,,0.0,,,,0.6,,,,,,,0.3,,0.7,0.5,,,0.4,
OXA1L,,,,,,,,,,,,1.0,,0.7,,,,,,,,,
OXCT1,,1.0,0.0,,0.32,,,0.5,0.7,,0.9,,,,0.7,,,,,,,0.6,
OXCT2,,,1.0,,1.0,,,0.6,0.7,,0.9,,,,,,,,0.8,,,,
OXER1,,,,,,,,,,,,,,,,,,,,,,,
OXGR1,,,0.0,,0.85,,,,0.6,0.5,0.7,,,,0.7,,,0.9,0.5,0.85,,,
OXLD1,,,0.21,,0.35,,,0.8,0.78,,0.86,,,,0.75,0.65,,,0.98,,,0.49,
OXNAD1,,,,,,,,,,,,0.9,,,,,,,,,,,
OXR1,0.8,,,0.87,0.19,,,,0.75,,,,0.9,,0.8,,,,0.87,,,0.59,
OXSM,,,0.0,,0.69,,,,0.8,,0.9,,,,0.7,,,,0.5,,,0.57,
OXSR1,,1.0,,0.94,0.17,,,,0.6,0.5,0.7,,,,,,,0.8,,,,,
OXT,,,,0.72,0.0,,,0.6,0.8,,0.9,,,,,0.85,,,0.5,1.0,,,
OXTR,,,0.0,,0.54,,0.1,,0.7,0.9,0.8,,,,0.8,,,0.85,0.75,0.93,,,
P2RX1,,,0.0,,0.8,,,0.75,0.85,0.9,0.8,,,,,0.75,,,0.5,1.0,,,
P2RX2,0.8,,0.0,,,,,,,,,,0.9,,0.8,,0.9,,,,,,
P2RX3,,,0.0,,0.59,,0.4,,0.7,0.5,0.8,,,,0.7,,,,0.75,1.0,,,
P2RX4,,,0.0,,0.87,,,0.6,0.8,,0.9,,,,0.9,,,,0.7,0.72,,,
P2RX5,,,0.0,,0.87,0.83,,0.7,0.8,,0.9,,,,0.8,,0.6,,0.75,,,,
P2RX6,,,0.0,,0.75,,,0.6,0.7,,0.9,,,,0.8,,,,0.5,,,,0.5
P2RX7,,,0.0,,0.65,0.99,,,0.75,0.9,0.85,,,,0.8,,,,0.8,0.77,,,
P2RY1,,,,0.54,0.19,,,0.43,0.93,0.93,0.95,,,,0.8,,,,0.73,0.87,,,
P2RY10,,,,,,,,,,,,1.0,,0.7,,,,,,,,,
P2RY11,,,0.01,,0.91,0.72,0.5,,0.8,0.85,0.9,,,,0.7,,0.8,0.9,0.75,,,0.6,
P2RY12,0.8,,0.0,,,,,0.7,0.75,0.9,0.85,,,,0.9,,0.9,,,0.88,,,
P2RY13,,,0.0,,0.78,0.68,,,0.8,0.85,0.9,,,,0.8,,,0.9,0.5,1.0,,,
P2RY14,,,0.0,,0.56,,,0.1,0.87,0.87,0.93,,,,0.75,0.65,0.8,,0.5,0.83,,,
P2RY2,,,0.1,,0.35,,0.6,,0.7,0.8,0.9,,,,0.8,,0.85,,0.5,0.93,,,
P2RY4,,,,,,,,,,,,1.0,,0.7,,,,,,,,,
P2RY6,,,0.0,,0.7,0.6,,,0.85,0.9,0.8,,,,0.9,,,,0.5,1.0,,,
P2RY8,,,,,,,,,,,,0.8,,0.6,,,,,,,,,
P3H1,0.8,,0.0,,,,,0.6,,,,,0.9,,0.7,,0.85,,,,0.75,,
P3H2,0.8,,0.0,,,,,,,,,,0.9,,0.75,,0.85,,,,0.93,,0.6
P3H3,,,1.0,,,,,,,,,,0.9,,0.8,0.75,,,,,0.7,,
P3H4,,,0.0,,0.0,,,,,,,,0.9,,0.7,,,,0.5,,,,
P4HA1,,,,,,,,,,,,0.8,,0.6,,,,,,,,,
P4HA2,,,,,,,,,,,,0.8,,0.6,,,,,,,,,
P4HA3,,,0.0,,0.65,,,0.75,0.6,,0.9,,,,0.8,,,,0.7,,,,
P4HB,,,,,,,,,,,,0.8,,0.6,,,,,,,,,
P4HTM,0.8,,0.0,,0.67,,,,0.7,0.6,0.9,,,,0.7,,0.8,,0.5,0.65,,,
PA2G4,,,,,,,,,,,,0.7,,0.5,,,,,,,,,
PAAF1,,,0.0,,0.81,,,,0.8,,0.8,,,,0.9,,,,0.5,,,0.6,0.7
PABPC1,,,,,,,,,,,,,,,,,,,,,,,
PABPC1L,,,0.0,,0.37,,0.1,,0.7,,0.8,,,,0.6,,,,0.5,0.8,,,
PABPC1L2B,,,0.0,,0.0,,,,0.7,,0.8,,,,0.6,,,,0.5,,,,
PABPC3,,,0.0,,0.5,,,,0.8,,0.9,,,,0.5,,,,0.7,1.0,,,
PABPC4,,,,1.0,0.09,,0.6,,0.5,,0.7,,,,0.8,,,0.9,0.8,0.66,,,
PABPC4L,,,0.0,,0.54,,,,0.8,,0.9,,,,0.7,,,,0.5,,,,
PABPC5,,,,0.9,0.0,,,,0.7,,0.85,,,,0.9,,0.8,,0.5,0.78,,,
PABPN1,0.8,,0.43,,0.21,,,,0.7,,,,0.9,,0.6,0.65,,,0.5,,,,
PABPN1L,,,0.0,,0.6,,,,0.5,,0.7,,,,0.7,,,0.8,0.8,0.97,,,
PACRG,,,0.0,,0.78,,,0.2,0.8,,0.9,,,,0.75,,,,0.5,,,,
PACRGL,,,0.0,,0.5,,,,0.6,,0.8,,,,0.9,0.65,,0.7,0.5,0.76,,,
PACS1,,,,,,,,,,,,0.9,,,,,,,,,,,
PACS2,0.8,,,1.0,0.09,,,,0.6,,,,0.9,,0.7,0.8,0.9,,0.75,0.65,,,
PACSIN1,,,,,,,,,,,,0.8,,0.6,,,,,,,,,
PACSIN2,,,0.45,,0.22,,0.6,0.5,0.7,,0.9,,,,0.8,,,0.8,0.49,0.6,,,
PACSIN3,,,0.9,,0.34,,,0.4,0.5,,0.7,,,,0.6,,,,0.6,0.77,,,
PADI1,,,0.0,,0.83,0.75,,0.1,0.8,0.2,0.9,,,,0.5,,,,0.5,1.0,,,
PADI2,,,0.0,,0.58,,,,0.8,,0.9,,,,0.8,0.75,,,0.5,0.96,,,
PADI3,0.5,,0.0,,0.63,,,0.4,0.5,,0.7,,,,,0.65,,,0.8,,1.0,,
PADI4,,,,,,,,,,,,,,,,,,,,,,,
PADI6,0.6,,1.0,,1.0,,,,0.7,,,,0.9,,0.5,0.7,,,0.8,,,0.2,
PAEP,,,0.0,,0.5,,,,0.8,,0.9,,,,0.8,0.75,,,0.5,1.0,,,0.7
PAF1,,,0.0,,0.41,,,0.6,0.7,,0.9,,,,0.8,,,,0.5,,,0.5,
PAFAH1B1,,1.0,,1.0,0.0,,0.7,0.4,0.5,,0.6,,,,,,0.8,,0.5,,,0.6,
PAFAH1B2,,,,0.94,0.08,,0.1,,0.75,,0.95,,,,0.8,0.76,0.85,,0.57,,,0.53,
PAFAH1B3,0.7,,0.0,,0.49,0.68,,0.4,0.8,,0.9,,,,0.6,,,,0.5,0.76,,,
PAFAH2,,,0.0,,0.73,,,0.5,0.7,,0.9,,,,0.8,0.65,,,0.8,,,0.6,
PAG1,,,0.8,,0.6,,,0.4,0.7,,0.9,,,,0.6,0.7,,,0.5,,,,
PAGE1,,,,0.75,0.0,,,0.7,0.8,,0.9,,,,,0.85,,,0.5,1.0,,,
PAGE2,,,0.06,,0.58,0.7745,,,0.4,,1.0,,,,0.8,,,,0.11,,,,
PAGE2B,,,0.0,,0.5,,0.6,0.4,0.5,,0.7,,,,0.8,0.5,,,0.2,1.0,,,
PAGE3,,,0.2,,0.6,,,,0.7,,0.8,,,,,,,,0.5,,,,0.6
PAGE4,,,,0.7,0.0,,,0.5,0.7,,0.9,,,,,0.85,,,0.1,1.0,,,
PAGE5,,,0.2,,0.5,,,,0.7,,0.9,,,,0.9,,,,0.6,,,,0.7
PAGR1,,,,0.75,0.11,,,,0.8,,,,0.9,,0.9,0.75,,,0.5,,,0.0,
PAH,,,0.0,,0.5,,0.8,,0.5,0.7,0.6,,,,0.8,,,,0.6,1.0,,,
PAICS,,,,,,,,,,,,,,,,,,,,,,,
PAIP1,,,,1.0,0.04,,,0.5,0.6,,0.7,,,,0.7,0.75,,,0.8,,,,0.6
PAIP2,,,,0.55,0.15,,,,0.75,,0.93,,,,0.8,,,,0.63,,,0.5,
PAIP2B,,,0.8,,0.5,,,,0.6,,0.7,,,,0.8,0.7,,,0.4,,,,
PAK1,0.6,,0.0,,0.34,,,,0.75,0.9,0.85,,,,,,,,0.7,0.87,,,
PAK1IP1,,,0.33,,0.23,0.64,,,0.9,,0.62,,,,0.9,,,,0.78,,,,
PAK2,,,,,,,,,,,,,,,,,,,,,,,
PAK3,,,,0.95,0.8,,,,0.75,0.8,0.85,,,,0.8,,,,,,,,
PAK4,,0.9,0.0,,0.49,,,0.7,0.85,0.8,0.9,,,,0.8,,,0.8,0.5,,,,
PAK5,,,0.0,,,,,0.6,0.7,0.8,0.9,,,,0.8,,,,,0.97,,,
PAK6,,,0.0,,0.45,,,0.5,0.76,0.6,0.8,,,,,,,0.9,0.68,0.87,,,
PALB2,0.8,,0.0,,0.79,,,0.5,0.7,,,,0.9,,0.8,0.75,,,0.6,0.64,,,
PALD1,,,0.0,,0.63,,0.1,0.5,0.6,,0.8,,,,0.9,,,,0.85,,,,
PALLD,,1.0,0.0,,0.35,,0.8,,0.6,,0.7,,,,0.7,0.75,,,0.5,,,,
PALM,,,,,,,,,,,,0.8,,,,,,,,,,,
PALM3,,,0.0,,0.0,0.0,,,0.6,,0.8,,,,0.7,0.6,,,0.5,,,,
PALMD,,,0.0,,0.42,,0.75,,0.8,,0.9,,,,0.6,,,,0.5,0.91,,,
PAM,,,,,,,,,,,,0.8,,0.6,,,,,,,,,
PAM16,0.8,,0.25,,0.27,,,,0.8,,,,0.9,,0.6,,,,0.5,,,0.6,
PAMR1,,,0.0,,0.5,,,,0.7,,0.8,,,,0.8,,,,0.6,,0.9,,
PAN2,,,,0.94,0.19,,0.5,0.2,0.8,,0.9,,,,0.6,,,,0.75,0.72,,,
PAN3,,,,1.0,0.95,0.85,0.9,0.5,0.75,,0.8,,,,,,,,0.7,,,,
PANK1,,,0.01,,0.33,,,,0.85,,0.95,,,,0.6,,,,0.75,0.88,,,
PANK2,0.8,,0.0,,0.61,,,0.6,0.7,,,,0.9,,0.8,,0.9,,0.5,,,0.6,
PANK3,,,0.0,,0.53,,,0.2,0.7,,0.8,,,,0.8,,,,0.5,,,0.6,
PANK4,,,,0.9,0.15,,,,0.75,,0.8,,,,0.7,,,,0.7,,,0.6,
PANO1,,,1.0,,1.0,,,,0.6,,,,,,,,,,0.8,,,0.9,
PANX1,,,0.0,,,,0.8,,0.6,0.6,0.5,,,,0.9,0.7,0.8,,,0.7,,,
PANX2,,,0.0,,0.74,,,,0.6,,0.8,,,,0.7,0.65,,,0.5,0.93,,,
PANX3,,,0.0,,0.66,,,,0.6,0.5,0.7,,,,0.7,0.65,,,0.5,,,,
PAOX,,,0.0,,0.85,,0.5,,0.8,,0.9,,,,0.75,,,,0.6,1.0,,,
PAPLN,,,0.0,,,,0.5,0.7,0.8,,,,0.9,,0.7,,,,0.6,,,,
PAPOLA,,,,1.0,0.93,,,0.1,0.8,,0.9,,,,0.7,,,,0.7,,,0.5,
PAPOLB,,,0.0,,0.43,,,,0.7,,0.8,,,,0.6,,,,0.5,1.0,,,
PAPOLG,,,,1.0,0.89,0.9,0.5,0.5,0.6,,0.7,,,,0.8,,,,0.8,0.6,,,
PAPPA,,,,,,,,,,,,0.8,,,,,,,,,,,
PAPPA-AS1,,,0.0,,0.0,,,,0.6,,,,,,,,,,0.5,,,0.4,
PAPPA2,,,0.0,,0.35,0.8,0.6,,0.75,,0.9,,,,0.9,,,0.85,0.7,0.93,,,
PAPSS1,,,0.0,,0.49,,,0.6,0.85,,0.9,,,,0.7,0.75,,,0.7,,,,
PAPSS2,0.6,,0.0,,0.65,,,0.5,0.8,,,,0.9,,0.7,,,,0.7,,,,
PAQR3,,,0.0,,0.56,,,,0.9,,0.8,,,,0.8,0.75,,,0.5,0.6,,,
PAQR4,,,0.0,,0.5,,,,0.8,,0.7,,,,0.8,0.7,,,0.6,0.9,,,
PAQR5,,,0.04,,0.33,,0.1,0.1,0.7,,0.64,,,,0.8,0.65,,,0.66,0.95,,,
PAQR6,,,0.0,,0.88,,,,0.8,,0.82,,,,0.9,,,,0.5,0.97,,,
PAQR7,,,0.0,,0.67,,,,0.8,,0.9,,,,0.85,,,,0.5,,,,
PAQR8,,,0.16,,0.29,0.77,0.1,,0.9,,0.94,,,,0.9,,,,0.71,0.86,,,
PAQR9,,,,,,,,,,,,0.8,,0.6,,,,,,,,,
PARD3,,,,,,,,,,,,0.85,,,,,,,,,,,
PARD3B,,,0.0,,,,0.8,,,,,,0.9,,,,,,,,,,
PARD6A,,,0.0,,0.57,,,0.4,0.6,,0.8,,,,0.5,,,,0.5,,,,
PARD6B,,,,0.93,0.0,,,0.6,0.8,,1.0,,,,0.8,0.75,,,0.75,,,,
PARD6G,,,0.09,,0.35,,,0.1,0.15,,0.78,,,,0.5,0.65,,,0.76,,,,
PARG,,,0.0,,0.0,,,,0.85,,0.9,,,,0.8,,0.9,,0.8,,,0.7,
PARK7,,,,0.78,0.11,,0.8,,0.75,,0.85,,,,,0.8,,,0.95,,,0.7,
PARL,,,0.0,,,,0.7,0.6,0.8,,,,0.9,,0.7,,0.8,,,,,0.5,
PARM1,,,0.0,,0.61,,,,0.6,,0.54,,,,,0.65,,,0.31,0.84,,,
PARN,,,0.0,,0.32,0.8,0.5,,0.8,,0.9,,,,0.7,,0.9,,0.5,,,0.6,0.6
PARP1,,1.0,0.0,,0.31,,0.5,0.6,0.85,0.9,0.8,,,,,,,,,,,,
PARP10,,,0.0,,0.51,,,,0.73,,,,0.67,,0.9,0.75,,,0.85,0.69,,,
PARP11,,,0.0,,0.79,0.75,0.8,0.6,0.7,,0.9,,,,,,,,0.5,0.65,,,
PARP14,,,,,,,,,,,,,,,,,,,,,,,
PARP15,,,0.0,,0.64,,,,0.7,,0.9,,,,0.6,,,,0.8,1.0,,,
PARP16,,,0.0,,0.96,,,0.7,0.8,,0.9,,,,,0.7,,,0.5,,,,
PARP2,,,0.0,,0.71,,,,0.7,0.9,0.8,,,,,,,,0.5,,,0.6,0.5
PARP3,,,0.0,,0.87,,,0.5,0.7,0.6,0.9,,,,,,,,0.8,,,0.5,
PARP4,,,0.0,,0.68,,,,0.75,,0.9,,,,0.8,,,0.7,0.8,0.69,,,
PARP6,,,,1.0,0.93,,0.5,,0.9,,0.8,,,,0.8,,,,0.7,,,0.6,
PARP8,,,,,,,,,,,,,,,,,,,,,,,
PARP9,,,0.0,,0.56,,,,0.8,,0.72,,,,,,,,0.85,0.7,,,
PARPBP,,,0.0,,0.96,,,,0.6,,0.9,,,,0.7,,,,0.5,0.97,,,
PARS2,0.8,,0.0,,,,,,,,,,0.7,,0.5,,0.9,,0.4,,0.6,,
PARVA,,,,,,,,,,,,,,,,,,,,,,,
PARVB,,,0.0,,,,,0.4,0.8,,0.7,,,,0.9,,,,0.5,0.85,,,
PARVG,,,0.0,,0.54,,,0.6,0.7,,0.85,,,,0.8,0.65,,,0.5,,,,
PASD1,,,,0.95,0.15,,,,0.6,,0.187,,,,0.8,,,,0.773,1.0,,,
PASK,,,0.0,,0.73,,,,0.6,0.5,0.9,,,,0.75,,,0.85,0.8,0.87,,,
PATE1,,,0.0,,0.7,0.8,,0.7,0.6,,0.9,,,,0.8,,,,0.5,,,,
PATE2,,,0.0,,0.88,,,0.4,0.5,,,,,,0.7,0.5,,,0.11,,,,
PATE3,,,0.0,,0.0,,,,0.6,,0.8,,,,0.8,,,0.7,0.5,,,,
PATE4,,,1.0,,1.0,1.0,,,0.6,,0.8,,,,0.8,,,,0.5,1.0,,,
PATJ,,,0.0,,0.0,,,,0.7,,0.9,,,,0.8,,,,0.8,0.87,,,
PATL1,,,,0.9,0.7,,,0.5,0.85,,0.75,,,,0.6,,,,0.6,0.7,,,
PATL2,0.5,,0.0,,0.71,,,,0.7,,,,0.9,,0.6,,,,0.8,0.96,,,
PATZ1,,0.85,,0.95,0.9,,0.7,,0.65,,0.75,,,,0.75,,,,0.6,,,0.7,
PAWR,,,0.2,,,,,,,,,,0.9,,0.75,,,,,,0.7,,
PAX1,,,,0.7,0.16,,0.9,,0.7,,0.85,,,,0.6,,,,0.5,0.97,,,
PAX2,,1.0,,0.72,0.19,,0.9,,0.6,,0.7,,,,,,,,0.5,1.0,,,
PAX3,,1.0,0.23,,0.24,,0.8,0.2,0.7,,0.9,,,,,,,0.9,,0.92,,,
PAX4,0.8,1.0,0.0,,,,,0.5,,,,,0.9,,,,,,,,0.99,,
PAX5,,,,,,,,,,,,,,0.7,,,,,,,,,
PAX6,,1.0,,1.0,0.04,,0.5,,0.6,,0.8,,,,,,,,0.5,1.0,,,
PAX7,,1.0,0.14,,0.27,,0.8,,0.7,,0.9,,,,,,,0.9,,,0.96,,
PAX8,,1.0,,1.0,0.04,0.9,0.7,,0.5,,0.6,,,,,,,0.9,,1.0,,,
PAX9,,1.0,0.3,,0.24,,0.83,,0.75,,0.9,,,,0.7,,,,0.5,1.0,,,
PAXBP1,,,,,,,,,,,,,,0.6,,,,,,,,,
PAXIP1,,1.0,,1.0,0.97,,,0.1,0.87,,,,0.79,,0.5,0.85,,,0.8,0.87,,,
PAXX,,,0.0,,,,,,,,,,0.9,,,,,,,,,,
PBDC1,,,,0.5,0.17,,,0.5,0.67,,0.83,,,,0.8,,,,0.75,,,,
PBK,,,0.0,,,,,0.6,0.7,,,,0.9,,,,0.8,,,,1.0,,0.5
PBLD,,,0.0,,,,0.5,0.4,,,,,0.8,,0.7,,,,,,,,
PBOV1,,,0.0,,,,,,,,,,0.7,,,,,,,,0.8,,
PBRM1,,1.0,,1.0,0.94,,0.9,,0.6,0.5,0.8,,,,0.7,,,,0.7,,,,
PBX1,,1.0,,1.0,0.08,,0.5,0.6,0.8,,0.9,,,,,,,0.7,,0.85,,,
PBX2,,,,0.99,0.05,0.84,0.4,,0.5,,0.7,,,,0.7,,,0.9,0.86,0.66,,,
PBX3,,1.0,0.38,,0.23,,,,0.67,,0.73,,,,0.5,,,,0.87,0.8,,,
PBX4,,,0.0,,0.59,,0.8,0.6,0.7,,0.9,,,,0.8,,0.4,0.9,0.5,0.99,,,
PBXIP1,,,0.0,,0.64,,,0.85,0.7,,0.9,,,,0.9,,,,0.8,,,,
PC,0.8,,0.01,,0.28,,,,0.75,,,,0.95,,0.9,0.75,,,0.59,,0.76,,
PCBD1,,,0.0,,,,0.5,0.7,0.6,,0.8,,,,0.8,,,,,,,0.5,
PCBD2,,,0.8,,0.6,,,0.5,0.6,,0.9,,,,0.7,,,,0.5,,,0.7,
PCBP1,,,,0.92,0.0,,,0.5,0.67,,0.87,,,,0.8,,,,0.71,,,0.5,
PCBP2,,,,,,,,,,,,,,,,,,,,,,,
PCBP3,,,,0.87,0.17,,0.6,,0.9,,0.76,,,,0.7,,0.8,,0.75,0.97,,,
PCBP4,,,0.0,,0.4,,,0.4,0.7,,0.8,,,,0.7,,,,0.5,0.94,,,
PCCA,,,,,,,,,,,,,,,,,,,,,,,
PCCB,,,,,,,,,,,,,,,,,,,,,,,
PCDH1,,,,1.0,0.9,,,,0.8,,0.9,,,,0.8,,,0.9,0.7,0.8,,,0.7
PCDH10,,,,,,,,,,,,0.8,,,,,,,,,,,
PCDH11X,,,,,,,,,,,,0.8,,,,,,,,,,,
PCDH11Y,,,0.0,,0.85,,,,0.8,,0.9,,,,0.8,,,0.6,0.7,,,,0.7
PCDH12,,,0.0,,0.7,,0.6,0.7,0.7,,0.9,,,,0.8,,,,0.8,,,,
PCDH15,,,,,,,,,,,,0.8,,0.6,,,,,,,,,
PCDH17,,,,0.91,0.17,,0.6,,0.7,,0.8,,,,0.75,,,0.9,0.85,0.94,,,
PCDH18,,,0.16,,0.25,,0.1,,0.7,,0.8,,,,0.8,,,0.8,0.9,0.93,,,
PCDH19,,,,,,,,,,,,0.9,,,,,,,,,,,
PCDH20,,,,0.96,0.13,,0.1,0.72,0.6,,0.54,,,,0.5,,,0.8,0.75,,,0.0,
PCDH7,,,,,,,,,,,,0.8,,,,,,,,,,,
PCDH8,,,,,,,,,,,,0.8,,,,,,,,,,,
PCDH9,,,,0.8,0.19,,0.4,0.6,0.7,,0.55,,,,0.7,,0.8,0.9,0.75,0.87,,,
PCDHA1,,,0.0,,0.6,,0.4,,0.5,,0.87,,,,0.6,,,0.8,0.95,0.91,,,
PCDHA10,,,0.0,,0.88,,,0.75,0.7,,0.9,,,,0.6,,,,0.8,,,,
PCDHA11,,,0.0,,0.84,0.91,,0.5,0.7,,0.64,,,,0.75,,,,0.8,,,,
PCDHA12,,,0.0,,0.85,,,0.7,0.6,,0.9,,,,0.7,,,,0.8,,,,0.5
PCDHA13,,,0.0,,0.85,,,,0.7,,0.6,,,,0.8,,0.9,,0.7,0.97,,,
PCDHA2,,,0.0,,0.5,,,,0.7,,0.8,,,,0.8,,,,0.7,,0.95,,0.4
PCDHA3,,,0.0,,0.94,,,0.75,0.6,,0.9,,,,0.8,,,,0.7,0.85,,,
PCDHA4,,,0.0,,0.5,,,0.7,0.6,,,,0.8,,0.7,,,,0.7,,0.9,,0.4
PCDHA5,,,0.0,,0.59,,,,0.6,,0.9,,,,0.7,,,,0.5,,,,0.4
PCDHA6,,,0.0,,0.76,,,,0.6,,0.9,,,,0.8,,,,0.5,0.93,,,
PCDHA7,,,0.0,,0.67,,,,0.7,,0.9,,,,0.8,,,,0.8,0.93,,,0.5
PCDHA8,,,0.0,,0.99,,,0.7,0.6,,0.75,,,,0.8,,,,0.8,0.97,,,0.5
PCDHA9,,,0.0,,0.6,,,0.4,0.5,,0.8,,,,0.7,,,0.8,0.7,0.99,,,
PCDHAC1,,,0.0,,0.72,,,0.5,0.6,,0.76,,,,0.7,,,,0.8,0.89,,,
PCDHAC2,,,,0.93,0.16,,,0.7,0.5,,0.67,,,,0.75,,,0.8,0.75,,,,0.6
PCDHB1,,,0.0,,0.85,,,0.75,0.8,,0.9,,,,0.7,0.75,0.6,,0.7,,0.99,,
PCDHB10,,,,,,,,,,,,0.8,,0.6,,,,,,,,,
PCDHB11,,,0.0,,0.5,,,0.7,0.6,,0.8,,,,0.7,0.65,0.6,,0.7,,,,
PCDHB12,,,0.0,,0.82,,,,0.6,,0.88,,,,0.5,,0.7,,0.795,,,,
PCDHB13,,,0.0,,0.5,,,,0.6,,0.9,,,,0.8,,0.7,,0.8,0.72,,,
PCDHB14,,,0.0,,0.5,,,,0.7,,0.9,,,,0.8,,0.7,,0.8,0.66,,,
PCDHB15,,,0.0,,0.89,,,,0.8,,0.9,,,,0.6,,0.7,,0.8,,,,
PCDHB16,,,0.0,,0.79,,,0.68,0.7,,0.64,,,,0.5,,0.6,,0.8,,,0.0,
PCDHB18P,,,0.0,,0.0,,,,0.7,,,,,,,,,0.8,0.5,,,0.4,
PCDHB2,,,0.0,,0.7,,,,0.6,,0.7,,,,0.5,,0.75,,0.8,,,,
PCDHB3,,,0.0,,0.74,,,0.7,0.5,,0.89,,,,0.8,,0.6,,0.5,,,,
PCDHB4,,,0.0,,0.92,,,,0.8,,0.5,,,,0.6,,0.7,0.9,0.75,0.68,,,
PCDHB5,,,0.0,,0.71,,,0.6,0.5,,0.9,,,,0.8,,0.7,,0.8,,,,
PCDHB6,,,0.0,,0.9,,,,0.8,,0.64,,,,0.5,,,0.9,0.794,,,,
PCDHB7,,,0.0,,0.5,,,0.7,0.6,,0.7,,,,0.7,,0.5,,0.8,,,,
PCDHB8,,,0.0,,0.62,,,,0.5,,0.6,,,,0.9,,0.8,,0.7,,,,
PCDHB9,,,0.0,,0.0,,,,0.4,,0.2,,,,0.8,,0.6,,0.5,0.79,,,
PCDHGA1,,,0.0,,0.56,,,,0.7,,0.9,,,,0.7,0.65,,,0.8,0.81,,,
PCDHGA10,,,0.0,,0.51,,,,0.7,,0.9,,,,0.75,0.65,,,0.8,0.64,,,
PCDHGA11,,,0.0,,0.61,,,,0.6,,0.8,,,,0.7,,,,0.8,0.92,,,0.5
PCDHGA12,,,0.0,,0.5,,,,0.6,,0.85,,,,0.9,,,,0.7,,,,
PCDHGA2,,,0.0,,0.92,,,,0.6,,0.9,,,,0.7,,,,0.5,,,,
PCDHGA3,,,,,,,,,,,,0.8,,,,,,,,,,,
PCDHGA4,,,0.0,,0.81,,,,0.6,,,,,,0.8,0.7,,,0.8,,,,0.7
PCDHGA5,,,0.0,,0.63,,,0.75,0.6,,0.9,,,,0.7,0.7,,0.85,0.7,,,,
PCDHGA6,,,0.0,,0.86,,,0.7,0.6,,0.8,,,,0.7,,,0.9,0.5,,,,
PCDHGA7,,,0.0,,0.83,,,0.8,0.75,,0.85,,,,0.9,,,,0.7,0.76,,,
PCDHGA8,,,0.0,,0.98,,,,0.5,,0.96,,,,0.8,0.75,,,0.9,0.77,,,
PCDHGA9,,,0.0,,0.53,,,,0.6,,0.8,,,,0.8,,,,0.5,,,,
PCDHGB1,,,0.0,,0.43,,,0.75,0.6,,0.9,,,,0.8,,,,0.7,,,,
PCDHGB2,,,0.0,,0.84,,,0.75,0.8,,0.9,,,,0.7,,,,0.7,,,,0.6
PCDHGB3,,,0.0,,0.55,,,,0.6,,0.8,,,,0.8,0.65,,,0.7,0.75,,,
PCDHGB4,,,0.0,,0.62,,,0.75,0.6,,0.9,,,,0.8,,,,0.7,0.86,,,
PCDHGB5,,,0.0,,0.0,,,,0.6,,0.8,,,,0.7,,,,0.5,,,0.4,
PCDHGB6,,,0.0,,0.51,,,,0.6,,0.8,,,,0.75,,,0.9,0.7,,,,
PCDHGB7,,,0.0,,0.45,,,,0.6,,0.8,,,,0.75,0.65,,,0.7,0.64,,,
PCDHGC3,,,0.11,,0.26,,,0.8,0.7,,0.9,,,,0.75,,,,0.85,,,,0.6
PCDHGC4,,,,0.98,0.14,,,,0.5,,0.87,,,,0.8,0.83,,0.9,0.75,0.99,,,
PCDHGC5,,,0.0,,0.48,,,0.6,0.5,,0.8,,,,0.8,,,0.9,0.6,,,,0.7
PCED1A,,,0.06,,0.31,,,,0.5,,0.73,,,,,,,,0.454,,,,0.6
PCED1B,,,0.0,,0.0,,,0.2,0.7,,0.9,,,,,,,,0.6,,,,
PCF11,,,,1.0,0.0,,,,0.75,,0.8,,,,0.9,,,,0.7,,,,
PCGF1,,,,1.0,0.0,,,,0.7,,0.9,,,,0.7,,,,0.8,,,0.6,
PCGF2,0.8,1.0,,0.85,0.13,,,0.7,0.65,,,,0.9,,0.7,,,,,,,0.5,
PCGF3,,,,1.0,0.0,,0.7,,0.5,,0.6,,,,0.6,,,0.9,0.8,0.7,,,
PCGF5,,,,0.98,0.09,,,0.67,0.78,,,,0.93,,0.8,,,,0.64,,,0.52,
PCGF6,,,0.0,,0.53,,,0.75,0.6,,0.8,,,,0.8,,,,0.7,,,0.59,0.5
PCID2,,1.0,0.0,,0.77,,0.6,,0.8,,0.9,,,,0.7,,,,,0.66,,,
PCIF1,,,,1.0,0.8,,0.8,,0.7,,0.6,,,,0.7,0.75,0.9,,0.7,0.6,,,
PCK1,0.8,1.0,0.0,,0.89,,,,0.85,,,,0.9,,0.7,0.75,,,,,,,
PCK2,,,0.0,,0.5,,,0.6,0.7,,0.8,,,,0.8,,,,0.6,0.95,,,0.5
PCLAF,,,0.0,,0.0,,,,0.7,,0.8,,,,0.6,,,,0.5,,,,
PCLO,,,,,,,,,,,,,,,,,,,,,,,
PCM1,,,1.0,,0.42,,,0.5,0.7,,0.9,,,,0.6,,,,0.6,0.65,,,
PCMT1,,,,0.8,0.14,,,0.7,0.8,,0.9,,,,0.85,,,,0.5,,,,0.6
PCMTD1,,,0.28,,0.24,,0.4,,0.6,,0.86,,,,0.75,0.68,,0.8,0.71,0.63,,,
PCMTD2,,,0.9,,0.4,0.6,,,0.7,,0.8,,,,0.9,,,0.8,0.5,0.6,,,
PCNA,,,,0.98,0.0,,,,,,,,,,,,,,,,,,
PCNP,,,,0.71,0.12,,,,0.75,,0.95,,,,0.6,,,,0.89,,,0.53,
PCNT,0.9,,0.0,,0.69,,,,0.75,,0.85,,,,0.7,0.75,,,0.8,0.69,,,
PCNX1,,,0.0,,0.0,,,,0.6,,0.9,,,,0.85,,,,0.5,,,,
PCNX2,,,0.0,,,,,,,,,,0.7,,0.6,,,,0.5,,,,
PCNX3,,,0.0,,0.0,,,,0.6,,0.7,,,,0.8,,,,0.8,,,,
PCNX4,,,,,,,,,,,,0.9,,0.5,,,,,,,,,
PCOLCE,,,0.0,,0.51,,0.2,,0.8,,0.9,,,,0.7,,,,0.5,0.91,,,
PCOLCE2,,,0.0,,0.82,,0.8,0.1,0.75,,0.9,,,,,,,,0.415,0.91,,,
PCOTH,,,0.0,,0.0,,,,0.6,,,,,,,0.7,,,0.5,,,,
PCP2,,,0.0,,,,,0.3,0.8,,,,0.9,,,,,,,,0.99,,0.6
PCP4,,,0.0,,0.87,,,0.2,0.7,,0.8,,,,,,,,0.1,0.97,,,
PCP4L1,,,,,,,,,,,,,,,,,,,,,,,
PCSK1,,1.0,0.0,,0.51,,0.9,0.5,0.6,0.5,0.7,,,,,,,,,0.96,,,
PCSK1N,,,,,,,,,,,,0.8,,0.6,,,,,,,,,
PCSK2,,,,,,,,,,,,0.8,,0.5,,,,,,,,,
PCSK4,,,0.0,,0.68,,,,0.6,0.1,0.9,,,,0.7,,,,0.75,,,,
PCSK5,,1.0,0.0,,0.38,,0.8,,0.7,0.6,0.9,,,,0.7,,0.9,0.8,0.5,0.81,,,
PCSK6,,,,,,,,,,,,,,,,,,,,,,,
PCSK7,,,0.0,,,,0.8,,0.5,0.6,0.7,,,,0.7,,,,,,,,
PCSK9,,,,,,,,,,,,0.8,,0.9,,,,,,,,,
PCTP,,,0.0,,0.5,,,0.2,0.7,,0.8,,,,0.6,,,,0.5,0.7,,,
PCYOX1,,,0.0,,1.0,,,,0.7,,0.9,,,,0.8,0.7,,,0.6,0.63,,,
PCYOX1L,,,0.0,,0.89,,,,0.67,,0.66,,,,0.5,0.65,,,0.5,,,0.6,
PCYT1A,0.7,1.0,0.0,,0.5,,,,0.8,,,,0.9,,0.7,,,,,,,0.6,
PCYT1B,,,,0.9,0.09,,,,0.7,,0.6,,,,0.7,,,,0.7,,,,
PCYT2,,1.0,0.0,,0.36,,,0.3,0.7,,0.9,,,,0.6,,,,,,,,
PDAP1,,,0.8,,0.35,,,0.3,0.7,,0.9,,,,0.9,,,0.6,0.5,,,0.7,
PDC,0.6,,0.0,,0.82,,,,0.5,,0.78,,,,,,,,0.5,0.89,,,
PDCD1,,,0.44,,0.21,,,0.7,0.75,0.9,0.85,,,,,,,,,0.96,,,
PDCD10,,,,,,,,,,,,0.8,,0.6,,,,,,,,,
PDCD11,,,0.0,,,,0.8,,,,,,0.7,,0.5,,,,,,0.7,,
PDCD1LG2,,,0.0,,0.75,,0.4,0.5,0.6,0.5,0.8,,,,0.8,,,,0.5,,,,
PDCD2,,1.0,0.0,,0.77,,,0.75,0.67,,0.68,,,,0.9,0.75,,,0.68,,,0.48,
PDCD2L,,,0.0,,0.68,,,0.5,0.6,,0.8,,,,0.8,,,,0.5,,,0.59,
PDCD4,,,0.1,,,,,,,,,,,,0.5,,,,,,0.8,,
PDCD5,,,0.0,,0.56,,0.6,,0.5,,0.7,,,,0.8,0.7,,,0.5,,,0.7,
PDCD6,0.4,,0.9,,,,,,,,,,0.9,,,,,,,,,,
PDCD6IP,,,,0.74,0.21,,0.4,,0.85,,0.8,,,,,,,,0.87,0.63,,,
PDCD7,,,0.0,,0.66,,,,0.8,,0.9,,,,0.75,,,,0.5,,,0.6,
PDCL,,,,,,,,,,,,,,,,,,,,,,,
PDCL2,,,0.9,,0.6,,,,0.7,,0.8,,,,0.6,,,,0.5,,1.0,,
PDCL3,,,0.0,,0.76,,,,0.8,,0.9,,,,0.8,,,,0.5,,,0.49,
PDE10A,,,,1.0,0.93,,0.8,,0.6,0.6,0.7,,,,0.7,,,,0.8,,,,
PDE11A,,,0.0,,,,0.8,,0.5,0.7,0.6,,,,0.75,0.7,,,,0.9,,,
PDE12,,,0.8,,0.6,0.7,,,0.8,,,,0.9,,0.75,,,,0.5,,,0.7,
PDE1A,,,0.27,,0.24,0.14,0.5,,0.75,0.7,0.85,,,,0.8,,,,0.53,0.86,,,
PDE1B,,,0.34,,0.23,,,,0.75,0.8,0.9,,,,0.7,,0.85,,0.54,,,,
PDE1C,,,0.0,,0.49,,0.9,0.5,0.8,0.7,0.6,,,,0.7,,,,0.5,,,,
PDE2A,,,,,,,,,,,,0.8,,0.6,,,,,,,,,
PDE3A,,,0.9,,,,0.8,,0.7,0.85,0.75,,,,,0.75,,,,,,,
PDE3B,,,0.0,,,,0.8,,0.85,0.9,0.7,,,,,0.7,,,,,,,
PDE4A,,,,0.99,0.12,0.69,0.4,,0.76,0.93,0.97,,,,0.9,,,,0.88,0.6,,,
PDE4B,,,0.4,,0.22,,0.1,,0.8,0.9,0.85,,,,0.7,,,,0.736,0.64,,,
PDE4C,,,0.8,,0.6,0.7,,,0.8,0.9,0.85,,,,0.7,,,,0.5,0.9,,,
PDE4D,,1.0,,1.0,0.95,,0.8,0.6,0.75,0.9,0.85,,,,0.8,,0.9,,,0.8,,,
PDE4DIP,0.8,,0.0,,0.0,,,0.6,0.7,,0.9,,,,0.7,,0.85,,0.8,,,,
PDE5A,,,0.0,,,,0.8,,0.6,0.9,0.7,,,,0.75,,,,,0.91,,,
PDE6A,,,,,,,,,,,,0.8,,0.6,,,,,,,,,
PDE6B,0.9,,0.0,,0.93,,,0.5,0.75,0.7,0.8,,,,0.7,,0.85,,0.6,0.84,,,
PDE6C,0.8,,0.0,,0.66,,,,0.7,0.6,0.9,,,,0.7,,,,0.5,0.76,,,
PDE6D,0.8,,0.9,,,,,0.4,0.5,,,,0.6,,0.6,,0.8,,,,,0.7,0.5
PDE6G,0.7,,0.9,,,,,,,,,,0.8,,0.75,,0.85,,,,0.95,,
PDE6H,,,,,,,,,,,,,,,,,,,,,,,
PDE7A,,,0.0,,0.34,0.75,,,0.85,0.8,0.9,,,,0.7,,,,0.5,0.77,,,
PDE7B,,,,0.56,0.21,,0.6,,0.7,0.75,0.8,,,,0.8,,,,0.9,0.78,,,
PDE8A,,,0.0,,0.34,0.39,0.1,,0.7,0.8,0.9,,,,0.7,,,,0.5,,,0.6,
PDE8B,,,,1.0,0.89,0.85,0.7,,0.7,0.75,0.9,,,,0.8,,,,0.6,0.91,,,
PDE9A,,,,,,,,,,,,,,,,,,,,,,,
PDF,0.8,,0.0,,0.6,,,,0.7,,0.8,,,,,,,,0.5,,,,
PDGFA,,,,,,,,,,,,1.0,,0.6,,,,,,,,,
PDGFB,,,,,,,,,,,,1.0,,0.5,,,,,,,,,
PDGFC,,1.0,,1.0,1.0,,0.7,,0.6,0.5,0.9,,,,0.7,,,,,,,,
PDGFD,,,0.0,,0.4,0.8,0.7,0.7,0.8,0.6,0.9,,,,0.8,,,,0.5,0.9,,,
PDGFRA,,1.0,,1.0,0.93,,0.9,0.5,0.65,0.75,0.7,,,,,0.85,,,,,,,
PDGFRB,,,,0.75,0.21,,0.7,0.6,0.85,0.9,0.95,,,,,0.85,,,0.5,0.83,,,
PDGFRL,0.8,,0.0,,0.6,0.7,,0.6,0.7,,0.9,,,,0.7,,,0.8,0.5,0.9,,,
PDHA1,,,,0.99,0.05,,,,,,,,,,,0.75,,,,,,,
PDHA2,0.7,,0.0,,0.5,,,0.2,0.5,,0.8,,,,0.6,,,,0.6,1.0,,,
PDHB,0.8,,0.15,,0.26,,,0.68,0.87,,,,0.93,,0.75,,0.85,,0.72,,,0.48,
PDHX,,,0.0,,0.42,0.69,0.5,0.6,0.7,,0.9,,,,0.7,,,,0.5,,,0.5,
PDIA2,,,0.0,,0.5,,,,0.6,,0.7,,,,0.9,,,0.9,0.8,1.0,,,
PDIA3,,,,,,,,,,,,0.8,,0.6,,,,,,,,,
PDIA4,,,0.08,,0.27,,0.1,0.1,0.8,,0.84,,,,,0.55,,0.9,0.64,0.72,,,
PDIA5,,,0.0,,0.56,,0.8,0.5,0.6,,0.9,,,,0.8,,,0.8,0.7,0.7,,,
PDIA6,,,,0.63,0.2,,,0.5,0.67,,0.76,,,,0.8,0.73,,0.8,0.88,,,,0.6
PDIK1L,,,,,,,,,,,,,,,,,,,,,,,
PDILT,,,0.0,,0.5,,0.7,0.4,0.5,,0.6,,,,0.5,,,0.9,0.8,1.0,,,
PDK1,,,0.0,,,,0.8,0.5,0.6,0.7,0.9,,,,0.6,,,,,0.7,,,
PDK2,,,0.0,,0.56,,,,0.6,0.4,0.8,,,,0.6,,,,0.5,0.75,,,
PDK3,0.5,,0.42,,0.22,,,0.7,0.8,,0.9,,,,,,,,0.81,0.89,,,
PDK4,,,0.0,,0.87,,,0.5,0.8,0.1,0.9,,,,0.7,,,,0.75,0.85,,,
PDLIM1,,,0.9,,,,0.5,0.6,0.7,,,,0.8,,0.6,0.7,0.85,,,0.75,,,
PDLIM2,,,0.0,,,,,,,,,,0.9,,,,,,,,0.86,,
PDLIM3,,1.0,0.0,,0.68,,,,0.8,,0.9,,,,,,,0.9,0.5,0.93,,,0.6
PDLIM4,,,,,,,,,,,,,,,,,,,,,,,
PDLIM5,,,0.0,,0.33,,0.6,0.2,0.6,,0.7,,,,,0.7,,0.9,0.8,,,,0.5
PDLIM7,,,,0.69,0.19,,,0.7,0.8,,0.99,,,,0.9,0.8,,,0.91,0.93,,,
PDP1,,,0.49,,0.21,,,0.6,0.8,,0.9,,,,0.8,,,,0.75,0.73,,,
PDP2,,,0.0,,0.58,,,,0.6,,0.7,,,,0.75,,,,0.8,0.66,,,
PDPK1,,0.9,,0.95,,,,0.7,0.75,0.8,,,0.85,,,,,,,,,0.6,
PDPK2P,,,1.0,,1.0,,,,,,,,,,,0.85,,0.9,0.8,,,0.9,
PDPN,0.5,1.0,0.0,,0.61,,,0.6,0.75,,0.9,,,,,,0.7,,0.8,0.85,,,
PDPR,,,0.0,,0.44,,0.1,,0.6,,0.8,,,,0.5,,0.7,,0.75,0.66,,,
PDRG1,,,0.0,,0.81,,,,0.9,,0.96,,,,0.9,,,,0.5,,,,
PDS5A,,1.0,,1.0,0.89,,,0.6,0.8,,,,0.9,,0.8,,,,0.7,,,0.7,
PDS5B,,1.0,,1.0,0.09,,0.8,0.5,0.6,,0.7,,,,0.5,,,0.7,0.4,,,0.6,
PDSS1,,,0.0,,0.6,,,,0.7,,0.9,,,,0.6,,,,0.5,0.75,,,
PDSS2,0.7,,0.0,,0.73,,,,0.6,,,,0.9,,0.7,0.65,,,0.8,,,,
PDX1,,1.0,0.02,,0.45,,0.5,,0.7,,0.9,,,,,,,,0.5,1.0,,,
PDXDC1,,,0.0,,0.53,,0.9,,0.6,,0.7,,,,0.9,,,,0.8,0.62,,,
PDXDC2P,,,1.0,,1.0,,,,0.7,,,,,,,,,,0.8,,,0.5,
PDXK,,,,,,,,,,,,0.9,,0.8,,,,,,,,,
PDXP,,,,,,,,,,,,0.8,,0.6,,,,,,,,,
PDYN,,,0.0,,0.94,,0.5,0.6,0.8,,0.9,,,,,,,,0.5,1.0,,,
PDZD11,,,0.21,,0.29,,,0.4,0.75,,0.85,,,,0.9,,,0.6,0.7,,,0.53,
PDZD2,,,,0.9,0.5,,0.7,,0.7,,0.8,,,,0.8,,,0.9,0.6,0.8,,,
PDZD4,,,,0.87,0.15,,,,0.9,,0.94,,,,0.6,,,0.8,0.75,,,,
PDZD7,0.9,,0.0,,0.78,,,,0.6,,0.8,,,,,,,0.7,0.5,0.91,,,
PDZD8,,,,,,,,,,,,0.8,,0.6,,,,,,,,,
PDZD9,,,0.0,,0.62,,,,0.5,,0.74,,,,,0.5,,,0.5,,,,
PDZK1,0.75,,0.0,,,,0.8,,,,,,0.9,,,0.7,,,,,0.96,,
PDZK1IP1,,,0.9,,0.7,,,,0.7,,0.8,,,,0.85,,,,0.5,,,,
PDZK1P1,,,1.0,,1.0,,,0.7,0.8,,,,,,,,,0.9,0.5,,,0.6,
PDZRN3,,,,1.0,0.89,,,,0.8,,0.9,,,,0.7,,,0.85,0.7,0.87,,,
PDZRN4,,,0.0,,0.62,,,,0.6,,0.7,,,,,,,,0.8,,0.93,,
PEA15,,,,,,,,,,,,,,,,,,,,,,,
PEAK1,,,0.0,,0.29,,,,0.7,,0.9,,,,0.7,,,,0.8,,0.87,,
PEAK3,,,0.0,,0.0,,,,0.5,,0.6,,,,,0.4,,,0.5,,,,
PEAR1,,,0.0,,0.69,,0.9,,0.6,,0.7,,,,0.6,,,,0.8,,,,
PEBP1,,,0.2,,,,,,,,,,,,,,0.85,,,,,,
PEBP4,,,0.0,,0.79,,,,0.8,,0.9,,,,0.8,,,,0.5,0.96,,,
PECAM1,0.6,,0.0,,0.0,0.0,,0.6,0.8,,,,,,,,,,0.5,,,,
PECR,,,0.0,,0.86,,0.1,0.6,0.7,,0.8,,,,0.5,,,0.9,0.5,0.88,,,
PEF1,,,0.0,,0.62,,0.4,0.5,0.6,,0.7,,,,0.8,,,0.8,0.5,,,0.5,
PEG10,,,,0.89,0.09,,,,,,,,,,,,,,,0.94,,,
PEG3,,,0.0,,0.35,,,,0.7,,0.9,,,,0.6,,,0.9,0.8,,,,
PELI1,,,0.42,,0.22,0.79,,0.5,0.8,,0.95,,,,0.9,,,,0.85,0.71,,,
PELI2,,,,0.84,0.16,,,0.5,0.87,,,,0.95,,0.8,,,,0.75,0.75,,,
PELI3,,,0.9,,0.4,,,0.5,0.7,,0.8,,,,0.6,0.75,,,0.5,0.7,,,
PELO,,0.8,0.9,,,,0.7,,0.8,,,,0.9,,0.75,,0.85,,,,,,
PELP1,,,,1.0,0.05,,0.5,0.4,0.6,,0.7,,,,,,,,0.8,,,0.6,0.5
PEMT,,,0.23,,0.26,0.883,0.5,,0.6,,0.75,,,,0.5,0.65,0.8,,0.199,0.75,,,
PENK,,,0.0,,,,0.5,0.7,0.8,,,,0.9,,0.8,,,,,,0.97,,
PEPD,,,,,,,,,,,,,,,,,,,,,,,
PER1,,,0.0,,0.33,,,0.5,0.7,,0.9,,,,,0.65,,,0.6,0.71,,,0.4
PER2,,,,0.9,0.19,,0.75,0.5,0.65,,0.7,,,,,,,,0.6,0.69,,,
PER3,,,0.0,,,,0.5,0.6,0.8,,0.9,,,,,,,,,,0.77,,
PERM1,,,0.0,,0.0,,,,0.6,,0.7,,,,,0.75,,,0.5,,,,
PERP,0.8,0.9,0.1,,,,,,,,,,0.9,,,,,,,,0.99,,
PES1,,0.9,,0.88,0.18,,,0.65,0.6,,0.7,,,,0.7,,,,0.5,,,0.56,0.6
PET100,0.8,,0.0,,,,,,,,,,0.9,,0.8,0.7,0.9,,,,,,
PET117,0.7,,0.0,,,,,,,,,,0.8,,0.9,0.6,0.8,,,,,,
PEX1,0.7,,0.0,,0.5,,,,0.6,,0.9,,,,0.5,,,,0.8,,,0.7,
PEX10,0.8,,0.0,,0.51,,,0.2,0.7,,0.9,,,,0.7,,,0.6,0.5,,,0.5,
PEX11A,,,,,,,,,,,,0.8,,,,,,,,,,,
PEX11B,0.5,1.0,0.0,,0.63,,,,0.6,,,,0.9,,0.7,,0.8,,,,,,
PEX11G,,,0.0,,0.96,,,,0.8,,0.9,,,,0.7,,0.8,,0.5,0.95,,,
PEX12,,,0.0,,0.5,0.8,0.5,0.6,0.7,,0.9,,,,0.8,,,0.7,0.6,,,0.5,
PEX13,,,,,,,,,,,,1.0,,,,,,,,,,,
PEX14,,,0.26,,0.24,,0.8,,0.7,,0.9,,,,0.8,0.75,,,,,,0.5,
PEX16,0.8,,0.0,,0.48,,,,0.6,,0.9,,,,0.8,,,0.7,0.5,,,0.5,0.6
PEX19,1.0,,0.0,,0.52,,,0.85,0.8,,0.9,,,,0.6,,,,0.5,,,0.7,
PEX2,0.9,0.8,0.0,,,,,,,,,,0.7,,0.8,0.7,,,,,,,
PEX26,0.85,,,0.94,0.08,,,,,,,,0.95,,,0.8,,,0.61,,,,
PEX3,0.8,,0.02,,0.3,,,,0.8,,0.79,,,,0.75,0.65,,,0.37,,,0.53,
PEX5,1.0,,0.0,,0.36,,,,,,,,0.9,,,,1.0,,0.5,,,,0.6
PEX5L,,,0.9,,,,0.7,,,,,,0.8,,0.75,0.78,,,,0.92,,,
PEX6,0.7,,0.0,,0.39,,,,0.6,,0.9,,,,0.7,,0.8,,0.8,,,0.5,
PEX7,,,0.0,,0.94,,,,,,,,,,,,,,,,,,
PF4,,,,,,,,,,,,0.9,,0.6,,,,,,,,,
PF4V1,,,0.0,,0.8,,0.7,0.6,0.8,,0.9,,,,0.9,,,,0.5,1.0,,,
PFAS,,1.0,0.0,,0.6,,0.7,,0.8,,0.9,,,,0.9,,,,0.5,0.65,,,
PFDN1,,,,,,,,,,,,0.8,,0.6,,,,,,,,,
PFDN2,,1.0,0.38,,0.22,,,0.76,0.67,,0.85,,,,0.8,,,,0.77,,,0.48,
PFDN4,,,0.47,,0.18,,0.1,0.75,0.5,,0.8,,,,0.8,,,,0.67,,,0.54,
PFDN5,,,0.0,,0.57,,,,0.9,,0.95,,,,0.6,,,,0.5,,,0.5,
PFDN6,,,,,,,,,,,,,,,,,,,,,,,
PFKFB1,,,0.0,,0.63,,,,0.8,,0.9,,,,0.75,,,,0.7,,,,0.6
PFKFB2,,,0.0,,0.5,,,,0.8,,0.9,,,,0.8,,,,0.5,0.85,,,
PFKFB3,,,0.23,,0.24,,0.5,0.6,0.75,0.5,0.9,,,,,,,,0.8,,,,
PFKFB4,,,0.0,,,,0.5,,,,,,0.9,,0.8,,,,,,0.95,,
PFKL,,,0.0,,0.72,,,0.5,0.85,,0.9,,,,0.75,,,,0.6,,,0.7,
PFKM,,1.0,0.0,,0.7,,0.6,,0.8,,0.7,,,,0.8,,,,,0.93,,,0.5
PFKP,,,0.0,,,,0.8,0.6,,,,,0.9,,0.7,0.7,,,,,0.64,,
PFN1,0.8,1.0,,0.74,0.0,,,,0.85,,,,0.9,,0.7,,,,,0.76,,,
PFN2,,,0.43,,0.19,,,0.5,0.67,,0.85,,,,0.6,,0.75,,0.14,0.77,,,
PFN3,,,,0.5,0.0,,0.7,0.5,0.6,,0.8,,,,0.8,,,,0.3,1.0,,,
PFN4,,,0.0,,0.66,,,,0.7,,0.8,,,,,,,,0.5,1.0,,,
PGA3,,,0.1,,0.41,,,,0.8,,0.9,,,,0.9,,,,0.5,,,,
PGA4,,,1.0,,1.0,,,,0.6,,0.9,,,,0.7,,,,0.8,,,,
PGA5,,,0.0,,0.6,,,,0.7,0.8,0.9,,,,0.7,0.6,,,0.5,,,,
PGAM1,,,0.0,,1.0,,,,0.8,,0.9,,,,0.8,,,,0.5,,,,
PGAM2,0.8,,0.0,,0.5,,,0.4,0.5,,0.7,,,,0.6,,,,0.6,,,0.2,
PGAM4,,,1.0,,1.0,,,,0.7,,0.9,,,,0.9,0.75,0.8,,0.8,,,,
PGAM5,,,,,,,,,,,,0.9,,,,,,,,,,,
PGAP1,,1.0,0.0,,0.41,,,,0.6,,,,,,0.7,,0.9,,0.5,,,,
PGAP2,,,,,,,,,,,,0.8,,,,,,,,,,,
PGAP3,0.8,,0.0,,,,,,,,,,0.9,,0.7,,0.8,,,,,,
PGBD1,,,0.0,,0.61,,0.6,0.7,0.5,,0.9,,,,0.7,,0.4,,0.8,0.61,,,
PGBD2,,,0.0,,0.5,,,,0.7,,0.8,,,,0.9,,0.2,,0.6,,,,
PGBD3,,,0.04,,0.68,,,,0.78,,0.92,,,,,,0.6,,0.5,,,0.0,0.5
PGBD4,,,0.34,,0.0,0.68,,,0.6,,0.8,,,,,0.6,,,0.5,0.93,,,
PGBD5,,,0.0,,0.41,,,,0.6,,0.7,,,,0.5,,,,0.5,,,,
PGC,,,0.0,,0.8,,,,0.6,0.2,0.9,,,,0.7,,,,0.5,,,,
PGD,0.75,,,0.98,0.12,,,,0.8,,0.9,,,,0.7,,,,0.75,,,,0.6
PGF,,,0.14,,0.31,,,,0.8,0.75,0.9,,,,0.8,,,,0.44,,,,
PGGHG,,,0.0,,0.0,,,,0.7,,0.8,,,,0.6,,0.8,,0.5,,,,
PGGT1B,,,0.14,,0.27,,,,0.8,,0.63,,,,0.9,,0.85,,0.75,,,,
PGK1,0.8,,,0.79,0.14,,,,0.7,,,,0.9,,0.8,,,,0.83,,,,
PGK2,,,0.0,,0.9,,,0.1,0.6,,0.8,,,,0.7,,,,0.5,1.0,,,
PGLS,,,0.0,,0.63,,,,0.8,,0.9,,,,0.8,,,,0.5,,,,
PGLYRP1,,,0.0,,,,0.5,0.6,0.8,,,,0.9,,0.7,0.75,,,,1.0,,,
PGLYRP2,,,0.0,,0.87,,0.7,,0.5,,0.6,,,,0.9,,,,0.8,1.0,,,
PGLYRP3,,,0.0,,0.77,,,0.6,0.8,,0.86,,,,0.9,,,,0.5,0.97,,,
PGLYRP4,,,0.0,,0.5,,,,0.6,,0.8,,,,0.8,0.75,,,0.7,0.97,,,
PGM1,,,0.0,,0.89,0.75,0.8,,0.6,,0.7,,,,0.8,,,,0.5,0.95,,,
PGM2,,,0.0,,0.67,,,,0.85,,0.9,,,,0.8,,0.7,,0.5,,,,
PGM2L1,,,0.8,,0.3,,,,0.7,,0.9,,,,0.8,,,,0.6,,,,
PGM3,0.8,1.0,0.0,,0.43,,,,0.8,,,,0.9,,0.6,,0.7,,,0.64,,,
PGM5,,,0.0,,0.39,0.25,,,0.7,,0.78,,,,0.8,0.6,,,0.5,,,,
PGP,0.6,,0.5,,0.17,,,,0.7,,0.9,,,,0.5,,,,0.8,,,,
PGPEP1,,,0.9,,,,0.8,0.6,0.7,,,,0.85,,0.8,,,,,,,0.75,
PGPEP1L,,,0.0,,0.8,0.9,,,0.6,,0.7,,,,,,,,0.5,,,,
PGR,,,0.07,,0.26,,0.5,,0.7,0.8,0.9,,,,,0.75,,,0.9,,,,
PGRMC1,,,,0.69,0.0,,,,0.14,,0.133,,,,0.9,0.75,,,0.195,,,0.55,
PGRMC2,,,,0.66,0.13,,,,0.8,,0.9,,,,0.6,,,,0.5,0.62,,,
PGS1,,,0.0,,0.79,,0.6,,0.7,,0.8,,,,0.9,,,,0.5,,,0.6,
PHACTR1,,,,0.64,0.0,,0.9,,0.75,,0.85,,,,0.6,,,,0.8,0.83,,,
PHACTR2,,,0.0,,0.38,,0.5,0.4,0.6,,0.8,,,,0.6,,,,0.7,0.75,,,
PHACTR3,,,,1.0,0.9,,0.8,,0.8,,0.9,,,,0.6,,,,0.7,0.9,,,
PHACTR4,,1.0,0.0,,0.45,,,0.5,0.6,,0.9,,,,0.8,0.7,,,0.7,,,,
PHAX,,,0.0,,0.57,,,0.1,0.5,,0.7,,,,0.6,0.5,,,0.5,,,0.54,
PHB2,,1.0,0.0,,0.37,,0.4,0.5,0.7,,0.8,,,,,,,,,0.63,,,
PHC1,,1.0,,1.0,0.89,,0.5,0.7,0.8,,0.9,,,,0.8,,,,0.6,0.78,,,
PHC2,,,,0.81,0.19,,0.1,,0.14,,0.82,,,,0.7,,0.5,,0.858,0.65,,,
PHC3,,,,1.0,0.9,,,0.5,0.75,,0.7,,,,0.8,,,0.8,0.6,,,,
PHEX,,,,1.0,0.03,,0.6,0.3,0.4,,0.5,,,,0.6,,,,0.7,0.95,,,
PHF1,,,,1.0,0.93,,,,0.6,,0.7,,,,0.5,0.75,,,0.8,0.71,,,
PHF10,,,0.0,,0.4,,,,0.8,,0.9,,,,0.6,,0.7,,0.5,0.65,,,0.5
PHF11,,,0.0,,0.83,,,0.1,0.8,,0.9,,,,0.7,,,0.7,0.5,0.66,,,0.6
PHF12,,,,1.0,0.04,,,,0.6,,0.7,,,,0.8,0.78,,,0.8,,,,
PHF13,,,,0.98,0.0,,,0.5,0.7,,0.9,,,,0.6,,,,0.6,,,,
PHF14,,,0.12,,0.25,,,0.6,0.9,,0.72,,,,0.7,0.7,,,0.88,,,0.52,
PHF19,,,,1.0,0.09,,0.8,0.7,0.6,,0.7,,,,0.8,0.85,,0.9,0.8,0.71,,,
PHF2,,,,1.0,0.08,0.9,0.7,0.4,0.5,,0.6,,,,0.75,0.78,,0.9,0.8,0.68,,,
PHF20,,,,1.0,0.14,,,0.5,0.75,,0.7,,,,0.6,,,0.85,0.8,,,0.6,
PHF20L1,,,,,,,,,,,,0.7,,0.5,,,,,,,,,
PHF21A,,1.0,,1.0,0.0,,0.8,,0.5,,0.6,,,,0.9,,,0.8,0.4,0.7,,0.6,
PHF21B,,,,1.0,0.8,,0.6,,0.8,,0.9,,,,,,,,0.7,0.94,,,
PHF23,,,,1.0,0.0,,,0.7,0.6,,0.8,,,,0.7,,,0.8,0.7,,,0.7,
PHF24,,,0.0,,0.0,,,,0.7,,0.8,,,,0.5,,,,0.5,0.92,,,
PHF3,,,,0.99,0.18,,,,0.7,,0.85,,,,0.8,,,,0.75,0.66,,,
PHF5A,,1.0,,0.87,0.0,,,0.82,0.78,,,,0.88,,,0.78,,,0.55,,,0.49,
PHF6,0.8,,,1.0,0.0,,,,0.5,,0.6,,,,0.7,0.8,,0.8,0.7,0.75,,,
PHF7,,,0.0,,0.39,0.69,0.1,0.5,0.5,,0.8,,,,0.6,,,,0.95,1.0,,,
PHF8,0.9,,,1.0,0.1,,,0.8,0.7,,0.75,,,,0.7,,,,0.7,0.66,,,
PHGDH,,,,,,,,,,,,0.8,,0.6,,,,,,,,,
PHGR1,,,0.0,,0.0,,,,,,,,0.6,,,,,,0.1,,,,
PHIP,,1.0,,1.0,0.05,,0.8,,0.5,,0.6,,,,0.75,,,0.8,,,,,
PHKA1,,,,,,,,,,,,0.8,,0.6,,,,,,,,,
PHKA2,0.8,,,0.53,0.22,,,,0.67,,0.75,,,,0.8,0.68,,,0.62,0.65,,,
PHKB,0.8,,0.0,,0.65,,,,0.7,,0.9,,,,0.8,,,,0.5,,,0.6,0.6
PHKG1,,,0.0,,0.89,,,,0.7,0.5,0.9,,,,0.7,,,0.8,0.6,1.0,,,
PHKG2,0.8,,0.0,,0.36,,,0.5,0.7,0.6,0.9,,,,0.7,,,0.8,0.5,,,,0.6
PHLDA1,,,,0.82,0.14,,,0.1,0.75,,0.85,,,,0.7,,,0.6,0.5,0.85,,,
PHLDA2,,,0.16,,0.48,,,,0.73,,0.88,,,,0.75,,,,0.76,,,,
PHLDA3,,,0.26,,0.29,,0.1,,0.8,,0.9,,,,0.8,,,0.7,0.63,,,,
PHLDB1,,,0.1,,0.24,,0.9,,0.7,,0.85,,,,0.8,0.75,,0.75,0.6,0.72,,,
PHLDB2,,,0.0,,,,0.8,,,,,,0.95,,0.75,0.75,,,,,0.82,,
PHLDB3,,,,,,,,,,,,1.0,,,,,,,,,,,
PHLPP1,,,,1.0,,,,,,,,,0.9,,,,0.9,,,,,,
PHLPP2,,,0.0,,,,0.5,,0.7,,0.8,,,,0.8,0.7,,,,,,,
PHOSPHO1,,,,,,,,,,,,0.9,,0.7,,,,,,,,,
PHOSPHO2,,,0.0,,0.85,,,0.3,0.67,,0.78,,,,,0.65,,,0.5,,,,
PHOX2A,0.8,1.0,,0.82,0.0,,,,0.7,,,,0.9,,,,,,0.5,,0.97,,
PHOX2B,0.8,1.0,,0.94,0.0,,,,0.7,,,,0.9,,,,,,0.5,,0.99,,
PHPT1,,,0.0,,0.5,,,,0.7,,0.8,,,,0.8,,,,0.6,,,0.5,0.6
PHRF1,,,0.21,,0.23,,0.1,,0.67,,0.75,,,,0.9,,,,0.82,,,,
PHTF1,,,0.0,,0.9,,0.6,0.5,0.8,,0.9,,,,0.8,,,,0.7,0.9,,,
PHTF2,,,0.0,,0.31,,0.6,0.5,0.8,,0.9,,,,0.8,0.65,,,0.85,0.7,,,
PHYH,0.8,,0.0,,0.7,,,0.4,0.6,,0.9,,,,0.7,,0.85,,0.5,0.76,,,
PHYHD1,,,0.8,,0.5,,,,0.8,,,,0.9,,0.6,0.65,,,0.7,,,0.7,
PHYHIP,,,,0.84,0.1,,,0.5,0.71,,,,0.91,,0.9,,,,0.66,,,,
PHYHIPL,,,,0.83,0.14,0.84,,,0.45,,0.58,,,,0.8,,,0.7,0.75,,,,
PHYKPL,0.8,,0.0,,0.97,,,,0.7,,0.9,,,,0.5,,,,0.5,0.7,,,
PI15,,,0.8,,0.6,,,0.6,0.7,,0.9,,,,0.7,,,,0.5,,,,
PI16,,,0.0,,0.84,0.77,,,0.6,,0.9,,,,0.75,,,,0.5,,,,
PI3,,,0.18,,0.41,,0.4,0.1,0.8,,0.9,,,,0.9,,,,0.25,1.0,,,
PI4K2A,,,0.0,,0.54,,,0.3,0.11,0.1,0.15,,,,0.6,,,,0.79,,,0.5,
PI4K2B,,,0.0,,0.58,,,,0.7,0.1,0.9,,,,0.7,,,,0.5,0.8,,,
PI4KA,0.5,,0.0,,0.35,,,0.7,0.6,0.4,,,,,0.7,,,,0.8,0.68,,,
PI4KAP1,,,0.0,,0.0,,,,0.6,,,,,,,,,0.7,0.5,,,0.2,
PI4KAP2,,,1.0,,1.0,,,,0.7,,,,,,,,,,0.8,,,0.9,
PI4KB,,,,,,,,,,,,0.9,,0.6,,,,,,,,,
PIANP,,,0.31,,0.24,,0.4,0.7,0.6,,0.9,,,,0.75,,,,0.5,0.88,,,
PIAS1,0.7,1.0,,1.0,0.0,,,,0.7,,,,0.9,,,,,0.8,0.8,,0.65,,
PIAS2,,,,1.0,0.9,,,,0.7,,0.8,,,,0.9,,,,0.6,0.81,,,
PIAS3,,,,0.98,0.14,,,,0.93,,0.87,,,,0.8,0.82,,0.75,0.85,0.71,,,
PIAS4,,1.0,,1.0,0.0,,,0.9,0.85,,0.9,,,,1.0,0.9,,,0.8,,,,
PIBF1,,,0.0,,,,0.8,,0.85,,0.9,,,,,0.8,,,,0.75,,,
PICALM,,,,1.0,0.09,,,0.6,0.7,,0.8,,,,0.75,,,,0.7,0.65,,,
PICK1,,,,,,,,,,,,0.9,,0.7,,,,,,,,,
PID1,,,0.0,,0.63,0.7,0.9,0.6,0.7,,0.8,,,,0.9,,,,0.5,,,,
PIDD1,,,0.0,,0.0,,,,0.7,,0.8,,,,0.7,,,0.6,0.5,,,,
PIEZO1,,,0.0,,0.55,,0.9,0.5,0.6,,0.85,,,,,,,,0.8,,,,
PIEZO2,0.8,,0.0,,0.28,,,,0.7,,,,0.9,,0.7,0.75,,,0.5,0.93,,,
PIF1,,,0.0,,0.94,,,0.75,0.8,,0.9,,,,,,,,0.7,,,,
PIGA,,,,,,,,,,,,1.0,,,,,,,,,,,
PIGB,0.8,,0.0,,0.75,,,,,,,,0.9,,0.7,,,,0.5,,0.6,,
PIGBOS1,,,0.0,,0.0,,,,0.3,,,,,,,0.4,,,0.1,,,0.5,
PIGC,,,0.9,,,,0.8,,0.8,,,,0.9,,0.75,,0.85,,,,,0.7,
PIGF,,,0.0,,0.64,,,0.3,0.6,0.4,0.7,,,,0.6,,,,0.5,,,,
PIGG,0.7,,0.0,,0.72,,,,,,,,0.9,,0.75,,0.85,,0.8,,,,0.6
PIGH,0.5,,0.22,,0.28,,,,0.8,,,,0.9,,0.7,0.55,,,0.75,,,,
PIGK,,,0.0,,0.45,,0.4,0.6,0.8,,0.9,,,,0.75,,,,0.79,,,0.54,
PIGL,,,0.0,,0.95,,0.8,,0.7,,0.9,,,,0.8,,,,0.5,0.66,,,
PIGM,0.5,,0.0,,0.7,,,0.2,0.8,,,,0.9,,0.7,,,,0.8,,0.61,,
PIGN,0.6,,0.0,,0.73,,,,0.7,,0.9,,,,0.8,0.7,,,0.8,0.65,,,
PIGO,0.6,,0.0,,0.58,,,0.5,0.7,,0.9,,,,0.8,,,,0.7,0.6,,,
PIGP,0.8,,0.0,,0.65,,,0.6,0.75,,0.9,,,,0.7,,,,0.5,,,0.5,
PIGQ,0.7,,0.0,,,,0.8,0.6,,,,,0.9,,0.75,,,,,,,0.7,
PIGR,,,,,,,,,,,,0.8,,0.7,,,,,,,,,
PIGS,0.7,,0.0,,,,,,,,,,0.8,,0.8,,,,,,,,
PIGT,,,,,,,,,,,,0.8,,0.6,,,,,,,,,
PIGU,,,0.0,,,,,,,,,,0.8,,0.8,0.6,0.9,,,,,,
PIGV,,,0.0,,0.78,0.73,0.9,,0.75,,0.85,,,,0.7,,0.9,,0.5,0.78,,,
PIGW,0.8,,0.0,,,,,,,,,,0.9,,0.6,0.7,0.8,,,,,,
PIGX,,,0.0,,0.6,,,0.2,0.8,,0.9,,,,0.8,,,,0.5,,,0.5,0.6
PIGY,0.5,,0.1,,0.88,,,,0.7,,0.56,,,,0.8,,,,0.14,,,0.0,
PIGZ,,,0.0,,0.61,,,,0.8,,0.9,,,,0.7,0.65,,,0.8,0.79,,,
PIH1D1,,,0.0,,0.56,0.88,,0.65,0.7,,0.79,,,,,0.7,,,0.72,,,0.47,
PIH1D2,,,0.0,,0.92,,,,0.7,,0.9,,,,,,0.8,,0.5,1.0,,,
PIK3AP1,,,,,,,,,,,,0.8,,0.6,,,,,,,,,
PIK3C2A,,,0.0,,,,,,0.75,0.9,0.85,,,,,,,,,,,,
PIK3C2B,,,,1.0,0.18,,,,0.8,0.95,0.85,,,,0.9,,,0.9,0.9,0.72,,,
PIK3C2G,0.7,,0.0,,,,,,0.8,0.9,,,0.9,,0.8,,,,,,0.96,,0.6
PIK3C3,,1.0,0.0,,,,,0.6,0.85,0.9,0.8,,,,0.95,,,,0.7,,,0.75,
PIK3CA,0.85,,,,,,,,,,,,0.9,,0.8,,,,,,0.7,,
PIK3CB,,1.0,,1.0,0.87,,,0.5,0.85,0.9,0.8,,,,,,,,0.8,,,0.7,
PIK3CD,,,,1.0,0.09,0.8,,0.6,0.85,0.9,0.95,,,,,,,,,0.97,,,
PIK3CD-AS1,,,0.0,,0.0,,,,0.5,,,,,,,0.2,,,0.5,,,0.0,
PIK3CG,,,0.0,,,,0.9,0.4,0.6,0.8,0.7,,,,,0.75,,,,0.94,,,
PIK3IP1,,,0.9,,0.4,0.8,,0.65,0.7,,0.85,,,,0.8,,,,0.6,,,,
PIK3R1,,1.0,,1.0,0.89,,0.6,0.5,0.7,0.9,0.8,,,,0.8,,,0.9,,,,,
PIK3R2,,,0.01,,0.29,,,0.6,0.8,0.85,0.9,,,,0.8,,,,,,,0.56,
PIK3R3,,,0.0,,0.68,0.46,0.6,0.5,0.75,0.8,0.7,,,,0.8,,,0.9,0.5,0.89,,,
PIK3R4,,,0.04,,0.25,,,0.6,0.8,0.85,0.9,,,,0.75,,,,0.75,,,,
PIK3R5,0.5,,,0.71,0.21,,,0.1,0.75,0.85,0.9,,,,0.8,,,,0.88,0.96,,,
PIK3R6,,,0.0,,0.5,,,0.4,0.85,0.9,0.8,,,,0.9,,,,0.7,,,0.6,0.5
PIKFYVE,0.7,,0.0,,0.29,,,0.6,0.85,,,,0.9,,,,,,,,,,
PILRA,,,,,,,,,,,,0.9,,0.6,,,,,,,,,
PILRB,,,0.0,,0.72,,0.4,0.2,0.6,,0.8,,,,0.8,,,,0.5,,0.73,,
PIM1,,,,0.86,0.13,,0.8,0.7,0.8,0.9,0.85,,,,,,,,0.75,,0.85,,
PIM2,,,,0.94,,,,,0.85,0.9,,,0.8,,,,,,,,0.99,,
PIM3,,,,,,,,,,,,,,,,,,,,,,,
PIMREG,,,0.0,,0.0,,,0.6,0.7,,0.8,,,,0.8,,,,0.5,1.0,,,
PIN1,,,,0.76,0.11,,,0.1,0.25,,0.528,,,,,,,,0.163,,,0.56,
PIN1P1,,,0.0,,0.0,,,,0.7,,,,,,,,,,0.5,,,0.2,
PIN4,,,,0.7,0.0,,,0.1,0.8,,0.9,,,,0.8,0.65,,,0.5,,,0.6,
PINK1,0.8,,0.0,,0.8,,,0.6,0.7,,,,0.9,,,,,,0.5,,,0.56,
PINLYP,,,0.0,,0.0,0.0,,,0.5,,,,0.6,,0.9,0.5,,,0.5,,,,
PINX1,,1.0,0.0,,0.5,,0.8,0.5,0.6,,0.7,,,,0.7,,,,,,,0.6,
PIP,,,0.0,,0.84,,,0.85,0.8,,0.9,,,,0.9,,,,0.5,1.0,,,
PIP4K2A,,,,,,,,,,,,0.9,,0.7,,,,,,,,,
PIP4K2B,,1.0,,1.0,0.0,,0.5,0.6,0.7,,0.8,,,,0.8,,,,,,,0.9,
PIP4K2C,,,0.0,,0.41,,,0.4,0.85,,0.9,,,,0.9,,,,0.5,,,0.6,
PIP4P1,,,0.0,,0.0,,,0.6,0.8,,,,0.9,,0.7,0.6,0.7,,0.5,,,0.5,
PIP4P2,,,0.0,,0.0,,,,0.8,,0.9,,,,0.8,,,,0.5,,,0.6,
PIP5K1A,,,0.0,,0.34,0.8,,0.6,0.7,0.5,0.9,,,,,,,,0.6,0.65,,,
PIP5K1B,,,0.0,,0.55,,0.8,,0.75,,0.9,,,,0.7,0.75,,,0.5,0.91,,,
PIP5K1C,0.8,1.0,,0.97,0.15,,,0.5,0.85,,,,0.9,,,0.82,,,,,,,
PIP5KL1,,,0.0,,0.58,,,,0.8,,0.9,,,,0.5,,,,0.8,0.71,,,
PIPOX,,,0.0,,0.86,,,0.6,0.7,,0.9,,,,0.7,,0.8,,0.5,,,,
PIPSL,,,1.0,,1.0,,,,0.5,0.5,,,,,,,,0.5,0.5,,,0.0,
PIR,,,0.0,,0.5,,,,0.8,,0.9,,,,0.7,,,,0.5,,,0.6,0.5
PIRT,,,,0.57,0.0,0.5976,0.1,,0.75,,0.85,,,,0.8,,,,0.137,,,,
PISD,0.8,1.0,0.23,,0.25,,,,0.7,,0.9,,,,0.75,,,,,,0.91,,
PITHD1,,,0.9,,,,0.7,0.5,0.6,,,,0.8,,0.6,,,,,,,0.7,
PITPNA,,0.85,,0.9,0.7,,0.6,,0.7,,0.75,,,,0.8,0.75,,,,,,0.65,
PITPNB,,,,0.98,0.06,,,,0.93,,0.76,,,,0.9,,,,0.54,,,,
PITPNC1,,,,0.99,0.05,,0.2,,0.7,,0.8,,,,0.6,0.7,,,0.5,0.65,,,
PITPNM1,,,,,,,,,,,,0.8,,,,,,,,,,,
PITPNM2,,,,1.0,0.93,,0.6,,0.8,,0.9,,,,0.7,,,,0.75,0.68,,,
PITPNM3,0.8,,,1.0,0.09,,,,0.6,,0.7,,,,0.7,,0.8,,0.8,0.93,,,
PITRM1,,,0.0,,0.72,,,0.6,0.7,,0.9,,,,0.8,0.75,,,0.8,,,0.52,
PITX1,,1.0,,0.89,0.09,,0.6,,0.7,,0.9,,,,0.7,,,0.8,0.5,1.0,,,
PITX2,,1.0,,0.98,0.0,,0.8,0.6,0.7,,0.9,,,,,,,,0.5,0.96,,,
PITX3,,,,0.82,0.1,,0.8,,0.6,,0.7,,,,,,,,,0.99,,,
PIWIL1,,,0.0,,,,0.5,0.6,,,,,0.9,,,,,,,,1.0,,
PIWIL2,,,0.0,,,,,,,,,,0.9,,,,,,,,,,
PIWIL3,,,0.0,,0.95,,,,0.4,,0.62,,,,,0.65,,,0.75,1.0,,,
PIWIL4,,,0.0,,0.39,,,0.1,0.73,,0.88,,,,0.5,,,,0.85,0.72,,,
PJA1,0.4,,,0.92,0.12,,0.1,0.67,0.73,,0.85,,,,0.7,,,0.8,0.64,0.61,,,0.5
PJA2,,,0.97,,,,,,,,,,,,0.7,,,,,,,,
PJVK,0.8,,0.1,,,,,,,,,,0.7,,,,,,,,0.95,,
PKD1,,,,,,,,,,,,0.8,,0.6,,,,,,,,,
PKD1L1,0.5,1.0,0.0,,0.61,,,,0.71,,,,0.87,,0.5,,0.75,,,,0.8,,
PKD1L2,,,0.0,,0.5,,,,0.6,,0.7,,,,0.8,,,,0.8,,,,0.7
PKD1L3,,,1.0,,1.0,,,,0.7,,0.9,,,,0.8,0.75,,0.8,0.8,,,0.5,
PKD2,,1.0,0.0,,0.33,,0.5,,0.8,,0.9,,,,,,,,0.7,0.86,,,
PKD2L1,,,0.0,,0.96,,1.0,,0.6,0.8,0.7,,,,,,0.9,,0.8,,,,
PKD2L2,,,,,,,,,,,,0.9,,0.5,,,,,,,,,
PKDCC,,1.0,0.0,,0.53,,0.8,,0.6,,0.7,,,,0.7,,0.8,0.9,,0.82,,,
PKDREJ,,,0.0,,0.76,,,,0.7,,0.9,,,,0.8,0.7,0.6,,0.5,1.0,,,
PKHD1,,1.0,0.0,,0.58,,0.75,,0.8,,0.9,,,,0.8,,,,0.5,0.99,,,
PKHD1L1,0.95,,0.0,,0.9,,,,0.75,,0.85,,,,0.7,0.8,,,0.8,,1.0,,
PKIA,,,0.14,,0.53,0.66,0.1,,0.87,,0.68,,,,0.8,,,,0.76,0.92,,,
PKIB,,,0.2,,0.6,,,,0.6,,0.8,,,,0.8,,,,0.5,,,,0.6
PKIG,,,,0.5,0.0,,,0.5,0.8,,0.9,,,,0.9,,0.7,,0.1,,,,0.6
PKLR,,,0.0,,0.57,,0.9,,0.6,,0.7,,,,0.7,,,,0.6,1.0,,,
PKM,,1.0,,0.6,0.2,,,,0.34,,0.749,,,,,,,,0.531,0.64,,,
PKMYT1,,,,,,,,,,,,0.8,,0.6,,,,,,,,,
PKN1,,,,,,,,,,,,,,,,,,,,,,,
PKN2,,,,,,,,,,,,,,,,,,,,,,,
PKN3,,,0.0,,,,0.8,,0.7,,,,0.9,,0.6,0.7,,,,,0.8,,
PKNOX1,,1.0,,1.0,0.1,,0.6,0.5,0.7,,0.9,,,,0.9,,,0.8,,0.7,,,
PKNOX2,,,,0.99,0.09,,0.6,,0.7,,0.8,,,,0.8,,,,0.75,0.84,,,
PKP1,0.8,,0.0,,0.32,,,,0.65,,,,0.9,,,0.75,,,0.75,,0.97,,
PKP2,,1.0,0.0,,0.78,,0.8,,0.7,,0.6,,,,,,,,,0.94,,,
PKP3,,,0.0,,0.43,,,,0.6,,0.8,,,,,0.75,,,0.5,,,,
PKP4,,,0.0,,0.5,,,,0.6,,0.9,,,,0.8,,,0.8,0.8,0.92,,,
PLA1A,,,0.0,,0.82,,,0.1,0.8,,0.9,,,,0.7,,,,0.7,,,,
PLA2G10,,,0.3,,,,,0.85,0.7,,,,0.9,,,,,,,,0.95,,
PLA2G12A,,,0.0,,0.72,,0.1,0.2,0.8,,0.9,,,,0.7,,,,0.5,,,0.5,
PLA2G12B,,,0.0,,0.61,,,0.2,0.8,,0.9,,,,0.7,,,,0.5,1.0,,,0.6
PLA2G15,,,0.35,,0.23,,0.4,,0.8,,0.88,,,,,,,,0.82,,,0.54,
PLA2G1B,,,0.0,,0.2,0.4,,,0.7,0.8,0.9,,,,0.8,,,,0.5,,,,
PLA2G2A,,,0.11,,0.4,,,,0.88,0.71,0.95,,,,,,,,,0.96,,,
PLA2G2C,,,0.8,,,,,,,,,,0.85,,0.75,,,,0.5,,0.9,,
PLA2G2D,,,,,,,,,,,,0.8,,0.6,,,,,,,,,
PLA2G2E,,,,,,,,,,,,,,,,,,,,,,,
PLA2G2F,,,0.0,,0.5,0.7,,,0.9,,0.8,,,,0.7,,,,0.6,1.0,,,
PLA2G3,0.9,,,,,,,,,,,,,,,,,,,,,,
PLA2G4A,0.5,,0.0,,0.37,,,,0.8,,,,0.9,,,,,,0.6,,0.71,,
PLA2G4C,0.7,,0.0,,0.67,,,,0.85,,0.9,,,,,,,,0.5,,,,
PLA2G4D,0.7,,0.0,,0.68,,,,0.85,,0.9,,,,0.8,,,,0.8,,,,
PLA2G4E,,,0.0,,0.56,,,,0.8,,0.94,,,,0.85,0.75,,,0.85,1.0,,,
PLA2G4F,,,0.0,,0.94,,,,0.85,,0.76,,,,0.7,0.82,,,0.8,,,,
PLA2G5,,,0.0,,0.89,,0.5,,0.6,0.5,0.7,,,,,,,,0.5,0.94,,,
PLA2G6,,,0.0,,0.59,,0.9,,0.75,,0.85,,,,,,,,0.7,0.81,,,
PLA2G7,,,0.0,,0.5,0.82,0.6,0.3,0.7,0.8,0.9,,,,,,,0.6,,0.99,,,
PLA2R1,,,0.0,,0.69,,0.6,,0.75,,0.7,,,,0.9,0.7,0.7,,0.8,,,,
PLAA,,,,,,,,,,,,0.9,,0.7,,,,,,,,,
PLAC1,,,1.0,,1.0,0.0,0.5,0.6,0.7,,0.8,,,,0.9,,,,0.5,,,,
PLAC4,,,0.0,,0.0,,,,0.7,,,,,,,,,,0.5,,,,
PLAC8,,,0.13,,0.37,,,,0.73,,0.96,,,,0.9,,,,0.11,,,,
PLAC8L1,,,,,,,,,,,,,,,,,,,,,,,
PLAC9,,,0.98,,0.63,,,0.75,0.8,,0.53,,,,0.9,0.78,,,0.97,,,,
PLAG1,,,,0.99,0.0,,0.5,,0.7,,0.8,,,,0.6,,,0.9,0.5,0.86,,,
PLAGL1,,1.0,,0.95,0.0,,0.6,,0.8,,0.7,,,,0.7,,,0.9,,0.77,,,
PLAGL2,,1.0,,0.98,0.0,,,,0.7,,0.8,,,,0.7,,,0.9,0.5,0.79,,,
PLAT,,,0.0,,0.41,,0.6,,0.7,0.5,0.9,,,,0.8,,,0.85,0.8,0.79,,,
PLAU,,,0.0,,,,0.8,0.5,0.7,0.6,0.9,,,,0.7,,,0.8,,0.8,,,
PLAUR,,,0.01,,0.42,,,0.6,0.76,,0.79,,,,0.8,,,,0.335,0.99,,,0.7
PLB1,0.75,,0.0,,,,0.8,0.6,,,,,0.9,,0.8,,0.9,,,,0.95,,
PLBD1,,,0.0,,0.93,,,,0.65,,0.8,,,,0.7,,,,0.5,,,,
PLBD2,,,0.0,,0.72,,,,0.7,,0.83,,,,0.6,,,,0.5,0.77,,,
PLCB1,,1.0,,0.9,0.2,,0.7,,0.8,,0.9,,,,0.7,,,,0.5,0.8,,,
PLCB2,,,,,,,,,,,,,,,,,,,,,,,
PLCB3,,1.0,,0.8,0.21,,0.4,,0.85,,0.9,,,,0.8,,,,0.6,0.71,,,
PLCB4,,0.9,0.0,,0.32,,0.5,,0.7,,0.6,,,,0.7,0.65,,0.8,0.5,0.85,,,
PLCD1,0.6,,0.0,,0.81,,,,0.85,,,,0.9,,0.8,,,,0.7,0.73,,,0.6
PLCD3,,,0.0,,0.49,,0.5,,0.6,,0.8,,,,0.9,0.65,,0.9,0.7,,,0.6,
PLCD4,,,0.0,,,,0.5,0.7,0.8,,,,0.9,,0.85,,,,,,0.92,,
PLCE1,,,0.0,,0.34,,0.9,,0.6,,0.7,,,,,0.75,,0.75,0.8,0.81,,,
PLCG1,,1.0,0.0,,,,0.5,0.4,0.7,,0.8,,,,0.8,,,,0.6,0.68,,,
PLCG2,,,,1.0,0.17,,0.9,,0.5,0.6,0.7,,,,0.8,,,,0.7,0.97,,,
PLCH1,,,0.15,,0.24,,,,0.73,,0.94,,,,0.7,,,,0.85,,,,
PLCH2,,,0.0,,0.65,,0.5,,0.8,,0.6,,,,0.75,,,0.9,0.7,0.94,,,
PLCL1,0.65,,0.9,,,,0.8,,,,,,0.7,,0.7,0.75,,,,,0.75,,
PLCL2,,,,1.0,0.0,0.9,0.85,,0.6,,0.7,,,,0.9,0.8,,0.75,0.8,0.76,,,
PLCXD1,,,0.0,,0.5,,,,0.7,,0.8,,,,0.9,,,,0.4,,,,
PLCXD2,,,0.0,,0.88,,,0.2,0.6,,0.9,,,,0.5,,,,0.5,0.86,,,
PLCXD3,,,0.99,,0.47,,,,0.8,,0.9,,,,0.7,0.8,,,0.75,,,,
PLCZ1,0.8,,0.0,,,,,0.6,,,,,0.9,,,,,,,,1.0,,
PLD1,,,0.0,,0.68,,0.5,,0.8,0.6,0.9,,,,0.75,,,0.7,0.8,0.8,,,
PLD2,,,0.0,,0.87,,0.4,,0.5,0.6,0.7,,,,0.7,,,0.8,0.5,0.73,,,
PLD3,0.9,,0.0,,0.43,,,,0.6,,0.7,,,,,,,,0.5,0.66,,,
PLD4,,,0.0,,0.86,,0.1,,0.75,,0.8,,,,,,,,0.5,0.91,,,
PLD5,,,0.97,,0.71,,0.5,,0.75,,0.85,,,,0.7,,,,0.8,0.95,,,
PLD6,0.7,,0.9,,,,,,,,,,,,,,,,,,0.85,,
PLEC,,1.0,0.0,,,,0.7,,0.85,,,,0.9,,,,,,,0.68,,,
PLEK,,,0.0,,,,0.6,0.2,0.8,,,,0.9,,0.8,0.6,,,,,0.99,,
PLEK2,,,0.0,,0.73,,0.9,,0.8,,0.7,,,,0.9,,,,0.6,0.94,,,
PLEKHA1,,1.0,0.0,,,,0.8,0.5,0.6,,0.7,,,,0.7,,0.9,,,,,0.6,0.5
PLEKHA2,,,,,,,,,,,,0.7,,,,,,,,,,,
PLEKHA3,0.5,,0.8,,,,,,,,,,0.8,,0.9,,,,,,,0.6,
PLEKHA4,,,0.0,,0.62,,0.8,,0.85,,0.9,,,,0.8,,,,0.7,1.0,,,
PLEKHA5,,,,1.0,0.8,0.9,0.6,,0.7,,0.8,,,,0.9,,,0.8,0.7,0.6,,,
PLEKHA6,,,0.94,,0.75,,0.8,,0.8,,0.9,,,,0.9,,,0.7,0.5,,,,
PLEKHA7,,,0.0,,0.39,,0.9,,0.5,,0.7,,,,0.7,,,,0.6,0.85,,,
PLEKHA8,,,0.0,,0.63,,,0.4,0.8,,0.9,,,,0.75,0.65,,,0.5,,,,
PLEKHA8P1,,,0.0,,0.0,,,,0.7,,,,,,,,,,0.5,,,0.8,
PLEKHB1,,,0.0,,0.56,,,,0.7,,0.9,,,,,,,0.6,0.5,0.92,,,
PLEKHB2,,,0.0,,0.94,,,0.2,0.9,,0.85,,,,0.8,,,0.6,0.5,,,0.6,
PLEKHD1,,,0.0,,0.0,,,,0.6,,0.8,,,,0.8,,,0.7,0.5,,,,
PLEKHF1,,,0.07,,0.38,,,,0.8,,1.0,,,,0.9,0.78,,,0.79,,,,
PLEKHF2,,,,,,,,,,,,0.9,,,,,,,,,,,
PLEKHG1,,,0.01,,0.27,,0.87,,0.73,,0.8,,,,0.8,,,0.9,0.75,0.85,,,
PLEKHG2,0.8,,0.0,,,,,,,,,,0.6,,0.5,0.7,,,,,0.7,,
PLEKHG3,,,0.0,,0.44,,,,0.8,,0.9,,,,0.6,,,,0.7,,,,
PLEKHG4,,,,,,,,,,,,0.8,,,,,,,,,,,
PLEKHG4B,,,,,,,,,,,,0.8,,,,,,,,,,,
PLEKHG5,,,0.0,,,,0.5,0.6,0.7,,0.9,,,,0.75,,,,,0.94,,,
PLEKHG6,,,0.0,,0.77,,0.1,0.6,0.7,,0.9,,,,,0.7,,,0.5,,,,
PLEKHG7,,,0.0,,,,0.8,,,,,,0.7,,0.85,,,,,,0.95,,
PLEKHH1,,,0.0,,0.37,,0.5,,0.7,,0.6,,,,0.8,,,0.9,0.8,0.96,,,
PLEKHH2,,,0.0,,0.74,,,,0.8,,0.9,,,,0.8,,,,0.7,,,,
PLEKHH3,,,,,,,,,,,,0.9,,,,,,,,,,,
PLEKHJ1,,,0.06,,0.4,,0.1,0.8,0.6,,0.7,,,,0.9,,,,0.5,,,0.5,
PLEKHM1,,,0.01,,0.28,,0.6,,0.6,,0.9,,,,0.8,,,,0.8,,,,
PLEKHM2,0.8,,0.0,,0.35,,,,0.55,,0.65,,,,0.7,,,,0.5,,,0.5,
PLEKHM3,,,,,,,,,,,,0.9,,0.7,,,,,,,,,
PLEKHN1,,,0.0,,0.8,,,,0.8,,0.6,,,,0.8,,,,0.7,,,,
PLEKHO1,,,,,,,,,,,,,,,,,,,,,,,
PLEKHO2,,,,,,,,,,,,1.0,,,,,,,,,,,
PLEKHS1,,,0.0,,0.8,,,0.4,0.6,,0.8,,,,,,,,0.7,,,,
PLET1,,,1.0,,1.0,,,,0.6,,0.8,,,,0.8,,,,0.5,,,,
PLG,,,0.9,,0.3,,,0.6,0.75,0.9,0.85,,,,,,,0.9,,,,,
PLGLA,,,0.0,,0.0,,,,0.6,,,,,,,,,,0.2,,,0.5,
PLGLB1,,,0.0,,0.0,,,,,,,,0.9,,,0.6,,,0.5,,,,
PLGRKT,,,0.0,,0.6,,,,0.7,,0.9,,,,0.7,0.7,,,0.5,,,0.6,
PLIN1,0.7,,0.0,,,,,,,,,,0.9,,,0.65,,,,,0.99,,
PLIN2,0.7,,0.0,,0.82,,,,0.8,,0.9,,,,0.6,,,,0.5,0.92,,,0.5
PLIN3,,,0.0,,0.74,,0.1,0.4,0.6,,0.8,,,,0.6,0.5,0.7,,0.5,0.87,,,
PLIN4,,,0.0,,0.5,,,,0.6,,0.8,,,,0.9,0.6,,,0.7,1.0,,,
PLIN5,,,0.0,,0.5,,,0.6,0.8,,0.9,,,,0.8,,,,0.7,0.93,,,
PLK1,0.9,,,,,,,,,,,,,,,,,,,,,,
PLK2,,1.0,,1.0,0.94,,,0.6,0.75,0.8,0.7,,,,0.8,0.85,,0.85,,0.81,,,
PLK3,,,0.0,,0.48,,,,0.75,0.7,0.9,,,,,,,,0.6,,,,
PLK4,0.8,1.0,0.0,,0.38,,,,0.75,0.6,0.7,,,,0.5,,,,,,1.0,,
PLK5,,,0.0,,0.66,,,,0.6,,0.9,,,,,0.7,,,0.5,,,,
PLLP,,,0.9,,,,,,,,,,0.8,,0.75,,,,,,,,
PLN,,,,,,,,,,,,,,,,,,,,,,,
PLOD1,,,,,,,,,,,,0.8,,,,,,,,,,,
PLOD2,0.8,,0.0,,,,,,,,,,0.9,,0.75,,,,,,0.9,,
PLOD3,,,,,,,,,,,,,,,,,,,,,,,
PLP1,1.0,,,0.93,0.0,,,0.7,0.8,,,,0.95,,0.8,,,,,,1.0,,
PLP2,,,0.0,,0.69,,,,0.8,,0.68,,,,0.9,,,,0.76,,,,
PLPBP,0.8,,0.0,,,,,,,,,,0.9,,0.9,,,,,,,,
PLPP1,,,1.0,,1.0,,,0.2,0.9,,0.8,,,,0.7,,,,0.5,0.75,,,
PLPP2,,,0.0,,0.0,,,,0.7,,0.8,,,,0.8,0.6,,,0.5,0.9,,,
PLPP3,,,1.0,,,,,,,,,,0.94,,,,,,,,0.79,,
PLPP4,,,0.0,,0.0,0.0,,0.2,0.8,,0.9,,,,0.8,,,,0.5,0.88,,,
PLPP5,,,1.0,,1.0,,,,0.6,,0.8,,,,0.7,,,,0.5,,,,
PLPP6,,,1.0,,1.0,,,,0.8,,0.9,,,,0.9,,,,0.5,,,0.6,
PLPP7,,,0.0,,0.0,,,,0.6,,0.8,,,,0.5,,,,0.5,0.93,,,
PLPPR1,,,0.0,,0.0,,,0.6,0.7,,0.8,,,,0.9,,,,0.5,,,,
PLPPR2,,,0.0,,0.0,,,0.6,0.7,,0.8,,,,0.9,0.5,,,0.5,,,0.6,
PLPPR3,,,0.0,,0.0,,,,0.8,,0.9,,,,0.7,,0.8,,0.7,,,,
PLPPR4,,,1.0,,1.0,,,,0.7,,0.9,,,,0.8,0.85,,,0.8,0.9,,,0.6
PLPPR5,,,1.0,,1.0,,,,0.8,,0.9,,,,0.7,,,,0.5,0.9,,,
PLRG1,,1.0,,1.0,0.09,,0.6,0.7,0.7,,0.9,,,,0.8,,,,0.5,,,0.5,
PLS1,,,0.0,,0.42,,0.7,,0.8,,0.9,,,,0.8,0.75,,0.7,0.6,1.0,,,
PLS3,,,,,,,,,,,,0.9,,0.6,,,,,,,,,
PLSCR1,,,0.05,,0.32,,,,0.67,,0.79,,,,,,,,0.64,,,,
PLSCR2,,,0.0,,0.75,,,,0.6,,0.85,,,,0.7,,,,0.5,,,,0.5
PLSCR3,,,1.0,,1.0,,,,0.8,,0.9,,,,0.8,0.85,,,0.5,0.7,,,
PLSCR4,,,0.0,,0.63,,,0.6,0.8,,0.85,,,,0.7,0.75,,,0.8,0.81,,,
PLSCR5,,,0.0,,0.95,,,,0.5,,0.7,,,,0.8,,,,0.6,,,,
PLTP,,,,,,,,,,,,0.8,,,,,,,,,,,
PLVAP,0.7,,0.0,,0.6,0.8,,0.5,0.6,,0.9,,,,0.6,,,,0.5,0.93,,,
PLXDC1,,,0.0,,0.56,,,,0.6,,0.8,,,,0.7,,,,0.5,,,,
PLXDC2,,,0.3,,,,0.9,0.6,0.7,,,,0.8,,0.7,,,,,,,,
PLXNA1,,,,1.0,0.84,,0.5,0.6,0.7,,0.9,,,,0.75,0.78,,0.8,0.8,0.66,,,
PLXNA2,,,,,,,,,,,,0.9,,0.6,,,,,,,,,
PLXNA3,,,,,,,,,,,,0.9,,,,,,,,,,,
PLXNA4,,,,1.0,0.14,,,0.6,0.8,,0.9,,,,0.8,0.82,,,0.75,0.8,,,
PLXNB1,,,,,,,,,,,,,,,,,,,,,,,
PLXNB2,,,,,,,,,,,,0.8,,,,,,,,,,,
PLXNB3,,,0.23,,0.23,0.14,,0.1,0.75,,0.79,,,,0.6,,,,0.95,,0.89,,
PLXNC1,,,,,,,,,,,,0.8,,0.6,,,,,,,,,
PLXND1,,,,,,,,,,,,0.9,,0.7,,,,,,,,,
PM20D1,,,0.0,,0.99,,,,0.7,,0.9,,,,0.6,,,,0.8,1.0,,,
PM20D2,,,0.0,,0.57,,0.1,0.5,0.6,,0.8,,,,0.9,,,,0.5,0.69,,,
PMAIP1,,,0.12,,0.7,,0.8,,0.85,,0.9,,,,0.8,,,,0.1,1.0,,,
PMCH,,,0.12,,0.39,0.47,,1.0,1.0,,1.0,,,,0.8,,,,0.83,1.0,,,
PMCHL1,,,1.0,,1.0,,,,0.7,,,,,,,,,,0.5,0.6,,0.8,
PMCHL2,,,0.0,,0.0,,,,0.5,,,,,,,,,,0.1,0.3,,0.2,
PMEL,,,0.0,,,,0.5,0.7,0.8,,,,0.9,,0.7,,,,0.6,,,,
PMEPA1,,,,0.94,0.0,,,,0.7,,0.9,,,,0.8,,,,0.287,,,,0.6
PMF1,,,0.0,,0.9,,0.5,0.6,0.7,,0.8,,,,0.9,,0.8,,0.5,,,0.6,
PMFBP1,,,0.0,,0.87,,0.6,,0.6,,0.9,,,,,,,,0.5,1.0,,,
PML,,,0.22,,0.24,,0.83,0.7,0.78,,0.94,,,,,,,,0.88,0.73,,,
PMM1,,,0.0,,0.72,,,0.6,0.7,,,,0.9,,0.9,,,,0.5,0.7,,,
PMM2,0.7,0.8,0.0,,0.4,,,,0.8,,,,0.9,,0.7,,0.85,,,,0.75,,
PMP2,0.8,,0.9,,,,,,,,,,0.7,,0.6,,0.75,,,,0.85,,
PMP22,,1.0,,0.9,0.0,,0.2,,0.7,,0.9,,,,0.8,,,,0.5,,1.0,,0.6
PMPCA,,,0.0,,0.75,0.8,0.7,0.6,0.75,,0.85,,,,0.9,,,,0.6,0.7,,0.5,
PMPCB,,1.0,0.0,,0.61,,,0.6,0.7,,0.9,,,,0.8,,,,,,,0.5,
PMS1,,,0.0,,0.73,,,0.7,0.8,,0.9,,,,,,,,0.75,0.72,,,
PMS2,1.0,,0.0,,,,,,,,,,0.9,,0.8,,,,,,,,
PMS2CL,,,0.0,,0.0,,,,0.6,,,,,,,,,,0.5,,,0.7,
PMS2P1,,,1.0,,1.0,,,,0.6,,,,,,,,,,0.5,,,0.2,
PMS2P11,,,0.0,,0.0,,,,,,,,,,,,,,0.5,,,1.0,
PMS2P2,,,1.0,,1.0,,,,0.8,,,,,,,0.75,,,0.5,,,0.5,
PMS2P3,,,1.0,,1.0,,,,0.7,,,,,,,,,0.9,0.8,,,0.6,
PMS2P5,,,1.0,,1.0,,,,0.8,,,,,,,0.8,,,0.5,,,0.9,
PMVK,,,0.0,,0.79,0.82,0.5,,0.8,0.5,0.9,,,,0.6,,,,0.96,,,0.48,
PNCK,,,0.0,,0.65,,,,0.8,,0.9,,,,0.9,,0.75,,0.5,0.88,,,
PNISR,,,,1.0,0.93,,,,0.9,,0.8,,,,0.8,,,,0.7,0.85,,,
PNKD,,,0.0,,0.63,,0.8,0.6,0.7,,0.9,,,,0.8,,0.4,,0.5,,,0.5,
PNKP,0.7,,0.0,,0.92,,,0.6,0.8,,,,0.9,,0.8,,,,0.5,,,,
PNLDC1,,,0.0,,0.71,,,0.7,0.6,,0.9,,,,,,,,0.5,,,,
PNLIP,0.8,,0.0,,,,,,,,,,0.9,,0.8,,,,,,1.0,,
PNLIPRP1,,,0.0,,0.9,,,0.5,0.8,,0.68,,,,0.75,,,,0.5,1.0,,,
PNLIPRP2,0.4,,0.0,,,,0.5,0.7,0.8,,,,,,,,,,,,,0.6,
PNLIPRP3,0.75,,0.0,,,,0.8,,,,,,0.9,,0.9,0.78,,,,,,,
PNMA1,,,0.04,,0.36,,,0.6,0.8,,0.9,,,,0.9,,,,0.7,,,,
PNMA2,,,0.0,,0.57,0.8,,,0.8,,0.9,,,,0.6,,,,0.7,0.93,,,
PNMA3,,,0.0,,0.0,,,,0.7,,0.9,,,,,,0.4,,0.5,,,,0.6
PNMA5,,,0.0,,0.0,,,0.6,0.7,,0.9,,,,0.8,,,,0.5,,,,
PNMA6A,,,0.0,,0.0,,,,0.6,,0.8,,,,0.7,,,,0.5,,,,
PNMA6E,,,0.0,,0.0,,,,0.6,,,,,,,,,,0.8,,,,
PNMA6F,,,0.0,,0.0,,,,0.5,,,,,,,,,,0.5,,,,
PNMA8A,,,,,,,,,,,,,,,,,,,,,,,
PNMA8B,,,0.0,,0.0,,,,0.6,,0.8,,,,,0.4,,,0.5,,,,
PNMA8C,0.3,,,,,,,,,,,,,,,,,,,,,,
PNMT,,,0.8,,0.5,,0.7,,0.7,0.6,0.9,,,,0.7,,,,0.5,0.9,,,0.6
PNN,,1.0,0.1,,0.26,,,0.7,0.65,,0.85,,,,0.8,,,,0.75,,,,
PNO1,,,0.24,,0.26,0.7,,0.4,0.5,,0.58,,,,0.7,,,,0.5,,,0.52,
PNOC,,,0.9,,0.55,,,0.7,0.7,,0.8,,,,0.6,,,,0.6,0.99,,,
PNP,0.8,1.0,0.0,,0.66,,,,0.7,0.6,0.9,,,,0.7,,,,,0.79,,,
PNPLA1,0.9,,0.0,,0.42,,,0.6,0.7,,,,0.9,,,,0.8,,0.8,1.0,,,
PNPLA2,0.8,,0.0,,0.4,,,0.6,0.75,,0.9,,,,0.8,0.7,0.85,,0.5,,,,
PNPLA3,,,0.0,,0.65,,0.9,0.4,0.7,,0.8,,,,0.6,,,,0.5,0.96,,,
PNPLA4,,,0.0,,0.61,,,0.6,0.7,,0.8,,,,0.8,,,,0.5,,,0.6,
PNPLA5,,,0.0,,0.66,,,0.7,0.8,,0.94,,,,,,0.75,,0.5,,,,
PNPLA6,0.8,1.0,0.0,,0.48,,,,0.7,,,,0.9,,0.8,,,,,,,0.6,
PNPLA7,,,0.0,,0.86,,,,0.6,,0.7,,,,0.9,0.7,,,0.8,0.73,,,
PNPLA8,0.7,0.8,0.9,,,,,,,,,,0.6,,,,0.8,,,,,,
PNPO,0.8,,0.0,,,,,,,,,,0.9,,0.8,0.7,,,,,,,
PNPT1,,1.0,0.0,,0.3,,0.6,0.5,0.8,,0.9,,,,0.7,0.75,0.9,,,,,0.5,
PNRC1,,,,0.91,0.0,,,,0.75,,0.8,,,,0.9,,,,0.5,,,,
PNRC2,,,0.0,,0.0,,,,0.7,,0.8,,,,0.75,0.65,,,0.5,0.65,,,
POC1A,0.8,,0.0,,0.57,,,0.6,0.7,,0.9,,,,0.7,,,,0.5,,0.99,,
POC1B,,,0.0,,0.58,,0.8,0.7,0.6,,0.7,,,,0.8,,,,0.5,,,0.5,
POC5,,,0.0,,0.58,,0.6,0.7,0.8,,0.9,,,,0.8,,,,0.75,0.72,,,
PODN,,,0.0,,,,0.5,0.6,0.7,,,,0.9,,0.8,,,,0.4,0.84,,,
PODNL1,,,0.8,,0.5,,,,0.7,,0.9,,,,0.75,,,0.8,0.6,,0.9,,
PODXL,,,,,,,,,,,,0.8,,,,,,,,,,,
PODXL2,,,,1.0,0.0,,,0.5,0.6,,0.8,,,,0.75,0.8,,,0.7,,,,
POF1B,0.8,,0.0,,0.76,,,0.5,0.6,,0.9,,,,0.7,,,,0.5,1.0,,,
POFUT1,,,,,,,,,,,,1.0,,0.7,,,,,,,,,
POFUT2,,,,,,,,,,,,0.9,,0.7,,,,,,,,,
POGK,,,,0.92,0.16,,,,0.7,,0.248,,,,0.9,,,,0.609,,,,
POGLUT1,,,,,,,,,,,,0.8,,0.6,,,,,,,,,
POGZ,1.0,,,1.0,0.05,,,,0.6,,0.7,,,,0.8,,,0.8,0.8,,,,
POLA1,0.7,,,1.0,0.0,0.9,,0.4,0.6,0.6,0.5,,,,0.5,,,,0.8,0.7,,,
POLA2,,,,,,,,,,,,,,,,,,,,,,,
POLB,,1.0,0.0,,0.49,,0.1,0.7,0.8,,0.9,,,,0.8,,,,,1.0,,,
POLD1,0.8,1.0,0.0,,,,,0.5,0.7,0.6,,,0.9,,0.8,0.75,,,,,0.7,,
POLD2,,,0.0,,0.43,,,0.5,0.6,,0.7,,,,,,,,0.8,,,0.6,0.5
POLD3,,,,1.0,0.92,,0.8,0.2,0.76,,0.72,,,,,,,,0.93,0.66,,,
POLD4,,,0.48,,0.17,,,,0.67,,0.8,,,,0.7,0.65,,,0.24,,,,
POLDIP2,,,0.5,,,,,,,,,,0.8,,0.8,,0.9,,,,,,
POLDIP3,,,0.43,,0.22,,,0.2,0.11,,0.174,,,,0.5,,,,0.421,,,,1.0
POLE,0.9,1.0,0.0,,0.51,,,0.5,0.6,0.8,0.7,,,,0.75,,,,,0.93,,,
POLE2,0.8,,0.0,,0.49,,,0.5,0.75,,0.91,,,,0.6,0.65,,,0.5,,,,
POLE3,,,0.03,,0.49,,,0.76,0.82,,0.87,,,,0.6,,,,0.73,,,0.53,
POLE4,,,0.0,,0.92,,,0.6,0.7,,0.8,,,,0.7,,,,0.5,,,0.6,
POLG,,1.0,0.0,,0.41,,0.8,,0.6,,0.7,,,,,,,,,,,0.7,
POLG2,0.8,,0.0,,0.71,,,0.6,0.7,,0.9,,,,0.8,,,,0.5,0.7,,,
POLH,0.8,,0.0,,0.57,,,0.6,0.85,,0.9,,,,0.7,,,,0.7,0.82,,,
POLI,,,,,,,,,,,,,,,,,,,,,,,
POLK,,,,,,,,,,,,,,,,,,,,,,,
POLL,,1.0,0.0,,0.74,,,0.6,0.7,,0.8,,,,0.8,,,,0.5,,,0.59,
POLM,,,0.0,,0.76,,,0.4,0.8,,0.9,,,,0.6,,,,0.5,,,,
POLN,,,0.0,,0.5,,,,0.5,,0.6,,,,,,,,0.7,,,,
POLQ,,,0.0,,,,,,,,,,0.85,,,,,,0.4,,0.99,,
POLR1A,0.7,,,1.0,0.16,,,,0.75,,,,0.85,,,,,,0.8,,,,
POLR1B,0.8,1.0,,1.0,0.87,,,,0.85,,,,0.9,,,0.8,1.0,,,,0.79,,
POLR1C,0.8,,0.0,,,,,0.6,,,,,0.9,,0.7,0.7,0.9,,,,0.5,,
POLR1D,,,,,,,,,,,,,,,,,,,,,,,
POLR1E,,,,,,,,,,,,,,0.6,,,,,,,,,
POLR2A,,1.0,,1.0,0.09,,0.8,,0.6,,0.7,,,,,,,,,0.64,,,
POLR2B,,,,0.55,0.22,,0.8,,0.85,,0.9,,,,,,,,0.75,,,0.6,0.7
POLR2C,,,0.0,,0.47,,,,0.7,,0.9,,,,0.8,,,,0.6,,,0.5,
POLR2D,,,0.21,,0.29,0.44,,0.58,0.64,,0.68,,,,0.75,0.65,,,0.71,0.93,,,
POLR2E,,,0.0,,,,0.5,0.7,0.8,,,,0.9,,0.7,0.6,,,,,,0.6,
POLR2F,,,0.9,,0.4,,,,0.7,,0.8,,,,0.7,,,,0.5,,,0.6,
POLR2G,,,0.0,,0.79,,,0.6,0.7,,0.9,,,,0.8,,,,0.8,,,0.5,
POLR2H,,,,,,,,,,,,,,,,,,,,,,,
POLR2I,,,0.33,,0.24,,,,0.8,,0.85,,,,0.75,,,,0.25,,,0.52,
POLR2J,,,0.0,,0.72,,,0.7,0.8,,0.9,,,,0.7,,,,0.5,,,0.6,
POLR2J3,,,1.0,,1.0,,,,0.8,,,,,,0.5,,0.7,,0.5,,,0.6,0.4
POLR2K,,,0.8,,0.6,,,,0.7,,0.9,,,,0.8,0.7,,,0.5,,,0.6,
POLR2L,,,0.0,,0.5,0.6,,,0.7,,0.8,,,,0.7,0.6,,,0.3,,,0.6,
POLR2M,,,0.03,,0.35,0.726,,,0.7,,0.2,,,,0.9,0.65,,,0.466,1.0,,,
POLR3A,0.5,,0.0,,0.68,,,,0.85,,,,0.9,,,0.75,,,0.7,,0.61,,
POLR3C,,,,,,,,,,,,,,,,,,,,,,,
POLR3D,,,0.0,,0.83,,,0.75,0.85,,0.9,,,,0.8,0.75,,,0.7,,,,
POLR3E,,,0.9,,0.3,,,0.6,0.7,,0.8,,,,0.5,0.75,,,0.6,,,0.7,
POLR3F,,,,,,,,,,,,,,,,,,,,,,,
POLR3G,,,0.0,,0.5,,,0.5,0.7,,0.8,,,,0.7,,,,0.6,0.79,,,
POLR3GL,0.8,,0.0,,,,,0.6,,,,,0.9,,0.5,,0.8,,,,,,
POLR3H,,,0.9,,0.5,,,,0.7,,0.8,,,,0.7,0.75,,,0.6,,,0.6,
POLR3K,,,0.11,,0.4,,,0.8,0.75,,0.94,,,,0.7,,,,0.1,,,0.59,
POLRMT,,,0.0,,0.69,,,,0.7,,0.9,,,,0.75,0.7,0.85,,0.8,,,,
POM121,,,0.0,,0.0,,,,0.6,,0.7,,,,0.7,,,,0.8,,,,0.6
POM121B,,,1.0,,1.0,,,,,,,,,,,0.75,,,0.5,,,0.8,
POM121C,,,0.0,,,,,,,,,,,,0.6,0.5,0.7,,,,,,
POM121L12,,,0.0,,0.0,,,,0.6,,0.8,,,,,0.5,,,0.5,,,,
POM121L1P,,,0.9,,0.9,,,,0.7,,,,,,,0.3,,,0.5,,,0.4,
POM121L2,,,0.0,,0.0,,,,0.6,,0.8,,,,,,,,0.5,,,,
POMC,0.7,1.0,0.0,,0.78,,0.5,0.6,0.8,,0.9,,,,,,,,,1.0,,,
POMGNT1,0.8,1.0,0.0,,0.79,,,,0.8,,,,0.9,,0.75,,0.85,,,,,0.6,
POMGNT2,,,0.0,,0.63,,0.5,0.4,0.6,,0.8,,,,0.8,,,,0.5,,,,
POMK,0.8,,0.0,,,,,0.6,,,,,0.9,,0.75,,0.85,,,,0.79,,
POMP,,,,0.91,0.0,,0.8,,0.6,,0.9,,,,0.8,,0.7,,0.5,,,0.5,
POMT1,1.0,1.0,0.0,,0.71,,,,0.8,,0.9,,,,0.7,0.6,,,,0.64,,,
POMT2,0.9,,0.0,,0.56,,,0.4,0.6,,0.7,,,,0.8,0.6,,,0.5,0.72,,,
POMZP3,,,0.0,,0.7,,,,0.4,,0.93,,,,0.8,,,,0.5,,,,
PON1,,,0.0,,0.87,,0.9,0.5,0.6,,0.7,,,,0.8,,,,0.5,1.0,,,
PON2,0.8,,0.0,,0.58,,,0.7,0.8,,,,0.9,,0.8,,,,0.5,,,0.6,
PON3,,,0.0,,0.79,,,,0.85,,0.9,,,,0.7,0.75,,,0.5,0.97,,,
POP1,0.6,,0.0,,0.56,,,,0.75,,0.9,,,,0.7,,,,0.7,0.92,,,
POP4,,,0.0,,,,0.8,0.6,0.7,,,,0.9,,0.7,,0.8,,,,,0.5,
POP5,,,0.0,,,,0.5,0.8,,,,,0.7,,0.8,0.6,0.9,,,,,,
POP7,,,0.03,,0.8,0.64,0.75,,0.8,,0.85,,,,0.7,,,,0.7,,,0.5,
POPDC2,,,0.0,,0.6,,,0.6,0.8,,0.9,,,,0.8,,,,0.7,,,,
POPDC3,0.8,,0.9,,0.6,,,0.4,0.7,,0.9,,,,0.8,,,,0.5,,,,
POR,0.8,1.0,0.0,,,,,,,,,,0.9,,0.8,,,,,,0.7,,
PORCN,0.7,,,1.0,0.0,0.9,,,0.8,,,,0.9,,0.8,,,,0.8,0.7,,,
POSTN,,0.9,0.0,,0.5,,0.6,,0.8,,0.7,,,,0.8,,,,,,,,0.7
POT1,,,,0.83,0.19,,0.4,0.5,0.6,,0.8,,,,0.9,,,,,0.64,,,
POTEA,,,0.0,,0.0,,,,0.5,,,,,,,,,,0.5,,,,
POTEB,,,0.0,,0.0,,,,0.6,,,,,,,,,,0.8,,,,
POTEB3,,,0.0,,0.0,,,0.6,0.5,,0.8,,,,0.4,,,0.7,0.5,,,0.2,
POTEC,,,0.0,,0.83,,,0.8,0.7,,,,,,0.9,0.6,,,0.6,,,,
POTED,,,0.0,,0.5,,,,0.6,,,,,,0.7,,,,0.5,,,,
POTEE,,,1.0,,1.0,,,,0.7,,0.9,,,,0.6,,,0.85,0.8,1.0,,,
POTEF,,,0.0,,0.0,,,,0.7,,0.8,,,,0.8,,,0.6,0.5,1.0,,,
POTEG,,,0.0,,0.0,,,,0.7,,0.9,,,,0.5,0.4,,0.6,0.8,1.0,,,
POTEH,,,0.0,,0.0,,,,0.8,,0.9,,,,0.8,0.5,,0.7,0.5,,,,
POTEI,,,0.0,,0.0,,,,0.7,,,,,,0.8,,,0.8,0.5,,,,
POTEJ,,,0.0,,0.0,,,,0.6,,0.8,,,,0.8,,,0.7,0.5,1.0,,,
POTEKP,,,1.0,,1.0,,,,0.8,,,,,,,,,0.7,0.5,,,,
POTEM,,,0.0,,0.66,,,,0.6,,0.9,,,,0.8,0.6,,,0.5,,,,
POU1F1,,,0.04,,0.34,,0.5,,0.6,,0.9,,,,,,,,0.73,1.0,,,
POU2AF1,,,,0.6,0.18,,0.75,0.1,0.5,,0.8,,,,0.8,0.7,,,0.5,1.0,,,
POU2F1,,1.0,,0.91,0.18,,,0.3,0.19,,0.464,,,,0.7,,,,0.743,0.63,,,
POU2F2,,1.0,,1.0,0.04,0.8,0.5,0.6,0.7,,0.9,,,,0.9,,,,0.5,0.96,,,
POU2F3,,,0.0,,,,0.5,,,,,,0.96,,0.8,0.7,,,,,1.0,,0.6
POU3F1,,,0.0,,0.0,,,,0.7,,0.8,,,,0.7,,,,0.5,0.99,,,
POU3F2,,1.0,,0.92,0.08,,,,0.8,,0.9,,,,0.6,0.75,,,0.5,0.88,,,
POU3F3,0.8,,0.0,,0.0,,,,0.7,,,,0.9,,0.7,,,,0.5,0.85,,,
POU3F4,0.8,,,0.56,0.15,,,,,,,,0.9,,,,,,0.72,,0.99,,
POU4F1,,1.0,,0.88,0.0,,,,0.8,,0.9,,,,,,,,0.75,0.99,,,
POU4F2,,,0.08,,0.37,,,,0.88,,0.95,,,,,0.78,,,0.82,,,,
POU4F3,0.8,,,0.93,0.0,,,,0.6,,0.7,,,,,,,,0.5,0.71,,,
POU5F1,,1.0,,0.98,0.94,,0.75,0.6,0.9,,0.85,,,,0.8,,,,,0.8,,,
POU5F1B,,,0.0,,,,0.8,,,,,,0.9,,,,,,,,,,
POU5F2,,,0.0,,0.96,,,,0.6,,0.8,,,,,,,0.7,0.5,1.0,,,
POU6F1,,,,0.84,0.1,,,,0.6,,0.9,,,,,,,0.8,0.75,0.68,,,
POU6F2,,,0.01,,0.3,,0.8,,0.6,,0.75,,,,0.8,,,0.85,0.7,0.89,,,
PP2D1,,,0.0,,0.0,,,,0.6,,0.8,,,,,,,,0.5,1.0,,,
PPA1,,,0.8,,0.6,,0.4,,0.6,,0.9,,,,0.5,,,,0.5,,,0.7,
PPA2,,,0.0,,0.86,,0.8,0.7,0.75,,0.9,,,,0.8,,,,0.5,,,0.6,
PPAN-P2RY11,,,0.0,,0.79,,0.1,,0.7,,0.9,,,,,,,,0.5,0.66,,,
PPARA,,,0.04,,0.31,,0.6,0.5,0.7,0.9,0.85,,,,0.8,,,,0.75,,,0.54,
PPARD,,1.0,,0.99,0.0,,0.4,0.6,0.7,0.9,0.8,,,,0.7,,,,0.5,,,0.6,
PPARG,,1.0,0.14,,0.27,,0.84,0.4,0.75,0.87,0.95,,,,,,,1.0,,0.96,,,
PPARGC1A,,1.0,,1.0,0.8,,0.6,0.5,0.8,,0.7,,,,,0.8,,,0.7,0.81,,,
PPARGC1B,,1.0,,0.54,0.22,,0.6,0.4,0.9,,0.8,,,,0.6,,,,0.7,0.82,,,
PPAT,0.9,,,0.98,0.12,,,0.1,0.75,0.6,0.8,,,,0.7,,,,0.517,0.84,,,
PPBP,,,,,,,,,,,,1.0,,1.0,,,,,,,,,
PPCDC,,,0.0,,0.76,,,,0.6,,0.7,,,,0.8,,,,0.5,,,,
PPCS,0.7,,0.9,,,,,,,,,,0.8,,0.8,0.75,0.85,,,,,,
PPDPF,,,0.0,,0.7,,,,0.6,,0.8,,,,0.8,,,,0.5,,,,
PPDPFL,,,0.0,,0.0,,,0.4,0.6,,0.7,,,,,0.5,,,0.1,,,,
PPEF1,,,,0.98,0.12,,,0.1,0.45,,0.76,,,,,,0.7,0.9,0.65,0.99,,,
PPEF2,0.5,,0.0,,0.69,,,,0.4,,0.58,,,,0.7,0.65,0.8,,0.75,0.99,,,
PPFIA1,,,,1.0,0.01,,,0.5,0.6,,0.7,,,,0.7,,0.8,,0.8,,,0.5,
PPFIA2,,,,1.0,0.04,0.9,0.6,0.5,0.7,,0.8,,,,0.75,,0.85,0.9,0.7,0.8,,,
PPFIA3,,,,1.0,0.95,,,0.6,0.8,,0.9,,,,0.8,,,0.7,0.7,,,,
PPFIA4,,,0.0,,0.4,,0.6,0.5,0.8,,0.9,,,,0.7,,,0.6,0.7,1.0,,,
PPFIBP1,,,,,,,,,,,,0.9,,,,,,,,,,,
PPFIBP2,,,0.0,,,,0.8,,,,,,0.9,,0.5,,,,,,0.7,,
PPHLN1,,1.0,0.0,,,,,,,,,,0.9,,0.6,0.75,,,0.7,,,,0.5
PPIA,,1.0,,0.57,0.15,,,,0.8,0.75,0.85,,,,,,,,,,,0.54,
PPIAL4A,,,1.0,,1.0,,,,0.7,,0.8,,,,,,,,0.5,,,0.0,
PPIAL4C,0.4,,1.0,,1.0,,,,,,,,0.9,,,,0.7,,0.8,,,0.5,
PPIAL4D,,,0.0,,0.0,,,,,,,,,,,0.6,,,0.5,1.0,,,
PPIAL4E,,,1.0,,1.0,,,,,,,,,,,,,,0.5,,,0.0,
PPIAL4G,,,1.0,,1.0,,,0.8,0.7,,0.9,,,,,,,,0.8,,,,
PPIB,0.8,,0.0,,,,,,,,,,0.9,,0.6,,0.8,,,,0.7,,
PPIC,,,0.0,,0.65,,,,0.8,,0.9,,,,0.7,0.7,,,0.5,0.76,,,
PPID,,,0.0,,0.77,,0.1,0.2,0.6,,0.9,,,,0.7,0.5,,,0.5,,,,
PPIE,,,,,,,,,,,,,,,,,,,,,,,
PPIF,,,0.0,,,,0.8,,,,,,0.9,,0.6,0.7,0.85,,,,0.9,,
PPIG,,,,,,,,,,,,,,,,,,,,,,,
PPIH,,,0.0,,0.65,,,,0.7,,0.9,,,,0.7,0.7,,,0.5,,,0.6,
PPIL1,,,0.1,,0.33,,0.9,0.7,0.75,,0.85,,,,0.9,,,,0.8,,,0.53,
PPIL2,,,0.0,,0.35,,,0.5,0.7,,0.9,,,,0.9,0.7,,,0.6,,,,
PPIL3,,,,0.9,0.0,,,0.6,0.8,,0.9,,,,0.75,0.78,,,0.8,,,0.7,0.7
PPIL4,,,0.0,,0.6,,0.5,,0.9,,0.8,,,,0.8,,,0.7,0.5,0.63,,,
PPIL6,,,0.0,,0.79,,0.5,,0.6,,0.9,,,,0.7,,,,0.5,0.93,,,
PPIP5K1,,,,,,,,,,,,0.8,,,,,,,,,,,
PPIP5K2,,,0.0,,0.64,,0.5,,0.6,,0.9,,,,0.7,,0.8,,0.8,0.62,,,
PPL,,,,,,,,,,,,0.9,,,,,,,,,,,
PPM1A,,,,1.0,0.0,,0.8,0.5,0.6,,0.7,,,,0.8,,,,,,,0.6,
PPM1B,,1.0,0.01,,0.38,,0.1,0.5,0.65,,0.8,,,,0.8,,,,,,,0.5,
PPM1D,0.8,1.0,0.0,,0.74,,,,0.7,,,,0.9,,0.6,,,,,,,,
PPM1E,,,,0.99,0.89,,0.5,0.7,0.8,,0.9,,,,0.8,,0.85,,0.75,0.99,,,
PPM1F,,1.0,0.0,,0.41,,,,0.9,,0.8,,,,0.6,,,,0.5,0.64,,,
PPM1G,,1.0,,0.94,0.15,,,,0.7,,0.9,,,,0.6,,,,0.8,0.96,,,
PPM1H,,,,0.8,0.18,,,,0.8,,0.9,,,,0.7,0.75,0.85,,0.5,0.94,,,
PPM1J,,,0.0,,0.67,,,,0.7,,0.56,,,,0.8,0.5,,,0.5,,,,
PPM1K,,,,,,,,,,,,,,0.7,,,,,,,,,
PPM1L,,,,,,,,,,,,0.9,,,,,,,,,,,
PPM1M,,,0.0,,0.51,,,,0.7,,0.9,,,,0.6,,,,0.5,0.73,,,
PPM1N,,,0.0,,0.83,,,,0.6,,0.8,,,,0.7,,,,0.5,0.71,,,
PPME1,,1.0,,1.0,0.04,,,0.4,0.6,0.5,0.7,,,,0.7,,,,0.8,,,0.6,0.5
PPOX,0.5,,0.03,,0.3,,,,0.8,,0.85,,,,0.8,,,,0.95,,,,
PPP1CA,,,,0.98,0.06,,,0.85,0.8,,,,0.9,,,0.78,,,0.5,,,0.7,0.6
PPP1CB,,1.0,,1.0,0.0,,0.8,0.5,0.6,,0.7,,,,0.8,,,,,0.75,,,
PPP1CC,,,,0.94,0.89,,,0.9,0.87,,0.93,,,,,,,,0.81,,,0.54,
PPP1R10,,1.0,,1.0,0.94,,0.5,,0.9,,0.8,,,,0.8,,,,0.5,,,0.7,0.6
PPP1R11,,,0.38,,0.21,,0.1,,0.75,,0.85,,,,0.7,,,0.8,0.63,,,0.7,
PPP1R12A,,1.0,,1.0,0.95,,,0.5,0.6,,0.7,,,,0.6,0.75,,,0.4,,,,
PPP1R12B,,,0.0,,0.33,,0.5,0.85,0.8,,0.9,,,,0.7,,,,0.7,,,,
PPP1R12C,,,,0.75,0.2,,,,0.6,,,,0.7,,0.75,,,,0.78,,0.73,,
PPP1R13B,,,,,,,,,,,,1.0,,0.7,,,,,,,,,
PPP1R13L,,,,,,,,,,,,,,,,,,,,,,,
PPP1R14A,,,0.13,,0.36,,,0.6,0.8,,0.9,,,,0.8,,,,0.5,,,,0.7
PPP1R14B,,,0.0,,0.71,,,,0.8,,0.9,,,,0.6,,,,0.5,,,,
PPP1R14C,,1.0,0.0,,0.65,,,0.1,0.9,,0.79,,,,0.7,,,,0.5,0.96,,,
PPP1R14D,0.5,,0.0,,0.93,,,0.5,0.6,,0.8,,,,,,,,0.5,1.0,,,
PPP1R15A,,,,,,,,,,,,,,,,,,,,,,,
PPP1R15B,0.8,1.0,0.19,,0.25,,,,0.6,,,,0.9,,0.7,0.65,0.75,,,,0.62,,
PPP1R16A,,,0.0,,,,0.5,,,,,,0.9,,0.7,,,0.7,,,,,
PPP1R16B,,,,,,,,,,,,0.8,,0.6,,,,,,,,,
PPP1R17,0.6,,0.0,,0.77,,,,0.8,,0.9,,,,0.7,,0.75,,0.5,,1.0,,
PPP1R18,,,0.0,,0.41,0.87,0.1,0.6,0.7,,0.8,,,,0.7,,,,0.5,0.79,,,
PPP1R1A,,,0.8,,0.5,0.7,,0.5,0.8,,0.9,,,,0.7,,,,0.6,,,,
PPP1R1B,,,0.25,,0.25,,,0.1,0.75,,0.95,,,,0.9,,,,0.85,0.99,,,
PPP1R1C,,,0.0,,0.87,,,,0.7,,0.74,,,,,,,,0.5,1.0,,,
PPP1R2,,,0.07,,0.33,,,,0.75,,0.9,,,,0.7,,,,0.8,,,0.5,
PPP1R21,,,0.0,,0.51,,0.6,0.6,0.7,,0.9,,,,0.9,,0.8,,0.7,,,0.5,
PPP1R26,,,1.0,,1.0,,,,0.8,,0.9,,,,0.9,,,,0.7,,,0.7,
PPP1R27,,,0.0,,0.5,,,,0.5,,0.8,,,,0.7,,,0.9,0.6,,,,
PPP1R2B,,,0.0,,0.0,,,,0.8,,,,,,0.6,0.4,,,0.5,,,0.0,
PPP1R2C,,,1.0,,1.0,,,,0.5,,,,,,,0.7,,,0.5,,,,
PPP1R2P1,,,,,,,,,,,,,,,,,,,,,,,
PPP1R35,,,0.9,,0.64,,,,0.7,,0.8,,,,0.7,0.75,,,0.5,0.7,,,
PPP1R36,,,0.0,,0.8,,,,,,,,0.9,,,0.75,,,0.7,,,,
PPP1R37,,,0.0,,0.0,,,,0.6,,0.8,,,,0.9,,,,0.7,,,0.5,
PPP1R3A,0.6,,0.8,,,,0.7,,,,,,0.9,,0.9,0.75,,,,,1.0,,
PPP1R3B,0.85,,0.3,,,,0.8,0.5,0.7,,,,0.9,,,0.7,0.75,,,0.8,,,
PPP1R3C,,1.0,0.0,,0.49,,,0.6,0.7,,0.9,,,,0.85,,,,0.5,,,,
PPP1R3D,,,0.0,,0.86,,,,0.7,,0.7,,,,0.5,,,,0.5,,,0.6,
PPP1R3E,0.5,,1.0,,1.0,,,,0.7,,0.6,,,,,,,,0.8,,,,
PPP1R3F,,,0.0,,0.77,,,,0.7,,0.9,,,,0.7,,,,0.5,,,,0.6
PPP1R3G,,,0.0,,0.0,,,,0.6,,0.8,,,,,0.7,,,0.5,,,,
PPP1R42,,,0.0,,0.87,,,,0.5,,0.79,,,,0.7,,,0.8,0.5,,,,
PPP1R7,,,,1.0,0.95,,,0.4,0.5,,0.7,,,,0.6,,,,0.6,,,0.7,
PPP1R8,,1.0,,0.98,0.0,,,,0.6,,,,0.9,,0.9,0.8,0.85,,0.7,,,0.52,
PPP1R9A,,,0.0,,0.33,,,,0.7,,0.9,,,,0.7,,,,0.8,0.69,,,0.6
PPP1R9B,,,,,,,,,,,,0.6,,,,,,,,,,,
PPP2CA,0.8,1.0,,0.99,0.05,,,0.5,0.85,,,,0.9,,,,,,,,,0.7,
PPP2CB,,,0.37,,0.23,0.4,,0.7,0.85,,0.9,,,,0.75,0.7,,,0.75,,,0.54,
PPP2R1A,0.75,,,0.99,0.13,,,0.8,0.7,,,,0.85,,,,,,,,,0.65,
PPP2R1B,0.8,,0.0,,0.77,,,,,,,,0.9,,0.8,,,,0.5,,,,0.6
PPP2R2A,,,,1.0,0.8,0.9,0.5,0.6,0.7,,0.9,,,,0.8,,,0.8,,,,0.7,
PPP2R2B,0.9,,,0.98,0.1,,,,0.8,,0.85,,,,0.8,,,,0.75,0.87,,,
PPP2R2C,,,,0.9,0.14,,0.5,0.7,0.8,,0.9,,,,0.7,,0.8,,0.6,0.87,,,
PPP2R2D,,,,0.92,0.12,,,0.75,0.7,,0.9,,,,0.7,0.78,,0.85,0.8,,,0.6,
PPP2R3A,,,,0.56,0.22,,0.8,0.6,0.7,,0.9,,,,0.7,,,0.8,0.85,0.84,,,
PPP2R3B,,,0.0,,0.58,,,0.2,0.8,,0.9,,,,0.5,,,0.6,0.5,0.8,,,
PPP2R3C,,,0.0,,0.66,0.75,0.8,,0.7,,0.9,,,,0.8,0.65,,0.5,0.5,,,0.6,
PPP2R5A,,,,,,,,,,,,0.8,,0.6,,,,,,,,,
PPP2R5B,,,,0.98,0.12,,,,1.0,,,,1.0,,0.9,,,,0.75,,,,
PPP2R5C,,,,,,,,,,,,,,,,,,,,,,,
PPP2R5D,0.8,1.0,,1.0,0.94,,,,0.7,,,,0.9,,0.9,,,,,,,0.6,
PPP2R5E,,,,1.0,0.0,0.9,0.7,,0.85,,0.8,,,,0.8,,,0.75,,,,0.6,
PPP3CA,,,,1.0,0.03,,0.6,0.65,0.75,,0.9,,,,,,,,0.7,0.91,,,
PPP3CB,0.75,,,1.0,0.0,,,,0.85,,,,0.9,,0.8,,,,0.8,,,,
PPP3CC,,,,,,,,,,,,,,,,,,,,,,,
PPP3R1,,,,,,,,,,,,,,,,,,,,,,,
PPP3R2,,,0.0,,0.5,,,0.7,0.9,,0.8,,,,0.8,0.7,,0.8,0.6,1.0,,,
PPP4C,,1.0,,0.79,0.16,,0.1,0.2,0.8,,0.9,,,,0.8,,,,,0.64,,,
PPP4R1,,,,1.0,0.87,,0.5,,0.6,,0.7,,,,0.7,,,,0.8,,,,
PPP4R1L,,,1.0,,1.0,,,,0.8,,,,,,,0.5,,0.7,0.5,,,0.6,
PPP4R2,,,,1.0,0.0,,,0.5,0.6,,0.8,,,,0.9,0.85,,,0.7,,,0.7,
PPP4R3A,,,0.0,,0.0,,,0.5,0.6,,0.8,,,,0.9,,,,0.5,,,,
PPP4R3B,,,1.0,,1.0,,,,0.8,,0.9,,,,0.8,,,0.6,0.7,,,,
PPP4R3C,,,0.0,,0.0,,,,0.6,,,,,,,,,0.7,0.5,,,0.4,
PPP4R4,,,0.0,,,,0.6,0.3,0.7,,,,0.9,,0.4,,0.5,,,,0.8,,
PPP5C,,,,1.0,0.93,,0.75,,0.8,,0.9,,,,,,,,0.6,,,0.7,
PPP6C,,,,0.85,0.15,,,,0.8,,0.92,,,,0.7,,,,0.61,,,0.48,
PPP6R1,,,,0.99,0.16,,,0.4,0.87,,0.84,,,,0.8,,,,0.88,,,,
PPP6R2,,,0.13,,0.25,,,0.8,0.67,,0.86,,,,,0.73,,,0.96,,,0.52,
PPP6R3,,,,1.0,0.14,,0.4,0.5,0.7,,0.6,,,,0.6,,,,0.75,0.63,,,
PPRC1,,,,1.0,0.93,,0.1,,0.9,,0.8,,,,0.8,,,0.85,0.5,0.66,,,
PPT1,,,0.0,,0.52,0.41,0.5,,0.7,,0.9,,,,0.7,,,0.6,0.5,,,0.55,
PPT2,,,0.0,,0.4,,,,0.8,,0.9,,,,0.8,,,,0.5,,0.75,,0.5
PPTC7,,,,0.91,0.08,,,0.8,0.9,,0.88,,,,,0.82,,,0.76,,,,
PPWD1,,,0.0,,0.38,,,,0.8,,0.9,,,,0.7,0.65,,,0.7,0.63,,,
PPY,,,0.9,,0.73,,,0.6,0.7,,0.8,,,,,,,,0.5,1.0,,,
PPY2P,,,0.0,,0.0,,,,0.5,,,,,,,0.1,,,0.1,,,0.2,
PQBP1,0.8,,,0.78,0.11,,,,0.7,,,,0.9,,0.9,,,,0.5,,,,
PRAC1,,,0.8,,0.4,,,,0.6,,0.7,,,,,0.7,,,0.5,,,,
PRAC2,,,0.0,,0.0,,,,0.5,,,,,,,,,,0.1,,,,0.6
PRADC1,,,0.0,,0.86,,,,0.6,,0.55,,,,0.9,0.65,,,0.75,,,,
PRAF2,,,,,,,,,,,,,,,,,,,,,,,
PRAG1,,,0.0,,0.0,,,,0.8,,0.9,,,,0.8,0.5,,,0.7,,,0.2,
PRAM1,,,0.0,,0.42,,,,0.8,,0.9,,,,0.8,0.7,,,0.8,,,,
PRAME,,,0.0,,0.82,,,0.4,0.8,,0.9,,,,0.6,,,,0.5,1.0,,,
PRAMEF1,,,0.0,,0.6,,,,0.7,,0.8,,,,0.8,,,0.8,0.7,,,,
PRAMEF10,,,0.0,,0.79,,,0.2,0.6,,0.9,,,,0.5,,,,0.5,1.0,,,
PRAMEF11,,,0.0,,0.65,,,,0.8,,,,,,,0.5,,,0.5,,,0.2,
PRAMEF12,,,0.0,,0.71,,,,0.6,,0.8,,,,0.7,,,,0.5,1.0,,,
PRAMEF13,,,0.4,,,,,,,,,,,,,,,,,,,,
PRAMEF14,,,0.29,,0.0,,,,0.6,,,,,,0.9,,,0.7,0.5,1.0,,,
PRAMEF15,0.4,,0.8,,,,,,,,,,0.6,,,,,,0.7,,,,
PRAMEF17,,,0.0,,0.7,,,0.6,,,0.8,,,,0.7,,,,0.5,,,0.0,
PRAMEF18,,,0.0,,,,,,,,,,,,,,,,0.6,,,,
PRAMEF19,,,0.2,,0.1,,,,,,,,0.6,,,,,,0.5,,,,
PRAMEF2,,,0.0,,0.5,,,,0.6,,0.8,,,,0.8,,,,0.7,,,,
PRAMEF20,,,0.9,,,,,,,,,,0.7,,,,,,0.6,,,,
PRAMEF22,,,0.0,,0.6,,,,0.7,,,,,,,,,,0.5,,,,
PRAMEF26,,,0.0,,,,,,,,,,,,,,,,0.6,,,,
PRAMEF27,,,1.0,,1.0,,,,,,,,,,,,,,0.8,,,0.7,
PRAMEF33,,,0.0,,,,,,,,,,,,,,,,0.5,,,,
PRAMEF4,0.4,,0.0,,,,,,0.6,,,,,,,,,,0.5,,,0.9,
PRAMEF5,0.3,,0.0,,,,,,,,,,0.9,,,,,,0.4,,,0.5,
PRAMEF6,,,0.0,,,,,,,,,,0.9,,0.6,,,,0.5,,,,
PRAMEF7,,,0.34,,0.0,,,,0.6,,0.9,,,,0.85,,,,0.5,,,0.2,
PRAMEF8,,,1.0,,1.0,,,,0.6,,0.8,,,,,,,0.9,0.7,,,0.5,
PRAP1,,,0.97,,0.51,,,0.6,0.7,,0.9,,,,0.8,,,,0.75,,,,
PRB1,,,0.1,,,,,,,,,,,,,,,,,,,0.7,
PRB2,,,0.0,,0.8,,,,0.5,,0.6,,,,0.7,,,,0.7,0.9,,,
PRB3,,,0.0,,0.8,,,,0.7,,0.9,,,,0.8,0.6,,,0.5,,,,
PRB4,,,0.0,,0.3,,,,0.7,,,,,,,,,,0.5,,,0.2,0.6
PRC1,,,0.0,,,,0.7,0.2,0.8,,,,0.9,,0.75,,,,,0.93,,,0.5
PRCC,0.8,,,0.96,0.11,0.77,,0.64,0.87,,,,0.86,,0.5,0.68,,,0.49,,,0.48,
PRCD,0.8,,0.02,,0.66,,,,0.6,,0.5,,,,,0.65,,,0.54,,0.91,,
PRCP,,,0.0,,0.81,,0.5,,0.6,0.5,0.8,,,,0.8,,0.8,0.7,0.5,,,0.6,
PRDM1,,1.0,,0.99,0.11,,0.8,0.6,0.7,,0.9,,,,,0.85,,,0.5,,,,
PRDM10,0.7,,0.1,,0.24,,,,0.7,,,,0.9,,0.8,0.75,,,0.75,,,,
PRDM11,,,,0.98,0.1,,,,0.9,,0.96,,,,0.7,0.82,,,0.511,0.78,,,
PRDM12,,,,0.93,0.08,,,,0.6,,0.7,,,,,,,,0.5,0.89,,,
PRDM13,,,,0.56,0.2,,,,0.6,,0.8,,,,,,,0.9,0.75,0.96,,,
PRDM14,,,0.8,,,,,,,,,,0.9,,,,,,,,,,
PRDM15,,,0.0,,0.3,,0.5,,0.7,,0.9,,,,0.6,,,,0.8,0.68,,,
PRDM16,,1.0,,1.0,0.92,,0.9,,0.6,,0.7,,,,,,,,,,,,
PRDM2,,,,1.0,0.88,,,,0.7,,0.8,,,,0.7,,,,0.5,,,,
PRDM4,,,0.0,,0.36,,,,0.8,,0.9,,,,0.7,,,,0.7,,,0.6,
PRDM5,0.8,,0.0,,0.58,,,0.6,0.7,,,,0.9,,,,,,0.5,,,,
PRDM6,0.8,,0.0,,,,,,,,,,0.9,,0.8,,,,0.5,,0.95,,
PRDM7,,,0.0,,,,0.5,,,,,,0.9,,0.6,0.7,,,,,,,
PRDM8,0.8,,,0.77,0.17,,,,0.8,,0.9,,,,,,,,0.5,0.83,,,
PRDM9,0.7,,0.0,,0.94,,0.6,,0.5,,0.7,,,,,,0.9,,0.8,1.0,,,
PRDX1,,,0.0,,0.5,,0.3,,0.7,,0.8,,,,0.8,,,,0.6,,,0.6,
PRDX2,,,0.09,,0.35,,,0.64,0.72,,0.91,,,,0.8,,,,0.79,,,0.48,
PRDX3,,,,,,,,,,,,1.0,,,,,,,,,,,
PRDX4,,,0.13,,0.31,0.61,,,0.75,,0.9,,,,0.7,0.75,,,0.54,0.79,,,
PRDX5,,,0.0,,0.73,,0.6,,0.75,,0.8,,,,,,,,0.5,,,0.7,
PRDX6,,,,,,,,,,,,0.9,,,,,,,,,,,
PREB,,,0.0,,0.44,,,0.1,0.85,,0.63,,,,0.5,0.5,,0.5,0.83,,,0.48,
PRELID1,,,0.09,,0.31,,,0.1,0.8,,0.95,,,,0.9,,,,0.44,,,0.6,0.7
PRELID2,,,0.0,,0.96,,,0.6,0.7,,0.9,,,,0.8,,,,0.5,,,,
PRELID3A,,,1.0,,1.0,,,0.7,0.85,,0.9,,,,0.8,,,,0.8,,,,
PRELID3B,,,0.0,,0.0,,,,0.7,,0.8,,,,0.9,,,,0.5,,,0.6,
PRELP,,,0.0,,0.72,,0.6,0.6,0.7,,0.8,,,,0.9,,,,0.5,,,,
PREP,,,,,,,,,,,,0.7,,0.5,,,,,,,,,
PREPL,0.8,,0.0,,,,,,,,,,0.9,,0.5,,0.6,,,,0.77,,
PREX1,,,,1.0,0.97,,0.9,,0.75,,0.8,,,,0.9,,,,0.7,0.8,,,
PREX2,,,0.0,,0.46,,,,0.6,,0.9,,,,0.8,0.65,,,0.8,0.71,,,
PRF1,,,,,,,,,,,,1.0,,0.6,,,,,,,,,
PRG2,,,0.0,,0.68,,,0.7,0.8,,0.9,,,,0.75,,,,0.5,1.0,,,
PRG3,,,0.0,,0.6,,,0.7,0.8,,0.8,,,,0.7,,,,0.5,1.0,,,
PRG4,0.7,,0.0,,0.5,,,,0.85,,0.9,,,,0.75,,,,0.8,0.95,,,
PRH2,,,0.3,,0.5,,,,0.7,,0.9,,,,0.8,,,,0.6,,,,
PRICKLE1,,1.0,,1.0,0.03,,0.5,,0.6,,0.7,,,,0.7,0.75,,,,0.89,,,
PRICKLE2,,,,1.0,0.13,,,,0.6,,0.9,,,,0.7,,0.75,,0.7,0.76,,,
PRICKLE3,0.75,,,0.56,0.2,,,0.85,0.7,,,,0.9,,0.75,,,,0.8,0.68,,,
PRICKLE4,,,0.0,,0.62,,,,0.75,,0.93,,,,,,,,0.5,,,1.0,
PRIM1,,,0.8,,,,0.7,0.6,0.85,,,,0.9,,0.75,0.8,,,,0.9,,,
PRIM2,,,,,,,,,,,,,,,,,,,,,,,
PRIMA1,,,,0.63,0.14,,,,0.6,,0.6,,,,0.7,,,,0.5,,,,
PRIMPOL,,,0.0,,0.95,,0.7,0.6,0.5,,0.6,,,,,,,,0.5,,,,
PRKAA1,,,0.11,,0.26,,0.83,0.6,0.8,,0.95,,,,,0.85,,,0.55,,,,0.5
PRKAA2,0.75,,0.0,,0.6,,,0.6,0.85,,0.9,,,,,,,,0.7,0.84,,,
PRKAB1,,1.0,0.01,,0.43,,,0.6,0.34,0.1,0.8,,,,0.7,,,0.9,0.54,,,,
PRKAB2,,,,0.93,0.08,,,0.5,0.33,0.1,0.85,,,,0.7,,,,0.54,,,,
PRKACA,0.75,0.85,,0.9,0.8,,,0.5,0.8,,,,0.9,,,,,,,,,,
PRKACB,,,,,,,,,,,,0.8,,0.75,,,,,,,,,
PRKACG,0.5,,1.0,,1.0,0.8,,0.7,0.8,,0.9,,,,0.8,,,0.9,0.7,1.0,,,
PRKAG1,,,0.0,,0.52,,0.8,0.6,0.7,,0.9,,,,0.8,,,,0.5,,,0.5,
PRKAG2,,,,1.0,0.1,,0.9,0.6,0.85,,0.7,,,,0.8,,,,0.8,,,0.75,
PRKAG3,,,0.0,,0.8,,0.1,0.6,0.9,,0.95,,,,0.8,,,,0.489,1.0,,,
PRKAR1A,,,,,,,,,,,,0.8,,0.6,,,,,,,,,
PRKAR1B,,,,,,,,,,,,0.8,,0.6,,,,,,,,,
PRKAR2A,,,0.12,,0.27,,,0.4,0.93,,0.95,,,,0.75,0.7,,,0.8,0.62,,,
PRKAR2B,,,,1.0,0.0,,,0.7,0.8,0.9,0.85,,,,0.9,0.85,,,0.75,,,,
PRKCA,,,0.34,,0.23,,0.9,0.7,0.75,0.9,0.85,,,,,,,0.8,,0.75,,,
PRKCB,0.7,,,1.0,0.0,0.9,0.6,,0.75,0.8,0.7,,,,,,,0.85,,,0.89,,
PRKCD,,,,1.0,0.94,0.8,,,0.85,0.9,0.8,,,,,0.85,,,,0.76,,,
PRKCE,,,,1.0,0.08,,0.87,0.7,0.75,0.93,0.8,,,,,0.84,,0.85,,,,,
PRKCG,,,,1.0,0.8,0.85,,,0.75,0.7,0.6,,,,,,,,,,0.92,,
PRKCH,,1.0,,0.55,0.21,,0.8,,0.7,0.8,0.9,,,,0.8,0.75,0.7,,0.5,0.8,,,
PRKCI,,,0.23,,0.24,,,,,,,,,,,,,,,,,,
PRKCQ,,,0.17,,0.24,0.28,0.6,0.4,0.68,0.73,0.92,,,,,,,0.85,0.71,0.97,,,
PRKCSH,0.8,,0.0,,,,,0.6,,,,,0.9,,0.7,0.7,0.8,,,,,,
PRKCZ,,,,0.58,0.21,,0.4,0.7,0.6,0.8,0.9,,,,,,,0.9,0.592,0.91,,,
PRKD1,,1.0,0.0,,0.43,,0.8,,0.7,0.6,0.5,,,,,0.75,,0.8,,,,,
PRKD2,,,,1.0,0.92,,0.6,,0.9,0.75,0.8,,,,,,,,0.7,,,,
PRKD3,,,0.8,,,,0.7,,0.75,0.9,0.85,,,,0.9,,,0.9,,,0.6,,
PRKDC,,1.0,,1.0,0.02,,,0.3,0.7,0.8,0.9,,,,,,,,0.6,,,,
PRKG1,,1.0,,1.0,0.92,,0.6,0.5,0.7,0.75,0.9,,,,,,,0.9,,0.96,,,
PRKG2,,,,0.91,0.19,,0.93,,0.93,0.5,0.67,,,,0.75,0.82,,0.85,0.76,0.86,,,
PRKN,0.8,,0.0,,,,,,,,,,,,,,,,,,0.6,,
PRKRA,,1.0,0.44,,0.21,,0.5,,0.8,,0.9,,,,,0.65,,,,,,0.5,
PRKRIP1,,,0.0,,0.5,,,,0.8,,,,0.9,,0.7,,0.8,,0.6,,,,
PRKX,,,0.03,,0.4,,,,0.8,0.5,0.9,,,,0.6,0.65,,0.85,0.75,0.88,,,
PRKY,,,1.0,,1.0,,,,0.8,,,,,,,,,0.6,0.5,,,0.2,
PRL,,,0.0,,0.83,,,0.2,0.8,,0.9,,,,,0.6,,,0.5,,,,
PRLH,,,0.2,,0.9,,,0.3,0.6,,0.8,,,,0.9,,,,0.5,,,,
PRLHR,,,0.0,,,,0.5,,0.7,0.8,0.9,,,,0.75,,,0.9,,0.97,,,
PRLR,,,,0.95,0.11,,0.6,0.5,0.8,0.75,0.9,,,,0.7,,,0.8,0.7,0.95,,,
PRM1,,,0.03,,0.91,,,,0.5,,0.6,,,,,,,,0.1,1.0,,,
PRM2,0.4,,0.8,,0.6,,,0.7,0.6,,0.9,,,,,,,,0.5,1.0,,,
PRM3,,,0.0,,0.0,,,,0.7,,,,,,,0.6,,,0.5,,,,
PRMT1,,1.0,,1.0,0.0,,,0.6,0.75,0.8,0.7,,,,,,,,0.5,,,0.6,
PRMT2,,,0.9,,0.7,,,0.6,0.7,,0.8,,,,0.8,,,,0.5,,,,
PRMT3,,,0.0,,0.5,,,,0.85,0.8,0.9,,,,0.75,0.75,0.9,,0.6,,,0.7,0.6
PRMT5,,1.0,,1.0,0.97,,,,0.85,0.8,0.9,,,,,,,,0.6,,,0.7,
PRMT6,,,0.0,,0.46,,,0.5,0.7,0.6,0.9,,,,,,,,0.5,,,0.6,
PRMT7,,,0.0,,0.72,,0.6,,0.6,0.5,0.9,,,,0.5,,,,0.5,0.7,,,
PRMT8,,,,,,,,,,,,0.7,,0.6,,,,,,,,,
PRMT9,,,1.0,,1.0,,,,0.7,,0.9,,,,,0.8,,,0.8,,,,
PRND,,,0.9,,0.68,,,,0.7,,0.8,,,,0.8,,,,0.5,1.0,,,
PRNP,,,0.0,,0.65,,0.9,,0.8,,,,,,0.7,,,,0.1,,,0.5,
PRNT,,,0.0,,0.0,,,,0.4,,0.5,,,,,,,,0.1,,,,
PROB1,,,0.0,,0.0,,,,0.5,,0.6,,,,,,,,0.5,,,,
PROC,,1.0,0.0,,0.48,,0.6,0.6,0.7,0.5,0.9,,,,0.7,,,0.8,,1.0,,,
PROCA1,,,0.0,,0.9,,,,0.6,,0.7,,,,,,,,0.5,,,,
PROCR,0.8,1.0,0.1,,0.5,,0.9,,0.7,,0.8,,,,0.8,0.75,,,,0.9,,,
PRODH,,,0.0,,0.74,0.96,0.6,0.5,0.7,,0.9,,,,0.9,,,,0.6,0.85,,,
PRODH2,0.9,,0.0,,0.86,,,,0.8,,0.9,,,,0.75,,,,0.7,1.0,,,
PROK1,,,0.0,,0.5,,,0.4,0.7,,0.9,,,,0.8,,,,0.6,,,,
PROK2,0.8,,0.9,,,,,,,,,,,,0.85,,,,,,0.95,,
PROKR1,,,0.0,,0.5,,,,0.7,0.8,0.9,,,,0.75,,,0.9,0.6,0.95,,,
PROKR2,0.8,1.0,0.0,,0.9,,,,0.65,0.8,0.7,,,,0.8,,,0.9,,0.96,,,
PROM1,0.9,,0.0,,0.74,,,,0.8,,0.7,,,,0.9,,,,0.6,0.97,,,
PROM2,,,0.0,,0.65,0.72,,,0.9,,0.99,,,,0.8,,,,0.83,0.94,,,0.75
PROP1,,,0.09,,0.34,,,,,,,,,,,,,,,,,,
PRORSD1P,,,0.0,,0.0,,,,0.6,,,,,,,,,,0.5,,,0.7,
PRORY,,,0.0,,0.0,,,,,,,,,,,0.3,,,0.5,1.0,,,
PROS1,0.9,1.0,0.0,,0.35,,,0.5,0.7,,,,0.9,,0.8,,,,0.6,0.87,,,
PROSER1,,,,0.73,0.2,,,,0.7,,0.53,,,,0.9,,,,0.94,,,,
PROSER2,,,0.0,,0.93,,,0.7,0.8,,0.9,,,,0.8,0.6,,,0.5,,,,
PROSER3,,,0.0,,0.0,,,,0.6,,0.8,,,,,,,,0.5,,,,
PROX1,,1.0,,1.0,0.93,,0.9,,0.75,,0.8,,,,0.8,,,,0.6,,,,0.6
PROX2,,,0.0,,0.6,,,,0.7,,0.8,,,,,,,,0.5,0.76,,,
PROZ,,,0.0,,,,0.8,0.7,0.6,,0.7,,,,0.8,,,0.8,,1.0,,,
PRPF18,,,0.0,,0.47,,,0.8,0.7,,0.9,,,,0.7,,,,0.6,,,0.5,
PRPF19,,,,,,,,,,,,,,,,,,,,,,,
PRPF3,,1.0,,1.0,0.0,,0.8,0.7,0.6,,0.7,,,,0.7,,,,,0.8,,,
PRPF31,0.8,1.0,,1.0,0.92,,,0.6,0.7,,,,0.9,,0.75,,,,,,,0.5,
PRPF38A,,,,,,,,,,,,,,,,,,,,,,,
PRPF38B,,,,0.89,0.18,,,,0.9,,0.87,,,,0.7,,,,0.75,0.65,,,
PRPF39,,,,1.0,0.9,,,0.5,0.6,,0.9,,,,0.7,,,0.8,0.7,0.65,,,
PRPF4,,,,,,,,,,,,,,,,,,,,,,,
PRPF40A,,,0.11,,0.24,0.67,,0.65,0.8,,0.63,,,,0.9,,,,0.75,0.65,,,
PRPF40B,,,,1.0,0.87,,,0.6,0.7,,0.9,,,,0.7,,0.85,,0.8,,,,
PRPF6,0.5,,0.0,,0.28,,,0.4,0.7,,,,0.9,,0.6,,0.8,0.6,0.6,,,0.7,
PRPF8,,,,1.0,0.89,,0.5,,0.7,,0.9,,,,0.7,,,,0.8,0.63,,,
PRPH,,,0.0,,0.99,,0.5,,0.7,,0.9,,,,0.6,,,,0.5,0.97,,,
PRPH2,,,0.14,,0.28,,,,0.5,,0.58,,,,0.7,,,,0.69,0.8,,,
PRPS1,0.8,,,0.92,,,,0.6,,,,,0.9,,0.75,,,,,,,,
PRPS1L1,,,0.23,,0.28,,,,0.9,,,,,,0.75,0.72,,,0.64,1.0,,,
PRPS2,,,,,,,,,,,,,,,,,,,,,,,
PRPSAP1,,,0.0,,0.74,,,0.4,0.6,,0.9,,,,0.8,,,,0.5,,,0.7,
PRPSAP2,,,0.0,,0.42,,,0.6,0.7,,0.85,,,,0.8,,,,0.5,,,0.57,
PRR11,,,0.0,,0.59,,,0.8,0.7,,0.9,,,,0.8,,,,0.5,,,,
PRR12,,,,1.0,0.0,,0.7,,0.5,,0.6,,,,0.6,,,,0.8,0.7,,,
PRR13,,,0.9,,0.74,,,,0.7,,,,0.8,,,,,,0.5,,,,
PRR14,,,0.12,,0.26,,,0.6,0.7,,0.8,,,,0.7,0.75,,,0.5,,,,
PRR14L,,,,1.0,0.15,,,,0.6,,0.9,,,,0.7,,,,0.8,,,,
PRR15,,,,0.54,0.0,,,,0.6,,0.96,,,,,,,,0.5,1.0,,,
PRR15L,,,,,,,,,,,,,,,,,,,,,,,
PRR16,,,0.2,,,,0.5,,,,,,0.9,,0.7,,,,,,0.95,,
PRR18,,,,,,,,,,,,,,,,,,,,,,,
PRR19,,,,0.83,0.1,,,,0.6,,,,0.76,,,,,,0.71,,1.0,,
PRR20E,,,0.0,,0.0,,,,0.6,,,,,,,0.4,,,0.5,,,0.4,
PRR22,,,0.01,,0.7,,,,0.8,,0.9,,,,,,,,0.85,1.0,,,
PRR23A,,,,,,,,,,,,,,,,,,,,,,,
PRR23B,,,0.0,,0.0,,,,0.8,,,,,,,,,,0.5,,,,
PRR23C,,,,,,,,,,,,,,,,,,,,,,,
PRR23D2,0.3,,0.0,,0.0,,,,,,,,,,,,,,0.5,,,1.0,
PRR25,,,0.0,,0.65,,,,0.6,,0.9,,,,,,,,0.5,,,,
PRR27,,,0.0,,0.0,,,,0.6,,0.8,,,,0.7,0.5,,,0.5,,,,
PRR29,,,0.0,,0.0,,,,0.4,,0.1,,,,,,,,0.5,0.89,,,
PRR3,0.7,,0.0,,,,0.5,,,,,,0.75,,0.9,0.7,,,,,0.6,,
PRR30,,,0.0,,0.0,,,,0.6,,0.9,,,,,,,,0.5,1.0,,,
PRR32,,,0.0,,0.0,,,,0.5,,,,1.0,,1.0,,,,0.5,,,,
PRR33,0.3,,0.0,,0.0,,,,,,0.5,,,,,0.4,,,0.5,,,0.5,
PRR34,,,0.9,,0.95,,,,0.7,,0.8,,,,,,,0.85,0.5,,,0.6,
PRR35,,,0.0,,0.0,,,,0.6,,0.8,,,,,,,,0.5,1.0,,,
PRR36,,,0.0,,0.0,,,,0.5,,,,0.6,,0.8,,0.3,,0.5,0.95,,,
PRR4,0.75,,0.04,,0.66,,,,0.6,,0.8,,,,0.9,0.75,,,0.67,,,,
PRR5,,,0.25,,,,0.5,,0.8,,,,0.9,,,,,,,0.75,,,
PRR5L,,,0.8,,,,0.7,,,,,,0.9,,0.75,0.8,0.85,,,,0.95,,
PRR7,,,,0.87,0.0,,,,0.8,,1.0,,,,0.9,,,,0.5,0.8,,,
PRR9,,,0.0,,0.0,,,,0.4,,0.6,,,,,0.3,,,0.5,,,,
PRRC1,,,0.0,,0.98,,,,0.7,,0.8,,,,0.6,,,,0.5,,,,
PRRC2A,,,,,,,,,,,,,,,,,,,,,,,
PRRC2B,,,,1.0,0.8,,,0.6,0.8,,0.9,,,,0.9,,,,0.7,,,0.7,
PRRC2C,,,,1.0,0.94,,0.8,,0.75,,0.9,,,,0.7,,,,0.7,0.64,,,
PRRG1,,,,,,,,,,,,1.0,,,,,,,,,,,
PRRG2,,,0.0,,0.85,,0.4,,0.5,,0.6,,,,0.9,0.7,,,0.5,0.91,,,
PRRG3,,,0.0,,0.5,,,0.4,0.7,,0.9,,,,0.85,0.7,,,0.6,,,,
PRRG4,,,0.11,,0.32,,,0.4,0.8,,0.54,,,,0.6,,0.7,,0.226,,,,
PRRT1,,,0.6,,,,0.8,,,,,,0.9,,0.75,0.78,0.85,,,,0.9,,
PRRT2,0.9,,,0.57,0.18,0.81,,0.6,0.7,,0.78,,,,0.7,,,,0.68,0.94,,,
PRRT3,,,0.0,,0.39,,,0.4,0.7,,0.8,,,,0.6,,,,0.5,,,,
PRRT4,,,0.0,,0.0,,,,0.6,,0.8,,,,0.75,,,,0.5,,,,
PRRX1,,,0.27,,0.25,,0.14,,0.8,,0.9,,,,,,,,,,,,
PRRX2,,,0.14,,0.35,,,,0.8,,0.9,,,,,0.65,,,0.5,0.88,,,
PRSS1,,,0.0,,0.7,0.4,0.8,0.4,0.5,0.6,0.7,,,,0.7,,,0.8,0.5,1.0,,,
PRSS12,0.8,,0.0,,0.96,,,,0.8,,0.77,,,,0.75,0.78,,,0.875,0.95,,,
PRSS16,,,0.0,,0.52,,0.1,,0.6,,0.8,,,,0.7,,,,0.5,0.91,,,
PRSS2,0.8,,0.0,,,,,0.6,,,,,0.9,,0.7,,0.8,,,,,,
PRSS21,0.8,,0.0,,0.78,,,0.67,0.75,,0.92,,,,0.85,,,,0.5,,,,0.6
PRSS22,,,0.0,,0.49,0.7,0.2,0.3,0.6,,0.8,,,,0.7,,,0.9,0.5,0.99,,,
PRSS23,,,0.0,,0.62,,0.1,0.5,0.87,,0.78,,,,0.8,,,0.9,0.76,0.88,,,0.7
PRSS27,,,0.0,,0.64,,,,0.75,,0.95,,,,,0.75,,,0.87,1.0,,,
PRSS29P,,,0.0,,0.0,,,,,,,,,,,0.4,,,0.5,,,,
PRSS3,,,0.0,,0.5,0.7,0.5,,0.6,0.4,0.8,,,,0.8,,0.7,0.9,0.6,1.0,,,
PRSS33,,,0.0,,0.88,,0.8,0.6,0.7,,0.9,,,,0.8,0.7,,,0.5,,,,
PRSS35,,,0.0,,0.5,,,,0.7,,0.8,,,,0.9,,,,0.6,0.9,,,
PRSS36,,,0.0,,0.83,,,,0.6,,0.8,,,,0.8,,,0.9,0.5,0.81,,,
PRSS37,,,0.0,,0.77,,,0.7,0.8,,0.9,,,,0.9,,,,0.5,,,,
PRSS38,,,0.0,,0.69,,,,0.6,,0.8,,,,0.7,,,,0.5,,1.0,,
PRSS3P2,,,1.0,,1.0,,,,0.6,,,,,,,,,,0.8,,,0.5,
PRSS41,,,0.0,,0.0,,,,0.7,,,,,,,,,,0.5,,,,
PRSS46P,,,0.0,,0.0,,,,,,,,,,,0.5,,,0.5,,1.0,,
PRSS48,,,0.0,,0.7,,,0.5,0.6,,0.9,,,,0.7,,,0.8,0.8,,1.0,,
PRSS50,0.6,,0.0,,0.59,,,0.6,0.8,,0.99,,,,0.8,,,,0.5,,,,
PRSS51,,,0.0,,0.0,,,,,,,,,,,0.5,,,0.5,1.0,,,
PRSS53,,,0.0,,0.96,,0.75,,0.8,,0.9,,,,0.7,,,0.9,0.6,0.72,,,
PRSS54,,,0.07,,0.38,,,,0.5,,0.78,,,,0.9,,,,0.79,,1.0,,
PRSS55,,,0.0,,0.7,,,,0.8,,0.9,,,,0.8,0.75,,,0.8,1.0,,,
PRSS56,0.8,,1.0,,,,,,,,,,0.9,,0.85,,,,,,,,
PRSS57,,,,,,,,,,,,1.0,,0.7,,,,,,,,,
PRSS58,,,0.0,,0.7,,,,0.7,,0.9,,,,0.8,,,0.8,0.6,1.0,,,
PRSS8,,,0.1,,0.3,,,,0.7,0.5,0.8,,,,0.6,,,0.85,0.75,0.93,,,
PRTFDC1,,,0.0,,0.5,0.6,0.8,,0.6,,0.7,,,,0.5,0.5,,,0.4,0.7,,,
PRTG,,,0.0,,0.41,,0.9,,0.7,,0.8,,,,0.9,,,,0.6,0.97,,,
PRTN3,,,,,,,,,,,,0.8,,0.6,,,,,,,,,
PRUNE1,0.8,,0.0,,,,,0.6,,,,,0.9,,,,,,,,,0.7,
PRUNE2,,,0.1,,,,,,,,,,,,,,,,,,,,
PRX,0.7,,0.0,,,,,,,,,,0.8,,,0.75,0.9,,,,1.0,,
PRY,,,1.0,,1.0,,,,0.6,,0.8,,,,,,,0.7,0.5,,,0.2,
PSAP,,,,,,,,,,,,0.8,,0.6,,,,,,,,,
PSAPL1,,,0.0,,,,0.5,,,,,,0.75,,0.9,0.65,0.8,,,,1.0,,
PSAT1,0.8,,0.0,,0.84,,,0.2,0.8,,,,0.9,,0.6,,,,0.5,0.82,,,0.7
PSCA,,,,,,,,,,,,0.8,,0.6,,,,,,,,,
PSD,,,,,,,,,,,,0.8,,0.7,,,,,,,,,
PSD2,,,1.0,,0.67,,,0.8,0.7,,,,0.9,,0.9,,,,0.6,,,,
PSD3,,,0.9,,0.3,,,,0.7,,0.8,,,,0.75,,,0.8,0.6,,,,
PSD4,,,,,,,,,,,,0.8,,,,,,,,,,,
PSEN1,0.85,1.0,,0.98,0.12,,,,0.7,0.8,0.75,,,,,,,,,,,0.54,
PSEN2,,,,,,,,,,,,0.8,,0.6,,,,,,,,,
PSENEN,,,,,,,,,,,,,,,,,,,,,,,
PSG1,,,0.0,,0.8,,,0.7,0.8,,0.9,,,,0.9,,,,0.7,,,,
PSG11,,,0.0,,0.6,,,0.5,0.7,,0.8,,,,0.8,,,,0.7,,,,0.6
PSG2,,,0.0,,0.8,,,,0.8,,0.9,,,,0.8,0.75,,,0.7,,,,
PSG3,,,0.0,,0.7,,0.5,0.6,0.8,,0.9,,,,0.7,,,,0.8,,,,
PSG4,,,0.0,,0.7,,0.5,,0.7,,0.8,,,,0.8,,,,0.6,1.0,,,
PSG5,,,0.0,,0.6,,,,0.7,,0.8,,,,0.9,,,,0.7,,,,
PSG6,,,0.0,,0.7,,,,0.6,,0.9,,,,0.8,,,,0.8,,,,
PSG7,,,0.0,,0.0,,,,0.7,,,,,,0.8,,,0.8,0.5,,,0.6,0.7
PSG8,,,0.0,,0.5,0.9,,0.7,0.6,,0.8,,,,0.9,,,,0.7,,,,
PSG9,0.6,,0.0,,,,0.5,0.7,0.8,,,,0.9,,0.7,,0.8,,,,0.96,,
PSIP1,,,,,,,,,,,,,,,,,,,,,,,
PSKH1,,,,,,,,,,,,1.0,,0.6,,,,,,,,,
PSKH2,,,0.0,,0.5,,,0.7,0.6,,0.9,,,,0.8,,,,0.7,1.0,,,
PSMA1,,,,0.98,0.94,,,0.75,0.96,0.87,0.92,,,,0.8,0.82,,,0.65,,,0.49,
PSMA2,,,,,,,,,,,,0.85,,0.75,,,,,,,,,
PSMA3,,,,0.99,0.06,,,,0.8,0.7,0.9,,,,0.8,0.85,,,0.5,,,0.6,
PSMA4,,,,,,,,,,,,,,,,,,,,,,,
PSMA5,,,,,,,,,,,,0.8,,0.6,,,,,,,,,
PSMA6,,,,0.99,0.0,,,,0.75,0.9,0.85,,,,0.8,0.85,,,,,,0.6,
PSMA7,,,,,,,,,,,,,,,,,,,,,,,
PSMA8,,,0.0,,0.59,0.43,,,0.9,0.7,0.8,,,,0.6,,,,0.5,1.0,,,
PSMB1,,,,,,,,,,,,0.9,,0.7,,,,,,,,,
PSMB10,0.8,,0.0,,0.85,,,,0.9,0.9,0.85,,,,0.7,,,,0.5,,,,
PSMB11,,,0.0,,0.5,0.62,,,0.85,0.8,0.9,,,,0.7,0.75,,,0.75,,,,
PSMB2,,,,0.92,0.08,0.63,,0.65,0.75,0.7,0.85,,,,0.8,0.78,,,0.8,,,0.49,
PSMB3,,,,0.96,0.0,,,0.48,0.94,0.78,0.81,,,,0.7,,,,0.41,,,0.0,
PSMB4,,,0.0,,0.44,,0.5,0.7,0.8,0.9,0.9,,,,0.8,0.7,,,0.5,,,0.6,
PSMB5,,,,,,,,,,,,,,,,,,,,,,,
PSMB6,,,0.02,,0.4,,,,0.85,0.7,0.9,,,,0.75,,,,0.8,,,0.6,
PSMB7,,,,,,,,,,,,0.8,,0.6,,,,,,,,,
PSMB8,0.5,,0.03,,0.36,,,,0.94,0.9,0.85,,,,0.6,,,,0.69,0.79,,,
PSMB9,,,0.0,,0.54,,0.8,0.75,0.9,0.9,0.85,,,,0.8,,,,0.5,0.94,,,
PSMC1,,1.0,,1.0,0.0,,,0.5,0.75,0.6,0.7,,,,0.8,,,,0.8,,,,
PSMC2,,,,1.0,0.0,,,0.75,0.85,0.8,0.9,,,,0.9,0.85,,,0.7,,,,
PSMC3,,,,,,,,,,,,0.8,,0.7,,,,,,,,,
PSMC3IP,0.8,,0.0,,0.63,,,,0.5,0.6,0.7,,,,0.7,0.7,,,0.5,0.86,,,
PSMC4,,1.0,0.32,,0.23,,,0.7,0.9,0.6,0.8,,,,0.8,0.65,,,0.75,,,,
PSMC5,,,,,,,,,,,,0.85,,0.8,,,,,,,,,
PSMC6,,,,1.0,0.92,0.89,,,0.7,0.6,0.8,,,,0.8,,,,0.75,,,0.6,
PSMD1,,,,,,,,,,,,0.7,,0.5,,,,,,,,,
PSMD10,,,,0.52,0.16,,,0.7,0.8,0.4,0.9,,,,0.6,,,,0.45,,,0.54,
PSMD11,,,,,,,,,,,,,,,,,,,,,,,
PSMD12,,,,,,,,,,,,0.8,,0.9,,,,,,,,,
PSMD13,,,,1.0,0.04,,,0.7,0.85,0.8,0.9,,,,0.9,,,,0.75,,,,
PSMD14,,,,0.98,0.06,0.55,,,0.97,0.6,0.78,,,,0.8,0.75,,,0.31,,,0.52,
PSMD2,,,,,,,,,,,,,,,,,,,,,,,
PSMD3,,,,,,,,,,,,0.7,,0.8,,,,,,,,,
PSMD4,,1.0,,1.0,,,,0.75,0.85,0.8,0.9,,,,0.9,,,,0.7,,,,
PSMD5,,,0.0,,0.63,0.75,0.1,0.7,0.6,0.4,0.8,,,,0.5,,,,0.5,,,,
PSMD6,,,,1.0,0.95,0.85,0.5,,0.75,0.6,0.8,,,,0.8,,,0.9,0.7,,,0.6,
PSMD7,,,,,,,,,,,,1.0,,0.7,,,,,,,,,
PSMD8,,,0.08,,0.3,,,0.5,0.85,0.6,0.8,,,,0.75,,,,0.7,,,0.49,
PSMD9,,,0.0,,0.83,,0.5,0.5,0.9,0.67,0.9,,,,0.7,,,0.8,0.5,,,0.6,
PSME1,,,0.1,,0.3,,,,0.85,0.8,0.9,,,,0.8,0.75,,,0.75,,,,
PSME2,,,0.98,,0.35,,,,0.9,0.4,0.8,,,,0.7,,,,0.5,0.69,,,
PSME3,,,,1.0,0.0,,,0.75,0.85,0.7,0.9,,,,0.7,,,,0.8,,,0.6,
PSME4,,,,1.0,0.89,,0.8,,0.75,0.7,0.6,,,,0.7,,,,0.5,0.63,,,
PSMF1,,,0.0,,0.93,,,0.6,0.85,0.8,0.9,,,,0.7,,,,0.5,,,0.5,
PSMG1,,1.0,0.0,,0.47,,0.6,,0.9,,0.8,,,,0.7,,,,,0.94,,,
PSMG2,0.7,,0.0,,0.88,,,0.7,0.6,,0.9,,,,0.7,,,,0.5,,,0.6,
PSMG3,,,0.18,,0.41,,,,0.78,,,,0.66,,0.7,,,,0.12,,,0.53,
PSMG3-AS1,,,0.0,,0.0,,,,0.7,,,,,,,,,,0.5,,,0.2,
PSMG4,,,1.0,,1.0,1.0,,,0.7,,,,0.6,,0.7,,,,0.8,,,0.5,
PSORS1C1,0.9,,0.0,,0.5,,0.8,,0.5,,0.6,,,,,,,,0.7,,,,
PSORS1C2,,,0.0,,0.87,,0.4,,0.5,,0.65,,,,0.7,,,,0.68,1.0,,,
PSPC1,,,,0.98,0.1,,,,0.8,,,,,,0.9,0.78,,,0.52,,,0.5,
PSPH,,,0.0,,,,0.8,,0.5,,0.6,,,,0.7,0.6,0.9,,,,,0.6,
PSPHP1,,,0.0,,0.0,,,,0.5,,,,,,,,,,0.1,,,0.2,
PSPN,,,0.0,,0.5,,,,0.7,,0.9,,,,0.8,,,,0.8,,,,
PSRC1,,,0.0,,,,0.6,0.5,0.8,,,,0.9,,,,,,,,0.86,,
PSTK,,,0.0,,0.6,,,,0.8,,0.9,,,,0.8,,,,0.7,,,,
PSTPIP1,0.8,,0.0,,,,,,,,,,,,,,,,,,0.9,,
PSTPIP2,,,0.0,,0.67,,,,0.7,,0.9,,,,0.6,,0.7,,0.5,,,,
PTAFR,,,0.2,,0.29,,,,0.87,0.67,0.93,,,,,,,,0.68,,,,0.75
PTAR1,,,,,,,,,,,,,,,,,,,,,,,
PTBP1,0.6,,,1.0,0.04,,0.7,,0.7,,0.6,,,,,,,,0.8,0.6,,,
PTBP2,,,,1.0,0.8,0.9,0.7,,0.5,,0.6,,,,0.7,,,,0.4,,,0.6,
PTBP3,,,,0.83,0.18,,,,0.6,,0.63,,,,,0.78,,,0.55,,,,
PTCD1,,,,,,,,,,,,,,,,,,,,,,,
PTCD2,,,0.0,,,,0.8,,,,,,0.9,,0.75,0.75,,,,,,,
PTCD3,0.6,,0.0,,0.83,,,0.5,0.8,,,,0.9,,0.9,,0.8,,0.7,,,,
PTCH1,,1.0,,1.0,0.02,,0.9,0.8,0.6,0.5,0.7,,,,0.7,,,,,0.97,,,
PTCH2,0.8,,0.0,,0.64,,,,0.6,,0.9,,,,0.7,,,,0.5,0.95,,,
PTCHD1,0.9,,,0.9,0.8,,,,,,,,0.8,,0.8,,,,0.5,,0.9,,
PTCHD3,,,1.0,,0.75,,,0.85,0.7,,0.9,,,,,0.75,,,0.8,,,,
PTCHD4,,,0.0,,0.41,,,,0.7,,,,0.9,,0.8,,,,0.75,,,,
PTCRA,,,0.14,,0.35,,0.1,0.3,0.7,,0.74,,,,0.8,0.7,,,0.281,0.99,,,
PTDSS1,,,,,,,,,,,,0.8,,0.6,,,,,,,,,
PTDSS2,,,0.0,,0.55,0.75,,,0.6,,0.8,,,,0.7,,,,0.5,,,,
PTEN,,1.0,,0.82,0.16,,0.7,0.3,0.5,0.4,0.8,,,,,,,,,,,,
PTER,,,0.0,,0.8,,,,0.8,,0.9,,,,0.8,,,,0.6,,,,
PTF1A,0.8,1.0,0.16,,0.33,,,,0.6,,,,0.9,,0.7,,,,0.5,,1.0,,
PTGDR,0.8,,0.0,,0.85,,,,0.6,0.9,0.7,,,,,,,0.9,0.5,0.94,,,
PTGDR2,,,,,,,,,,,,,,,,,,,,,,,
PTGDS,,,,,,,,,,,,,,,,,,,,,,,
PTGER1,,,,,,,,,,,,0.9,,0.8,,,,,,,,,
PTGER2,0.8,,0.04,,0.37,0.4191,,,0.75,0.9,0.85,,,,0.8,0.75,,0.9,0.5,,,,
PTGER3,,,0.39,,0.22,0.63,,0.75,0.85,0.9,0.8,,,,0.9,,,,0.5,,,,
PTGER4,,,,,,,,,,,,0.9,,0.7,,,,,,,,,
PTGES,,,,,,,,,,,,,,,,,,,,,,,
PTGES2,,,0.0,,0.89,,,0.65,0.81,,0.88,,,,0.85,0.7,0.7,,0.75,,,,
PTGES3,,,,,,,,,,,,,,,,,,,,,,,
PTGES3L,,,0.9,,0.5,,,,0.6,,,,,,,0.7,,,0.7,0.92,,,
PTGFR,,,,,,,,,,,,0.8,,0.7,,,,,,,,,
PTGFRN,,,0.0,,,,0.5,,,,,,0.8,,0.6,,,,,,0.8,,
PTGIR,,0.8,0.0,,,,,0.7,0.75,0.9,0.85,,,,0.8,,,,,0.97,,,
PTGIS,0.5,,0.0,,0.73,,,,0.7,,0.8,,,,0.7,,,,0.5,,,,
PTGR1,,,0.0,,0.82,,0.1,,0.7,,0.8,,,,0.7,,,,0.5,0.8,,,
PTGR2,0.4,,0.0,,,,0.5,,,,,,0.8,,,,,,,,,,0.5
PTGS1,,0.8,1.0,,,,,,0.85,0.9,,,0.9,,0.8,,,,,,0.94,,
PTGS2,,1.0,,1.0,0.1,,0.5,,0.75,0.9,0.8,,,,,,,,0.6,,,,
PTH,0.7,,0.9,,,,,,,,,,0.8,,0.7,0.7,0.8,,,,,,
PTH1R,,,,,,,,,,,,0.8,,0.6,,,,,,,,,
PTH2,,,0.0,,0.7,,,0.2,0.8,,0.9,,,,0.8,,,,0.5,0.99,,,
PTH2R,,,0.0,,0.5,,,0.4,0.7,0.9,0.8,,,,0.8,,,,0.6,,,,0.5
PTHLH,,1.0,,0.83,0.1,,0.9,,0.6,0.5,0.7,,,,,,,,,0.86,,,0.7
PTK2,,1.0,,1.0,0.14,,0.75,,0.8,0.9,0.85,,,,,,,,,,,,
PTK2B,,,,0.94,0.2,,0.1,0.5,0.85,0.7,0.9,,,,,0.78,,0.75,0.8,0.92,,,
PTK6,,,0.0,,,,0.5,0.6,0.7,0.8,0.9,,,,,,,,,,0.95,,0.5
PTK7,,,,,,,,,,,,0.8,,0.6,,,,,,,,,
PTMA,,,0.04,,0.47,0.5285,0.4,,0.8,,0.9,,,,0.9,,,,0.111,0.72,,,
PTMS,,,0.21,,0.29,,,,0.8,,0.9,,,,0.85,0.7,,,0.1,,,,
PTN,0.7,,,,,,,,,,,,,,,,,,,,,,0.5
PTOV1,,,,,,,,,,,,0.8,,,,,,,,,,,
PTP4A1,,,,,,,,,,,,0.9,,0.7,,,,,,,,,
PTP4A2,,,,,,,,,,,,1.0,,0.7,,,,,,,,,
PTP4A3,,,,,,,,,,,,0.8,,0.7,,,,,,,,,
PTPA,,,0.0,,0.0,,,0.3,0.6,,0.8,,,,0.8,0.5,,,0.5,,,0.7,0.5
PTPDC1,,,0.8,,,,0.7,0.6,,,,,0.9,,0.7,0.75,0.5,,,,0.9,,
PTPMT1,,,,,,,,,,,,1.0,,,,,,,,,,,
PTPN1,,,,0.78,0.19,,0.5,0.2,0.76,0.67,0.95,,,,0.75,,,,0.87,0.69,,,
PTPN11,,1.0,,1.0,0.03,,0.8,0.4,0.5,,0.6,,,,,,,,0.5,,,0.7,
PTPN12,,,,,,,,,,,,0.9,,0.7,,,,,,,,,
PTPN13,,,0.0,,0.5,,,,0.75,,0.9,,,,0.8,,,,0.8,0.85,,,
PTPN14,,,0.19,,0.24,,0.5,0.5,0.71,,0.89,,,,0.8,,,,0.75,,,,
PTPN18,,,0.0,,0.63,,,,0.9,,0.77,,,,0.9,,,,0.5,0.68,,,
PTPN2,,,,1.0,0.04,,0.92,0.1,0.75,,0.85,,,,,0.82,,,,0.65,,,
PTPN20,,,1.0,,1.0,,,,0.6,,0.8,,,,,,,,0.5,0.9,,,
PTPN21,,,0.0,,0.46,,,,0.7,,0.9,,,,,,,,0.8,0.74,,,
PTPN22,,,0.0,,0.78,,0.9,0.3,0.75,,0.85,,,,0.7,,,,0.5,0.96,,,
PTPN23,,,,,,,,,,,,,,,,,,,,,,,
PTPN3,,,0.0,,,,0.5,,,,,,0.9,,0.8,,,,,,0.9,,
PTPN4,,,,1.0,0.85,,,,0.8,,0.9,,,,0.8,,,,0.6,,,,
PTPN5,,,0.0,,,,0.8,,,,,,0.9,,0.75,0.75,0.85,,,,0.96,,
PTPN6,,1.0,,1.0,0.97,0.85,0.5,0.6,0.8,0.7,0.9,,,,0.8,,,0.9,,0.99,,,
PTPN7,,,0.0,,0.77,,,,0.7,,0.9,,,,0.8,,,,0.5,0.94,,,0.6
PTPN9,,0.9,0.12,,0.26,,0.5,0.6,0.8,,0.7,,,,0.75,,,,,,,0.6,
PTPRA,,,,,,,,,,,,,,,,,,,,,,,
PTPRB,,,,,,,,,,,,0.8,,0.6,,,,,,,,,
PTPRC,,1.0,,1.0,0.1,,0.8,0.4,0.9,,,,,,0.8,,,,0.7,,,,
PTPRCAP,,,,0.54,0.0,,,,0.6,,,,0.9,,0.7,,,,0.5,,,,
PTPRE,,,0.0,,0.31,,,0.2,0.8,,0.9,,,,0.7,0.65,,,0.7,,,,
PTPRF,,,,1.0,0.12,,0.9,0.5,0.7,0.6,0.7,,,,,,,,0.8,0.75,,,
PTPRG,,,0.0,,,,0.5,,0.7,0.6,0.8,,,,0.6,,,0.9,0.4,0.7,,,
PTPRH,,,0.0,,,,0.8,,0.7,,,,0.9,,0.8,,,,,,0.96,,
PTPRJ,,0.6,0.0,,,,0.8,,,,,,0.9,,,,,,,,0.85,,
PTPRK,,,,,,,,,,,,0.8,,0.75,,,,,,,,,
PTPRM,,,,1.0,0.13,,,,0.7,0.5,0.9,,,,0.6,,,,0.8,0.72,,,
PTPRN,,,0.0,,,,0.8,0.6,0.7,,,,0.9,,,,,,,,0.93,,
PTPRN2,,,0.0,,0.36,,0.8,,0.7,,0.9,,,,,0.7,,,0.8,0.88,,,
PTPRO,,,,,,,,,,,,0.9,,0.7,,,,,,,,,
PTPRQ,0.8,,0.0,,,,,,,,,,,,,,,,,,0.95,,
PTPRR,,,0.0,,,,0.8,0.6,,,,,0.9,,0.7,0.7,,,,,0.97,,
PTPRS,,1.0,,1.0,0.13,,,0.4,0.5,0.6,0.7,,,,,0.75,,,0.8,,,,
PTPRT,,,,,,,,,,,,0.9,,0.7,,,,,,,,,
PTPRU,,,0.35,,0.23,0.72,,0.6,0.9,,0.93,,,,0.8,,,,0.85,0.69,,,
PTPRZ1,,,,,,,,,,,,0.85,,0.7,,,,,,,,,
PTRH1,,,0.0,,0.91,,,,0.6,,0.9,,,,,0.7,,,0.5,,,,
PTRH2,0.8,1.0,0.0,,,,,,,,,,,,,,,,,,,0.7,
PTRHD1,0.8,,0.0,,0.7,,,,0.8,,0.9,,,,0.7,,,,0.5,,,,
PTS,0.8,1.0,0.0,,,,,,,,,,0.9,,0.8,,,,,,,,
PTTG1,,,0.0,,0.7,,0.9,0.6,0.7,,0.8,,,,0.6,,,,0.5,0.97,,,
PTTG1IP,,,0.2,,,,0.8,,0.7,,,,0.9,,0.85,,,,,0.6,,,0.5
PTTG2,,,0.0,,0.0,,,,0.7,,0.9,,,,0.9,,,,0.6,,,0.5,
PTTG3P,,,0.0,,0.0,,,,0.6,,,,,,,0.3,,,0.5,,,0.2,
PTX3,,,0.0,,0.66,,,,0.8,,0.9,,,,0.7,,,,0.5,,,,
PTX4,,,0.0,,0.5,,,,0.6,,0.8,,,,,0.75,,0.9,0.7,0.91,,,
PUDP,,,1.0,,1.0,,,,0.9,,0.8,,,,0.7,,,,0.5,,,0.6,
PUF60,0.8,,,1.0,0.8,,,0.75,0.85,,,,0.9,,0.8,,,,0.7,,,0.6,
PUM1,,,,1.0,0.95,,,0.6,0.85,,0.9,,,,,,0.9,0.75,,,,0.6,
PUM2,,,,0.99,0.16,,,,0.7,,0.75,,,,0.8,0.78,,,0.85,,,0.54,
PUM3,,,0.0,,0.0,,,0.7,0.6,,0.9,,,,0.5,,,,0.5,,,,
PURA,0.8,,,0.94,0.0,0.4454,,,0.7,,,,0.85,,0.6,,,,0.5,,,,
PURB,0.8,,,0.64,0.13,,0.5,,0.5,,0.79,,,,0.9,0.7,,,0.5,,,0.56,
PURG,,,,0.96,0.0,,0.4,,0.9,,0.74,,,,0.6,0.7,,,0.347,0.86,,,
PUS1,0.8,,0.0,,,,,,,,,,0.9,,,,,,,,,,
PUS10,,,0.0,,0.73,,,,0.75,,0.85,,,,0.9,,,,0.5,0.65,,,
PUS3,0.6,,0.8,,0.7,,,,0.7,,,,0.9,,0.7,,0.8,,0.5,,,,
PUS7,0.7,,0.0,,0.55,0.8,,,0.85,,,,0.9,,0.75,,0.9,,0.6,0.7,,,
PUS7L,,,0.0,,0.54,,0.1,,0.5,,0.68,,,,0.8,,,,0.7,0.71,,,
PUSL1,,,0.0,,0.8,0.0,,,0.7,,0.9,,,,0.9,0.6,,,0.5,,,0.6,
PVALB,,,0.1,,0.45,,,,0.7,,0.9,,,,,,,0.8,0.5,1.0,,,
PVR,,,0.0,,,,0.8,0.6,0.7,,,,0.9,,0.8,0.7,,,,,0.5,,
PVRIG,,,0.0,,0.54,,,0.5,0.5,,0.86,,,,0.9,,,,0.5,,,,
PWP1,,,0.0,,0.7,,,0.6,0.7,,0.8,,,,0.9,,,,0.5,,,,
PWP2,,,0.0,,0.33,,,,0.8,,0.9,,,,0.75,,,,0.7,,,0.5,
PWWP2A,,,,0.95,0.8,,,,0.85,,,,0.9,,0.7,0.8,,,0.6,,,0.75,
PWWP2B,,,,0.85,0.0,,,,0.9,,0.8,,,,,,,,0.5,0.64,,,
PXDC1,,,,,,,,,,,,1.0,,,,,,,,,,,
PXDN,,,0.0,,,,0.8,,0.6,,0.7,,,,,,,,,,0.9,,
PXDNL,,,0.0,,,,0.5,,0.7,,,,,,,,,,0.5,,0.9,,
PXK,0.8,,0.9,,0.3,,0.8,,0.6,,0.7,,,,0.9,,,,0.6,0.7,,,
PXMP2,,,0.9,,0.6,,,,0.7,,0.8,,,,0.7,,,,0.5,,,,
PXMP4,,,0.0,,0.57,,0.8,,0.7,,0.9,,,,0.8,,,0.9,0.5,,,0.6,
PXN,,0.9,0.3,,0.27,,0.5,0.5,0.6,,0.7,,,,0.6,,0.7,,,0.8,,,
PXT1,,,0.0,,,,0.8,,,,,,0.9,,,,,,,,1.0,,
PXYLP1,0.4,,0.0,,,,,,,,,,,,0.9,,0.8,,,,,,
PYCARD,,,0.0,,0.5,,,0.5,0.7,,0.8,,,,,,,,0.6,,,,
PYCARD-AS1,,,0.0,,0.0,,,,0.5,,,,,,,,,0.8,0.5,,,0.2,
PYCR1,0.7,,0.0,,0.66,,,0.6,0.8,,0.9,,,,0.8,,,,0.5,,0.94,,
PYCR2,0.7,,0.0,,0.84,0.8,,0.7,0.8,,0.9,,,,0.7,,,,0.6,,,0.5,
PYCR3,,,1.0,,1.0,,,,0.8,,0.9,,,,0.8,,,0.7,0.5,,,0.6,
PYDC1,,,0.0,,0.0,,,,0.7,,0.9,,,,,0.75,,,0.5,0.95,,,
PYDC2,,,0.0,,,,0.5,,0.6,,,,0.8,,,,,,,,,0.4,
PYGB,,,0.0,,0.66,,,,0.7,0.5,0.9,,,,0.7,,0.8,,0.5,,,,
PYGL,,,0.0,,0.7,,0.4,,0.8,,0.85,,,,0.75,,0.9,,0.847,0.83,,,
PYGM,0.8,,0.0,,,,0.5,,,,,,,,0.7,,,,,,1.0,,0.6
PYGO1,,,,1.0,0.0,,,0.5,0.6,,0.8,,,,,,,,0.7,0.75,,,
PYGO2,,1.0,,0.95,0.0,,,0.5,0.7,,0.9,,,,0.7,,,,0.6,,,0.6,
PYHIN1,,,0.0,,,,0.5,0.7,0.8,,,,0.9,,0.7,,,,,0.99,,,0.6
PYM1,0.4,,0.0,,,,,,,,,,,,,,,,,,,,
PYROXD1,0.7,,0.0,,0.64,,,,0.8,,,,0.9,,0.75,0.7,0.85,,0.5,,0.6,,
PYROXD2,,,0.0,,0.87,,0.8,,0.6,,0.75,,,,0.7,,,,0.5,0.77,,,
PYURF,,,1.0,,1.0,,,,0.6,,0.8,,,,0.7,,0.8,,0.5,,,0.7,
PYY,0.7,,0.9,,,,0.7,0.5,0.6,,,,0.8,,0.9,,0.8,,,,1.0,,
PYY2,,,0.0,,0.0,,,,0.4,,,,,,,,,,0.1,,,0.2,
PYY3,,,0.0,,0.0,,,,,,,,,,,,,,0.1,,,0.2,
PZP,,,0.0,,0.77,,0.6,,0.7,,0.9,,,,,0.75,,0.9,0.8,0.97,,,
QDPR,,,0.0,,,,0.5,,0.6,,0.7,,,,0.75,0.65,,,,,0.87,,
QKI,,0.9,,0.76,0.17,,0.8,0.5,0.6,,0.7,,,,,0.78,,,,0.81,,,
QPCT,,,0.0,,0.5,,,0.5,0.8,0.7,0.9,,,,0.8,,,,0.6,0.94,,,
QPCTL,,,,,,,,,,,,0.8,,0.6,,,,,,,,,
QPRT,0.8,,0.0,,0.53,,,0.6,0.7,,0.9,,,,0.8,,,,0.5,,,,0.7
QRFP,,,0.0,,0.0,,,0.3,0.6,,0.8,,,,0.8,,0.9,,0.7,0.82,,,
QRFPR,,,,,,,,,,,,0.8,,0.6,,,,,,,,,
QRICH1,0.8,,,0.99,0.13,0.77,,,0.75,,,,0.9,,0.8,0.82,,,0.85,0.63,,,
QRICH2,0.8,,0.0,,,,,,,,,,0.6,,,,,,,,,,
QRSL1,0.8,,0.0,,0.6,,,0.2,0.6,,0.9,,,,0.8,,0.7,,0.5,,,0.5,
QSER1,,,,1.0,0.9,,,,0.5,,0.7,,,,,,,0.9,0.6,,,,
QSOX1,,,0.0,,0.41,,0.8,,0.85,,0.9,,,,0.9,,,0.7,0.6,0.75,,,
QSOX2,,,0.0,,0.5,,0.9,,0.8,,0.9,,,,0.8,,,0.9,0.7,0.86,,,
QTRT1,,,0.0,,,,0.5,0.7,0.8,,,,0.9,,0.7,0.65,0.8,,,,,,
QTRT2,,,,,,,,,,,,0.9,,0.6,,,,,,,,,
R3HCC1,,,0.0,,0.0,,,,0.7,,0.9,,,,0.8,,,,0.5,,,0.6,
R3HCC1L,,,0.0,,0.68,,,,0.8,,0.9,,,,0.7,0.65,,,0.8,,,,
R3HDM1,,,,0.89,0.2,,0.6,,0.7,,0.8,,,,0.9,,,,0.75,,,,
R3HDM2,,,,1.0,0.8,0.9,0.6,,0.7,,0.8,,,,0.8,0.75,,,0.7,,,0.5,
R3HDM4,,,0.0,,0.57,,0.14,,0.8,,0.3,,,,0.5,0.6,,,0.268,0.97,,,
R3HDML,,,0.0,,0.73,,,,0.6,,0.8,,,,0.8,,,,0.5,,,,
RAB10,,,,0.97,0.0,,0.4,,0.6,,0.8,,,,,0.7,,,0.5,,,0.56,
RAB11A,0.5,,,1.0,0.0,,0.5,0.7,0.6,,0.7,,,,,,,,0.8,,,0.6,
RAB11B,0.8,,0.45,,0.2,,,0.75,0.85,,0.9,,,,0.7,,,,0.5,,,0.47,
RAB11FIP1,,,0.0,,0.6,,,0.5,0.7,,0.9,,,,0.8,0.7,,0.6,0.8,,,,0.6
RAB11FIP2,,,,,,,,,,,,0.8,,0.6,,,,,,,,,
RAB11FIP3,,,,1.0,0.9,,0.6,,0.75,,0.8,,,,,,,,0.7,,,0.54,
RAB11FIP4,,,,,,,,,,,,0.8,,,,,,,,,,,
RAB11FIP5,,,0.0,,0.4,,0.7,,0.6,,0.9,,,,0.85,,0.8,0.7,0.6,0.89,,,
RAB12,0.6,,0.2,,0.27,,,,0.73,,,,0.73,,,0.65,,,0.5,,,0.5,
RAB13,,,,,,,,,,,,1.0,,,,,,,,,,,
RAB14,,,,,,,,,,,,,,,,,,,,,,,
RAB15,,,,,,,,,,,,0.85,,,,,,,,,,,
RAB17,,,0.07,,0.38,,,0.06,0.14,,0.158,,,,0.5,,,,0.212,0.93,,,
RAB18,,,,,,,,,,,,0.8,,0.6,,,,,,,,,
RAB19,,,0.0,,0.5,,,,0.7,,0.8,,,,0.75,,,,0.6,0.95,,,
RAB1A,,,,,,,,,,,,,,,,,,,,,,,
RAB1B,,,,0.84,0.1,,,0.5,0.67,,0.73,,,,0.6,,,,0.5,,,0.48,
RAB1C,,,0.0,,0.0,,,,0.6,,,,,,,0.5,,0.7,0.5,,,0.2,
RAB20,,,0.0,,0.74,,,,0.65,,0.85,,,,0.7,,,,0.5,,,,
RAB21,,,0.11,,0.3,,,,0.65,,0.75,,,,0.9,0.7,,,0.45,,,0.52,
RAB22A,,,0.07,,0.32,0.38,,,0.73,,0.92,,,,0.8,,,,0.77,,,0.5,
RAB23,,,,,,,,,,,,1.0,,0.7,,,,,,,,,
RAB24,,,,,,,,,,,,0.8,,,,,,,,,,,
RAB25,,,0.0,,,,,,,,,,,,0.75,,,,,,0.96,,
RAB26,,,0.0,,0.5,,,0.5,0.7,,0.8,,,,0.8,0.75,,,0.6,,,,
RAB27A,0.8,,0.0,,0.97,,,0.6,0.6,0.5,0.7,,,,0.7,,,,0.5,,,,
RAB27B,,,0.04,,0.37,,0.4,0.7,0.8,,0.9,,,,0.7,0.75,,0.6,,0.88,,,
RAB28,,,0.8,,0.5,,0.6,,0.8,,0.9,,,,0.8,,,0.9,,,,0.7,0.6
RAB29,,,0.0,,0.0,,,0.6,0.7,,0.9,,,,0.8,,,,0.8,,,0.6,
RAB2A,,,,,,,,,,,,,,,,,,,,,,,
RAB2B,0.6,,0.9,,,,,,,,,,,,0.75,,0.85,,,,,,
RAB30,,,,,,,,,,,,,,,,,,,,,,,
RAB31,,,,,,,,,,,,0.8,,0.6,,,,,,,,,
RAB32,,,0.0,,0.65,0.8,0.6,0.5,0.6,,0.7,,,,0.7,0.65,,,0.5,,0.8,,
RAB33A,,,,0.75,0.0,,,,0.8,,,,0.86,,0.75,0.78,,,0.5,,,,
RAB33B,0.8,,,0.68,0.13,,,0.75,0.85,,,,0.9,,0.8,,,,0.5,,,0.7,
RAB34,,,0.0,,0.63,,,0.6,0.8,,,,,,0.9,,,,0.5,,,,
RAB35,,,,,,,,,,,,0.8,,0.6,,,,,,,,,
RAB36,,,0.0,,0.82,0.83,,,0.7,,0.9,,,,0.8,,,,0.5,,,,
RAB37,0.6,,0.0,,0.87,,,,0.7,,0.9,,,,0.75,,,,0.5,,,,
RAB38,,,0.0,,0.67,0.72,0.1,,0.6,,0.8,,,,0.7,,,,0.5,0.96,,,
RAB39A,,,,,,,,,,,,0.8,,,,,,,,,,,
RAB39B,,,,,,,,,,,,0.8,,0.6,,,,,,,,,
RAB3A,,,,,,,,,,,,1.0,,,,,,,,,,,
RAB3B,0.7,,0.32,,0.24,0.53,,,0.8,,,,0.9,,0.8,0.7,,,0.5,0.93,,,
RAB3C,,,0.0,,0.6,,0.4,,0.8,,0.9,,,,0.8,0.7,,,0.5,0.87,,,
RAB3D,,,0.0,,0.89,,,,0.7,,0.9,,,,0.8,,,,0.5,,,,
RAB3GAP1,,,0.0,,0.39,,0.8,0.5,0.6,,0.9,,,,0.5,,0.8,,0.5,,,0.6,
RAB3GAP2,0.9,,,1.0,0.17,,,0.6,0.75,,,,0.85,,0.8,0.85,,,0.7,,,0.7,
RAB3IL1,,,0.0,,0.46,,0.6,0.5,0.6,,0.7,,,,0.7,,,,0.5,0.9,,,
RAB3IP,,,0.0,,0.59,,,,0.73,,0.89,,,,0.7,0.65,,,0.5,0.96,,,
RAB40A,,,0.0,,0.0,,,0.7,0.8,,0.9,,,,0.7,,,,0.5,0.85,,,
RAB40AL,0.8,,0.32,,0.0,0.7859,,0.9,0.5,,0.48,,,,0.7,0.65,0.85,,0.278,0.71,,,
RAB40B,,,0.0,,0.77,0.7,,0.6,0.8,,0.9,,,,0.85,0.7,,,0.5,,,,
RAB40C,,,0.8,,0.4,,,,0.7,,0.9,,,,0.9,0.75,,,0.5,,,,
RAB41,0.7,,0.0,,0.76,,,0.4,0.8,,0.9,,,,0.8,,,,0.5,,,,
RAB42,,,0.0,,0.5,0.8,,,0.7,,0.9,,,,0.8,,,,0.6,,,,
RAB43,0.7,,,0.56,0.15,,,0.75,0.8,,0.7,,,,0.8,0.78,,,0.85,,,,
RAB44,,,1.0,,1.0,,,,0.9,,,,,,0.8,0.82,,,0.8,0.91,,,
RAB4A,,,0.16,,0.27,,,,0.7,,0.8,,,,0.75,,,,0.5,,,0.48,0.5
RAB4B,,,,,,,,,,,,0.9,,0.7,,,,,,,,,
RAB5A,,,,,,,,,,,,0.8,,0.6,,,,,,,,,
RAB5B,,,,,,,,,,,,1.0,,0.7,,,,,,,,,
RAB5C,,,,,,,,,,,,0.85,,0.7,,,,,,,,,
RAB6A,,,,,,,,,,,,,,,,,,,,,,,
RAB6B,,,,0.96,0.07,0.55,0.1,0.7,0.6,,0.8,,,,0.7,0.75,,0.9,0.5,0.89,,,
RAB6C,,,0.0,,0.0,,,0.6,0.8,,,,0.9,,0.9,,,,0.7,,,,
RAB7A,0.8,,,0.97,0.0,,,,0.7,,,,0.9,,,,,,0.5,,,0.6,
RAB7B,0.4,,0.0,,,,,,,,,,,,0.7,,,,,,,,
RAB8A,,,,0.98,0.0,,0.8,,0.75,,0.9,,,,,0.75,,,0.5,0.64,,,
RAB8B,,,0.0,,,,0.5,0.7,0.8,,,,0.9,,0.6,,,,,,0.75,,
RAB9A,,,,,,,,,,,,1.0,,0.7,,,,,,,,,
RAB9B,,,,0.75,0.0,,,0.45,0.64,,0.57,,,,0.75,0.78,,0.8,0.5,0.82,,,
RABAC1,,,0.9,,0.5,,,,0.7,,0.8,,,,0.8,,,,0.6,,,0.6,
RABEP1,,,,,,,,,,,,,,,,,,,,,,,
RABEP2,,,0.0,,0.32,,0.6,,0.7,,0.75,,,,0.9,,,,0.5,0.65,,,
RABEPK,,,0.0,,0.87,,,0.6,0.8,,0.85,,,,0.8,0.7,,,0.75,,,0.51,
RABGAP1,,,,1.0,0.02,,,,0.6,,0.8,,,,0.9,,,,0.7,,,0.5,
RABGAP1L,,,0.0,,0.33,,,0.4,0.6,,0.8,,,,0.5,,,,0.5,,,0.2,
RABGEF1,,0.8,0.0,,,,0.5,0.6,0.7,,,,0.9,,0.7,0.6,0.8,,,,,0.5,
RABGGTA,,,,,,,,,,,,0.9,,0.7,,,,,,,,,
RABGGTB,,,0.97,,0.68,,,0.8,0.75,,0.85,,,,0.8,,0.9,,0.5,,,0.6,
RABIF,,,0.9,,0.7,,,0.7,0.7,,0.8,,,,0.6,,,,0.5,,,,
RABL2A,,,0.0,,1.0,,,0.6,0.8,,0.94,,,,0.8,,,0.9,0.5,0.64,,,0.7
RABL2B,,,0.0,,0.91,,,0.4,0.5,,0.8,,,,0.7,,,0.6,0.5,0.6,,,
RABL3,0.8,,0.0,,0.52,,,0.6,0.7,,,,0.9,,0.7,,0.9,,0.5,,,0.6,
RABL6,,,,1.0,0.1,,,,0.8,,,,0.9,,0.7,,,,0.7,,,0.5,0.6
RAC1,,1.0,,0.71,0.16,,0.5,0.6,0.75,,0.9,,,,,,,,,,,0.53,
RAC2,0.8,,,0.97,0.0,,,0.6,0.7,,0.9,,,,0.8,,,0.75,0.5,0.99,,,
RAC3,0.8,,0.0,,0.59,,,,0.85,,0.9,,,,0.8,,,0.7,0.5,0.92,,,
RACGAP1,,,,,,,,,,,,0.8,,0.5,,,,,,,,,
RACK1,0.5,,0.0,,,,,,,,,,,,,,,,,,,,
RAD1,0.8,,0.0,,0.62,,,0.6,0.8,,0.9,,,,0.7,0.7,,,0.5,,,0.52,
RAD17,,,,,,,,,,,,,,,,,,,,,,,
RAD18,,,0.0,,,,0.5,,,,,,0.9,,0.8,,,,,,0.7,,
RAD21,,1.0,,1.0,0.03,,0.5,0.5,0.6,,0.7,,,,0.8,0.75,,,0.6,,,,
RAD21L1,,,0.0,,0.0,,,,0.5,,0.6,,,,0.7,0.6,,,0.5,1.0,,,
RAD23A,,,0.2,,0.25,,,0.5,0.8,,0.9,,,,0.75,0.75,,,0.75,,,,
RAD23B,,,,1.0,0.95,,,,,,,,,,,,,,,,,,
RAD50,0.8,1.0,0.0,,,,,0.6,,,,,0.9,,,,,,,,,,
RAD51,0.9,1.0,0.03,,0.32,,,0.6,0.7,,,,0.8,,,0.75,,,0.5,,1.0,,
RAD51AP1,,,0.01,,0.37,,,0.6,0.85,,0.9,,,,0.7,,,,0.75,,,,
RAD51AP2,,,0.0,,0.89,0.93,,,0.6,,0.5,,,,0.7,0.7,,,0.8,,,,
RAD51B,,1.0,0.0,,,,0.9,0.6,0.7,,0.8,,,,,,,,,0.82,,,
RAD51C,,1.0,0.0,,,,0.8,0.6,0.7,,,,0.9,,,,,,,,,0.5,0.5
RAD51D,,,,,,,,,,,,,,,,,,,,,,,
RAD52,,,0.0,,0.75,,0.6,0.2,0.7,,0.9,,,,0.8,,,,0.5,0.69,,,
RAD54B,,,0.0,,0.64,0.76,0.1,,0.7,,0.8,,,,0.5,,,,0.9,0.87,,,
RAD54L,,,0.0,,,,0.5,,0.7,,0.9,,,,,0.7,,,,,0.99,,
RAD54L2,,1.0,,1.0,0.02,,,0.5,0.6,,0.7,,,,0.8,,,,0.8,,,,
RAD9A,,,,,,,,,,,,,,,,,,,,,,,
RAD9B,,1.0,0.0,,0.86,,,0.6,0.8,,,,0.7,,,,,,0.9,,,,
RADIL,,,0.0,,0.89,,,,0.8,,,,0.9,,,,,,0.5,0.85,,,
RAE1,,,,,,,,,,,,,,,,,,,,,,,
RAET1E,,,0.0,,0.99,,,0.7,0.8,,0.9,,,,0.9,,,,0.5,,,,0.6
RAET1G,,,0.0,,0.81,,,,0.7,,0.8,,,,0.75,0.78,,,0.5,0.97,,,
RAET1L,0.6,,0.0,,,,0.5,,,,,,0.8,,0.7,,,,,,1.0,,
RAF1,,1.0,,0.89,0.19,,0.75,0.6,0.85,0.9,0.95,,,,,,,0.8,,0.6,,,
RAG1,0.9,,0.0,,0.55,,,,0.7,,,,0.85,,0.8,0.78,,,0.8,,0.97,,
RAG2,0.9,,0.8,,,,,,,,,,0.7,,,,,,,,1.0,,
RAI1,,1.0,,1.0,0.04,,0.8,,0.6,,0.7,,,,0.6,0.75,,0.8,,,,,
RAI14,,,,1.0,0.85,,,,0.6,,0.7,,,,0.6,,,,0.8,,,,
RAI2,,,,,,,,,,,,0.8,,0.6,,,,,,,,,
RALA,,,,,,,,,,,,,,,,,,,,,,,
RALB,,,0.8,,,,0.7,0.75,,,,,0.9,,0.8,0.75,,,,,,0.6,
RALBP1,,,,,,,,,,,,0.8,,0.6,,,,,,,,,
RALGAPA1,0.7,,,1.0,0.84,,,,0.5,,0.6,,,,0.5,,0.8,0.7,0.8,,,0.6,
RALGAPA2,,,0.0,,0.43,,,,0.7,,0.9,,,,0.9,,,0.6,0.8,0.72,,,
RALGAPB,,,,1.0,0.04,,,0.5,0.6,,0.7,,,,0.9,,,,0.8,,,0.6,
RALGDS,,,,0.91,0.19,,,,0.72,,0.85,,,,0.7,,,0.8,0.75,0.6,,,
RALGPS1,,,,1.0,0.03,,0.8,,0.6,,0.7,,,,0.75,,,0.7,0.5,0.81,,,
RALGPS2,,,,,,,,,,,,0.8,,,,,,,,,,,
RALY,,,0.08,,0.31,,0.1,,0.11,,0.176,,,,0.9,,,,0.306,,,,
RALYL,,,0.55,,,,0.75,0.7,0.8,,,,0.98,,0.9,0.75,,,0.6,,,,
RAMP1,,,,,,,,,,,,0.9,,0.75,,,,,,,,,
RAMP2,,0.9,0.2,,,,,,,,,,0.8,,0.75,0.7,0.8,,,,,,
RAMP3,,,0.9,,0.7,,,0.3,0.6,0.8,0.75,,,,0.8,,,,0.5,0.87,,,
RAN,,,,0.97,0.0,,,0.75,0.85,,0.9,,,,,,,,0.8,,,,
RANBP1,,,,,,,,,,,,,,,,,,,,,,,
RANBP10,,,,0.96,0.16,,,,0.7,,0.51,,,,0.5,,,0.8,0.62,0.64,,,
RANBP17,,,0.0,,0.5,0.7,0.3,,0.7,,0.8,,,,0.6,,,0.5,0.6,0.9,,,
RANBP2,0.8,1.0,,1.0,0.08,,,0.5,0.6,,,,0.7,,0.7,,0.9,,0.4,,,0.6,
RANBP3,,,,1.0,0.03,,,,0.6,,0.8,,,,0.8,,,,0.7,,,,0.7
RANBP3L,0.6,,0.0,,,,0.8,0.5,0.7,,,,0.9,,,,,,,0.87,,,
RANBP6,,,0.0,,0.36,,0.9,0.8,0.75,,0.85,,,,0.8,,,0.6,0.7,,,0.7,
RANBP9,,1.0,,1.0,0.0,,0.8,0.5,0.6,,0.7,,,,0.8,,,0.8,,,,0.6,
RANGAP1,,0.9,0.2,,,,,,,,,,0.8,,0.7,0.65,0.8,,0.5,,0.6,,
RANGRF,,,0.0,,0.81,,,0.5,0.6,,0.7,,,,0.7,,0.8,,0.5,,,0.56,0.5
RAP1A,,,,,,,,,,,,0.8,,0.6,,,,,,,,,
RAP1B,,1.0,,0.92,0.08,,0.5,,0.68,,0.8,,,,0.75,,0.9,,0.5,,0.71,,
RAP1GAP,,,,,,,,,,,,0.9,,0.75,,,,,,,,,
RAP1GAP2,,,,0.95,0.17,,0.8,,0.85,,0.9,,,,0.7,,,,0.75,0.92,,,
RAP1GDS1,,,,,,,,,,,,,,,,,,,,,,,
RAP2A,,,,,,,,,,,,,,,,,,,,,,,
RAP2B,,,,0.5,0.17,,,,0.7,,0.8,,,,0.9,0.75,0.85,,0.9,,,,
RAP2C,,,,,,,,,,,,0.8,,,,,,,,,,,
RAPGEF1,,1.0,,1.0,0.8,,,,0.8,,,,0.9,,0.7,0.8,,,0.6,,,0.7,
RAPGEF2,0.8,1.0,,1.0,0.89,,,,0.7,,,,0.9,,,,,,0.6,,,,
RAPGEF3,,,0.0,,0.73,0.33,,,0.6,0.2,0.8,,,,0.7,,,0.7,0.5,0.84,,,
RAPGEF4,,,,,,,,,,,,,,,,,,,,,,,
RAPGEF5,,,,0.99,0.15,0.88,,0.42,0.67,,0.79,,,,0.75,,,,0.58,,,,
RAPGEF6,,,,1.0,0.18,,0.7,0.5,0.6,,0.9,,,,0.9,,,0.8,0.8,0.77,,,
RAPGEFL1,,,,,,,,,,,,0.85,,,,,,,,,,,
RAPH1,,,,,,,,,,,,0.9,,0.7,,,,,,,,,
RAPSN,,1.0,0.0,,0.41,,0.8,,0.6,,0.7,,,,0.8,,,,0.5,1.0,,,
RARA,0.75,,,0.96,0.1,,,0.6,0.8,0.85,0.9,,,,,,,,,0.7,,,
RARB,,,,1.0,0.0,,0.9,0.5,0.7,0.7,0.6,,,,0.7,,,0.9,0.8,0.8,,,
RARG,,,,0.99,0.05,,,0.54,0.67,0.73,0.84,,,,0.75,,,,0.91,0.87,,,
RARRES1,,,0.0,,0.5,,0.2,0.7,0.6,,0.8,,,,0.8,0.6,,,0.5,0.9,,,0.5
RARRES2,,,0.0,,,,0.8,0.6,0.7,,,,0.9,,,0.78,,,,,0.91,,
RARS2,0.9,,0.0,,0.67,,,0.7,0.8,,,,0.9,,0.7,,,,0.5,,0.6,,
RASA1,,1.0,,1.0,0.95,,0.5,,0.7,,0.9,,,,0.8,,,,0.6,,,0.6,
RASA2,,,0.0,,,,0.85,,,,,,0.8,,0.7,0.75,,,,,0.66,,
RASA3,,,,,,,,,,,,0.8,,0.7,,,,,,,,,
RASA4,,,0.12,,0.38,,,,0.56,,0.58,,,,0.5,,,0.75,0.8,0.72,,,
RASA4B,,,0.3,,,,,,,,,,,,0.7,0.65,,,,,,,
RASAL1,,,0.0,,0.7,,,,0.85,,0.9,,,,0.75,,,,0.5,,,,
RASAL2,,,,,,,,,,,,,,,,,,,,,,,
RASAL3,,,0.0,,0.57,,0.6,,0.8,,0.7,,,,0.5,,,0.9,0.5,0.96,,,
RASD1,,,0.04,,0.47,0.31,0.8,,0.7,,0.9,,,,,0.65,,0.8,0.5,0.91,,,
RASD2,,,,0.52,0.16,,0.1,0.5,0.6,,0.9,,,,0.8,0.7,,0.8,0.66,0.94,,,
RASEF,,,0.0,,0.51,,,0.6,0.7,,0.9,,,,0.6,0.75,,,0.8,0.93,,,
RASGEF1A,,,,0.9,,,0.7,,0.75,,,,0.8,,0.8,0.8,0.9,,,0.85,,,
RASGEF1B,,,,0.91,0.17,,0.4,0.4,0.6,,0.49,,,,0.6,,,,0.47,0.85,,,
RASGEF1C,,,0.0,,0.44,,,0.2,0.6,,0.9,,,,0.8,,,,0.7,0.96,,,
RASGRF1,,,,,,,,,,,,0.8,,,,,,,,,,,
RASGRF2,,,0.17,,0.24,,0.4,,0.8,,0.6,,,,0.7,0.65,,,0.75,0.87,,,
RASGRP1,,,,,,,,,,,,0.9,,0.7,,,,,,,,,
RASGRP2,0.5,,0.17,,0.25,,,,0.75,,0.9,,,,0.7,0.65,0.85,0.8,0.61,0.88,,,
RASGRP3,,,,,,,,,,,,1.0,,0.7,,,,,,,,,
RASGRP4,,,,,,,,,,,,,,,,,,,,,,,
RASIP1,,1.0,,1.0,0.9,,0.6,,0.7,,0.8,,,,0.8,,,0.9,0.5,0.87,,,
RASL10A,,,0.15,,0.34,,0.1,0.5,0.6,,0.8,,,,0.8,,,0.7,0.5,0.89,,,
RASL10B,,,0.8,,0.5,,,0.75,0.7,,,,0.9,,0.8,,,,0.6,,,0.4,
RASL11A,,,0.0,,0.97,,,0.5,0.8,,0.9,,,,,,,0.7,0.6,0.75,,,
RASL11B,,,0.9,,0.5,,,,,,,,0.8,,,,,,0.6,,,,
RASL12,,,,,,,,,,,,0.9,,0.7,,,,,,,,,
RASSF1,,,0.1,,,,,,,,,,,,0.6,,,,,,0.66,,
RASSF10,,,0.0,,0.0,,,,0.8,,,,0.9,,,,,,0.5,,0.97,,
RASSF2,,,0.0,,0.67,,,0.6,0.7,,0.9,,,,0.7,,,,0.5,,,,
RASSF3,,,0.0,,0.85,,0.7,,0.6,,0.9,,,,0.75,,,0.7,0.5,0.92,,,
RASSF4,0.8,,0.0,,0.95,,,,0.8,,0.9,,,,0.6,,0.75,,0.5,0.73,,,
RASSF5,,,,,,,,,,,,,,,,,,,,,,,
RASSF6,0.75,,0.0,,0.6,0.9,0.8,0.4,0.5,,0.7,,,,0.6,,,,,0.93,,,
RASSF7,,,0.0,,0.99,,,0.6,0.7,,0.9,,,,0.6,0.65,,,0.5,,,,
RASSF8,,,,0.95,0.13,,,0.54,0.69,,0.67,,,,0.9,,,,0.75,,,,0.6
RASSF9,,1.0,0.0,,0.78,,,,0.7,,0.85,,,,0.9,,,0.8,0.5,,,,
RAVER1,,,,0.85,0.17,,0.4,,0.8,,0.9,,,,,,,0.7,0.75,0.65,,,
RAVER2,,,0.0,,0.55,,0.8,,0.6,,0.7,,,,0.9,,,0.9,0.6,,,0.7,
RAX,0.8,0.9,0.1,,,,,,,,,,0.7,,,,,,0.5,,,,0.4
RAX2,0.9,,0.1,,,,,,,,,,0.75,,,,,,,,,,0.6
RB1,,1.0,,1.0,0.02,,0.5,,0.8,,0.9,,,,0.7,,,,,0.66,,,
RB1CC1,,,,,,,,,,,,,,0.65,,,,,,,,,
RBAK,,,0.0,,0.6,,,0.4,0.7,,0.9,,,,0.9,,,,0.8,,,0.6,
RBAKDN,,,0.0,,0.0,,,,0.5,,,,,,,0.4,,,0.5,,,0.8,
RBBP4,,,,,,,,,,,,,,,,,,,,,,,
RBBP5,,,,,,,,,,,,,,,,,,,,,,,
RBBP6,,1.0,,1.0,0.03,,0.5,,0.8,,0.9,,,,0.7,,,0.9,0.7,0.64,,,
RBBP7,,,,,,,,,,,,,,,,,,,,,,,
RBBP8,,1.0,0.0,,0.51,,0.6,,0.8,,0.9,,,,,,,,,0.76,,,
RBBP8NL,,,0.49,,0.21,,,,0.6,,0.9,,,,0.7,0.65,,,0.8,,,,
RBBP9,,,0.04,,0.39,,,,0.6,0.1,0.83,,,,0.6,,,0.8,0.93,,,0.54,
RBCK1,0.8,,0.15,,0.25,,,0.6,0.85,,,,0.9,,,,,,0.75,,,,
RBFA,,,0.0,,0.63,,,0.6,0.7,,0.8,,,,0.8,,,,0.5,,,0.6,
RBFOX1,,,,0.96,0.15,,0.18,0.11,0.11,,0.207,,,,,,,,0.397,,,,
RBFOX2,,,,1.0,0.04,,,0.6,0.7,,0.8,,,,0.8,,,,0.5,0.75,,,
RBFOX3,,,0.0,,0.0,,,,0.7,,0.8,,,,0.6,0.75,0.85,,0.5,0.97,,,
RBKS,,,0.0,,0.91,,0.6,0.2,0.8,,0.7,,,,0.75,,,,0.5,0.82,,,
RBL1,,1.0,0.0,,,,0.2,0.5,0.7,,,,0.9,,0.6,,,,0.5,,0.72,,
RBL2,,,,,,,,,,,,,,,,,,,,,,,
RBM10,0.8,,,1.0,0.02,,,,,,,,0.7,,0.9,,0.8,,0.5,,,,0.7
RBM11,,,0.0,,0.67,,,0.4,0.5,,0.91,,,,,0.65,,,0.5,,,,
RBM12,0.7,,0.0,,0.42,,,,0.85,,0.9,,,,0.8,,,0.75,0.6,0.64,,,0.6
RBM12B,,,0.9,,0.5,,,0.5,0.7,,0.8,,,,0.7,,,,0.6,,,,
RBM12B-AS1,,,0.0,,0.0,,,,0.7,,,,,,,0.3,,,0.5,,,,
RBM14,,,,1.0,0.04,,,,0.8,,0.9,,,,0.75,,,,0.7,0.65,,,
RBM15,,,,,,,,,,,,0.8,,0.7,,,,,,,,,
RBM15B,,,,1.0,0.9,,,0.6,0.8,,,,0.9,,0.7,0.85,,,0.7,,,0.8,
RBM17,,,,1.0,0.0,,0.5,0.6,0.7,,0.9,,,,0.8,0.85,,0.8,,,,0.7,
RBM18,,,0.0,,0.58,,,0.6,0.7,,0.85,,,,0.8,,,,0.5,,,,
RBM19,,1.0,0.0,,0.53,,0.1,,0.7,,0.8,,,,0.9,,,,0.5,,,,
RBM20,0.8,,0.0,,,,,,,,,,0.9,,,0.75,0.9,,,,0.91,,
RBM22,,,,1.0,0.0,,,,0.6,,0.8,,,,0.7,,,,0.7,,,0.5,
RBM23,,,0.0,,,,0.5,0.6,0.7,,0.8,,,,0.8,,,,,,,0.5,
RBM24,,,0.34,,0.23,,,0.21,0.67,,0.72,,,,,,,,0.47,0.99,,,
RBM25,,,,1.0,0.98,,,0.6,0.8,,0.9,,,,0.8,0.85,,,0.7,0.65,,,
RBM26,,,,1.0,0.04,,,,0.6,,0.7,,,,0.7,0.75,,0.8,0.8,,,0.7,
RBM27,,,,1.0,0.9,,,,0.8,,0.9,,,,0.6,,,,0.7,0.7,,,
RBM28,0.7,,0.0,,0.57,,,0.75,0.8,,,,0.9,,,0.7,,,0.8,,,0.6,
RBM3,,,,0.83,0.0,,,0.7,0.8,,0.95,,,,0.75,0.73,,,0.79,,,,
RBM33,,,,1.0,0.0,,,0.6,0.7,,,,0.8,,0.8,0.85,,,0.7,,,,
RBM34,,,0.0,,0.5,,,0.9,0.7,,0.8,,,,0.6,,,,0.6,,,0.5,
RBM38,,,,0.71,0.12,,0.12,,0.7,,0.8,,,,0.9,,,,0.239,0.88,,,
RBM39,,,,,,,,,,,,,,,,,,,,,,,
RBM4,,,,1.0,1.0,,,0.7,0.6,,0.7,,,,0.9,0.85,,,0.8,,,0.7,
RBM41,,,,0.97,0.93,,,,0.8,,0.9,,,,0.7,,,0.85,0.75,0.64,,,
RBM42,,,,0.62,0.19,,,0.75,0.7,,0.85,,,,0.75,,,,0.48,,,0.48,
RBM43,,,0.39,,0.2,,0.4,,0.5,,0.7,,,,0.9,0.65,,0.8,0.71,0.75,,,
RBM44,,,0.0,,0.32,,,,0.5,,0.6,,,,,,,,0.5,1.0,,,
RBM45,,,0.0,,0.7,,,,0.5,,0.84,,,,0.6,,,,0.5,,,,
RBM46,,,0.47,,0.21,,,0.4,0.5,,0.88,,,,0.6,,,,0.75,1.0,,,
RBM47,,,,1.0,0.95,,0.5,0.85,0.8,,0.9,,,,0.7,,,0.75,,0.89,,,
RBM48,,,0.0,,0.82,,,0.4,0.7,,0.9,,,,0.5,,,,0.75,,,0.6,
RBM4B,,,0.02,,0.37,,,0.23,0.8,,0.54,,,,,0.75,,,0.359,0.63,,,
RBM5,,,,,,,,,,,,,,,,,,,,,,,
RBM6,,,,1.0,0.94,,0.9,,0.75,,0.85,,,,0.8,,,0.9,0.7,0.69,,,
RBM7,,,,0.66,0.17,,0.1,0.7,0.8,,0.89,,,,0.8,0.7,,,0.53,,,,
RBM8A,0.75,,,0.62,0.17,,,,0.75,,,,0.94,,,,,,0.87,,,,
RBMS1,,1.0,0.15,,0.25,,0.6,,0.65,,0.8,,,,0.9,,0.85,,0.5,0.76,,,
RBMS2,,,0.0,,0.52,,0.1,,0.8,,0.9,,,,0.9,,,0.85,0.5,0.81,,,
RBMS3,,,0.24,,0.24,,,0.5,0.8,,0.95,,,,0.8,,,,0.87,,,,
RBMX,0.8,,,0.9,0.8,,,0.75,0.85,,,,0.9,,0.8,,,,0.6,0.7,,,0.8
RBMX2,,,,,,,,,,,,,,,,,,,,,,,
RBMXL1,,,0.8,,0.6,,,,0.8,,0.9,,,,0.8,,,,0.5,,,0.6,0.5
RBMXL2,,,0.08,,0.31,,,,0.7,,0.9,,,,0.6,0.7,,,0.5,,,,
RBMXL3,,,0.0,,0.0,,,,0.7,,,,,,,,,,0.5,,,,
RBMY1A1,,,0.0,,0.0,,,,0.6,,0.8,,,,,,,,0.5,1.0,,,
RBMY1B,,,0.0,,,,,,,,,,,,,,,,,,,,
RBMY1C,,,0.0,,0.0,,,,,,,,,,,,0.7,,0.5,,,,
RBMY1D,,,0.0,,0.0,,,,,,0.8,,,,,0.5,,0.7,0.5,,,0.2,
RBMY1E,,,0.0,,0.0,,,,,,0.7,,,,,0.5,,,0.5,1.0,,,
RBMY1J,,,0.0,,0.0,,,,0.6,,0.8,,,,,0.5,,,0.5,1.0,,,
RBP1,,,0.0,,0.89,,,,0.7,,0.9,,,,0.8,,,,0.5,,,,
RBP2,,,0.23,,0.28,0.41,,,0.8,,0.75,,,,0.9,,,,0.67,,,,
RBP3,,,0.0,,0.41,,0.5,,0.8,,0.9,,,,0.7,,,,0.8,,,0.6,
RBP4,,,,0.56,0.18,,0.5,0.6,0.8,0.5,0.9,,,,0.75,,,,0.4,1.0,,,
RBP5,,,0.0,,0.86,,,,0.6,,0.8,,,,0.7,,,,0.5,,,,
RBP7,,,,0.52,0.16,,,,0.8,,0.89,,,,0.8,,,,0.34,0.97,,,
RBPJ,,,,,,,,,,,,,,,,,,,,,,,
RBPJL,,,0.0,,0.74,,,,0.8,,0.9,,,,0.75,0.75,,0.7,0.8,1.0,,,
RBPMS,,,,0.98,0.0,,0.85,0.4,0.5,,0.75,,,,,,,0.9,,0.88,,,
RBPMS2,,,,0.88,0.09,,0.6,,0.7,,0.9,,,,0.9,0.78,,,0.85,0.94,,,
RBSN,,,1.0,,1.0,,,0.6,0.7,,0.9,,,,0.9,,0.8,,0.8,,,0.7,0.5
RBX1,0.4,1.0,,0.94,0.0,,0.1,0.5,0.7,0.6,0.8,,,,,,,,,,,,
RC3H1,0.8,,,0.99,0.18,,,,0.6,,0.9,,,,0.8,0.78,,,0.75,0.62,,,
RC3H2,,,,1.0,0.8,,,0.4,0.5,,0.6,,,,0.5,,,0.8,0.7,,,0.6,
RCAN1,,,0.8,,,,,0.7,0.7,,,,0.9,,0.5,,,,,,,0.8,0.6
RCAN2,,,,0.84,0.1,,,0.7,0.75,,0.85,,,,0.9,,,,0.5,0.94,,,
RCAN3,,,0.0,,0.71,,,0.6,0.7,,0.9,,,,0.8,,,,0.5,0.91,,,
RCBTB1,,,0.0,,0.51,0.8,0.9,0.5,0.8,,0.9,,,,0.7,,,0.6,0.7,,,0.6,
RCBTB2,,,0.0,,0.64,,,0.5,0.6,,0.9,,,,0.5,,,0.8,0.7,,,,0.6
RCC1,,,,,,,,,,,,,,,,,,,,,,,
RCC1L,,,1.0,,1.0,,,0.6,0.7,,0.9,,,,0.8,,,,0.8,,,0.9,
RCC2,,,,,,,,,,,,0.8,,,,,,,,,,,
RCCD1,,,,,,,,,,,,,,,,,,,,,,,
RCE1,,1.0,0.16,,0.27,,,,0.8,0.8,0.9,,,,0.75,,,,0.5,,,,
RCHY1,,,0.06,,0.31,,,0.5,0.76,,0.95,,,,0.8,0.75,,,0.65,,,0.48,0.7
RCL1,,,0.06,,0.29,,0.28,0.45,0.65,,0.87,,,,0.5,,,,0.37,0.73,,,
RCN1,,,,,,,,,,,,0.8,,,,,,,,,,,
RCN2,,,0.97,,0.35,,,,0.8,,0.62,,,,0.8,0.65,,0.75,0.63,,,0.54,0.65
RCN3,,,0.0,,0.5,,0.8,,0.6,,0.9,,,,0.9,,,0.8,0.7,0.9,,,
RCOR1,,,,,,,,,,,,,,,,,,,,,,,
RCOR2,,,0.17,,0.25,,,,0.7,,0.87,,,,0.6,,,,0.5,,0.85,,
RCOR3,,,,,,,,,,,,,,,,,,,,,,,
RCSD1,,,0.2,,0.5,,,0.4,0.5,,0.8,,,,0.6,,,,0.6,,,,
RCVRN,,,0.0,,0.5,,,0.6,0.8,,0.9,,,,,,0.8,,0.5,0.8,,,
RD3,,,0.0,,,,0.5,0.6,0.6,,0.7,,,,,,0.8,,,0.9,,,
RD3L,,,0.0,,0.0,,,,,,0.8,,,,,0.4,,,0.5,,,,
RDH10,,1.0,,1.0,0.0,,,,0.6,,0.8,,,,0.7,0.85,,0.9,0.7,0.86,,,
RDH11,0.8,,0.0,,0.81,,,0.4,0.7,,0.9,,,,0.7,,,,0.5,,,0.6,
RDH12,0.9,,0.0,,0.9,,,0.5,0.6,,0.7,,,,0.7,0.75,,,0.5,,0.97,,
RDH13,,,0.0,,,,0.5,,,,,,0.9,,0.8,0.7,,,,,0.8,,0.6
RDH14,,,0.0,,0.91,,,,0.7,,0.8,,,,0.8,,,,0.5,,,,
RDH16,,,0.0,,0.93,,,,0.7,,0.9,,,,0.7,0.75,,0.8,0.5,,,,
RDH5,,,0.0,,0.5,0.7,0.8,0.5,0.6,,0.7,,,,,,,0.8,0.6,0.9,,,
RDH8,,,0.0,,0.57,,,,0.8,,,,,,0.7,,,,0.5,,,,
RDM1,,,0.0,,,,0.5,0.6,0.7,,,,0.9,,0.7,0.6,,,,,,0.2,0.4
RDX,,,,,,,,,,,,0.8,,,,,,,,,,,
REC114,0.5,,0.0,,,,,,,,,,0.5,,,,0.8,,,,1.0,,
REC8,,,,,,,,,,,,,,,,,,,,,,,
RECK,,1.0,0.0,,,,0.5,0.6,0.8,,,,0.9,,0.7,0.7,,,,,,,
RECQL,,,0.0,,,,,,,,,,0.9,,,,0.9,,,,0.82,,
RECQL4,0.8,,0.0,,,,,,,,,,,,0.5,0.6,0.9,,,,,,
RECQL5,,,0.0,,0.78,,,,0.7,,0.9,,,,0.8,0.85,,,0.5,,,,
REEP1,,,,1.0,1.0,,0.7,0.6,0.7,,0.6,,,,0.8,,,,0.5,0.8,,,0.5
REEP2,0.5,,0.44,,0.21,,,0.5,0.87,,,,0.79,,0.8,,0.7,,0.63,0.87,,,
REEP3,,,0.3,,,,0.9,,0.7,,,,0.8,,0.75,0.75,,,,0.68,,,
REEP4,,,,,,,,,,,,0.8,,,,,,,,,,,
REEP5,,,0.0,,,,0.8,0.6,0.7,,,,0.9,,0.8,,,,,,,,
REEP6,0.9,,0.0,,0.83,,,,0.7,,0.8,,,,0.6,,,,0.5,0.97,,,
REG1A,,,0.0,,0.9,,,0.4,0.6,,0.85,,,,0.9,,,,0.5,,,,
REG1B,,,0.0,,0.96,,,0.2,0.6,,0.9,,,,0.5,,,0.8,0.5,,,,
REG3A,,,0.0,,0.64,,,0.5,0.6,,0.9,,,,0.8,,,,0.5,,,,
REG3G,,,0.0,,0.5,,0.6,,0.8,,0.9,,,,0.8,,,,0.7,,,,
REG4,,,0.0,,,,0.5,0.7,,,,,0.9,,0.8,,0.8,,,,1.0,,
REL,0.9,,,1.0,0.93,0.85,0.9,0.7,0.75,,0.8,,,,0.8,,,,0.6,0.87,,,
RELA,,1.0,,1.0,0.04,,0.5,0.6,0.8,,0.9,,,,,,,0.9,,0.65,,,
RELB,0.8,1.0,,0.99,0.09,,,0.7,0.65,,,,,,,,,,,,0.76,,
RELL1,,,,0.96,0.0,,,0.8,0.7,,0.8,,,,0.6,,,,0.54,,,,
RELL2,,,0.2,,,,,,,,,,,,0.8,,,,,,0.9,,
RELN,,1.0,,1.0,0.88,,0.5,,0.75,,0.9,,,,0.7,,,,,,,,
RELT,,,0.0,,,,0.8,0.5,0.7,,0.9,,,,0.8,,,,,0.9,,,
REM1,,,,,,,,,,,,0.8,,0.7,,,,,,,,,
REM2,,,,,,,,,,,,0.8,,0.6,,,,,,,,,
REN,,1.0,0.0,,0.62,,0.5,0.5,0.75,0.8,0.9,,,,0.8,,,,,,,,
RENBP,,,0.46,,0.21,,0.5,,0.67,,0.75,,,,0.6,,0.8,,0.85,,,,
REP15,,,0.0,,0.5,,,,0.7,,0.8,,,,0.6,,,,0.6,,,,
REPIN1,,,,0.62,0.2,,0.5,0.6,0.8,,0.9,,,,0.9,,,0.7,0.75,,,0.47,
REPS1,0.5,,,0.99,0.16,,,0.67,0.87,,,,0.53,,0.6,,0.75,0.8,0.79,,,,
REPS2,,,0.18,,0.25,,,,0.8,,0.87,,,,0.75,,,,0.66,0.84,,,
RER1,,,0.43,,0.21,,,,0.7,,0.65,,,,0.75,0.61,,,0.39,,,0.54,
RERE,,1.0,,1.0,0.95,,0.9,,0.6,,0.7,,,,0.7,,,0.8,0.5,0.64,,,
RERG,,,0.0,,0.74,,,0.1,0.7,,1.0,,,,0.9,,,0.9,0.5,0.88,,,
RERGL,,,0.0,,0.5,0.8,,,,,,,0.9,,,,,,0.6,,0.95,,
RESP18,,,0.0,,0.0,,,,,,0.8,,,,,0.5,,,0.5,0.99,,,
REST,,1.0,,0.99,0.12,,0.6,,0.7,,0.8,,,,,,,,0.5,,0.7,,
RET,,1.0,,1.0,0.04,,0.8,0.4,0.6,0.6,0.5,,,,,,,0.8,,0.85,,,
RETN,,,0.04,,0.72,,0.9,0.7,0.85,,0.95,,,,0.8,,,,0.1,,,,
RETNLB,,,0.04,,0.69,,,0.7,0.6,,0.9,,,,0.8,,,,0.5,,,,
RETREG1,0.8,,0.0,,,,,,,,,,,,,,0.9,,,,0.6,,0.5
RETREG2,,,1.0,,1.0,,,,0.6,,0.8,,,,0.8,,,,0.5,,,0.7,
RETREG3,,,0.0,,0.0,,,0.7,0.6,,0.8,,,,0.7,,,,0.5,,,0.6,
RETSAT,,,0.0,,0.8,,,,0.8,,0.14,,,,0.5,,,,0.61,,,,
REV1,,1.0,,1.0,0.87,,,,0.8,,0.9,,,,0.8,,,,0.75,0.64,,,
REV3L,0.9,1.0,,1.0,0.94,,0.6,,0.6,,0.7,,,,0.7,,,,0.5,0.79,,,
REX1BD,,,0.0,,0.0,,,,0.6,,0.7,,,,,,,,0.5,,,0.5,
REXO1,,,,0.98,0.15,0.54,,,0.6,,,,0.75,,0.7,0.68,,,0.61,,,0.57,
REXO1L1P,,,1.0,,1.0,,,,0.8,,,,,,,,,,0.5,,,0.9,
REXO2,,,0.08,,0.31,,,,0.7,,0.9,,,,0.8,0.65,,,0.5,0.71,,,
REXO4,,,0.0,,0.69,,,,0.8,,0.9,,,,0.7,,,,0.85,,,0.52,
REXO5,,,0.0,,0.0,,,,0.6,,0.8,,,,,,,0.7,0.5,1.0,,,
RFC1,,,,0.97,0.18,,0.8,,0.75,,0.9,,,,0.8,,,,0.85,,,0.6,
RFC2,,,0.0,,0.61,,,,0.7,,0.9,,,,0.6,,,,0.5,,,,0.5
RFC3,,,0.0,,0.57,,,,0.85,,0.9,,,,0.7,,,0.75,0.6,0.88,,,0.6
RFC4,,,0.0,,0.57,,0.2,0.6,0.7,,0.8,,,,0.7,,,0.9,0.6,0.76,,,
RFC5,,,0.0,,0.42,,,0.6,0.7,,0.9,,,,0.8,,,,0.5,,,,
RFESD,,,0.0,,0.8,,0.5,0.6,0.6,,0.8,,,,,0.6,,,0.7,0.9,,,
RFFL,,,0.33,,0.23,,,0.4,0.75,,0.8,,,,0.7,,,,0.5,,,,
RFK,,1.0,0.2,,0.4,0.6,,,,,,,0.9,,0.7,,,,0.5,,,,
RFLNA,,,0.0,,0.0,,,,0.6,,0.8,,,,,,0.7,,0.5,0.95,,,
RFLNB,,,0.0,,0.0,,,,0.7,,0.8,,,,0.7,,,,0.5,,,,
RFNG,,1.0,0.0,,,,,,,,,,0.9,,0.7,,,,0.5,,,,
RFPL1,,,0.01,,0.79,,,,0.5,,0.28,,,,0.7,,,0.8,0.317,0.97,,,
RFPL2,,,0.0,,0.5,,,0.7,0.6,,0.8,,,,0.9,,,,0.7,0.89,,,
RFPL3,,,0.0,,0.7,,,0.6,0.6,,0.9,,,,0.9,,,0.8,0.5,1.0,,,
RFPL3S,,,0.09,,0.45,,,,0.6,,,,,,,,,,0.1,,,,
RFPL4A,,,0.04,,0.68,,,,0.6,,0.9,,,,0.8,,,,0.5,,,,
RFPL4AL1,,,0.2,,0.37,,,,0.6,,,,,,0.9,,,,0.5,,0.97,,
RFPL4B,,,0.0,,,,0.5,0.7,0.6,,,,0.8,,,,,,,,1.0,,
RFT1,,,0.0,,0.76,,0.7,,0.8,,0.9,,,,0.7,,,,0.5,,,0.6,
RFTN1,,,,,,,,,,,,,,,,,,,,,,,
RFTN2,,,0.0,,0.52,,0.1,0.5,0.6,,0.79,,,,0.7,,,,0.5,0.78,,,
RFWD3,,,0.0,,,,0.8,,0.6,,0.9,,,,,0.75,,,,,0.73,,
RFX1,,1.0,,1.0,0.14,,,,0.6,,0.7,,,,0.6,0.75,,,0.8,0.73,,,
RFX2,,,,1.0,0.8,,0.5,,0.7,,0.6,,,,0.6,,,,0.7,0.94,,,
RFX3,,,,,,,,,,,,0.8,,,,,,,,,,,
RFX4,,1.0,,1.0,0.05,,0.7,,0.6,,0.8,,,,,,,0.9,,1.0,,,
RFX5,0.9,,0.0,,0.76,,,0.5,0.6,,0.7,,,,0.5,,,0.8,0.8,0.7,,,
RFX6,,1.0,0.0,,,,0.8,,,,,,0.7,,,,,,,,0.94,,
RFX7,,,,1.0,0.02,,0.8,,0.6,,0.7,,,,0.75,,,,0.5,,,,
RFX8,,,0.0,,0.73,,,,0.6,,0.75,,,,,0.78,,0.9,0.8,0.94,,,
RFXANK,0.8,,0.0,,0.66,,,0.6,0.7,,0.9,,,,0.7,,,,0.5,,,0.5,
RFXAP,0.8,,0.11,,0.33,,,,0.7,,0.9,,,,0.7,,,,0.5,0.61,,,
RGCC,,,0.0,,0.71,,,0.6,0.8,,0.9,,,,0.5,,,,0.5,,,,
RGL1,,,,,,,,,,,,0.8,,0.6,,,,,,,,,
RGL2,,,0.9,,,,,,,,,,0.9,,0.8,0.8,,,,,,,
RGL3,,,0.0,,0.5,,0.8,,0.7,,0.9,,,,0.75,,,,0.6,0.95,,,
RGL4,,,0.0,,0.92,,,0.2,0.5,,0.61,,,,0.7,,,,0.473,0.96,,,
RGMA,,,,,,,,,,,,1.0,,,,,,,,,,,
RGMB,,0.9,0.8,,,,0.7,0.6,0.8,,,,0.9,,0.8,,0.85,,,0.75,,,
RGN,,,0.8,,,,,,,,,,0.85,,0.7,0.75,0.7,,,,0.95,,
RGP1,,,0.0,,0.75,,,0.2,0.8,,0.9,,,,0.8,,,,0.5,,,0.6,
RGPD1,,,0.0,,0.0,,,,0.6,,0.8,,,,,,,0.9,0.7,,0.95,,
RGPD2,,,0.0,,0.0,,,,0.5,,0.6,,,,0.7,,,0.8,0.7,0.9,,,
RGPD3,,,1.0,,1.0,,,,0.7,,,,,,0.9,,,,0.5,,,,
RGPD4,,,0.0,,0.0,,,,0.6,,,,,,0.5,0.7,,0.7,0.8,1.0,,,
RGPD5,,,0.0,,0.0,,,,0.7,,0.9,,,,0.6,,,,0.8,,,,0.5
RGPD8,,,1.0,,1.0,,,,0.7,,0.6,,,,0.9,,,0.9,0.8,0.75,,,
RGR,,,0.0,,,,0.5,,0.7,,0.9,,,,0.8,,,,,,0.9,,0.6
RGS1,,,,,,,,,,,,0.5,,0.5,,,,,,,,,
RGS10,,,,,,,,,,,,0.9,,0.7,,,,,,,,,
RGS11,,,0.0,,,,0.5,,,,,,0.9,,0.8,0.7,,,,,0.95,,0.6
RGS12,,,,,,,,,,,,0.8,,0.6,,,,,,,,,
RGS13,,,0.0,,0.72,0.8,,0.6,0.7,,0.9,,,,0.8,,0.7,,0.5,0.84,,,
RGS14,,,,,,,,,,,,,,,,,,,,,,,
RGS16,,,,,,,,,,,,0.8,,0.6,,,,,,,,,
RGS17,,,,,,,,,,,,,,,,,,,,,,,
RGS18,,,0.0,,0.58,,,,0.8,,0.9,,,,0.8,0.7,0.7,,0.5,1.0,,,
RGS19,,,,,,,,,,,,0.9,,,,,,,,,,,
RGS2,,,0.0,,0.8,,,0.7,0.8,,0.9,,,,0.8,,,,0.5,,,,
RGS20,,,0.0,,0.59,,,0.8,0.75,,0.9,,,,0.7,,,,0.5,0.93,,,0.6
RGS21,,,0.0,,0.92,0.64,,,0.6,,0.8,,,,0.7,0.7,,,0.5,,,,
RGS22,,,0.0,,,,0.8,,0.7,,,,0.9,,,,,,,1.0,,,
RGS3,,,0.0,,0.46,,,0.7,0.8,,0.9,,,,0.7,,0.8,,0.6,0.79,,,
RGS4,,,,,,,,,,,,,,,,,,,,,,,
RGS5,,,0.0,,0.7,,0.1,0.4,0.6,,0.8,,,,0.8,,,,0.5,1.0,,,
RGS6,,,,,,,,,,,,0.8,,,,,,,,,,,
RGS7,,,,,,,,,,,,,,,,,,,,,,,
RGS7BP,,,,,,,,,,,,0.9,,,,,,,,,,,
RGS8,,,,,,,,,,,,0.8,,0.6,,,,,,,,,
RGS9,,,0.0,,,,0.8,0.5,0.6,,0.7,,,,0.7,,0.85,,,0.95,,,
RGS9BP,0.8,,0.0,,,,,,,,,,0.9,,0.8,,0.85,,,,0.99,,
RGSL1,,,,,,,,,,,,1.0,,,,,,,,,,,
RHAG,0.8,,0.9,,,,,,,,,,0.7,,,0.8,0.85,,,,,,
RHBDD1,,,0.0,,0.5,0.87,,0.2,0.6,,0.8,,,,,,,,0.5,,,,
RHBDD2,,,,0.62,0.17,,0.8,,0.5,,0.67,,,,0.67,0.7,,,0.73,0.79,,,
RHBDD3,,,0.0,,0.71,,,,0.7,,0.9,,,,0.9,,,,0.6,,,0.5,
RHBDF1,,,0.0,,0.69,,,,0.8,,0.9,,,,0.85,,,,0.7,,,,
RHBDF2,0.8,,0.0,,0.31,,,,0.7,,,,0.9,,0.6,,0.75,,0.5,0.85,,,
RHBDL1,,,0.31,,0.24,,,0.4,0.6,,0.24,,,,0.8,,,,0.438,0.95,,,
RHBDL2,,,0.0,,0.83,,0.4,,0.5,,0.56,,,,0.7,0.65,,,0.76,0.93,,,
RHBDL3,,,0.0,,0.69,,,,0.7,,0.6,,,,0.7,,,,0.8,,,,
RHBG,,,0.0,,0.5,0.0,,,0.6,,0.8,,,,0.9,0.6,,,0.7,,,,
RHCE,,,,,,,,,,,,,,,,,,,,,,,
RHCG,,,0.0,,0.45,,,0.2,0.8,,0.9,,,,0.6,0.6,,,0.5,1.0,,,
RHD,0.5,,0.0,,0.56,,,,,0.5,0.8,,,,0.6,0.57,,,0.75,0.88,,,
RHEB,,,,,,,,,,,,1.0,,1.0,,,,,,,,,
RHEBL1,,,0.0,,,,0.5,,,,,,0.9,,0.9,,,,,,0.88,,
RHEX,,,0.0,,0.0,,,0.7,0.6,,0.8,,,,0.8,,,,0.5,,,0.2,
RHNO1,,,0.0,,0.68,,,,0.9,,,,0.75,,0.8,0.7,,,0.5,,,0.54,
RHO,0.8,,0.0,,,,,,,,,,0.9,,0.75,0.7,0.85,,,,0.96,,
RHOA,,,,0.86,0.0,,0.4,0.7,0.8,,0.9,,,,,,,,0.193,0.68,,,
RHOB,,,,,,,,,,,,0.9,,0.7,,,,,,,,,
RHOBTB1,,,0.0,,0.38,,,0.5,0.6,,0.8,,,,0.8,,,0.9,0.5,0.77,,,
RHOBTB2,,,0.01,,0.3,,0.5,0.4,0.67,,0.69,,,,0.5,,,,0.73,0.8,,,
RHOBTB3,,,0.0,,0.46,,,0.6,0.8,,0.9,,,,0.9,0.75,,,0.7,0.72,,,
RHOC,,,,,,,,,,,,0.8,,0.6,,,,,,,,,
RHOD,,,0.01,,0.49,0.64,0.8,0.7,0.75,,0.9,,,,0.85,0.78,,,0.85,0.93,,,
RHOF,,,0.0,,0.68,,,0.5,0.6,,0.8,,,,0.8,,,0.9,0.5,0.82,,,
RHOG,,,,,,,,,,,,,,,,,,,,,,,
RHOH,,,,,,,,,,,,0.9,,,,,,,,,,,
RHOJ,,,0.01,,0.47,,,0.7,0.75,,0.85,,,,0.8,,,0.95,0.9,0.82,,,
RHOQ,,,,,,,,,,,,0.75,,0.65,,,,,,,,,
RHOT1,,,,,,,,,,,,0.8,,0.6,,,,,,,,,
RHOT2,,,0.0,,0.5,,,0.7,0.9,,0.8,,,,0.9,,,,0.7,0.6,,,
RHOU,,,0.3,,0.25,0.3686,0.7,,0.86,,0.95,,,,0.8,0.75,0.9,0.8,0.5,,,,
RHOV,,,,0.77,0.11,,,,0.6,,0.7,,,,0.75,0.78,,0.8,0.5,0.97,,,
RHOXF1,,,,0.78,0.0,,,,0.8,,1.0,,,,,0.75,,,0.184,0.96,,,
RHOXF2,,,0.0,,0.5,,,,0.6,,0.8,,,,0.8,,,,0.5,1.0,,,
RHOXF2B,,,0.25,,0.3,,,,0.6,,0.9,,,,0.8,,,,0.8,1.0,,,
RHPN1,,,0.0,,0.71,,,0.6,0.7,,0.9,,,,0.6,,,,0.5,,,,
RHPN1-AS1,,,0.0,,0.0,,,,0.5,,,,,,,,,,0.1,,,,
RHPN2,,,0.0,,,,0.9,,0.7,,,,0.8,,0.75,0.7,,,,,0.8,,
RHPN2P1,,,1.0,,1.0,,,,,,,,,,,0.75,,0.8,0.5,,,0.9,
RIBC1,,,,0.98,0.06,,,0.7,0.6,,0.76,,,,0.8,,,,0.75,1.0,,,
RIBC2,,,0.0,,0.5,,,0.2,0.8,,,,,,0.6,0.4,,,0.5,,,,
RIC1,0.8,,1.0,,,,,,,,,,0.9,,0.7,,0.9,,,,,,
RIC3,,,0.0,,0.67,,,0.75,0.7,,0.67,,,,0.9,0.7,,,0.5,,,,
RIC8A,,1.0,0.0,,,,0.5,0.7,0.8,,,,0.9,,0.7,0.7,,,,,,0.6,
RIC8B,,,,,,,,,,,,0.8,,,,,,,,,,,
RICTOR,,1.0,,1.0,0.09,,,,0.6,0.6,0.5,,,,0.7,,,0.8,0.7,,,,
RIDA,,,,,,,,,,,,,,,,,,,,,,,
RIF1,,1.0,,1.0,0.94,,,,0.8,,0.9,,,,,,,0.6,0.7,0.7,,,
RIIAD1,,,0.0,,0.0,,,,0.6,,0.7,,,,,0.4,,,0.5,,,,
RILP,,,0.0,,0.5,0.0,,,0.6,,0.8,,,,0.7,0.6,,,0.5,,,,
RILPL1,,,,,,,,,,,,,,,,,,,,,,,
RILPL2,,,0.02,,0.43,,,,0.8,,0.95,,,,,0.65,,,0.211,0.83,,,
RIMBP2,,,,,,,,,,,,0.8,,,,,,,,,,,
RIMBP3,,,0.0,,0.0,,,,0.6,,0.8,,,,0.6,,,,0.5,,,,
RIMBP3B,,,1.0,,1.0,,,,0.6,,,,,,0.7,,,,0.8,,,0.5,
RIMBP3C,,,1.0,,1.0,,,,0.6,,0.5,,,,0.7,0.75,,0.7,0.8,1.0,,,
RIMKLA,,,0.0,,0.54,,,0.6,0.8,,0.9,,,,0.7,,,,0.5,0.87,,,
RIMKLB,,,,0.64,0.18,,0.8,,0.7,,0.85,,,,0.8,,,,0.75,0.79,,,
RIMS1,,1.0,,1.0,0.19,,0.8,0.5,0.6,,0.7,,,,0.8,,,0.8,,0.96,,,
RIMS2,,,,1.0,0.88,0.82,,,0.7,,0.9,,,,0.8,,,0.75,0.6,,,,
RIMS3,,,0.0,,0.59,,,,0.7,,,,0.75,,0.9,,,,0.5,0.95,,,
RIMS4,,,0.21,,0.27,,,,0.8,,0.72,,,,0.8,,,0.9,0.67,0.87,,,
RIN1,,,,,,,,,,,,0.9,,,,,,,,,,,
RIN2,,,0.0,,,,0.5,0.4,0.6,,0.8,,,,0.5,0.5,0.6,,,0.7,,,
RIN3,,,0.0,,0.61,,0.9,,0.7,,0.8,,,,0.7,,,,0.5,0.85,,,
RING1,,,,0.65,0.18,,,0.7,0.9,,0.95,,,,0.75,0.78,,,0.81,,,0.56,
RINL,,,0.0,,0.43,0.74,,,0.67,,0.73,,,,0.6,0.75,,0.8,0.56,0.87,,,
RINT1,0.8,1.0,0.0,,0.56,,,0.75,0.9,,,,0.67,,0.5,,,,,,0.6,,
RIOK1,,,0.0,,0.78,,,,0.8,,0.9,,,,0.7,0.75,,,0.5,,,,
RIOK2,,,,,,,,,,,,1.0,,0.7,,,,,,,,,
RIOK3,,,0.0,,,,0.8,,0.7,,,,0.9,,0.8,0.75,,,,,0.6,,
RIOX1,,,0.0,,,,,,,,,,0.9,,,,0.8,,0.5,,,1.0,
RIOX2,,,0.0,,0.0,,,,,,,,0.9,,0.7,,,,0.7,,,0.6,
RIPK1,0.8,1.0,0.04,,0.28,,,0.5,0.7,0.6,0.9,,,,,,,0.9,,0.65,,,
RIPK2,,,0.39,,0.22,,,0.4,0.87,0.67,0.94,,,,,,,0.9,,0.7,,,
RIPK3,,,0.0,,0.96,,,0.6,0.7,,0.9,,,,,,,,0.8,,,,
RIPK4,0.5,,0.01,,0.33,,,,,,,,0.9,,0.8,,,,0.8,,0.96,,
RIPOR1,,,0.0,,0.0,,,,0.7,,0.8,,,,0.9,,0.8,,0.5,,,,
RIPOR2,0.8,,0.0,,,,,,,,,,0.9,,0.7,,0.9,,,,0.95,,
RIPOR3,,,0.0,,0.0,,,,0.6,,0.9,,,,,,,,0.8,,,,
RIPPLY1,,,0.9,,0.85,,,0.7,0.6,,0.8,,,,,,,0.6,0.5,0.96,,,
RIPPLY2,0.8,,0.04,,0.44,,,0.6,0.5,,,,0.87,,,,0.9,,,,0.86,,
RIPPLY3,,,0.1,,,,,,,,,,0.9,,,,,,0.5,,,,
RIT1,,,0.15,,0.28,0.39,0.5,0.6,0.8,,0.9,,,,0.75,,,0.7,0.5,,,0.6,
RIT2,,,0.0,,0.7,,0.9,0.2,0.7,,0.8,,,,0.8,0.7,,0.9,0.5,0.97,,,
RITA1,,,0.0,,0.0,,,,0.6,,0.8,,,,0.6,,,,0.5,,,0.5,
RLBP1,,,,,,,,,,,,,,,,,,,,,,,
RLF,,,,1.0,0.0,,,,,,,,0.7,,,,,,0.8,,,,
RLIM,0.8,,,0.99,0.05,,,0.5,0.75,,,,0.9,,0.8,0.78,0.85,,0.6,,,,
RLN1,,0.8,0.9,,,,,0.85,0.8,,,,0.9,,,0.85,,,0.7,,,,
RLN2,,,0.01,,,,,0.6,0.85,,0.92,,,,0.8,,,,0.37,,,,
RLN3,,,0.9,,0.7,,,,0.85,,0.95,,,,0.7,,,,0.5,1.0,,,
RMC1,,,0.0,,0.0,,,,0.6,,0.8,,,,0.7,,,,0.5,,,,
RMDN1,,,0.0,,,,0.5,,,,,,0.9,,0.7,0.65,0.8,,,,,,
RMDN2,,,0.0,,0.5,,0.3,0.4,0.6,,0.8,,,,0.8,,,0.5,0.7,0.9,,,
RMDN3,,,,,,,,,,,,,,,,,,,,,,,
RMI1,,,,,,,,,,,,,,,,,,,,,,,
RMND1,0.8,,0.0,,0.79,,,,0.6,,0.9,,,,0.7,,,0.7,0.5,,,0.55,
RMND5A,,,,0.98,0.1,,0.7,0.75,0.6,,0.8,,,,0.7,,,,,0.84,,,
RMND5B,,,0.0,,,,,,,,,,0.8,,0.8,,,,0.7,,,,
RNASE1,,,0.7,,,,0.5,0.6,0.8,,,,0.9,,0.8,,0.8,,,0.9,,,0.7
RNASE10,,,0.0,,0.98,,,0.2,0.7,,0.9,,,,0.7,,,,0.5,0.92,,,
RNASE11,,,0.0,,0.0,,,,0.6,,0.9,,,,0.7,0.7,,,0.5,,,,
RNASE12,,,0.9,,0.8,,,,0.7,,0.8,,,,0.9,,,,0.6,,,,
RNASE13,,,0.32,,0.0,,,0.6,0.4,,0.57,,,,0.8,,,,0.78,,,,
RNASE2,,,0.0,,0.0,,0.6,0.4,0.7,,0.9,,,,0.6,,,,0.5,1.0,,,
RNASE3,,,0.0,,0.0,,,0.7,0.8,,,,0.9,,0.7,,,,0.5,,,,
RNASE4,,,0.0,,,,0.8,,0.7,,0.9,,,,0.7,,,,,,,,
RNASE6,,,,,,,,,,,,1.0,,0.7,,,,,,,,,
RNASE7,,,0.12,,0.65,0.92,,0.05,0.1,,0.39,,,,,0.75,,,0.78,0.99,,,
RNASE8,,,1.0,,1.0,0.2,,,0.7,,,,0.9,,0.8,0.7,,,0.5,,,,
RNASE9,,,0.35,,0.0,,,0.1,0.25,,0.82,,,,0.8,,,,0.205,1.0,,,
RNASEH1,0.7,0.8,0.99,,,,,,,,,,0.9,,0.8,,0.9,,,,,0.6,0.7
RNASEH2A,0.9,,0.0,,,,,,,,,,0.8,,0.75,0.7,0.85,,,,0.9,,
RNASEH2B,0.8,,0.0,,0.84,,,,0.7,,0.9,,,,0.7,,,,0.5,,,0.6,
RNASEH2C,,,0.01,,0.66,,0.83,0.5,0.75,,0.96,,,,0.7,,,,0.82,0.66,,,
RNASEK,,,,,,,,,,,,,,,,,,,,,,,
RNASEL,,,0.0,,0.76,,0.5,,0.8,,0.9,,,,0.8,0.75,,,,0.71,,,
RNASET2,,,0.0,,0.56,,0.7,0.6,0.8,,0.9,,,,,0.7,,,0.5,0.88,,,
RND1,,,,,,,,,,,,0.8,,0.7,,,,,,,,,
RND2,,,0.0,,0.63,,,0.1,0.7,,0.69,,,,0.6,,,0.8,0.5,0.95,,,
RND3,,0.7,,0.9,0.0,,0.6,,0.7,,0.5,,,,0.7,,,0.8,,,,,
RNF10,,,,,,,,,,,,,,,,,,,,,,,
RNF103,,,,,,,,,,,,0.8,,,,,,,,,,,
RNF11,,,,0.6,0.14,,0.5,0.7,0.7,,0.8,,,,,0.7,,0.9,0.5,,,,
RNF111,,1.0,,1.0,0.09,,0.5,0.6,0.7,,0.8,,,,0.9,0.85,,0.8,,,,0.7,
RNF112,,,0.2,,0.3,,,,0.6,,0.8,,,,0.8,0.7,,,0.5,0.9,,,
RNF113A,,,,,,,,,,,,,,,,,,,,,,,
RNF113B,,,,,,,,,,,,,,,,,,,,,,,
RNF114,,,0.06,,0.34,,0.8,0.6,0.7,,0.9,,,,0.7,,,,,,,0.53,
RNF115,,,0.0,,0.42,0.46,0.1,0.3,0.7,,0.8,,,,0.6,,,,0.5,,,0.2,
RNF121,,,0.25,,0.24,0.78,,,0.7,,,,0.78,,0.75,0.65,0.85,,0.65,,,,
RNF122,,,0.15,,0.3,,,,0.8,,0.9,,,,0.8,,,,0.75,,,,
RNF123,,,0.0,,0.32,,,,0.7,,0.9,,,,0.7,,,,0.6,,,,
RNF125,0.8,,0.0,,0.7,,,,0.7,,0.9,,,,0.7,,,0.9,0.5,0.8,,,
RNF126,,,,0.96,0.07,,,0.81,0.87,,1.0,,,,0.9,0.78,,,0.65,,,0.5,
RNF128,,,0.2,,0.27,,,0.1,0.7,,0.9,,,,,0.75,,0.8,0.85,,,,
RNF13,,,0.0,,,,0.5,0.8,0.6,,0.9,,,,0.8,0.65,0.7,,0.5,0.6,,,
RNF130,,,0.0,,0.46,,,,0.75,,0.9,,,,0.8,,,0.85,0.7,,,0.6,
RNF133,,,,,,,,,,,,,,,,,,,,,,,
RNF135,,,0.0,,0.9,,,0.7,0.8,,0.9,,,,0.7,,,,0.5,,,,0.5
RNF138,,,,0.68,0.16,,,,0.9,,0.148,,,,0.7,0.75,,,0.245,0.85,,,
RNF139,0.8,,,0.5,0.21,,,,0.75,,0.9,,,,0.6,,,0.7,0.66,0.68,,,
RNF14,,,0.0,,0.39,0.6,,,0.7,,0.8,,,,0.6,,,0.9,0.5,,,0.7,
RNF141,,,0.0,,0.64,,,,0.7,,0.8,,,,,,,0.9,0.5,0.68,,,
RNF144A,,,,0.94,0.11,,,0.1,0.67,,0.87,,,,0.75,0.78,,0.8,0.73,0.91,,,
RNF144B,,,0.0,,,,0.5,,,,,,0.9,,0.7,0.75,,,,,,,
RNF145,,,,,,,,,,,,0.8,,,,,,,,,,,
RNF146,,,,,,,,,,,,,,,,,,,,,,,
RNF148,,,0.0,,0.88,,,,0.6,,0.9,,,,0.9,,,0.8,0.5,1.0,,,
RNF149,,,0.0,,0.47,,,,0.6,,0.8,,,,0.7,0.75,,,0.5,,,,
RNF150,,,0.0,,0.46,,0.1,0.2,0.7,,0.8,,,,0.85,,,,0.5,0.77,,,
RNF151,,,0.0,,0.86,,,0.8,0.6,,0.9,,,,,,,,0.5,,,,
RNF152,,,0.14,,0.36,,0.1,,0.8,,0.4,,,,0.75,,,0.7,0.5,0.82,,,
RNF157,,,0.0,,0.5,,,,0.8,,0.9,,,,0.6,,,,0.8,,,,
RNF166,,,0.48,,0.2,,,0.8,0.6,,0.73,,,,0.75,0.78,,,0.95,,,,
RNF167,,,,,,,,,,,,0.8,,,,,,,,,,,
RNF168,0.8,,0.0,,,,,,,,,,0.9,,0.6,,,,,,0.7,,
RNF169,,,0.8,,0.3,0.7,,,0.7,,0.9,,,,0.75,0.8,,0.8,0.6,0.7,,,
RNF17,,,,1.0,0.9,,,,0.6,,0.8,,,,0.9,,,0.75,0.7,1.0,,,
RNF170,0.75,,,0.52,0.2,,,0.6,0.7,,0.89,,,,0.8,,,0.8,0.64,,,0.56,
RNF175,,,0.0,,0.86,,,,0.7,,0.9,,,,0.8,,,,0.5,,,,
RNF180,,,0.0,,,,0.5,,,,,,0.8,,0.9,0.75,,,,,0.77,,
RNF181,,,0.0,,0.5,,,0.8,0.7,,0.9,,,,0.8,,,0.7,0.6,,,,
RNF182,,,0.0,,,,0.5,,,,,,0.9,,0.8,,,,0.6,,,,
RNF183,,,,,,,,,,,,,,,,,,,,,,,
RNF185,,,,,,,,,,,,0.85,,,,,,,,,,,
RNF186,,,0.3,,,,0.8,,,,,,0.9,,0.8,,,,,,0.95,,
RNF187,,,0.0,,0.0,,,,0.7,,0.8,,,,0.5,,,0.6,0.5,,,0.6,
RNF19A,0.9,,0.8,,0.6,,,,0.85,,0.9,,,,0.9,,,0.75,0.5,,,,
RNF19B,,,,0.93,0.15,,,0.85,0.8,,0.95,,,,0.75,0.82,,,0.75,0.85,,,0.7
RNF2,,1.0,,1.0,0.0,,0.5,0.6,0.7,,0.8,,,,0.7,0.8,,,0.5,,,0.6,
RNF20,,,0.0,,0.55,,,,0.8,,0.9,,,,0.7,,,,0.7,,,,
RNF207,,,0.0,,0.64,,0.7,,0.6,,0.9,,,,,,,0.75,0.8,0.73,,,
RNF208,,,,0.84,0.0,,,,0.7,,0.65,,,,,,,,0.261,0.86,,,
RNF212,,,0.0,,,,0.8,,0.5,,0.6,,,,0.7,0.6,,,,0.8,,,
RNF212B,,,0.0,,0.0,,,,0.7,,,,0.6,,0.5,,,,0.5,,,,
RNF213,,,0.0,,,,0.8,,0.6,,0.7,,,,,,,,,,0.76,,
RNF214,,,,0.92,0.17,,0.5,,0.7,,0.8,,,,0.75,,,0.9,0.85,,,0.6,
RNF215,,,0.0,,0.87,,,,0.5,,0.86,,,,0.75,,,,0.75,,,,
RNF216,0.8,,0.0,,0.39,,,,0.8,,0.9,,,,0.5,,,0.9,0.7,,,,
RNF216P1,,,,,,,,,,,,,,,,,,,,,,,
RNF217,,,,,,,,,,,,0.9,,0.6,,,,,,,,,
RNF220,0.8,,,1.0,0.07,,0.9,,0.7,,0.8,,,,0.7,,,,0.8,,,0.6,
RNF222,,,0.0,,0.0,,,,0.7,,0.8,,,,0.8,,,,0.5,,0.99,,
RNF223,,,0.0,,,,,,,,,,0.9,,0.8,,,,0.5,,,,
RNF224,,,0.0,,0.0,,,,,,0.8,,,,,,,,0.5,,0.9,,
RNF225,,,0.0,,,,,,0.6,,,,,,0.7,,,,0.5,,,,
RNF24,,,0.03,,0.4,,,,0.6,,0.9,,,,0.85,,0.75,0.8,0.74,,,,
RNF25,,,0.9,,0.4,0.8,,0.7,0.8,,0.7,,,,0.7,0.75,,,0.6,,,0.6,
RNF26,,,,0.58,0.18,,,0.75,0.7,,0.85,,,,0.7,,,0.8,0.9,,,0.75,
RNF31,,,,1.0,0.9,,,0.6,0.8,,0.9,,,,,0.8,,0.9,0.7,0.6,,,
RNF32,,,0.0,,0.5,,0.2,,0.5,,0.7,,,,,,,0.9,0.6,1.0,,,0.6
RNF34,,,,0.62,0.19,,,0.6,0.8,,0.95,,,,0.8,0.75,,,0.75,,,,
RNF38,,,,1.0,0.03,,,,0.6,,0.9,,,,0.8,,0.9,0.8,0.7,0.71,,,
RNF39,,,0.0,,,,0.8,,,,,,0.9,,0.8,,,,,,,,
RNF4,,1.0,,0.81,0.1,,,,0.7,,0.8,,,,0.8,0.75,,0.9,0.5,,,0.57,
RNF40,0.6,,,1.0,0.14,,,0.5,0.7,,0.9,,,,,,,,0.8,,,,
RNF41,,,,0.96,0.07,,,0.08,0.1,,0.148,,,,0.5,0.78,,,0.317,,,,
RNF43,,,,,,,,,,,,0.85,,,,,,,,,,,
RNF44,,,0.26,,0.24,0.4,,,0.8,,0.88,,,,,0.7,,0.75,0.87,,,0.59,
RNF5,,,0.0,,0.73,0.49,0.4,0.5,0.6,,0.8,,,,0.7,0.6,,0.7,0.5,,,0.6,
RNF6,0.7,,0.8,,,,0.6,0.7,0.8,,,,0.9,,0.9,,0.8,,,,,0.5,
RNF7,,,0.03,,0.51,,0.1,0.52,0.36,,0.64,,,,,,,,0.11,,,0.48,
RNF8,,,,,,,,,,,,,,,,,,,,,,,
RNFT1,,,0.0,,0.62,,,,0.6,,0.9,,,,0.7,,,,0.5,,,,
RNFT2,,,0.0,,0.48,,,,0.8,,0.9,,,,0.75,,,,0.7,0.85,,,
RNGTT,,,,,,,,,,,,,,,,,,,,,,,
RNH1,,,0.0,,0.76,,,0.7,0.8,,0.9,,,,0.7,0.65,,,0.5,,,,
RNLS,0.9,,0.0,,,,0.8,,,,,,0.9,,0.8,,,,,,,0.6,
RNMT,,,0.0,,0.42,,,0.7,0.9,,0.8,,,,0.8,0.7,,,0.5,,,0.7,
RNPC3,0.8,,0.0,,0.39,,,,0.7,,0.9,,,,0.5,,,0.6,0.5,0.72,,,
RNPEP,,,0.0,,0.88,,0.5,,0.8,0.7,0.9,,,,0.7,,,,0.6,0.65,,,
RNPEPL1,,,0.8,,,,0.7,,0.5,,,,0.9,,0.6,,,,,,,,
RNPS1,,,,0.98,0.0,,,0.2,0.7,,0.8,,,,0.8,,,,0.5,,,,
ROBO1,,,,,,,,,,,,1.0,,0.5,,,,,,,,,
ROBO2,,1.0,,1.0,0.08,,0.8,,0.6,,0.7,,,,0.7,,,,,,,,
ROBO3,0.8,1.0,0.0,,,,,,,,,,0.9,,0.7,,0.85,,,,0.83,,
ROBO4,0.8,,0.0,,0.66,,,,0.7,,,,0.9,,0.9,,,,0.5,,0.94,,
ROCK1,,1.0,,1.0,0.9,,,,0.85,0.9,0.8,,,,,,,,0.7,0.78,,,
ROCK2,,1.0,,1.0,0.87,,,0.7,0.85,0.95,0.9,,,,0.8,,,,0.6,0.7,,,
ROGDI,0.8,,0.0,,0.89,,,0.7,0.6,,,,0.9,,,,,,0.5,,0.81,,
ROM1,0.8,,0.0,,0.64,,,0.2,0.6,,0.9,,,,0.7,,,,0.5,0.8,,,
ROMO1,,,,,,,,,,,,0.8,,,,,,,,,,,
ROPN1,,,0.0,,0.65,,,0.6,0.7,,0.8,,,,0.8,,,,0.5,1.0,,,
ROPN1B,,,0.0,,0.82,,,,0.6,,0.9,,,,0.7,,,,0.5,1.0,,,
ROPN1L,,,0.0,,0.92,,,0.6,0.8,,0.9,,,,0.75,,,,0.5,1.0,,,
ROR1,,,,,,,,,,,,0.8,,0.6,,,,,,,,,
ROR2,,1.0,0.0,,,,,0.6,0.7,,0.9,,,,0.8,,0.75,,,,0.89,,
RORA,,1.0,,0.74,0.2,,,0.6,0.85,0.8,0.9,,,,,0.82,,,,,,,
RORB,,,,1.0,0.0,,,,0.6,0.6,0.5,,,,0.6,,,,,,,,
RORC,,,,1.0,0.04,,,0.5,0.7,0.6,0.9,,,,,0.75,,,,0.91,,,
ROS1,,,0.0,,0.93,,0.1,,0.6,0.7,0.9,,,,0.7,,,0.9,0.8,0.96,,,
RP1,0.9,,0.0,,0.52,,,,0.6,,0.8,,,,,,,,0.75,0.99,,,
RP1L1,0.7,,0.0,,0.2,0.9,,,0.6,,,,,,,,,,0.8,,,,
RP2,0.8,,,0.96,0.0,,,0.7,0.6,,0.9,,,,0.75,,,,0.7,0.69,,,
RP9,0.8,,0.9,,0.45,,,,0.6,,,,0.9,,0.8,,,,0.5,,,0.7,
RPA1,,,0.04,,0.27,,,,,,,,,,,,,,,,,,
RPA2,0.8,,,,,,,,,,,,,,,,,,,,,,
RPA3,,,0.0,,0.7,0.56,0.2,,0.9,,0.8,,,,0.8,,,,0.5,0.69,,,
RPA4,0.7,,,,,,,,,,,,,,,,,,,,,,
RPAIN,,,0.8,,,,0.6,0.5,0.7,,,,0.9,,0.6,0.7,0.7,,,,,0.8,
RPAP1,,,0.0,,0.59,,,,0.6,,0.9,,,,0.9,,,,0.8,,,0.5,
RPAP2,,,0.0,,,,0.8,0.3,,,,,0.9,,0.5,0.65,0.85,,,,0.7,,
RPAP3,,,0.0,,0.39,,0.1,0.5,0.6,,0.8,,,,0.9,,,0.7,0.5,,,0.6,
RPE,,,0.0,,0.63,,,0.4,0.8,,0.9,,,,0.9,,,,0.5,,,0.6,
RPE65,,,0.0,,0.78,0.28,0.5,0.4,0.5,0.6,0.7,,,,0.6,0.55,,,0.5,0.99,,,
RPEL1,,,0.0,,0.0,,,,0.6,,0.8,,,,0.8,,,,0.5,,,,0.5
RPF1,,,0.0,,0.77,,,0.6,0.7,,0.8,,,,0.6,,,,0.5,,,0.5,
RPF2,,,0.8,,0.6,,,,0.7,,0.9,,,,0.8,,,,0.5,,,0.6,
RPGR,,,,1.0,0.95,,,0.7,0.8,,,,,,0.7,0.85,,,,0.69,,,
RPGRIP1,1.0,,0.0,,0.63,,,,0.7,,,,0.9,,,,0.9,,0.8,,,,
RPGRIP1L,1.0,1.0,0.0,,0.76,,,0.5,0.65,,,,,,0.9,,0.75,,0.7,,,,
RPH3A,,,,,,,,,,,,0.8,,0.6,,,,,,,,,
RPH3AL,,,0.0,,,,,,,,,,0.9,,,,,,,,0.89,,
RPIA,0.8,,0.0,,,,,,,,,,0.9,,0.75,,,,,,0.6,,
RPL10,,,,,,,,,,,,,,,,,,,,,,,
RPL10A,,,,,,,,,,,,,,,,,,,,,,,
RPL10L,,,0.9,,,,0.7,,0.6,,,,0.8,,0.8,0.7,0.5,,,,1.0,,
RPL11,,,,,,,,,,,,,,0.7,,,,,,,,,
RPL12,,,,,,,,,,,,,,,,,,,,,,,
RPL13,,,,,,,,,,,,,,,,,,,,,,,
RPL13A,,,,,,,,,,,,,,,,,,,,,,,
RPL13AP3,,,1.0,,1.0,,,,0.8,,,,,,,,,,0.5,,,0.6,
RPL14,,,,,,,,,,,,,,,,,,,,,,,
RPL15,,,,,,,,,,,,,,,,,,,,,,,
RPL17,,,,,,,,,,,,,,,,,,,,,,,
RPL18,,,,,,,,,,,,,,,,,,,,,,,
RPL18A,,,,,,,,,,,,,,,,,,,,,,,
RPL19,,,,,,,,,,,,,,,,,,,,,,,
RPL21,,,,,,,,,,,,,,,,,,,,,,,
RPL22,,,,,,,,,,,,,,,,,,,,,,,
RPL22L1,,,0.0,,0.69,,,0.6,0.8,,0.75,,,,0.9,,,,0.5,0.95,,,
RPL23,,,,,,,,,,,,,,,,,,,,,,,
RPL23A,,,,0.91,0.0,,,0.8,0.6,,0.97,,,,0.8,0.75,,,0.78,,,,
RPL24,,,,,,,,,,,,,,,,,,,,,,,
RPL26,,,,,,,,,,,,,,,,,,,,,,,
RPL26L1,,,0.0,,0.89,,,,0.85,,0.9,,,,0.8,0.7,,,0.5,,,,0.7
RPL27,0.8,,,0.86,0.0,,,,0.75,,,,0.9,,0.7,,0.85,,0.68,,0.68,,
RPL27A,,,,,,,,,,,,,,,,,,,,,,,
RPL28,,,,,,,,,,,,,,,,,,,,,,,
RPL29,,,,,,,,,,,,,,,,,,,,,,,
RPL3,,,,,,,,,,,,,,,,,,,,,,,
RPL30,,,,,,,,,,,,,,,,,,,,,,,
RPL31,,,,,,,,,,,,,,,,,,,,,,,
RPL32,,,,,,,,,,,,,,,,,,,,,,,
RPL34,,,,,,,,,,,,,,,,,,,,,,,
RPL35,,,,,,,,,,,,,,,,,,,,,,,
RPL35A,,,,,,,,,,,,,,,,,,,,,,,
RPL36,,,,,,,,,,,,,,,,,,,,,,,
RPL36A,,,,,,,,,,,,1.0,,0.6,,,,,,,,,
RPL36AL,,,0.8,,0.61,,,0.75,0.85,,0.9,,,,0.7,,,,0.5,,,0.9,
RPL37,,,,,,,,,,,,,,,,,,,,,,,
RPL37A,,,,,,,,,,,,,,,,,,,,,,,
RPL37AP8,,,0.0,,0.0,,,,0.5,,,,,,,,,,0.5,,,0.8,
RPL38,,,,0.8,0.0,,,,,,,,,,,,,,,,,,
RPL39,,,,,,,,,,,,,,,,,,,,,,,
RPL39L,,,0.0,,0.0,,,,0.7,,0.8,,,,0.7,,0.6,,0.5,1.0,,,
RPL39P5,,,0.0,,0.0,,,,0.5,,,,,,,0.4,,,0.5,,,0.2,
RPL3L,,,0.0,,,,0.8,,,,,,0.9,,0.5,,0.6,,,,1.0,,
RPL4,,,,1.0,0.0,0.9,,,0.6,,0.8,,,,0.5,,,,0.7,,,,
RPL41,,,,,,,,,,,,,,,,,,,,,,,
RPL5,,,,,,,,,,,,,,,,,,,,,,,
RPL6,,,,,,,,,,,,,,,,,,,,,,,
RPL7,,,,,,,,,,,,,,,,,,,,,,,
RPL7A,,,,,,,,,,,,,,,,,,,,,,,
RPL7L1,,,,,,,,,,,,,,,,,,,,,,,
RPL8,,,,,,,,,,,,,,,,,,,,,,,
RPL9,,,,,,,,,,,,,,,,,,,,,,,
RPLP0,,,,,,,,,,,,,,,,,,,,,,,
RPLP0P6,,,1.0,,1.0,,,,0.8,,,,,,,0.6,,,0.5,,,0.2,
RPLP1,,,0.38,,0.21,0.49,0.8,,0.78,,0.91,,,,0.75,,,,0.11,0.69,,,
RPLP2,,,,0.64,0.0,0.39,,,0.54,,0.74,,,,0.5,,,,0.11,,,,
RPN1,,,,,,,,,,,,0.8,,0.7,,,,,,,,,
RPN2,,,,,,,,,,,,0.8,,0.6,,,,,,,,,
RPP14,,,0.22,,0.34,0.7745,0.1,,0.87,,0.56,,,,0.7,,,,0.124,,,0.48,
RPP21,,,0.0,,0.84,,0.4,0.6,0.7,,0.6,,,,0.8,,,,0.5,,,0.5,
RPP25,,,0.21,,0.35,,0.5,0.6,0.7,,0.8,,,,0.8,,,,0.5,0.7,,,
RPP25L,,,,0.59,0.0,,,0.76,0.67,,0.78,,,,0.6,,0.4,,0.81,,,0.48,0.5
RPP30,,,0.0,,0.72,,,0.7,0.8,,0.9,,,,0.7,,0.9,,0.5,,,0.6,
RPP38,,,0.0,,0.88,0.9,,,0.7,,0.8,,,,0.7,,,,0.6,0.7,,,
RPP40,,,0.8,,0.6,,,,0.7,,0.9,,,,0.7,,,,0.5,,,0.6,
RPRD1A,,,,0.61,0.19,,,,0.73,,0.81,,,,0.9,,,,0.62,,,0.5,0.7
RPRD1B,,,0.04,,0.31,,,0.7,0.75,,0.85,,,,0.7,0.72,,,0.65,,,0.59,
RPRD2,,,,1.0,0.0,,,,0.6,,0.7,,,,0.9,,,,0.8,,,0.5,
RPRM,,,0.16,,0.48,,,0.75,0.73,,0.57,,,,0.8,0.67,,,0.11,,,,
RPRML,,,0.47,,0.0,,,,0.7,,0.75,,,,0.8,0.65,,,0.5,,,,
RPS10,,,,,,,,,,,,,,,,,,,,,,,
RPS10P5,,,1.0,,1.0,,,,,,,,,,,,,,0.5,,,0.8,
RPS11,,,,,,,,,,,,,,,,,,,,,,,
RPS12,,,,,,,,,,,,,,,,,,,,,,,
RPS13,,,,,,,,,,,,,,,,,,,,,,,
RPS14,,,,,,,,,,,,,,,,,,,,,,,
RPS15,,,,,,,,,,,,,,,,,,,,,,,
RPS15A,,,,,,,,,,,,,,0.6,,,,,,,,,
RPS16,,,,,,,,,,,,,,,,,,,,,,,
RPS17,,,,,,,,,,,,,,0.7,,,,,,,,,
RPS18,,,,,,,,,,,,,,,,,,,,,,,
RPS19,,,,0.82,0.0,0.38,,,,,,,,,,,,,,,,,
RPS19BP1,,,0.0,,0.5,0.7,,0.6,0.7,,0.8,,,,0.6,,,,0.6,,,0.5,
RPS2,,,,,,,,,,,,,,,,,,,,,,,
RPS20,,,,,,,,,,,,,,,,,,,,,,,
RPS21,,,,,,,,,,,,,,,,,,,,,,,
RPS23,,,,,,,,,,,,,,,,,,,,,,,
RPS24,,,,,,,,,,,,,,,,,,,,,,,
RPS25,,,,,,,,,,,,,,,,,,,,,,,
RPS26,,,,,,,,,,,,,,,,,,,,,,,
RPS26P11,,,1.0,,1.0,,,,0.7,,,,,,,,,,0.5,,,0.3,
RPS27,,,,,,,,,,,,,,,,,,,,,,,
RPS27A,,,,0.9,0.0,,,,0.84,,0.87,,,,,,,,0.78,,,,0.6
RPS27L,,,0.2,,0.5,,,,0.6,,0.8,,,,0.7,,,,0.4,,,,
RPS28,,,,,,,,,,,,,,,,,,,,,,,
RPS29,,,,,,,,,,,,,,,,,,,,,,,
RPS3,,,,0.9,0.08,,,,0.29,,0.218,,,,,0.75,,,0.243,0.72,,,0.6
RPS3A,,,,,,,,,,,,,,,,,,,,,,,
RPS4X,,,,,,,,,,,,,,,,,,,,,,,
RPS4Y1,,,,,,,,,,,,,,,,,,,,,,,
RPS4Y2,,,0.0,,0.5,0.0,,,0.7,,0.8,,,,,,,,0.5,,,0.0,
RPS5,,,,,,,,,,,,,,,,,,,,,,,
RPS6,,,,,,,,,,,,,,,,,,,,,,,
RPS6KA1,,,0.0,,0.32,,0.1,,0.7,0.6,0.9,,,,,,,0.8,,0.91,,,
RPS6KA2,,,0.9,,,,0.5,,0.6,0.7,0.8,,,,0.6,,,,,,0.7,,
RPS6KA3,,,,1.0,0.0,0.76,,,0.75,0.6,0.85,,,,,,,,,0.63,,,
RPS6KA4,,,,1.0,0.13,,0.6,0.6,0.7,0.5,0.9,,,,0.8,0.75,,,0.7,0.7,,,
RPS6KA5,,,,1.0,0.95,,,0.5,0.8,0.7,0.9,,,,,0.75,,,,,,,
RPS6KA6,,,,0.98,0.12,,,,0.7,0.6,0.8,,,,0.6,,,0.9,0.75,0.85,,,
RPS6KB1,0.85,,,,,,,,,,,,,,,,,,,,,,0.65
RPS6KB2,,,0.0,,0.5,,,0.6,0.85,0.8,0.9,,,,0.8,,,,0.6,0.7,,,
RPS6KC1,,,0.0,,0.31,,,,0.7,,0.94,,,,0.6,,,0.9,0.8,,,0.54,
RPS6KL1,,,0.0,,0.54,0.57,,0.2,0.8,,0.9,,,,0.8,,,,0.7,,,,
RPS7,,,,,,,,,,,,,,,,,,,,,,,
RPS8,,,,,,,,,,,,,,,,,,,,,,,
RPS9,,,,,,,,,,,,,,,,,,,,,,,
RPSA,0.5,1.0,,0.93,0.08,,,0.7,0.8,,,,0.9,,0.85,0.75,,,,0.69,,,
RPTN,,,0.0,,,,0.8,0.2,,,,,0.9,,0.6,0.65,,,,,1.0,,
RPTOR,,1.0,,1.0,0.04,,0.5,0.5,0.7,0.6,0.8,,,,,,,0.9,,,,0.5,
RPUSD1,,,0.0,,0.6,,,,0.7,,0.8,,,,0.9,,,0.6,0.5,,,0.5,
RPUSD2,,,0.0,,0.64,,,,0.6,,0.8,,,,0.7,,,,0.5,,,0.6,
RPUSD3,,,0.0,,0.69,,,0.6,0.7,,0.9,,,,0.7,,,,0.5,,,0.5,
RPUSD4,,,0.0,,0.73,,,,0.6,,,,0.9,,0.7,0.7,,,0.5,,,0.59,
RRAD,,,,,,,,,,,,,,,,,,,,,,,
RRAGA,,,0.67,,0.77,0.66,,0.6,0.88,,0.85,,,,,,,,0.75,,,0.52,
RRAGB,,,,0.78,0.15,,0.4,,0.6,,0.5,,,,0.8,0.7,,,0.374,,,0.52,
RRAGC,,,,,,,,,,,,,,0.8,,,,,,,,,
RRAGD,,,,,,,,,,,,,,,,,,,,,,,
RRAS,,,0.0,,0.53,,,,0.5,,0.75,,,,0.8,,,,0.5,0.82,,,
RRAS2,,,,,,,,,,,,0.8,,0.6,,,,,,,,,
RRBP1,,,0.0,,0.48,,,,0.8,,,,0.9,,0.7,,,,0.7,,,,
RREB1,,,,1.0,0.8,,0.7,,0.5,,0.6,,,,0.8,,,,0.4,0.7,,,
RRH,,,0.0,,0.93,,,,0.7,,0.9,,,,0.8,,,,0.5,0.79,,,
RRM1,,,,1.0,0.0,0.9,0.7,0.6,0.85,0.9,0.8,,,,0.9,,,,0.8,,,,
RRM2,,,,0.7,0.19,,,0.05,0.25,0.11,0.203,,,,0.8,,,,0.389,1.0,,,
RRM2B,,,0.0,,0.38,0.8,0.6,0.6,0.75,0.9,0.85,,,,0.8,,,,0.5,,,0.7,
RRN3,,,0.0,,,,,0.6,,,,,0.9,,0.8,0.7,,,0.7,,,,
RRN3P1,,,0.0,,0.0,,,,0.7,,,,,,,,,,0.5,,,0.6,
RRN3P2,,,0.0,,0.0,,,,0.7,,,,,,,,,,0.5,,,0.2,
RRP1,,,0.0,,0.47,,,,0.8,,0.9,,,,0.8,,,,0.5,,,0.6,
RRP12,,,0.0,,0.42,,0.6,,0.8,,0.9,,,,0.8,,,0.7,0.7,0.4,,0.5,
RRP15,,,,,,,,,,,,,,,,,,,,,,,
RRP1B,0.75,,0.0,,,,0.8,,,,,,0.9,,0.9,0.75,,,,,0.6,,
RRP36,,,0.0,,0.5,,,0.5,0.7,,0.9,,,,0.9,,,,0.6,,,0.6,
RRP7A,,,0.0,,0.59,,,0.6,0.7,,0.9,,,,0.8,,,,0.8,,,,
RRP7BP,,,1.0,,1.0,,,,0.8,,,,,,,0.6,,,0.5,,,0.5,
RRP8,,,0.0,,0.86,,,0.7,0.8,,0.9,,,,0.7,,,,0.5,,,0.6,
RRP9,,,,,,,,,,,,,,,,,,,,,,,
RRS1,,,0.18,,0.28,,,0.85,0.9,,0.99,,,,0.75,,,,0.73,,,0.5,
RS1,1.0,,,0.96,0.0,,,,0.5,,,,0.78,,0.5,0.85,,,0.5,0.89,,,
RSAD1,,,0.0,,0.6,,,,0.8,,0.9,,,,0.7,,,0.85,0.7,,,0.6,
RSAD2,,,0.0,,,,,0.6,,,0.9,,,,0.8,,,,,,,,
RSBN1,,,0.13,,0.25,,,0.7,0.67,,0.89,,,,0.8,0.7,,,0.8,,,,
RSBN1L,,,,0.66,0.2,,0.1,0.5,0.6,,0.7,,,,0.8,,,,0.85,0.62,,,
RSC1A1,,,0.0,,0.5,,,,0.6,,0.8,,,,0.8,0.7,0.8,,0.7,,,0.5,
RSF1,,,,1.0,0.0,,,,0.6,,0.8,,,,0.5,,,,0.7,,,,
RSL1D1,,,0.0,,0.59,,,,0.9,,0.8,,,,0.7,0.75,,,0.5,0.71,,,
RSL24D1,,,,,,,,,,,,,,,,,,,,,,,
RSPH1,0.8,,0.0,,0.61,,,,0.7,,0.9,,,,0.6,,0.85,,0.5,0.94,,,
RSPH10B,,,0.0,,0.0,,,,0.6,,0.8,,,,0.8,,,,0.5,1.0,,,
RSPH10B2,,,0.0,,0.0,,,0.3,0.5,,,,0.6,,0.8,,0.7,,0.5,1.0,,,
RSPH14,0.2,,1.0,,1.0,,,0.5,0.6,,0.8,,,,0.7,,0.4,,0.5,,,,
RSPH3,0.8,,0.2,,,,,,,,,,0.9,,,,,,,,,,
RSPH4A,1.0,,0.0,,,,,,,,,,0.8,,0.8,,,,,,0.9,,
RSPH6A,0.75,,0.0,,,,0.8,0.85,0.7,,,,0.9,,,,,,,,1.0,,
RSPH9,0.8,,0.0,,,,,0.6,,,,,0.9,,0.5,0.7,0.8,,,,1.0,,
RSPO1,,,0.0,,0.79,,0.4,0.6,0.7,,0.8,,,,,0.7,,,0.5,,,,
RSPO2,,0.9,0.8,,0.4,0.6,0.7,,0.7,,0.9,,,,0.8,,,,,0.9,,,
RSPO3,,0.9,0.1,,,,0.8,0.3,0.7,,,,,,0.7,0.75,,,,0.95,,,
RSPO4,0.8,,0.0,,,,,,,,,,0.9,,0.8,,0.9,,,,0.93,,
RSPRY1,0.8,,,1.0,0.94,,,0.7,0.7,,0.9,,,,0.75,,,,0.6,,,,
RSRC1,,,0.0,,,,0.8,0.4,0.5,,0.7,,,,0.5,,,,,,,0.7,
RSRC2,,,,1.0,0.9,0.8,,,0.8,,0.9,,,,0.9,,,0.85,0.7,,,0.6,
RSRP1,,,0.0,,0.0,,,0.6,0.7,,0.8,,,,0.5,,,,0.5,,,,
RSU1,,,0.9,,,,,0.5,0.6,,,,0.8,,0.85,0.75,,,,,0.75,,
RTBDN,,,0.0,,0.5,,0.3,0.6,0.5,,0.7,,,,0.8,,0.7,,0.6,0.95,,,
RTCA,,,0.0,,0.71,,,0.4,0.8,,0.95,,,,0.6,,,,0.5,,,0.48,
RTCB,,,0.0,,0.34,,,,0.7,,0.8,,,,0.7,0.65,,,0.5,,,0.54,
RTEL1,,1.0,0.0,,0.37,,0.75,,0.65,,0.8,,,,,0.75,,,,0.72,,,
RTF1,,,,1.0,0.0,,0.8,,0.6,,0.7,,,,0.6,,,,,,,0.5,
RTF2,,,0.0,,0.0,,,,0.7,,,,0.9,,0.7,,,,0.5,,,0.6,
RTKN,,,0.0,,0.49,,,,0.7,,0.9,,,,0.8,,,,0.6,,,,0.6
RTKN2,,,0.0,,0.76,,0.75,,0.8,,0.85,,,,0.9,0.75,,,0.61,0.99,,,
RTL1,,1.0,0.0,,,,,,,,,,0.9,,0.8,,,,0.7,,,,
RTL10,,,0.0,,0.0,,,,0.7,,0.8,,,,0.8,0.7,,,0.5,,,,
RTL3,,,0.9,,0.9,,,,0.7,,0.8,,,,0.85,,,,0.6,,,,
RTL4,,,0.0,,0.0,,,,0.6,,0.8,,,,0.75,,,,0.5,,,,
RTL5,,,0.0,,0.0,,,,0.6,,0.8,,,,,,,,0.5,,,,
RTL6,,,0.0,,0.0,,,,0.6,,0.8,,,,0.9,,,,0.5,,,0.7,
RTL8A,,,1.0,,1.0,,,,0.7,,0.8,,,,0.9,,,,0.5,,,0.6,
RTL8B,,,0.0,,0.0,,,0.2,0.6,,0.8,,,,0.5,,,,0.5,,,,
RTL8C,,,0.0,,0.0,,,,0.8,,,,,,0.6,0.4,,,0.5,,,0.9,
RTL9,,,1.0,,1.0,,,,0.6,,0.8,,,,,,,,0.5,1.0,,,
RTN1,,,,0.98,0.12,,,0.65,0.7,,0.85,,,,0.75,,,,0.78,,,,
RTN2,0.8,,0.38,,0.23,,,0.5,0.6,,0.9,,,,0.7,0.65,,,0.55,0.89,,,
RTN3,,,0.0,,0.41,,,,0.85,,0.9,,,,0.8,,,,0.7,0.87,,,
RTN4,,1.0,,0.79,0.19,,,0.65,0.75,0.6,0.7,,,,,,,,0.8,,,0.59,
RTN4IP1,0.8,,0.0,,,,,0.5,,,,,0.9,,0.6,,0.7,,,,,,
RTN4R,,,,,,,,,,,,0.8,,0.6,,,,,,,,,
RTN4RL1,,,,,,,,,,,,,,,,,,,,,,,
RTN4RL2,,,,,,,,,,,,0.9,,,,,,,,,,,
RTP1,,,0.0,,0.78,0.85,,0.2,0.8,,0.9,,,,0.6,,,,0.5,,,,
RTP2,,,0.0,,0.99,,,0.7,0.7,,0.9,,,,0.8,,,,0.6,,,,
RTP3,,,0.21,,0.35,0.51,,,0.9,,0.78,,,,0.9,,,,0.58,,,,
RTP4,,,,,,,,,,,,0.9,,,,,,,,,,,
RTP5,,,,,,,,,,,,0.8,,,,,,,,,,,
RTRAF,,,0.0,,0.0,,,,0.6,,0.8,,,,0.8,,,,0.5,0.62,,,
RTTN,,1.0,0.0,,0.59,,0.4,,0.6,,0.7,,,,0.5,,,,0.5,0.72,,,
RUBCN,0.8,,1.0,,,,,,,,,,0.9,,0.9,,0.85,,,,,,
RUBCNL,,,0.0,,,,,,,,,,,,0.75,,,,,,0.94,,
RUFY1,,,0.0,,0.44,,,0.4,0.8,,0.9,,,,0.8,,0.95,,0.6,,,,
RUFY2,,,0.0,,0.32,,,0.4,0.67,,0.74,,,,0.9,,,0.8,0.65,,,,
RUFY3,0.7,,0.8,,,,,,,,,,0.9,,0.8,,0.9,,,,,,
RUFY4,,,0.0,,0.82,,0.1,0.3,0.6,,0.7,,,,,0.65,,0.8,0.5,0.99,,,
RUNDC1,,,0.9,,,,,,,,,,0.9,,,0.75,,,,,,,
RUNDC3A,,,,0.89,0.15,,,0.7,0.6,,0.95,,,,0.9,,,,0.75,0.87,,,
RUNDC3B,,,0.9,,0.7,,,,0.6,,0.8,,,,0.7,,,,0.5,,,,
RUNX1,,1.0,,0.88,0.15,,0.7,0.6,0.8,,0.9,,,,,,,,,0.86,,,
RUNX1T1,,,,,,,,,,,,,,0.6,,,,,,,,,
RUNX2,,,,,,,,,,,,,,0.6,,,,,,,,,
RUNX3,,1.0,,0.96,0.07,,0.88,0.6,0.8,,0.85,,,,0.5,,,,,0.99,,,0.7
RUSC1,,,,0.9,0.17,,,,0.6,,,,0.95,,0.9,0.75,,,0.85,0.68,,,
RUSC1-AS1,,,0.0,,0.0,,,,0.6,,,,,,,0.2,,,0.5,,,0.4,
RUSC2,0.9,,,1.0,0.14,,,,0.7,,,,0.95,,0.9,,0.85,,0.6,0.64,,,
RUVBL1,,,,1.0,0.04,,,0.75,0.6,,0.7,,,,,,,,0.8,0.65,,,
RUVBL2,,,,1.0,0.0,,0.5,0.8,0.6,,0.7,,,,,0.85,,,0.8,1.0,,,
RWDD1,,,,0.91,0.08,,,,0.7,,0.93,,,,0.75,,,,0.243,,,0.49,
RWDD2A,,,0.0,,0.96,,,0.2,0.8,,0.9,,,,0.7,0.5,,,0.7,,,0.6,
RWDD2B,,,0.0,,0.85,,,0.7,0.8,,0.9,,,,0.8,,,,0.5,,,0.6,
RWDD3,,,0.0,,0.56,0.74,0.75,,0.9,,0.98,,,,0.9,,,,0.67,,,0.47,
RWDD4,,,,,,,,,,,,,,,,,,,,,,,
RXFP1,,,0.0,,0.61,,,0.85,0.8,0.8,0.9,,,,0.75,,,,0.75,,,,
RXFP2,,,0.0,,0.75,,,,0.7,0.9,0.85,,,,0.75,,,0.9,0.6,,,,
RXFP3,,,,,,,,,,,,0.8,,0.6,,,,,,,,,
RXFP4,,,,,,,,,,,,0.8,,0.6,,,,,,,,,
RXRA,,1.0,,1.0,0.0,,0.8,0.5,0.7,0.7,0.6,,,,,,,,,,,,
RXRB,,1.0,,1.0,0.95,,,,0.8,0.9,0.85,,,,0.9,,,0.9,0.6,,,0.7,
RXRG,,,0.31,,0.23,0.11,0.75,0.5,0.67,0.88,0.84,,,,0.8,,,,0.46,0.89,,,
RXYLT1,0.8,,0.0,,,,,0.6,,,,,0.9,,0.7,,0.8,,,,,,
RYBP,,1.0,0.18,,0.28,,,0.6,0.7,,0.9,,,,0.9,,,,0.5,,,0.53,
RYK,,,,,,,,,,,,,,,,,,,,,,,
RYR1,0.8,1.0,0.0,,,,,,,,,,0.9,,,,0.9,,,,1.0,,
RYR2,0.8,1.0,,1.0,0.2,,,,0.75,0.9,0.85,,,,0.8,,,,0.6,0.93,,,
RYR3,,,,,,,,,,,,0.9,,0.7,,,,,,,,,
S100A1,,,,,,,,,,,,,,,,,,,,,,,
S100A10,,,0.17,,0.44,,0.1,,0.85,,0.9,,,,0.8,0.68,,0.8,0.97,0.81,,,
S100A11,,,0.9,,0.89,0.68,,,0.8,,0.95,,,,0.8,,,0.9,0.5,,,,
S100A12,,,,,,,,,,,,0.8,,0.6,,,,,,,,,
S100A13,,,0.8,,0.6,,,,0.8,,0.9,,,,0.9,,,0.7,0.5,,,0.6,0.6
S100A14,,,0.0,,0.92,,,,0.9,,0.75,,,,0.8,,,,0.5,,,,
S100A16,,,0.0,,0.5,,,,0.7,,0.8,,,,,0.65,,,0.3,,,,
S100A2,,,0.0,,0.8,,,,0.6,,0.9,,,,0.9,,,,0.5,1.0,,,
S100A3,,,0.9,,0.89,,,,0.8,,0.9,,,,0.7,0.75,,,0.5,0.91,,,
S100A4,,,,,,,,,,,,0.8,,0.6,,,,,,,,,
S100A5,,,0.0,,0.2,,,,0.7,,0.9,,,,,,,,0.1,,0.91,,
S100A6,,,0.17,,0.44,,,,0.8,,0.99,,,,0.75,0.75,,,0.9,0.81,,,
S100A7,0.8,,0.55,,0.0,,,,0.8,,0.9,,,,0.9,,,,0.5,0.97,,,
S100A7A,,,0.0,,0.5,0.8,,,0.6,,0.7,,,,,,,0.9,0.6,,,,
S100A7L2,,,,0.5,0.0,,,,0.6,,0.8,,,,,0.4,,0.7,0.1,1.0,,,
S100A8,0.7,1.0,0.14,,0.56,,,0.67,0.76,,0.99,,,,,0.76,,,0.93,0.99,,,
S100A9,0.6,,0.47,,0.0,,0.1,0.6,0.8,,0.9,,,,,0.75,,,0.5,0.99,,,
S100B,0.75,,0.2,,,,0.8,,,,,,0.9,,0.7,,,,,,0.99,,
S100G,,,0.12,,0.68,,,,0.7,,0.76,,,,0.9,0.72,,0.85,0.79,1.0,,,
S100P,,,,,,,,,,,,0.8,,,,,,,,,,,
S100PBP,,,,0.95,0.11,,,,0.7,,0.76,,,,0.7,,,,0.81,0.64,,,0.5
S100Z,,,0.9,,0.8,,,,0.7,,0.85,,,,,0.8,,0.9,0.5,,,,
S1PR1,,,,,,,,,,,,1.0,,0.7,,,,,,,,,
S1PR2,,0.9,0.8,,0.5,,0.7,0.6,0.8,0.9,0.7,,,,0.9,,0.85,,,0.95,,,
S1PR3,,,,,,,,,,,,0.9,,0.75,,,,,,,,,
S1PR4,,1.0,0.0,,0.61,,0.9,0.5,0.75,0.8,0.7,,,,0.85,,,0.9,,0.99,,,
S1PR5,,,0.5,,0.17,0.83,,,0.75,0.6,0.9,,,,0.9,,,0.85,0.8,,,,
SAA1,,,0.9,,,,0.8,,,,,,0.85,,,,,,,,,,
SAA2,,0.7,0.0,,0.8,0.9,,,0.7,,0.8,,,,0.8,,,,0.6,,,,
SAA4,,,0.9,,,,0.8,,,,,,0.85,,0.7,,,,,,,,
SAAL1,,,0.0,,0.6,,,,0.5,,0.85,,,,0.8,,,0.7,0.8,,,,
SAC3D1,,,0.0,,0.73,,,,0.8,,0.9,,,,,,,,0.5,0.95,,,
SACM1L,,,,0.61,0.21,,,,0.73,,0.89,,,,0.8,,,,0.587,,,0.49,0.7
SACS,0.8,,0.0,,,,,,,,,,0.9,,0.7,,,,,,,,
SAE1,,,,,,,,,,,,,,,,,,,,,,,
SAFB,,1.0,,1.0,0.95,,,,0.8,,0.9,,,,0.6,0.8,,0.9,0.7,,,0.5,
SAFB2,,,,1.0,0.89,,,0.5,0.6,,0.7,,,,,,,,0.8,,,,
SAG,,,0.0,,0.97,,0.5,0.3,0.7,,0.9,,,,0.8,,,0.6,0.5,0.99,,,
SAGE1,,,0.0,,,,,,,,,,,,0.9,,,,,,,,
SAGE2P,,,1.0,,1.0,,,,,,,,,,,,,,0.5,,,0.8,
SALL1,,1.0,,1.0,0.94,,0.8,,0.6,,0.7,,,,0.7,,,,0.5,,,,
SALL2,0.7,,0.0,,0.43,,,0.5,0.6,,0.9,,,,0.6,,,0.7,0.8,0.89,,,
SALL3,,1.0,0.4,,0.22,,0.5,,0.6,,0.7,,,,0.9,,,,0.8,0.88,,,
SALL4,0.8,1.0,,1.0,0.0,,,,,,,,0.9,,0.75,,,0.8,,,0.95,,
SAMD1,,,0.21,,0.27,,,,0.8,,,,,,,0.6,,,0.5,,,,
SAMD10,,,0.0,,0.65,0.71,0.6,0.5,0.7,,0.9,,,,0.9,,,0.75,0.8,0.94,,,
SAMD11,,,0.0,,0.76,,,,0.9,,0.8,,,,0.75,,,,0.5,,,,
SAMD12,0.8,,0.0,,,,,,,,,,0.9,,,,0.7,,,,0.76,,
SAMD13,,,,,,,,,,,,,,,,,,,,,,,
SAMD14,,,0.0,,0.38,,0.5,,0.6,,0.7,,,,0.9,,,,0.6,0.94,,,
SAMD15,,,0.0,,0.77,,,,0.6,,0.9,,,,,,,0.8,0.7,1.0,,,
SAMD3,,,0.0,,0.87,,,,0.7,,0.9,,,,,,,0.6,0.8,0.95,,,
SAMD4A,,,,1.0,0.8,,0.6,0.6,0.7,,0.8,,,,,,,,0.7,0.8,,,
SAMD4B,,,,1.0,0.9,,,0.6,0.7,,0.9,,,,0.9,,,0.85,0.8,,,0.75,
SAMD5,,,0.9,,,,0.5,,,,,,0.7,,,0.75,,,,,,,
SAMD7,,,,,,,,,,,,,,,,,,,,,,,
SAMD8,,,0.0,,0.4,,,,0.7,,0.9,,,,0.7,0.7,0.8,,0.6,,,0.5,
SAMD9,0.7,,0.0,,0.99,,,,0.8,,0.9,,,,0.9,,,,0.8,0.89,,,
SAMD9L,0.9,,0.0,,0.59,,,,0.7,,,,0.9,,0.7,,,,0.8,,,,
SAMHD1,0.8,,0.2,,,,,,,,,,,,,,,,,,,,
SAMM50,,,0.0,,0.58,,0.6,,0.7,,0.8,,,,0.8,,,,0.5,,,0.5,
SAMSN1,,,0.0,,0.82,,,,0.8,,0.9,,,,0.85,,,,0.5,0.97,,,
SAP130,,,,1.0,0.94,,,,0.85,,0.9,,,,0.8,0.85,,,0.7,0.68,,,
SAP18,,,0.09,,0.34,,,0.92,0.78,,0.93,,,,0.8,0.75,,,0.76,,,0.5,
SAP25,,,0.0,,0.0,,,,0.4,,0.6,,,,,0.5,,,0.5,0.85,,,
SAP30,,,0.31,,0.24,,,,0.8,,0.73,,,,0.9,0.7,,,0.44,0.73,,,
SAP30BP,,,0.8,,,,,,,,,,0.9,,0.9,0.75,0.8,,,,,,
SAP30L,,,0.0,,0.55,0.8,0.1,0.6,0.7,,0.9,,,,0.8,,,,0.5,,,0.7,
SAPCD1,,,0.0,,0.5,,,0.5,0.6,,0.8,,,,,0.55,,,0.7,,,,
SAPCD2,,,0.0,,0.45,,,,0.6,,0.8,,,,0.7,,,,0.5,,,,
SAR1A,,,,,,,,,,,,0.9,,0.7,,,,,,,,,
SAR1B,0.8,,0.0,,,,,,,,,,0.9,,0.75,0.7,,,,,,,
SARAF,,,,,,,,,,,,,,,,,,,,,,,
SARDH,0.8,,0.0,,0.64,0.94,,,0.6,,0.7,,,,0.75,,,,0.9,,,,
SARM1,0.75,,0.0,,,,0.8,,,,,,0.9,,,,,,,,0.6,,
SARNP,,,,1.0,0.0,,,0.7,0.6,,0.7,,,,,,,,0.8,,,0.5,0.6
SARS2,0.7,,0.0,,,,,,,,,,0.9,,0.7,0.6,0.8,,,,,,
SART1,,,,0.97,0.17,,,,0.85,,0.7,,,,,,,,0.8,,,0.5,
SART3,,,,1.0,0.84,,,0.7,0.6,,0.7,,,,0.7,0.8,,,0.8,,,,
SASH1,,,0.0,,0.29,,0.6,,0.8,,0.9,,,,0.7,,,,0.7,0.72,,,
SASH3,,,0.25,,0.26,,,,,,,,0.76,,0.8,,,,0.76,,0.99,,
SASS6,0.8,,0.0,,,,,,,,,,0.9,,0.6,0.7,0.85,,,,0.84,,
SAT1,0.8,,,0.87,0.0,,,,0.72,,0.79,,,,0.7,,0.85,,0.75,0.86,,,
SAT2,,,0.0,,0.89,,,0.2,0.8,,0.9,,,,0.8,,0.7,,0.5,,,0.6,
SATB1,,0.8,,0.9,,,0.8,0.75,0.85,,,,0.9,,0.7,,,,,,,0.6,
SATB2,,1.0,,1.0,0.0,,0.7,0.6,0.85,,0.9,,,,0.7,0.85,,0.9,,0.89,,,
SATL1,,,0.0,,0.7,,,,0.7,,0.8,,,,,0.5,,,0.6,,,0.5,
SAV1,,,,,,,,,,,,,,0.7,,,,,,,,,
SAXO1,,,0.0,,0.0,,,,0.6,,0.8,,,,,,,0.7,0.5,,1.0,,
SAXO2,,,0.0,,0.0,,,,0.6,,0.7,,,,,0.5,,,0.5,,,,
SAYSD1,,,0.0,,,,0.5,0.7,0.6,,,,0.9,,0.7,0.65,0.8,,,0.95,,,
SBDS,1.0,1.0,0.0,,,,,,,,,,0.8,,0.6,,,,,,,0.7,
SBF1,0.8,1.0,,1.0,0.18,,,0.5,0.7,,,,0.9,,,,,,,,,0.6,
SBF2,,,0.0,,,,0.8,,0.6,,0.7,,,,0.7,0.7,,,,0.6,,,
SBK1,,,0.34,,0.23,,0.9,,0.6,,0.7,,,,0.75,,,0.85,0.8,0.95,,,
SBK2,,,0.0,,0.91,,,,0.6,,0.8,,,,0.7,0.7,,,0.5,,,,
SBK3,,,1.0,,1.0,,,,0.7,0.8,0.9,,,,0.7,,,0.9,0.5,1.0,,,
SBNO1,,,,1.0,,,0.8,0.5,0.6,,,,0.7,,0.8,,,,,,0.6,,
SBNO2,,,0.04,,0.25,,0.9,,0.7,,0.85,,,,0.6,0.78,,,0.8,,,,
SBSN,,,0.0,,0.59,,,,0.85,,0.9,,,,0.8,,,,0.8,,,,
SBSPON,,,0.0,,0.77,,,0.6,0.8,,0.9,,,,0.8,,,,0.5,,,,
SC5D,0.8,,0.0,,0.49,,,,0.7,,0.9,,,,0.7,0.6,,,0.5,0.6,,,
SCAF1,,,,1.0,0.89,,0.5,,0.6,,0.7,,,,0.8,0.75,,,0.8,,,0.5,
SCAF11,,,,1.0,0.9,,,,0.8,,,,0.9,,0.8,,,0.85,0.7,,,,
SCAF4,,,,1.0,0.9,,,,0.5,,0.6,,,,,,0.9,,0.7,,,,0.8
SCAF8,,,,1.0,0.03,,0.5,,0.6,,0.7,,,,0.8,,,,0.8,0.65,,,
SCAI,,,,1.0,0.88,0.75,0.5,,0.6,,0.8,,,,0.7,,,,0.5,,,0.7,
SCAMP1,,,,,,,,,,,,0.8,,,,,,,,,,,
SCAMP2,,,0.17,,0.26,,0.75,,0.5,,0.95,,,,0.8,0.65,,0.8,0.66,0.66,,,
SCAMP3,,,0.0,,0.4,,0.1,,0.6,,0.8,,,,0.9,,0.7,,0.7,,,0.5,
SCAMP4,,,,,,,,,,,,0.9,,,,,,,,,,,
SCAMP5,,,,,,,,,,,,,,,,,,,,,,,
SCAND1,,,0.22,,0.34,,0.1,,0.6,,0.8,,,,0.9,,,,0.5,,,0.5,
SCAND2P,,,1.0,,1.0,,,,0.8,,,,,,,,,,0.5,,,0.6,
SCAP,,,0.8,,0.7,,,,0.8,,0.9,,,,,,,,0.5,,,,0.5
SCAPER,,,0.9,,,,0.7,,0.75,,0.85,,,,0.9,0.78,,,,0.7,,0.6,
SCARA3,,,0.0,,0.65,,,0.75,0.8,,0.9,,,,0.8,,,,0.5,,,,0.6
SCARA5,,,0.0,,0.51,0.83,0.7,0.5,0.6,,0.8,,,,0.9,,,,0.75,0.87,,,
SCARB1,,,,,,,,,,,,0.8,,0.6,,,,,,,,,
SCARB2,,,0.0,,0.43,,0.8,0.6,0.7,,0.9,,,,0.75,,,,0.5,,,0.6,
SCARF1,,,0.0,,0.52,,,,0.8,,0.9,,,,0.8,,,,0.8,,,,0.6
SCARF2,0.8,,,1.0,0.94,,,,0.7,,0.9,,,,0.8,,,0.6,0.5,,,,
SCCPDH,,,,,,,,,,,,0.8,,,,,,,,,,,
SCD,,,,,,,,,,,,1.0,,0.7,,,,,,,,,
SCD5,,,,,,,,,,,,,,,,,,,,,,,
SCEL,,,0.0,,0.74,,,0.2,0.6,,0.8,,,,0.5,,0.7,,0.5,0.97,,,
SCFD1,,,,,,,,,,,,0.8,,,,,,,,,,,
SCFD2,,,0.0,,0.81,,0.1,0.5,0.6,,0.8,,,,0.9,,,,0.7,,,0.6,
SCG2,,,,,,,,,,,,0.8,,,,,,,,,,,
SCG3,,,0.0,,0.38,,0.6,0.5,0.6,,0.7,,,,0.7,,,,0.5,0.88,,,
SCG5,,1.0,0.0,,0.68,,0.1,0.2,0.8,,0.9,,,,0.5,,,,,0.89,,,
SCGB1A1,0.8,,0.0,,,,0.8,0.6,,,,,0.9,,0.8,,,,,,1.0,,
SCGB1C2,,,0.0,,0.0,,,,,,,,,,0.9,0.4,,,0.1,,,0.0,
SCGB1D1,,,0.0,,0.8,,,0.6,0.7,,,,,,0.9,,,,0.5,1.0,,,
SCGB1D2,,,0.23,,0.32,,,0.5,0.8,,0.95,,,,,0.8,,,0.9,,,,
SCGB1D4,,,0.8,,0.6,,,0.8,0.7,,,,,,0.9,,,,0.5,,,,
SCGB2A1,,,0.24,,0.31,,0.1,0.6,0.7,,0.8,,,,,,,,0.95,0.94,,,
SCGB2A2,,,0.0,,0.5,,,0.7,0.7,,0.8,,,,0.8,,,,0.3,,,,
SCGB2B2,,,0.0,,0.5,,,,0.6,,0.7,,,,0.7,0.65,,,0.6,,,,
SCGB3A1,,,0.03,,0.85,,,0.5,0.5,,1.0,,,,1.0,,,,0.1,1.0,,,
SCGB3A2,0.7,,0.9,,,,,,,,,,0.8,,0.9,,0.85,,,,1.0,,
SCGN,,,,,,,,,,,,0.9,,0.7,,,,,,,,,
SCHIP1,,1.0,,1.0,1.0,,0.8,,0.7,,,,,,0.6,0.85,0.8,,,0.9,,,
SCIMP,,,0.0,,0.74,,,0.4,0.6,,0.9,,,,0.8,,,,0.5,1.0,,,0.7
SCIN,,,0.0,,0.6,,,,0.75,,0.8,,,,0.9,,,,0.7,0.94,,,
SCLT1,,,0.0,,0.67,,0.1,,0.7,,0.8,,,,0.9,,0.7,,0.5,0.6,,,
SCLY,,,0.0,,0.76,,,,0.7,,0.9,,,,0.6,,,,0.5,,,,
SCMH1,,,0.0,,,,0.7,0.6,0.8,,,,0.9,,0.7,,0.8,,0.5,0.68,,,
SCML1,,,,0.96,0.0,0.79,,,0.75,,0.85,,,,0.9,,,,0.65,,,,
SCML2,,,,1.0,0.0,,,,0.6,,0.8,,,,0.7,0.8,0.9,,0.7,0.88,,,
SCML4,,,0.0,,0.55,,0.8,0.5,0.6,,0.9,,,,0.9,,,0.7,0.7,0.96,,,
SCN10A,,,0.0,,,,0.85,,0.7,0.9,0.8,,,,0.8,,,,,1.0,,,
SCN11A,,,,,,,,,,,,,,,,,,,,,,,
SCN1A,,1.0,,1.0,0.01,,0.8,,0.5,0.7,0.6,,,,0.8,,,,,0.9,,,
SCN1B,0.9,,0.12,,0.39,,,0.8,0.85,,,,0.95,,,,,,,,0.96,,
SCN2A,,1.0,,1.0,0.94,,0.8,,0.65,0.75,0.7,,,,0.85,,,,,0.99,,,
SCN2B,0.8,,0.1,,,,,,,,,,0.75,,,,,,,,0.9,,
SCN3A,,1.0,,1.0,0.08,,1.0,,0.75,0.93,0.76,,,,0.85,,,,,0.86,,,
SCN3B,,,,,,,,,,,,1.0,,0.7,,,,,,,,,
SCN4A,,,,,,,,,,,,0.8,,0.6,,,,,,,,,
SCN4B,0.8,,0.0,,0.5,,,,0.7,,,,0.9,,0.7,,,,0.6,0.9,,,
SCN5A,,1.0,,0.88,0.21,,0.85,0.5,0.7,0.9,0.8,,,,,,,,,1.0,,,
SCN7A,,,0.0,,0.6,,,,0.11,0.54,0.83,,,,0.67,0.6,,,0.5,0.94,,,
SCN8A,,,,,,,,,,,,,,,,,,,,,,,
SCN9A,0.8,1.0,0.0,,0.54,,,,0.75,0.9,0.85,,,,,,,,,,,,
SCNM1,,,,,,,,,,,,,,,,,,,,,,,
SCNN1A,0.8,1.0,0.0,,0.65,,,0.4,0.6,0.5,0.9,,,,,,,,,0.92,,,
SCNN1B,0.8,1.0,0.0,,0.54,,,0.2,0.7,0.6,0.9,,,,0.8,,,,,0.89,,,
SCNN1D,,,0.0,,0.5,,,0.7,0.6,,0.8,,,,0.8,,,,0.7,0.9,,,
SCNN1G,,,,,,,,,,,,0.7,,0.5,,,,,,,,,
SCO1,0.8,,0.0,,0.55,,,,0.85,,0.9,,,,0.8,,,,0.75,,,0.6,
SCO2,,1.0,0.0,,0.5,,0.8,,0.7,,0.6,,,,,,,,,,,0.5,
SCOC,,,,,,,,,,,,0.8,,0.6,,,,,,,,,
SCP2,0.7,,0.0,,,,,0.6,,,,,0.9,,0.5,,0.8,,,,,,0.7
SCP2D1,,,0.9,,0.5,,,,0.6,,0.8,,,,,,,,0.7,,,,
SCPEP1,,,0.0,,0.81,,,0.7,0.85,,0.9,,,,0.9,,,,0.6,,,,
SCRG1,,,0.04,,0.67,,,,0.6,,0.7,,,,0.5,,,,0.98,0.86,,,
SCRIB,,,,,,,,,,,,0.8,,0.6,,,,,,,,,
SCRN1,,,0.0,,0.38,,,0.7,0.8,,0.9,,,,0.6,,0.8,,0.5,,,,
SCRN2,,,0.0,,0.97,0.86,,0.6,0.8,,0.9,,,,0.9,,,,0.7,,,,
SCRN3,,,0.0,,0.72,0.53,,,0.4,,0.56,,,,0.7,0.65,,,0.85,,,0.49,
SCRT1,,,0.22,,0.29,,,,,,,,0.9,,,0.6,,,0.5,,,0.4,
SCRT2,,,,0.9,0.0,,,,0.6,,0.75,,,,,,,0.8,0.5,0.97,,,
SCT,,,0.0,,0.3,,,0.2,0.7,,0.8,,,,0.8,0.7,,,0.5,0.9,,,
SCTR,,,0.0,,0.76,,,,0.8,0.7,0.9,,,,0.75,0.75,,,0.5,,,,
SCUBE1,,,,,,,,,,,,,,,,,,,,,,,
SCUBE2,,,0.0,,0.73,,,,0.8,,0.9,,,,0.7,,,,0.5,0.81,,,
SCUBE3,0.7,,,1.0,0.14,,,,0.75,,0.85,,,,0.7,,,0.9,0.8,0.99,,,
SCX,,,1.0,,1.0,,,,0.7,,0.9,,,,,,,0.9,0.8,,,0.6,
SCYL1,,,0.0,,0.47,,0.5,0.2,0.7,,0.9,,,,0.6,,,0.6,0.8,,,0.5,
SCYL2,,,,,,,,,,,,0.8,,0.6,,,,,,,,,
SCYL3,,,0.26,,0.24,0.72,,0.87,0.9,,0.81,,,,0.9,,,0.75,0.74,0.63,,,
SDAD1,,,,,,,,,,,,,,,,,,,,,,,
SDC1,,,,,,,,,,,,1.0,,0.7,,,,,,,,,
SDC2,,,0.34,,0.23,,,0.75,0.87,,0.92,,,,0.9,0.76,,,0.8,,,,
SDC3,0.5,,0.4,,0.22,,,,0.8,,,,0.9,,0.6,,,,0.88,0.76,,,
SDC4,,,0.0,,0.53,,,,0.8,,0.9,,,,0.9,0.7,,,0.5,,,,
SDCBP,,,0.0,,0.58,,,0.6,0.7,,0.9,,,,,,,,0.5,0.64,,,
SDCBP2,,,0.0,,0.86,,,,0.8,,0.9,,,,0.8,0.75,,,0.5,,,,
SDCCAG8,,,0.0,,0.56,,0.6,,0.8,,0.9,,,,0.9,,,,0.7,,,0.5,
SDE2,,,,,,,,,,,,0.9,,0.7,,,,,,,,,
SDF2,,,0.8,,0.6,,,0.6,0.7,,0.9,,,,0.8,,,,0.5,,,0.7,
SDF2L1,,,,,,,,,,,,0.9,,,,,,,,,,,
SDF4,,,0.9,,,,0.5,0.6,0.7,,,,0.8,,,0.7,,,,,,,
SDHA,,,,,,,,,,,,,,,,,,,,,,,
SDHAF1,0.8,,0.2,,,,,0.6,,,,,0.9,,0.8,0.7,,,,,,0.7,
SDHAF2,0.8,,0.0,,0.5,0.6,,,0.5,,,,0.7,,0.7,,,,0.4,,,0.6,
SDHAF3,0.5,,0.0,,,,,,,,,,,,,,,,,,,,
SDHAF4,,,1.0,,1.0,,,,0.7,,0.9,,,,0.7,,,,0.8,,,0.6,
SDHB,0.9,,0.0,,0.45,,,0.7,0.8,,,,0.9,,0.8,,,,0.5,,,,
SDHC,0.8,,0.0,,0.67,,,,0.7,,0.9,,,,,0.7,,,0.5,,,0.6,
SDHD,,,,,,,,,,,,0.8,,0.6,,,,,,,,,
SDIM1,,,1.0,,1.0,,,,0.6,,,,,,,,,,0.8,,,0.0,
SDK1,,,,,,,,,,,,0.9,,,,,,,,,,,
SDK2,,,0.8,,0.75,,,,0.85,,,,0.9,,0.75,0.82,0.8,,0.7,,0.97,,0.6
SDR16C5,,,0.9,,,,0.8,,,,,,0.9,,0.8,0.85,,,,,0.9,,0.7
SDR39U1,,,0.0,,0.5,,,,0.6,,0.8,,,,0.7,,,,0.7,,,0.6,0.5
SDR42E1,,,,,,,,,,,,0.9,,0.7,,,,,,,,,
SDR42E2,,,,,,,,,,,,,,,,,,,,,,,
SDR9C7,,,0.1,,,,0.5,0.4,0.7,,0.8,,,,,,,,,,1.0,,
SDSL,,,0.0,,0.5,,,,0.7,,0.9,,,,0.8,0.7,0.75,,0.6,0.88,,,
SEBOX,,,0.0,,0.0,,,,,,,,0.6,,,,,,0.5,,,,
SEC11A,,,0.0,,0.5,,,0.5,0.7,,0.9,,,,0.8,,,,0.6,,,,
SEC11B,,,0.0,,0.0,,,,0.6,,,,,,,0.5,,,0.5,,,0.7,
SEC11C,,,,0.73,0.12,,,0.67,0.73,,0.93,,,,0.75,,,,0.96,,,,
SEC13,,,,,,,,,,,,0.85,,0.75,,,,,,,,,
SEC14L1,,,,0.88,0.19,,,,0.9,,0.26,,,,0.85,,,,0.71,,,,
SEC14L2,,,0.0,,0.63,,0.1,,0.7,,0.8,,,,0.6,0.65,0.75,,0.5,0.85,,,
SEC14L3,,,0.0,,0.5,,,0.5,0.6,,0.8,,,,,,0.4,,0.7,,,,0.6
SEC14L4,,,0.0,,,,0.5,,,,,,0.9,,0.8,0.7,0.6,,,,1.0,,0.7
SEC14L5,,,0.0,,0.91,,0.6,,0.7,,0.9,,,,0.8,,,,0.7,0.92,,,
SEC14L6,,,0.0,,0.69,,,,0.4,,0.6,,,,0.8,0.5,,,0.5,,,,
SEC16A,,,,,,,,,,,,,,,,,,,,,,,
SEC16B,,,0.0,,0.76,,0.85,0.6,0.75,,0.9,,,,0.8,,,,0.8,,,,
SEC22A,,,0.0,,0.71,0.75,,,0.85,,0.95,,,,0.9,,,,0.5,,,0.57,
SEC22B,,,0.0,,0.0,,,0.6,0.7,,0.8,,,,0.6,0.4,,,0.5,,,0.4,
SEC22C,,,0.0,,0.74,,,0.7,0.85,,0.9,,,,0.8,,0.75,,0.6,,,0.7,
SEC23A,,,0.0,,0.54,0.8,0.5,0.4,0.75,,0.9,,,,0.9,,,,0.6,,,,
SEC23B,,,0.0,,0.74,,,0.7,0.8,,,,,,0.8,,,,0.76,,,0.57,
SEC23IP,,,0.0,,0.35,,0.5,,0.7,,0.8,,,,0.8,,,0.6,0.5,0.66,,,0.5
SEC24A,,,,,,,,,,,,,,,,,,,,,,,
SEC24B,0.9,1.0,,1.0,0.1,,,0.5,0.6,,0.7,,,,0.8,,0.9,0.8,0.8,0.7,,,
SEC24C,,,,,,,,,,,,0.8,,,,,,,,,,,
SEC24D,0.8,,0.0,,,,,,,,,,0.9,,0.8,0.7,0.85,,,,0.76,,
SEC31A,,,,,,,,,,,,0.8,,0.6,,,,,,,,,
SEC31B,,,0.0,,0.82,,,0.7,0.8,,0.9,,,,0.7,,,,0.8,,,,
SEC61A1,,,,,,,,,,,,0.85,,0.7,,,,,,,,,
SEC61A2,,,0.9,,0.32,,,0.4,0.8,,,,0.6,,0.7,,,,0.5,,,,
SEC61B,,,,,,,,,,,,,,,,,,,,,,,
SEC61G,,,,,,,,,,,,0.8,,0.5,,,,,,,,,
SEC62,,,,,,,,,,,,0.8,,0.6,,,,,,,,,
SEC63,,,,,,,,,,,,0.9,,,,,,,,,,,
SECISBP2,0.7,,0.0,,0.77,,,,0.8,,0.9,,,,0.7,,,,0.5,0.63,,,0.6
SECISBP2L,,,,0.92,0.19,,0.4,,0.5,,0.6,,,,0.9,,,,0.75,0.81,,,
SECTM1,,,0.2,,,,0.5,,,,,,0.9,,0.8,,,,,,0.8,,
SEH1L,,,,0.73,0.18,,0.6,,0.85,,0.55,,,,0.7,0.75,,,0.72,,,0.52,
SEL1L,,1.0,,1.0,0.85,,0.5,0.4,0.8,,0.9,,,,0.8,0.75,,,0.7,,,,
SEL1L2,,,0.0,,0.88,,,,0.6,,0.7,,,,0.75,,,,0.5,,,,
SEL1L3,,,0.2,,0.24,,,0.1,0.7,,0.8,,,,0.7,,,,0.5,,,,
SELE,,,0.0,,0.6,,,0.5,0.7,0.6,0.9,,,,0.8,,,,0.8,,,,
SELENBP1,0.7,,0.0,,0.99,,,0.6,0.8,,0.9,,,,,,,,0.5,0.77,,,
SELENOF,,,1.0,,1.0,,,,0.8,,,,,,0.9,,,0.7,0.5,,,0.6,0.6
SELENOH,,,1.0,,1.0,,,,0.9,,0.8,,,,0.9,,,,0.5,,,0.6,0.6
SELENOI,0.7,,0.0,,0.0,,,,0.6,,0.8,,,,0.7,,,,0.5,0.62,,,
SELENOK,,,1.0,,1.0,,,,0.7,,,,,,0.8,0.75,,,0.2,,,0.6,
SELENOM,,,1.0,,1.0,,,,0.7,,,,,,0.8,,,,0.8,0.84,,,
SELENON,0.8,,0.0,,0.0,,,,0.6,,0.7,,,,0.75,,,,0.5,0.7,,,
SELENOO,,,1.0,,1.0,,,,0.6,,,,,,0.9,0.7,,,0.8,,,,
SELENOP,,,1.0,,1.0,,,,0.8,,0.9,,,,0.8,,,,0.5,0.85,,,0.6
SELENOS,,,,,,,,,,,,,,,,,,,,,,,
SELENOT,,,1.0,,,,,,0.6,,,,,,,,,,0.5,,,,
SELENOV,,,0.0,,0.0,,,,0.5,,,,,,,,,,0.5,1.0,,,
SELENOW,,,1.0,,,,,,0.6,,,,0.9,,,,,,0.5,,,0.8,
SELL,,,0.0,,,,0.8,0.5,0.7,0.6,0.9,,,,0.7,,,,,1.0,,,
SELP,,,0.0,,0.5,,0.8,0.4,0.7,0.6,0.9,,,,0.7,,,0.8,0.7,0.84,,,
SELPLG,,,0.19,,0.4,,,0.1,0.75,,0.95,,,,0.7,,,,0.85,0.99,,,
SEM1,0.7,,0.0,,0.0,,,,0.7,0.8,0.9,,,,0.7,,,,0.5,,,0.6,
SEMA3A,,,,,,,,,,,,1.0,,,,,,,,,,,
SEMA3B,,,1.0,,1.0,,,0.6,0.8,,0.9,,,,0.8,,,0.9,0.8,0.95,,,
SEMA3C,,1.0,0.0,,,,0.7,0.5,0.6,,0.8,,,,0.8,,,,,,,,
SEMA3D,,,0.0,,0.45,,0.1,,0.6,,0.8,,,,0.5,,,,0.5,0.96,,,
SEMA3E,,,0.0,,0.47,,0.8,0.5,0.7,,0.9,,,,0.75,,,0.8,0.6,0.84,,,
SEMA3F,,,,1.0,0.9,,0.6,,0.8,,0.9,,,,0.8,,,,0.7,0.91,,,
SEMA3G,,,0.0,,0.81,,0.5,,0.8,,0.9,,,,0.8,,,0.9,0.7,0.94,,,
SEMA4A,0.8,,0.0,,,,,,,,,,0.9,,0.75,,0.85,,,,0.8,,
SEMA4B,0.6,,0.8,,,,,,,,,,,,0.7,,,,,,0.75,,
SEMA4C,,,,,,,,,,,,0.8,,,,,,,,,,,
SEMA4D,,,,,,,,,,,,0.9,,0.6,,,,,,,,,
SEMA4F,,,0.0,,0.65,,,0.2,0.8,,0.9,,,,0.5,,,0.7,0.6,,,,0.6
SEMA4G,,,0.0,,0.53,,,,0.7,,0.8,,,,0.8,0.75,0.85,,0.6,,,,
SEMA5A,0.75,1.0,0.0,,,,0.8,,,,,,0.9,,0.9,0.75,0.85,,,,0.77,,
SEMA5B,,,0.0,,0.44,,,,0.85,,0.9,,,,0.7,,0.8,,0.5,,,,
SEMA6A,,,,,,,,,,,,0.8,,,,,,,,,,,
SEMA6B,0.8,,0.2,,,,,,,,,,0.9,,0.75,,,,,,,,
SEMA6C,,,0.0,,0.44,,,0.2,0.6,,0.8,,,,0.7,,,,0.5,,,,
SEMA6D,,,,,,,,,,,,0.9,,,,,,,,,,,
SEMA7A,,,,,,,,,,,,0.9,,0.7,,,,,,,,,
SEMG1,,,0.25,,0.3,,,0.6,0.75,,0.9,,,,0.8,0.75,,,0.8,1.0,,,
SEMG2,,,0.94,,0.54,,,0.8,0.8,,0.58,,,,0.8,,,,0.58,1.0,,,
SENP1,,1.0,,1.0,0.88,,0.5,0.2,0.8,0.5,0.9,,,,0.8,0.75,,0.7,,0.91,,,
SENP2,,0.9,,0.95,0.15,,0.6,0.7,0.75,,0.8,,,,0.8,0.8,0.9,,0.5,,,,
SENP3,,,,0.96,0.16,,,,0.85,,0.9,,,,0.7,0.85,,,0.8,,,0.53,
SENP5,,,,1.0,0.8,,,0.6,0.75,,0.85,,,,0.8,,,,0.7,,,0.65,
SENP6,,,,1.0,0.88,,0.2,0.1,0.9,,0.8,,,,0.7,0.75,,,0.5,0.64,,,
SENP7,,,,0.67,0.21,,0.5,,0.6,,0.9,,,,0.7,0.75,,0.75,0.85,0.71,,,
SENP8,,,0.0,,0.89,0.51,,0.4,0.6,0.1,0.8,,,,0.5,,,,0.5,0.91,,,
SEPHS1,,,,,,,,,,,,,,,,,,,,,,,
SEPHS2,,,0.0,,0.49,,,,0.9,,,,,,0.7,,,,0.75,,,,
SEPSECS,0.8,,0.0,,0.61,,,,0.85,,0.9,,,,0.75,,,,0.5,0.62,,,
SERAC1,,,0.0,,0.38,,0.5,,0.7,,0.9,,,,,,,0.6,,,,0.7,
SERBP1,,,,1.0,0.04,,,0.4,0.6,,0.8,,,,0.6,0.65,,,0.7,0.68,,,
SERF1A,,,1.0,,1.0,,,,0.8,,0.9,,,,0.8,,0.5,,0.5,,,0.7,0.4
SERF2,,,0.8,,0.6,,,,0.7,,0.9,,,,0.9,,,,0.5,,,0.6,
SERGEF,,,0.0,,0.87,,,,0.8,,0.9,,,,0.7,,,,0.5,,,0.6,
SERHL,0.5,,1.0,,1.0,,,,0.8,,,,,,,,,0.7,0.5,,,0.6,
SERHL2,,,0.0,,0.7,,0.3,0.4,0.5,,0.6,,,,0.7,,,0.8,0.5,0.85,,,
SERINC1,,,0.9,,,,0.7,0.6,0.8,,,,0.95,,0.75,0.78,,,,,0.7,,
SERINC2,,,0.0,,0.87,,0.1,0.6,0.8,,0.9,,,,0.5,,,,0.5,0.91,,,
SERINC3,,,,,,,,,,,,0.9,,,,,,,,,,,
SERINC4,,,0.0,,0.5,,,,,,,,0.8,,0.7,,,,0.7,,,,
SERINC5,,,0.0,,0.46,,0.1,,0.85,,0.9,,,,0.8,,,,0.75,0.7,,,
SERP1,,0.8,0.4,,,,,,,,,,0.9,,0.8,,,,0.5,,,,
SERP2,,,,,,,,,,,,0.8,,,,,,,,,,,
SERPINA1,,,0.0,,,,0.9,,0.7,0.7,0.6,,,,0.8,,,,,,1.0,,
SERPINA10,0.8,,0.0,,,,0.8,0.6,0.7,,,,0.9,,0.7,0.75,,,,,1.0,,
SERPINA11,,,0.0,,,,0.5,,,,,,0.8,,0.7,0.6,0.9,,,,1.0,,
SERPINA12,,,0.0,,,,0.5,0.7,,,,,0.9,,0.8,,,,0.6,,1.0,,
SERPINA13P,,,0.0,,0.0,,,,0.7,,,,,,,,,0.8,0.5,,,0.6,
SERPINA2,,,1.0,,1.0,,,,0.6,,,,,,,,,,0.5,,,0.9,
SERPINA3,,,0.0,,0.7,,0.8,,0.75,0.9,0.85,,,,0.9,,,,0.5,0.95,,,
SERPINA4,,,0.0,,,,0.8,0.5,0.7,,,,0.9,,0.7,,,,0.6,1.0,,,
SERPINA5,,,0.0,,,,0.8,0.6,0.7,,,,0.9,,,,,,,,0.95,,
SERPINA6,,,0.0,,0.9,,0.5,0.6,0.8,0.9,0.85,,,,0.8,,,,0.5,1.0,,,
SERPINA7,,,0.0,,0.59,,,0.5,0.7,,0.9,,,,0.8,,,,0.8,1.0,,,
SERPINA9,,,0.0,,0.7,,,,0.7,,0.8,,,,0.6,,,0.8,0.6,1.0,,,
SERPINB1,,,0.0,,0.93,,0.1,,0.7,,0.8,,,,,,,,0.5,0.94,,,
SERPINB10,,,0.0,,0.98,,,,0.7,,0.8,,,,0.8,,,,0.5,1.0,,,
SERPINB11,,,0.0,,0.72,0.0,,0.6,0.8,,0.9,,,,0.7,,,,0.5,,,,
SERPINB12,,,0.0,,0.7,0.8,,,0.8,,0.9,,,,0.7,,,,0.5,,,,
SERPINB13,,,0.0,,0.67,,0.6,0.6,0.7,,0.9,,,,,,,,0.5,1.0,,,
SERPINB2,,,,,,,,,,,,0.8,,0.6,,,,,,,,,
SERPINB3,,,0.0,,0.7,,,0.6,0.8,,0.9,,,,0.9,,,0.7,0.8,1.0,,,
SERPINB4,,,0.0,,0.6,0.7,,0.4,0.7,,0.8,,,,0.8,,,,0.5,1.0,,,
SERPINB5,,1.0,0.0,,0.5,,,0.7,0.8,,,,0.9,,0.8,,,,0.75,,,,
SERPINB6,,,0.0,,0.68,0.43,0.5,0.6,0.7,,0.9,,,,,,,,0.5,,,,
SERPINB7,,,0.0,,0.84,,0.5,,0.7,,0.9,,,,0.6,,,,0.5,,,,
SERPINB8,0.8,,0.0,,,,,0.6,,,,,0.9,,0.7,0.7,0.8,,,,,,
SERPINB9,,,0.9,,,,0.7,0.5,,,,,0.8,,0.9,,,,,,0.95,,
SERPINC1,0.8,1.0,,1.0,0.0,,,0.6,0.7,0.9,0.8,,,,,,,,0.5,,,,
SERPIND1,,,,,,,,,,,,0.8,,0.6,,,,,,,,,
SERPINE1,,,0.2,,,,0.5,0.4,0.5,0.6,0.8,,,,0.7,,0.8,,,,,,
SERPINE2,0.88,,,0.76,0.17,,0.86,0.14,0.87,,0.93,,,,0.75,,,,0.79,,0.82,,
SERPINE3,,,0.0,,0.6,,,,0.7,,0.6,,,,0.8,,,0.9,0.5,0.7,,,
SERPINF1,,,0.0,,,,0.8,0.5,0.7,,0.9,,,,0.6,,,,,,,,
SERPINF2,,,0.01,,0.33,,0.8,0.6,0.65,,0.95,,,,0.85,,,,0.75,1.0,,,
SERPING1,,,,,,,,,,,,0.8,,0.6,,,,,,,,,
SERPINH1,,0.9,0.8,,0.5,,0.6,,0.7,,0.8,,,,0.8,,,0.9,,0.9,,,
SERPINI1,0.8,,0.03,,0.32,,,,0.8,,,,0.9,,,,,,0.82,,,,
SERPINI2,0.6,,0.0,,1.0,,,,0.8,,0.9,,,,0.8,,,0.9,0.7,1.0,,,
SERTAD1,,,0.32,,0.24,0.63,,,0.8,,0.9,,,,0.9,,,,0.5,,,,
SERTAD2,,,,0.89,0.0,0.21,0.6,,0.7,,0.8,,,,0.9,,,,0.5,0.72,,,
SERTAD3,,,0.8,,,,,,,,,,0.75,,0.85,,,,,,0.7,,0.5
SERTAD4,,,0.17,,0.27,,,0.54,0.64,,0.78,,,,,0.54,,,0.71,,,,
SERTAD4-AS1,,,0.0,,0.0,,,,0.7,,,,,,,,,,0.5,,,,
SERTM1,,,,0.5,0.0,,,,0.7,,0.7,,,,0.9,,,,0.1,,,,
SESN1,,,0.9,,,,0.6,,,,,,0.8,,,0.75,,,,,,0.8,
SESN2,,,,,,,,,,,,,,0.7,,,,,,,,,
SESN3,,,,0.72,0.19,,0.1,0.4,0.87,,0.74,,,,0.9,,,,0.49,0.66,,,
SESTD1,,,,1.0,0.89,,0.5,,0.8,,0.9,,,,0.6,0.75,,,0.7,0.7,,,
SET,0.8,,,1.0,0.0,,,0.6,0.7,,,,0.9,,0.8,,,,0.9,,,0.7,
SETBP1,,,,1.0,0.98,,0.7,,0.75,,0.85,,,,0.8,,,,0.8,0.77,,,
SETD1A,,,,1.0,0.94,,0.8,,0.8,,0.9,,,,0.9,,,,0.6,0.66,,,
SETD1B,0.8,,,1.0,0.97,,,,0.7,,0.9,,,,0.8,,,,0.8,0.71,,,
SETD2,,1.0,,1.0,0.88,,0.8,,0.5,0.6,0.7,,,,,,,,,0.7,,,
SETD3,,,0.1,,0.26,,,0.6,0.85,,0.9,,,,0.8,,,,0.8,,,0.5,
SETD4,,,0.0,,0.85,,0.5,,0.7,,0.9,,,,0.6,,,,0.6,,,0.6,
SETD5,0.7,,,1.0,0.13,,,,0.5,,,,0.6,,0.6,,,0.8,0.8,,0.65,,0.5
SETD6,,,0.0,,0.5,0.7,0.3,,0.7,,0.8,,,,0.7,,,,0.6,0.6,,,
SETD7,,,0.8,,,,,,0.8,,,,0.9,,0.8,,0.9,,,,0.7,,
SETD9,,,0.0,,0.57,,,0.2,0.75,,0.9,,,,,,,,0.5,,,,
SETDB1,0.85,,,,,,,,,,,,,,,,,,,,,,
SETDB2,,,0.0,,0.39,,,0.7,0.8,,0.9,,,,0.8,,,,0.5,,,,0.6
SETMAR,,,0.0,,0.63,,,0.6,0.7,,0.9,,,,0.6,0.75,,,0.8,,,,
SETSIP,,,0.0,,0.0,,,,0.6,,,,,,0.7,0.75,,,0.5,,,,
SETX,0.8,,,0.99,0.19,,,0.5,0.83,,0.9,,,,,0.75,0.9,,0.67,,0.64,,
SEZ6,,,0.0,,0.38,,,,0.7,,0.9,,,,0.75,0.78,,,0.8,0.97,,,
SEZ6L,,,0.45,,0.22,,,,0.75,,0.9,,,,0.7,,,,0.8,0.92,,,
SEZ6L2,,,0.2,,,,,,,,,,0.7,,0.7,,,,,,,,
SF1,1.0,,,1.0,0.04,,,,0.6,,0.7,,,,,0.85,,,0.8,,,,
SF3A1,,,,0.99,0.15,,,,,,,,,,,,,,,,,,
SF3A2,,,,,,,,,,,,,,,,,,,,,,,
SF3A3,,,,1.0,0.02,,0.6,0.5,0.7,,0.8,,,,0.8,,,,,,,0.6,
SF3B1,,,,,,,,,,,,,,0.7,,,,,,,,,
SF3B2,,,,,,,,,,,,,,,,,,,,,,,
SF3B3,,,,,,,,,,,,,,,,,,,,,,,
SF3B4,,,,1.0,1.0,,0.9,,0.8,,0.9,,,,0.8,0.85,,,0.6,0.7,,,
SF3B5,,,,,,,,,,,,,,,,,,,,,,,
SF3B6,,,,,,,,,,,,,,,,,,,,,,,
SFI1,,,0.0,,0.82,,,,0.75,,0.9,,,,0.5,,,,0.6,0.85,,,
SFMBT1,,,,0.95,0.18,,0.5,,0.8,,0.9,,,,0.9,,,0.7,0.75,0.99,,,
SFMBT2,,,,1.0,0.87,,,,0.8,,0.9,,,,0.7,,,,0.7,,,,
SFN,,,,,,,,,,,,0.8,,0.6,,,,,,,,,
SFPQ,,,,1.0,0.03,,,0.7,0.8,,0.9,,,,,,,,,0.63,,,
SFR1,,,0.0,,0.6,,,,0.7,,0.8,,,,0.8,,,,0.5,0.69,,,
SFRP1,,,,,,,,,,,,0.8,,0.5,,,,,,,,,
SFRP2,,,0.0,,0.52,,,0.6,0.7,,0.9,,,,0.7,,,,0.5,0.91,,,
SFRP4,,,0.0,,0.55,,0.7,0.7,0.8,,0.9,,,,0.8,,,,0.6,0.94,,,
SFRP5,,,0.0,,,,0.5,,,,,,0.9,,0.8,0.7,,,,,1.0,,
SFSWAP,,,,1.0,0.94,,0.5,0.6,0.6,,0.7,,,,0.7,,,,0.8,,,0.5,
SFT2D1,,,0.0,,0.54,,,,0.8,,0.9,,,,0.9,,,,0.5,,,0.6,
SFT2D2,,,0.9,,0.5,,,,0.7,,0.8,,,,0.9,,,0.8,0.6,0.75,,,
SFT2D3,,,0.0,,0.0,,,,0.6,,0.8,,,,0.7,,,,0.5,,,0.7,
SFTA2,,,0.04,,0.73,,,0.8,0.6,,,,,,0.7,,,,0.15,,,,
SFTA3,,,0.4,,0.2,,,0.4,0.8,,0.7,,,,,,,,0.1,,,,
SFTPA1,,,0.0,,0.61,,,,0.85,,0.9,,,,0.7,,,,0.75,,,,
SFTPA2,0.8,,0.01,,0.53,0.83,,0.5,0.6,,0.9,,,,0.7,,,,0.75,,,,
SFTPB,1.0,1.0,0.0,,,,,0.6,,,,,0.9,,0.7,0.8,,,0.5,,1.0,,
SFTPC,0.8,,0.0,,0.64,,,0.6,0.7,,,,0.9,,0.7,,,,0.5,,1.0,,
SFTPD,,,0.0,,0.55,,0.8,,0.7,,0.9,,,,0.85,0.78,,,0.75,,,,
SFXN1,,,0.0,,0.44,,,0.2,0.7,,0.9,,,,0.6,,,0.6,0.8,,,0.5,
SFXN2,,,0.0,,0.45,0.75,0.8,0.2,0.7,,0.9,,,,0.7,,,,0.5,0.89,,,
SFXN3,,,0.0,,0.81,,,0.4,0.8,,0.9,,,,0.7,,,,0.5,0.73,,,
SFXN4,0.8,,0.0,,,,,,,,,,0.9,,0.8,0.7,0.7,,,,,,
SFXN5,,,0.0,,,,0.1,0.5,0.6,,,,0.8,,0.7,,0.7,,,,0.9,,
SGCA,0.8,,0.0,,,,,0.5,,,,,0.7,,0.7,0.6,0.8,,,,0.9,,
SGCB,0.8,,0.0,,0.91,,,,0.8,,0.9,,,,0.6,0.65,,,0.5,0.7,,,
SGCD,0.8,,0.9,,,,,0.5,,,,,0.7,,,0.7,,,,,0.85,,
SGCE,0.8,,0.9,,,,,,,,,,0.75,,0.8,,,,,,0.7,,0.65
SGCG,,,0.0,,0.6,,0.8,,0.6,,0.7,,,,0.7,,,,0.5,1.0,,,
SGCZ,,,0.0,,,,0.75,0.67,,,,,0.93,,0.9,,0.85,,0.5,,0.88,,
SGF29,,,0.0,,0.0,,,0.6,0.7,,0.8,,,,0.8,,,,0.5,,,,
SGIP1,,,,,,,,,,,,0.8,,,,,,,,,,,
SGK1,0.8,,0.04,,0.28,,,0.7,0.8,0.75,0.9,,,,,0.8,,,0.85,,0.88,,
SGK2,,,0.0,,0.82,,,0.6,0.75,0.8,0.9,,,,0.8,,,0.9,0.85,0.92,,,
SGK3,,,0.0,,0.5,,,0.4,0.6,0.1,0.8,,,,0.5,0.6,,,0.5,,,0.6,
SGMS1,,,,0.94,0.14,0.76,,,0.67,0.08,,,,,0.5,0.75,,,0.84,,,1.0,
SGMS2,0.5,,0.06,,0.29,0.55,,,0.75,,0.8,,,,0.7,0.67,,0.9,0.73,0.73,,,
SGO1,0.8,,0.0,,,,,,,,,,0.9,,0.6,,0.9,,,,1.0,,0.5
SGO2,,,0.0,,0.0,,,0.6,0.7,,0.9,,,,0.5,0.65,,,0.8,,,,
SGPL1,0.7,,0.9,,,,,0.5,0.7,,,,0.8,,,0.7,0.8,,,,0.6,,
SGPP1,,,0.0,,0.53,,0.9,,0.7,,0.8,,,,0.8,,0.9,,0.5,,,0.5,
SGPP2,,,0.0,,0.48,,,,0.7,,0.9,,,,0.8,,,,0.6,0.89,,,
SGSH,0.8,,0.1,,,,,,,,,,0.7,,0.8,,,,,,0.7,,
SGSM1,,,0.8,,,,0.5,0.6,,,,,0.9,,0.7,0.75,0.8,,,,0.9,,
SGSM2,,,0.0,,,,0.8,,,,,,0.9,,0.8,0.7,0.9,,,,,,
SGSM3,,,0.0,,,,0.8,0.5,,,,,0.9,,0.8,0.7,,,,,,,
SGTA,,,,0.94,0.11,,,,0.73,,0.95,,,,0.75,,0.8,,0.5,,,0.6,
SGTB,,,0.8,,0.6,,,,0.7,,0.9,,,,0.8,,,0.6,0.5,0.8,,,
SH2B1,,,,,,,,,,,,0.8,,0.6,,,,,,,,,
SH2B2,,,0.0,,0.55,0.0,,0.2,0.7,,,,,,0.9,,,,0.5,,,0.0,
SH2B3,0.8,,0.0,,,,0.9,0.5,,,,,0.7,,0.7,,,,,,0.8,,
SH2D1A,0.8,,0.4,,0.2,,,,0.75,,,,0.9,,0.7,,,,0.64,,0.97,,
SH2D1B,,,0.9,,0.5,,,0.5,0.7,,0.8,,,,0.7,0.8,,,0.6,,,,
SH2D2A,,,0.0,,,,0.5,0.6,0.8,,,,0.9,,0.8,0.75,,,0.7,0.97,,,
SH2D3A,,,0.0,,0.68,0.95,,,0.7,,0.9,,,,0.6,,,0.85,0.8,0.91,,,
SH2D3C,,,,,,,,,,,,0.7,,,,,,,,,,,
SH2D4A,,,0.0,,0.5,,,0.6,0.8,,0.9,,,,0.8,,,0.8,0.7,,,,
SH2D4B,,,0.0,,0.52,0.94,0.5,,0.7,,0.8,,,,,0.75,,,0.85,,0.97,,
SH2D5,,,0.0,,0.71,0.85,,,0.8,,0.9,,,,,,,,0.5,,,,
SH2D6,,,0.0,,0.82,0.78,0.2,,0.5,,0.6,,,,,,,0.7,0.5,0.97,,,
SH2D7,,,0.0,,0.67,,,,0.5,,0.6,,,,,0.65,,,0.85,1.0,,,
SH3BGR,,,0.0,,0.51,,,0.2,0.7,,0.8,,,,0.6,,,,0.5,0.95,,,
SH3BGRL,,,0.5,,0.25,,,,0.9,,0.8,,,,0.9,,,0.8,0.6,0.73,,,
SH3BGRL2,,,0.0,,0.6,,,,0.7,,0.8,,,,0.9,0.7,,,0.5,,,,
SH3BGRL3,,,0.16,,0.33,,,0.4,0.9,,0.96,,,,0.7,,,,0.93,0.84,,,
SH3BP1,,,,,,,,,,,,0.9,,,,,,,,,,,
SH3BP2,0.7,,0.0,,0.74,,,,0.6,,0.9,,,,0.6,,,,0.5,0.89,,,
SH3BP4,,,0.0,,0.35,,0.8,,0.6,,0.9,,,,0.9,0.7,,0.8,0.5,0.85,,,
SH3BP5,,,,,,,,,,,,1.0,,0.6,,,,,,,,,
SH3BP5L,,,0.98,,0.67,,,0.85,0.8,,,,0.9,,0.8,,0.95,,0.75,,,0.7,
SH3D19,,,0.0,,0.4,,,0.1,0.8,,0.67,,,,0.5,,,0.9,0.8,0.76,,,0.5
SH3D21,,,,,,,,,,,,0.9,,,,,,,,,,,
SH3GL1,,,0.05,,0.3,,,,0.85,,0.9,,,,0.8,,,0.7,0.75,0.7,,,0.6
SH3GL2,,,0.0,,,,0.8,0.6,,,,,0.9,,0.9,0.75,,,0.5,0.97,,,
SH3GL3,,,0.0,,,,0.8,0.3,,,,,0.9,,0.5,0.6,,0.6,,0.9,,,
SH3GLB1,,,,,,,,,,,,0.9,,0.7,,,,,,,,,
SH3GLB2,,,0.0,,0.41,,,,0.6,,,,0.9,,0.8,0.65,0.7,,0.8,,,0.55,
SH3KBP1,,,,,,,,,,,,0.8,,,,,,,,,,,
SH3PXD2A,,,,1.0,0.14,,0.9,,0.7,,0.8,,,,0.7,,,,0.5,,,,
SH3PXD2B,1.0,1.0,0.0,,,,,,,,,,0.9,,0.8,,0.9,,,,0.8,,
SH3RF1,,,0.0,,0.32,,,,0.85,,0.9,,,,0.9,,,,0.7,,,0.6,
SH3RF2,,,,,,,,,,,,,,,,,,,,,,,
SH3RF3,,,0.11,,0.26,,,,0.8,,0.9,,,,0.9,,,,0.5,,,,
SH3TC1,,,0.0,,1.0,,,,0.7,,0.9,,,,0.6,,,0.85,0.8,0.81,,,
SH3TC2,0.9,,0.0,,0.59,,,,0.6,,,,0.9,,,0.75,,,0.8,0.97,,,
SH3YL1,,,0.0,,,,0.8,0.6,0.7,,,,0.9,,,,,,,,,0.6,
SHANK1,,,,1.0,0.1,,,0.2,0.7,,0.9,,,,0.75,0.85,,,0.8,0.92,,,
SHANK2,0.8,,0.0,,0.33,,,0.5,0.6,,0.9,,,,0.7,0.6,,0.7,0.7,0.81,,,0.6
SHANK2-AS3,,,0.0,,0.0,,,,0.6,,,,,,,0.4,,,0.5,,,,
SHANK3,,,,1.0,0.8,,,0.6,0.7,,,,,,,,,0.8,,,,0.5,
SHARPIN,,,,,,,,,,,,0.9,,,,,,,,,,,
SHB,,0.8,,0.9,,,,,,,,,0.7,,0.9,,,,0.6,,,,
SHBG,,,,,,,,,,,,0.8,,0.6,,,,,,,,,
SHC1,,,,,,,,,,,,,,,,,,,,,,,
SHC2,,,0.0,,0.85,,,,0.8,,0.9,,,,0.7,,,,0.5,,,,
SHC3,,,0.8,,0.3,,,,0.7,,0.9,,,,0.8,0.8,,,0.5,,,,
SHC4,,,0.0,,0.65,,,0.6,0.85,,0.9,,,,0.8,,,0.75,0.7,0.96,,,
SHCBP1,,,0.0,,0.51,,,,0.6,,0.85,,,,0.7,,,,0.6,1.0,,,
SHCBP1L,,,0.0,,0.93,,,,0.6,,0.9,,,,,,0.8,,0.5,1.0,,,
SHD,,,0.0,,0.67,,,,0.7,,0.9,,,,,,,0.8,0.6,0.94,,,
SHE,,,,0.95,0.8,,,,0.7,,0.9,,,,0.9,,,0.85,0.6,,0.9,,
SHF,,,0.44,,0.22,,,,0.8,,0.96,,,,0.7,,,0.9,0.85,1.0,,,
SHH,,,,1.0,0.0,,0.5,0.6,0.7,,0.9,,,,,,,,,1.0,,,
SHISA2,,0.9,0.3,,,,,0.6,0.7,,,,0.8,,0.7,,,,0.5,,,,
SHISA3,,,0.0,,0.82,,,,0.6,,0.8,,,,0.7,,,,0.5,0.9,,,
SHISA4,,,,,,,,,,,,1.0,,,,,,,,,,,
SHISA5,,,0.0,,0.86,,,,0.7,,0.9,,,,0.7,,,,0.6,,,0.5,
SHISA6,,,1.0,,1.0,,,,0.6,,0.9,,,,0.8,0.75,,,0.5,0.88,,,
SHISA7,0.6,,0.0,,,,,,,,,,0.9,,,,,,,,,,
SHISA8,,,1.0,,1.0,,,,0.7,,0.6,,,,0.8,,,,0.8,1.0,,,
SHISA9,,,0.0,,0.0,,,,0.7,,0.8,,,,0.75,0.6,,,0.5,0.87,,,
SHISAL1,,,0.0,,0.0,0.0,,,0.7,,0.8,,,,0.8,0.6,,,0.5,,,,
SHISAL2A,,,0.0,,0.0,0.0,,,0.7,,0.9,,,,0.8,0.6,,,0.8,,,,
SHISAL2B,,,0.0,,0.0,,,,0.7,,0.8,,,,0.9,,,,0.5,,,,
SHKBP1,,,0.0,,0.48,,,0.5,0.6,,0.9,,,,0.6,,,0.7,0.7,,,,
SHMT1,,,0.0,,0.93,,0.1,0.6,0.8,,0.9,,,,,0.75,,,0.5,,,,
SHMT2,0.8,,0.0,,0.6,,,0.4,0.7,,0.9,,,,,,,,0.5,0.86,,,0.6
SHOC2,,1.0,,1.0,0.0,,,,0.7,,,,,,0.8,,,,0.6,,,0.7,
SHOX,0.8,,,0.67,0.16,,,,0.7,,0.9,,,,0.8,,,0.9,0.5,0.96,,,0.7
SHOX2,0.9,1.0,0.06,,0.34,,,,0.73,,0.8,,,,,,,,0.5,0.95,,,
SHPK,0.6,,0.0,,0.8,,,0.4,0.5,,0.8,,,,,0.6,,,0.5,0.7,,,
SHPRH,,,0.0,,0.31,,,,0.6,,0.9,,,,0.8,,,,0.7,0.71,,,
SHQ1,,,0.0,,0.82,,,,0.8,,0.9,,,,0.7,,,,0.8,0.64,,,
SHROOM1,,,0.04,,0.3,,,,0.9,,0.68,,,,0.8,,,,0.85,,,,
SHROOM2,,,,,,,,,,,,0.9,,,,,,,,,,,
SHROOM3,,,,,,,,,,,,1.0,,,,,,,,,,,
SHROOM4,0.8,,,1.0,0.89,,,,0.6,,,,0.7,,,,,,,,0.93,,
SHTN1,,,0.0,,0.0,,,0.5,0.6,,0.8,,,,0.7,,,,0.7,0.9,,,
SI,,,,,,,,,,,,0.8,,0.6,,,,,,,,,
SIAE,,,0.0,,0.78,,0.5,0.7,0.6,,0.8,,,,0.8,0.65,,,0.5,0.6,,,
SIAH1,,,,0.74,0.15,,,0.7,0.8,,0.92,,,,,0.8,,,0.56,0.61,,,
SIAH2,,,,0.69,0.12,,,0.5,0.8,,0.87,,,,,0.78,,,0.65,0.77,,,
SIAH3,,,0.0,,0.76,,,,0.7,,0.9,,,,,0.7,,,0.5,0.92,,,
SIDT1,,,0.0,,0.64,,0.5,,0.8,,0.9,,,,0.9,,0.7,,0.7,0.92,,,
SIDT2,,,0.0,,0.48,,,,0.8,,0.9,,,,0.8,,,,0.7,0.62,,,
SIGIRR,,,0.0,,0.6,,,,0.85,,0.9,,,,0.9,0.75,,,0.7,,,,
SIGLEC1,0.75,,0.0,,,,0.8,,,,,,0.9,,0.6,,,,,,0.87,,
SIGLEC10,,,,,,,,,,,,1.0,,0.5,,,,,,,,,
SIGLEC11,,,0.0,,0.5,,,,0.7,,0.9,,,,0.8,,,,0.7,,,,
SIGLEC12,,,0.0,,0.85,,0.2,0.6,0.7,,0.9,,,,0.8,,,,0.5,,,,
SIGLEC14,,,0.0,,,,0.8,,,,,,0.9,,0.9,0.75,,0.85,,0.95,,,
SIGLEC15,,,0.0,,0.5,,,,0.7,,0.8,,,,0.6,0.65,,0.9,0.5,0.95,,,
SIGLEC16,,,0.0,,0.0,,,,0.8,,,,,,,0.6,,0.7,0.5,,,0.2,
SIGLEC5,0.75,,0.0,,,,0.8,0.6,0.7,,,,0.9,,0.9,,,,,,1.0,,
SIGLEC6,,,0.9,,0.6,0.95,0.8,,0.6,,0.7,,,,0.9,,,,0.5,,,,
SIGLEC7,,,0.0,,,,0.5,0.6,0.7,,,,0.9,,0.8,0.7,0.8,,,,1.0,,
SIGLEC8,,,,,,,,,,,,1.0,,0.7,,,,,,,,,
SIGLEC9,,,0.0,,,,0.8,0.2,,,,,0.9,,0.75,,,,,,0.99,,
SIGLECL1,,,0.0,,0.8,,,0.8,0.7,,0.9,,,,0.9,,,,0.5,,,,
SIGMAR1,0.8,,0.18,,0.28,0.6,,,0.75,0.9,0.85,,,,0.7,,,,0.5,,,0.6,
SIK1,,,,0.98,0.87,,0.5,0.5,0.6,0.75,0.9,,,,0.7,,,0.9,,0.89,,,
SIK2,,,,1.0,0.15,,,,0.75,0.8,0.85,,,,0.8,,,,0.7,,,,
SIK3,,,,1.0,0.95,0.9,0.9,,0.75,0.7,,,,,0.8,,,0.85,0.8,,,0.6,
SIKE1,,,0.2,,0.27,,,,0.6,,0.97,,,,0.9,,,,0.5,,,0.52,
SIL1,,,,,,,,,,,,1.0,,0.7,,,,,,,,,
SIM1,,1.0,,1.0,0.89,,0.6,,0.5,,0.7,,,,,,,,,,0.99,,
SIM2,,1.0,,0.86,0.18,,0.6,,0.5,,0.8,,,,,,,,0.7,,1.0,,
SIMC1,,,,,,,,,,,,,,,,,,,,,,,
SIN3A,0.8,1.0,,1.0,0.01,,,0.5,0.6,,,,0.7,,0.5,,,,,0.7,,,
SIN3B,,,,,,,,,,,,0.8,,0.7,,,,,,,,,
SINHCAF,,,0.0,,0.0,,,0.9,0.7,,0.8,,,,0.5,0.6,,,0.5,,,,
SIPA1,,,0.9,,,,0.8,,,,,,0.85,,0.8,0.82,0.9,,,,0.88,,
SIPA1L1,,,,1.0,0.09,,0.8,,0.7,,0.6,,,,0.8,0.78,,0.9,,0.68,,,
SIPA1L2,,,,0.99,0.19,,0.8,0.7,0.8,,0.9,,,,0.9,,,0.85,0.75,0.77,,,
SIPA1L3,,,,,,,,,,,,0.8,,,,,,,,,,,
SIRPA,,,,,,,,,,,,0.8,,,,,,,,,,,
SIRPB1,,,0.0,,0.8,,0.6,,0.7,,0.8,,,,0.7,0.75,,,0.7,,,,
SIRPB2,,,0.0,,0.62,,0.1,,0.7,,0.8,,,,,0.7,,0.9,0.5,0.95,,,
SIRPD,,,0.0,,0.5,,,0.5,0.6,,0.8,,,,0.8,,,,0.6,1.0,,,
SIRPG,,,0.0,,,,0.5,0.6,0.8,,,,0.9,,0.8,0.7,,,,,,,
SIRT1,,,0.08,,0.27,,,0.5,0.8,0.9,0.85,,,,,,0.9,,0.75,,,,
SIRT2,,,0.0,,0.65,,,0.6,0.8,0.75,0.9,,,,,,0.8,,0.5,0.73,,,
SIRT3,,,0.0,,0.58,,0.5,0.6,0.8,0.5,0.9,,,,0.8,,,,0.5,,,0.7,
SIRT4,,,0.0,,0.5,,,0.4,0.7,,0.8,,,,0.5,,,,0.6,,,,
SIRT5,,,0.0,,0.76,,,,0.8,0.1,0.9,,,,0.8,,0.7,,0.5,,,0.5,0.6
SIRT6,,1.0,0.17,,0.27,,,0.7,0.6,0.1,0.8,,,,,,,,,,,0.5,
SIRT7,,,0.0,,0.43,,,,0.7,,0.9,,,,,0.7,,,0.8,,,,
SIT1,0.8,,0.0,,0.6,,,,0.6,,0.9,,,,0.7,,0.85,,0.5,0.97,,,
SIVA1,,,0.8,,0.45,,,,0.7,,0.9,,,,0.8,,,,0.6,0.6,,,
SIX1,,,,0.68,0.16,,0.6,0.5,0.75,,0.9,,,,,0.7,,,0.5,0.95,,,
SIX2,,,,0.94,0.0,,0.4,0.6,0.7,,0.8,,,,0.8,0.75,,,0.5,0.94,,,
SIX3,,1.0,,0.95,0.0,,0.8,,0.8,,0.9,,,,0.7,,,,0.5,0.96,,,
SIX4,,,,0.71,0.19,,,,0.67,,0.94,,,,,0.8,,,0.78,,,,
SIX5,0.8,,0.01,,0.42,,,,0.7,,0.9,,,,0.6,,,,0.5,0.8,,,
SIX6,,,,0.7,0.2,,0.8,,0.5,,0.6,,,,0.7,,,,0.5,1.0,,,
SKA1,,,0.0,,0.72,,0.6,,0.6,,0.7,,,,,0.7,,,0.5,0.99,,,
SKA2,,,0.0,,0.5,,,,0.9,,0.8,,,,0.8,,,,0.6,0.7,,,
SKA3,,,0.0,,0.61,,,0.6,0.7,,0.9,,,,0.5,0.65,,,0.75,1.0,,,
SKAP1,,,0.0,,,,0.8,0.85,0.7,,,,0.9,,0.75,0.78,,,,,0.96,,
SKAP2,,,0.0,,0.38,,0.1,,0.7,,0.8,,,,,,,0.9,0.5,0.73,,,
SKI,,1.0,,1.0,0.04,,0.5,0.6,0.7,,0.8,,,,0.9,,,,,0.76,,,
SKIDA1,,,,0.99,0.05,,,,0.8,,,,,,0.7,0.75,,,0.75,,,0.0,
SKIL,,1.0,,0.98,0.87,,0.4,0.5,0.6,,0.7,,,,0.7,,,,,0.65,,,
SKOR1,,,0.0,,0.51,,,,0.7,,0.9,,,,,,,,0.8,1.0,,,
SKOR2,,,,0.73,0.17,,0.4,,0.5,,0.6,,,,,,,,0.5,1.0,,,
SKP1,0.6,,0.39,,0.22,,,0.9,0.8,,0.95,,,,,,,,0.81,,,0.5,
SKP2,0.8,,,0.95,,,,0.85,0.8,,,,0.9,,,,0.9,,,,0.75,,
SLA,,,0.31,,0.24,,0.4,0.1,0.8,,0.87,,,,0.5,0.6,,0.6,0.69,0.96,,,
SLA2,,,0.2,,0.4,,,,0.6,,0.8,,,,0.75,,,,0.5,,,,
SLAIN1,,,,0.91,0.14,,,,0.8,,,,0.93,,0.7,,0.85,,0.75,,,,
SLAIN2,,,,0.72,0.18,,,0.5,0.67,,0.86,,,,0.8,,0.75,,0.58,0.69,,,
SLAMF1,0.75,,,,,,,,,,,,,,,,,,,,,,
SLAMF6,0.75,,0.2,,,,0.8,,,,,,0.9,,,,,,,,,,0.6
SLAMF7,,,,,,,,,,,,1.0,,0.5,,,,,,,,,
SLAMF8,,,0.0,,,,0.5,0.3,,,,,0.9,,0.9,,,,,,0.7,,
SLAMF9,,,0.0,,0.75,,,,0.6,,0.8,,,,,,,,0.5,,,,
SLBP,,,0.06,,0.34,,0.1,0.3,0.87,,0.66,,,,0.9,,,,0.54,,,0.54,
SLC10A1,0.8,,0.0,,,,,,0.6,,,,0.9,,0.8,,,,,,1.0,,
SLC10A2,0.8,,0.0,,,,,0.5,0.7,,,,0.9,,,0.6,,,,,1.0,,
SLC10A3,,,,0.8,0.0,,,,0.6,,0.9,,,,0.8,,,,0.5,0.68,,,0.7
SLC10A4,,,0.8,,,,,,,,,,,,,0.7,0.6,,,,0.9,,
SLC10A5,,,0.0,,0.5,,,,0.6,,0.8,,,,0.7,,,,0.7,0.9,,,
SLC10A6,,,0.0,,0.95,,,,0.8,,0.9,,,,0.85,0.75,,,0.5,0.94,,,
SLC10A7,0.8,,0.0,,0.54,,,0.5,0.6,,0.9,,,,0.9,,,,0.5,0.65,,,
SLC11A1,0.8,,0.0,,0.5,0.7,,,0.7,,0.9,,,,0.6,,,,0.6,1.0,,,
SLC11A2,0.7,0.8,0.9,,0.32,,,,0.8,,,,0.9,,0.75,,0.85,,,,,0.5,
SLC12A1,,,0.0,,0.62,,,,,,,,,,,,,,,,,,
SLC12A2,,1.0,,0.95,0.19,,0.5,,0.7,0.8,0.9,,,,0.8,,,,,0.75,,,
SLC12A3,,,0.0,,,,0.5,,0.6,0.9,0.7,,,,0.8,,0.9,,,1.0,,,
SLC12A4,0.8,,0.0,,0.5,0.8,,,0.6,0.5,0.7,,,,0.9,,,,0.6,0.76,,,
SLC12A5,,,,,,,,,,,,,,,,,,,,,,,
SLC12A6,0.7,,0.9,,,,,,,,,,0.8,,,0.7,0.75,,,0.8,,,
SLC12A7,,,0.0,,0.65,,0.9,,0.6,0.5,0.7,,,,0.7,,,,0.8,0.66,,,
SLC12A8,,,0.0,,,,0.8,0.2,0.7,,,,0.9,,0.7,,,,,0.99,,,
SLC12A9,,,0.0,,0.85,,0.6,0.6,0.7,,0.8,,,,0.8,0.65,,,0.5,0.63,,,
SLC13A1,,,0.0,,0.9,,,,0.7,,0.9,,,,,0.7,,,0.5,,,,
SLC13A2,,,0.0,,0.82,,,0.67,0.83,,0.76,,,,0.8,0.65,,,0.5,,,,
SLC13A3,,,0.0,,0.57,0.8,0.8,,0.85,,0.9,,,,0.9,0.75,0.75,,0.6,0.99,,,
SLC13A4,,,,,,,,,,,,,,,,,,,,,,,
SLC13A5,,,0.0,,0.39,,0.7,0.5,0.7,,0.8,,,,0.8,,0.9,,0.6,1.0,,,
SLC14A1,,,0.0,,1.0,,0.6,0.7,0.8,,0.9,,,,0.9,,,,0.5,0.96,,,
SLC14A2,,,0.0,,0.73,0.8,0.9,0.2,0.6,,0.7,,,,0.7,,,,0.5,0.91,,,
SLC15A1,,,0.0,,,,0.8,0.7,0.6,,0.7,,,,0.8,0.75,,,0.5,0.99,,,
SLC15A2,,,0.0,,0.77,,0.6,,0.9,0.8,0.7,,,,0.9,,,,0.5,,,,
SLC15A3,,,0.0,,,,0.5,,,,,,0.9,,0.7,0.75,,,,,0.8,,
SLC15A4,,,0.0,,0.6,,0.9,,0.6,,0.7,,,,,,,,0.8,0.69,,,
SLC15A5,,,0.0,,0.0,,,,0.6,,,,0.7,,0.8,,,,0.5,,,,
SLC16A1,0.8,,0.0,,,,,,,,,,0.9,,,0.7,,,,,,,
SLC16A10,,,0.3,,0.24,,0.7,,0.8,,0.74,,,,0.7,,,0.75,0.51,0.91,,,
SLC16A11,,,0.0,,0.76,,,0.4,0.6,,0.8,,,,,0.7,0.9,,0.5,,,,
SLC16A12,0.8,,,0.53,0.21,,,,0.9,,,,,,0.7,,,,0.49,0.94,,,
SLC16A13,,,0.0,,0.7,,0.9,,0.75,,0.85,,,,0.7,,,,0.6,0.95,,,
SLC16A14,,,,,,,,,,,,0.5,,,,,,,,,,,
SLC16A2,0.85,,,0.9,0.0,,,,,,,,0.9,,,0.85,,,,,0.7,,
SLC16A3,,,0.0,,0.61,,,0.5,0.85,,0.9,,,,0.8,,,0.75,0.7,,,,
SLC16A4,,,0.0,,0.67,,,,0.5,,0.72,,,,0.7,,,0.8,0.5,0.84,,,
SLC16A5,,,0.0,,1.0,,,,0.8,,0.8,,,,0.8,,,,0.5,,,,0.7
SLC16A6,,,0.0,,,,0.8,,0.7,,,,0.9,,0.75,0.7,,,,0.8,,,
SLC16A7,,,0.01,,0.42,,,0.1,0.13,0.1,0.159,,,,0.6,0.65,,0.9,0.478,0.84,,,0.7
SLC16A8,,,0.01,,0.57,,,0.2,0.7,,0.8,,,,0.8,,,0.5,0.5,0.77,,,
SLC16A9,,,0.99,,0.64,,0.84,,0.9,,0.68,,,,0.75,,,,0.51,0.93,,,
SLC17A1,,,0.0,,0.94,,0.7,,0.6,,0.8,,,,0.9,,,,0.5,,,,
SLC17A2,,,0.0,,0.56,,0.8,0.75,0.7,,0.9,,,,0.8,,,,0.5,1.0,,,
SLC17A3,,,0.0,,,,0.7,,0.9,,0.8,,,,0.8,,,,,,,,
SLC17A4,,,0.0,,0.74,,0.8,,0.7,,0.9,,,,0.9,,,0.6,0.5,0.97,,,
SLC17A5,0.8,,,,,,,,,,,,,,,,,,,,,,
SLC17A6,,,,,,,,,,,,1.0,,,,,,,,,,,
SLC17A7,,1.0,,1.0,0.0,,,0.6,0.7,,0.9,,,,0.8,,,,0.8,0.94,,,
SLC17A8,,,0.0,,,,0.5,0.6,0.7,,,,0.9,,0.8,0.7,,,,,1.0,,
SLC17A9,0.8,,0.0,,0.5,0.75,,,0.6,,0.7,,,,0.8,,,,0.5,,0.95,,
SLC18A1,,,,,,,,,,,,0.8,,0.9,,,,,,,,,
SLC18A2,0.7,0.8,0.3,,,,,0.6,0.75,0.9,0.85,,,,,,,,,0.9,,,
SLC18A3,,,,,,,,,,,,1.0,,0.7,,,,,,,,,
SLC18B1,,,0.0,,0.5,,,,0.7,,0.8,,,,0.9,0.65,,,0.6,,,,
SLC19A1,,1.0,0.0,,0.71,,,,0.75,0.5,0.8,,,,0.75,,,,0.6,,,,
SLC19A2,0.8,,,,,,,,,,,,,,,,0.9,,,,,,
SLC19A3,0.8,,,,,,,,,,,,,,,,,,,,,,
SLC1A1,,,0.0,,,,0.8,0.75,0.85,,,,0.9,,0.8,0.75,0.9,,,0.75,,,
SLC1A2,,,,,,,,,,,,0.8,,0.6,,,,,,,,,
SLC1A3,,,,,,,,,,,,0.8,,0.6,,,,,,,,,
SLC1A4,,,0.06,,0.31,,,,0.85,,0.9,,,,0.7,,0.8,,0.75,0.75,,,
SLC1A5,,,,,,,,,,,,0.8,,0.7,,,,,,,,,
SLC1A6,,,,0.79,0.16,,,,0.8,0.67,0.85,,,,0.8,0.82,,,0.75,0.99,,,
SLC1A7,,,0.0,,0.87,0.75,,,0.6,0.5,0.8,,,,0.7,0.7,,,0.5,0.85,,,
SLC20A1,,,,,,,,,,,,1.0,,,,,,,,,,,
SLC20A2,,,,,,,,,,,,0.85,,,,,,,,,,,
SLC22A1,,,0.0,,,,0.9,,0.6,,0.7,,,,,,0.9,,,,1.0,,
SLC22A10,,,0.0,,0.5,,,,0.6,,0.8,,,,0.9,,,0.8,0.7,1.0,,,
SLC22A11,,,0.0,,0.65,,,,0.7,0.6,0.8,,,,0.8,,,,0.5,1.0,,,0.7
SLC22A12,,,0.0,,0.93,,0.9,0.5,0.7,0.8,0.6,,,,0.8,,,,0.5,1.0,,,
SLC22A13,,,0.0,,,,0.5,0.6,0.8,,,,0.9,,0.7,0.7,0.8,,,,1.0,,
SLC22A14,,,0.0,,0.88,,,,0.7,,0.9,,,,0.8,,,,0.8,,,,0.6
SLC22A15,,,0.0,,0.61,,,0.6,0.7,,0.8,,,,0.85,0.7,,0.75,0.5,0.68,,,
SLC22A16,,,0.0,,,,0.8,0.7,0.6,,0.7,,,,0.75,,,,,1.0,,,
SLC22A17,,,,,,,,,,,,,,,,,,,,,,,
SLC22A2,,,0.0,,0.81,,0.9,0.75,0.7,0.6,0.8,,,,,,,,0.7,1.0,,,
SLC22A20P,,,1.0,,1.0,,,,0.6,,,,,,,,,,0.8,,,,
SLC22A23,,,,,,,,,,,,0.8,,,,,,,,,,,
SLC22A24,,,0.0,,0.5,,,,0.7,,0.9,,,,0.7,,,0.6,0.8,1.0,,,
SLC22A25,,,0.0,,0.5,,,,0.6,,0.9,,,,0.8,,,,0.7,,1.0,,
SLC22A3,,,0.0,,,,0.9,,0.7,,,,0.8,,,,,,,,0.97,,
SLC22A31,,,1.0,,1.0,,,,0.7,,,,,,0.8,,,,0.8,,,,
SLC22A4,,,0.0,,,,0.8,,,,,,0.9,,,,,,,,,,
SLC22A5,,,0.0,,0.92,,0.6,0.4,0.75,,0.9,,,,,,,0.7,0.5,,,0.6,
SLC22A6,,,0.0,,0.63,,,0.7,0.85,0.8,0.9,,,,,0.85,,,0.5,,,,
SLC22A7,,,0.0,,0.73,,0.8,,0.6,,0.7,,,,0.7,0.7,0.9,,0.5,1.0,,,
SLC22A8,,,0.0,,0.77,,,,0.85,0.8,0.9,,,,,,,,0.5,,,,
SLC22A9,0.7,,0.0,,,,0.5,0.7,,,,,0.9,,0.9,,0.8,,0.6,,1.0,,
SLC23A1,,1.0,0.07,,0.27,,,,0.6,0.1,0.85,,,,0.9,,,,0.75,,,,
SLC23A2,,,0.01,,0.31,0.95,,,0.15,0.1,0.89,,,,0.8,0.6,,,0.65,,,,
SLC23A3,,,0.0,,0.48,,0.5,0.4,0.6,,0.7,,,,0.8,,,,0.6,0.97,,,
SLC24A1,0.7,,0.0,,0.33,,,,0.8,,0.9,,,,0.8,,,,0.5,0.68,,,
SLC24A2,,,0.0,,,,0.5,,,,,,0.8,,0.6,0.7,0.8,,,,0.9,,
SLC24A3,,,,0.86,0.18,,0.6,,0.73,,0.86,,,,0.8,,,,0.644,0.81,,,
SLC24A4,,,0.0,,0.59,,0.9,,0.75,,0.85,,,,0.7,,0.8,,0.5,0.87,,,
SLC24A5,,,0.0,,0.73,0.8,0.5,0.4,0.7,,0.9,,,,0.9,,,,0.5,0.89,,,
SLC25A1,,,0.06,,0.31,,0.4,,0.7,,0.75,,,,0.6,,0.9,,0.78,0.6,,,
SLC25A10,0.6,,0.0,,0.7,,,0.6,0.7,,0.9,,,,0.8,0.75,,,0.5,0.92,,,
SLC25A11,,,0.44,,0.21,,0.6,0.7,0.8,,0.9,,,,0.75,0.73,0.85,,0.75,,,0.65,
SLC25A12,,,,,,,,,,,,1.0,,,,,,,,,,,
SLC25A13,,,0.0,,0.86,0.8,0.5,0.4,0.7,,0.6,,,,0.7,,,0.8,0.7,0.6,,,
SLC25A14,,,,0.99,0.0,,,,0.16,,,,0.51,,0.75,0.78,,,0.325,,,0.56,0.7
SLC25A15,,,,,,,,,,,,1.0,,0.5,,,,,,,,,
SLC25A16,,,0.0,,0.66,,,,0.8,,0.9,,,,0.8,,,,0.5,,,0.6,
SLC25A17,,,0.0,,0.58,,,,0.7,,0.8,,,,0.8,,,,0.5,0.66,,,0.6
SLC25A18,,,0.0,,0.79,,,,0.7,,0.9,,,,0.85,,,,0.5,0.89,,,
SLC25A19,0.9,,,0.58,0.18,,,,0.6,,,,,,0.7,0.75,0.8,,,0.85,,,
SLC25A2,,,0.0,,0.62,,,0.4,0.67,,0.91,,,,0.5,,,,0.75,1.0,,,
SLC25A20,0.8,,0.0,,0.74,,,,0.85,,0.9,,,,0.7,0.65,0.9,,0.5,,,,
SLC25A21,,,0.0,,0.99,,0.5,0.6,0.8,,0.9,,,,0.8,,,,0.75,0.89,,,
SLC25A22,,,,,,,,,,,,0.8,,,,,,,,,,,
SLC25A23,0.7,,0.9,,,,,,,,,,0.85,,,,,,,,,,
SLC25A24,,,0.0,,0.78,,0.8,,0.7,,0.9,,,,0.8,,,,0.5,,,,
SLC25A25,,,0.12,,0.27,,,0.6,0.8,,0.99,,,,,0.7,0.85,,0.93,0.6,,,
SLC25A26,,1.0,0.0,,0.72,,0.8,,0.6,,0.7,,,,0.8,,,,,0.7,,0.6,
SLC25A27,,,0.0,,0.42,,,,0.8,,0.9,,,,0.7,0.75,,,0.7,,,,0.6
SLC25A28,,,,0.9,0.8,,0.5,,0.6,,0.7,,,,0.8,,,,0.6,,,0.7,
SLC25A29,,,0.0,,0.58,,,,0.8,,0.9,,,,0.8,,0.7,,0.5,,,,0.6
SLC25A3,0.6,,0.1,,0.3,,,,0.6,,0.8,,,,0.7,,,,0.5,,,0.5,
SLC25A30,,,0.0,,0.72,,,,0.78,,0.87,,,,0.75,0.65,0.8,,0.5,,,,
SLC25A31,0.6,,0.0,,,,,,,,,,0.9,,,,,,,,1.0,,
SLC25A32,0.8,,0.0,,0.85,,,0.7,0.8,,,,0.9,,,,,,0.7,,,0.6,
SLC25A33,,,,,,,,,,,,0.8,,,,,,,,,,,
SLC25A34,,,0.0,,0.85,,,,0.6,,0.9,,,,0.8,,,,0.5,0.88,,,
SLC25A35,,,0.0,,0.86,,,0.5,0.7,,0.9,,,,0.8,,,,0.6,0.82,,,
SLC25A36,0.75,,0.03,,0.34,,,0.1,0.7,,0.9,,,,0.8,,,,0.62,,,,
SLC25A37,,1.0,,0.54,0.19,,0.73,,0.8,,0.87,,,,0.75,,,,0.67,0.99,,,
SLC25A38,0.8,,0.2,,,,,,,,,,,,,,,,,,,,
SLC25A39,,,0.0,,0.81,,,,0.6,,0.9,,,,0.8,,,,0.5,0.95,,,
SLC25A4,0.8,,0.49,,0.2,0.58,,,0.7,0.6,0.9,,,,,,,,0.75,0.95,,,
SLC25A40,,,,,,,,,,,,0.8,,,,,,,,,,,
SLC25A41,,,0.0,,0.99,,,0.85,0.8,,0.9,,,,0.8,,,,0.5,0.95,,,
SLC25A42,0.5,,0.32,,0.24,0.4164,,,0.7,,,,0.87,,0.8,,,,0.318,,0.64,,
SLC25A43,,,0.08,,0.35,,,0.5,0.67,,0.73,,,,0.8,0.65,,,0.85,,,,
SLC25A44,,,0.0,,,,0.8,0.5,0.6,,,,0.9,,0.7,0.7,0.8,,,,,0.7,
SLC25A45,,,0.0,,0.86,,0.5,,0.7,,0.8,,,,0.8,,,,0.7,0.8,,,
SLC25A46,,,,,,,,,,,,0.8,,,,,,,,,,,
SLC25A47,,,0.0,,0.5,,,,0.7,,0.9,,,,0.8,0.75,,,0.6,1.0,,,0.6
SLC25A48,,,0.0,,0.89,0.8,,0.4,0.6,,0.9,,,,0.7,,,,0.5,1.0,,,
SLC25A5,,,,0.91,0.0,,,,0.8,,,,0.65,,,0.82,,,0.75,,,0.57,
SLC25A51,,,,,,,,,,,,0.8,,,,,,,,,,,
SLC25A52,,,0.0,,0.99,,,,0.6,,,,,,0.8,,0.7,,0.5,1.0,,,
SLC25A53,,,0.06,,0.4,,,,0.7,,0.9,,,,0.75,,,,0.8,,,0.95,
SLC25A6,,,,,,,,,,,,0.8,,,,,,,,,,,
SLC26A1,0.5,,0.0,,0.92,,,,0.8,,,,0.9,,0.8,0.7,0.9,,0.85,0.71,,,
SLC26A11,,,0.0,,0.5,,,,0.9,,0.8,,,,0.9,,,,0.7,,,,
SLC26A2,0.8,,0.0,,,,,,,,,,0.76,,0.7,,0.9,,,,0.87,,
SLC26A3,,,,,,,,,,,,1.0,,0.6,,,,,,,,,
SLC26A4,,,0.0,,0.88,,0.5,,0.75,,0.9,,,,0.7,,0.85,,0.78,1.0,,,
SLC26A5,0.8,,0.0,,0.48,,,,0.6,,,,0.99,,,,0.85,,0.74,,0.91,,
SLC26A6,0.6,,0.0,,0.7,,,,0.9,,0.94,,,,,,,,0.5,,,,
SLC26A7,,,0.0,,0.56,,,,0.7,,0.9,,,,0.8,0.75,0.85,,0.8,,,,0.6
SLC26A8,0.5,,0.0,,0.61,,,,0.6,,0.9,,,,0.7,,,,0.7,,1.0,,
SLC26A9,,,0.9,,,,0.5,,0.7,,,,0.8,,0.7,,0.85,,,,0.95,,0.6
SLC27A1,,,0.0,,0.81,0.8,,,0.6,0.5,0.9,,,,0.8,0.7,,,0.7,,,0.6,
SLC27A2,,,0.0,,0.63,,0.1,,0.76,,0.8,,,,,0.65,,,0.62,0.97,,,
SLC27A3,,,0.0,,,,0.5,0.7,0.8,,,,0.9,,0.8,,0.7,,,0.8,,,0.5
SLC27A4,0.8,1.0,0.0,,0.44,,,0.6,0.8,,,,0.9,,0.9,,0.85,,,,,,
SLC27A5,,,0.0,,0.79,,,,0.8,,0.9,,,,0.8,0.75,,,0.5,1.0,,,
SLC27A6,,,0.0,,0.94,,,0.5,0.7,,0.9,,,,0.8,0.7,,,0.6,0.91,,,
SLC28A1,,,0.0,,,,0.5,,0.6,,0.8,,,,0.7,0.6,,,,0.9,,,
SLC28A2,,,0.0,,0.5,,,,0.6,0.5,0.9,,,,0.7,,,,0.7,1.0,,,
SLC28A3,,,0.0,,0.92,,0.6,,0.8,0.5,0.7,,,,0.8,,,,0.69,0.95,,,
SLC29A1,,,,0.9,0.14,,0.5,0.4,0.7,0.8,0.9,,,,,,,,0.91,,,,
SLC29A2,,,0.0,,0.97,,,,0.75,,0.9,,,,0.7,,0.9,0.85,0.6,0.89,,,
SLC29A3,,,0.0,,0.78,,0.5,,0.85,,0.9,,,,,,0.9,0.7,0.5,0.78,,,
SLC29A4,,,0.0,,0.57,,,,0.75,0.9,0.85,,,,,0.76,,,0.5,0.85,,,
SLC2A1,,,,,,,,,,,,0.8,,0.7,,,,,,,,,
SLC2A10,0.8,,0.0,,,,,,,,,,0.9,,0.7,0.75,,,,,0.84,,
SLC2A11,,,0.0,,0.9,,,,0.7,,0.8,,,,0.7,,,0.9,0.5,,,,0.6
SLC2A12,,,0.0,,0.52,,,0.85,0.8,,0.9,,,,,,,,0.6,0.75,,,
SLC2A13,,,,0.97,0.14,,0.6,0.5,0.7,,0.8,,,,0.9,,,0.9,0.75,0.7,,,
SLC2A14,,,0.7,,0.5,,,0.7,0.8,,,,0.9,,0.8,,0.8,,0.6,,,,
SLC2A2,0.8,1.0,0.0,,0.61,,0.8,0.6,0.8,,0.9,,,,0.7,,0.9,0.9,,1.0,,,
SLC2A3,0.8,0.9,0.2,,,,,,,,,,0.8,,0.75,,,,0.5,,0.95,,
SLC2A4,,,0.0,,0.49,,0.9,0.6,0.7,,0.8,,,,0.8,,,0.8,0.5,0.95,,,
SLC2A4RG,,,,0.6,0.18,,0.4,,0.6,,0.7,,,,,0.65,,0.8,0.5,0.68,,,
SLC2A5,,,0.0,,0.79,,,0.6,0.7,,0.9,,,,0.8,0.65,,,0.5,,,,
SLC2A6,,,0.0,,0.53,,,0.6,0.9,,0.79,,,,0.8,,,0.8,0.5,0.82,,,
SLC2A7,,,0.0,,0.5,,,,0.6,,0.7,,,,,0.7,0.8,0.9,0.6,0.99,,,
SLC2A8,0.7,1.0,0.0,,,,,,,,,,0.9,,,,0.85,,0.5,,0.71,,
SLC2A9,,1.0,0.0,,0.76,,0.85,0.8,0.8,,0.9,,,,0.9,,,,0.5,0.79,,,
SLC30A1,,1.0,,1.0,1.0,,,,0.6,,0.7,,,,,,,,0.5,,,,
SLC30A10,,,,,,,,,,,,0.85,,,,,,,,,,,
SLC30A2,0.5,,0.06,,0.31,,,,0.93,,,,0.87,,0.8,,,,0.81,,0.99,,
SLC30A3,,,,,,,,,,,,,,,,,,,,,,,
SLC30A4,,1.0,0.13,,0.27,,,0.7,0.9,,0.84,,,,0.8,,,,0.85,,,,
SLC30A5,,,0.23,,0.24,,,,0.8,,0.87,,,,0.75,,,,0.76,,,,
SLC30A6,0.7,,0.0,,0.56,,,0.6,0.7,,0.9,,,,0.8,,0.8,,0.5,0.65,,,
SLC30A7,,,0.0,,0.64,,0.5,,0.7,,0.9,,,,0.7,,,,0.5,0.68,,,
SLC30A8,,,0.0,,0.95,,0.9,,0.6,,0.7,,,,0.7,,,,0.5,1.0,,,
SLC30A9,,,0.0,,0.41,,0.5,,0.7,,0.9,,,,0.7,,,,0.5,,,0.6,
SLC31A1,,1.0,0.07,,0.38,,,,0.9,,,,0.85,,,0.8,,,0.95,,,,
SLC31A2,,,0.0,,0.5,0.6,,,0.7,,0.8,,,,0.8,0.6,,,0.7,0.9,,,
SLC32A1,,,,0.97,0.07,,,0.4,0.6,0.1,0.9,,,,0.7,,,,0.8,,,,
SLC33A1,0.8,,0.0,,0.48,,,0.2,0.75,,,,0.9,,,,0.85,,0.5,,,0.6,
SLC34A1,,1.0,0.0,,0.7,,0.9,,0.5,,0.6,,,,0.7,,,,,1.0,,,
SLC34A2,1.0,1.0,0.0,,0.74,,,0.6,0.5,,,,0.75,,0.8,,,,,1.0,,,
SLC34A3,0.8,,0.0,,0.96,,,,0.7,,,,0.9,,,,0.9,,0.5,1.0,,,
SLC35A1,0.8,1.0,,0.71,0.18,,,0.5,0.7,,,,0.8,,0.7,0.65,,0.6,,,,0.5,
SLC35A2,0.8,,,0.66,0.13,,,0.1,0.5,,,,0.64,,0.7,,0.9,,0.396,,,0.52,0.7
SLC35A3,0.7,,0.9,,,,,,,,,,0.8,,0.8,0.7,0.5,,,,0.7,,
SLC35A4,,,0.0,,0.8,,,,0.7,,0.9,,,,0.8,,,,0.1,,,0.55,
SLC35A5,,,0.0,,0.7,,,0.6,0.8,,0.9,,,,0.8,0.7,,,0.5,,,0.54,0.6
SLC35B1,,,0.0,,0.63,,,,0.6,,0.9,,,,0.7,,0.8,,0.5,,,0.7,0.6
SLC35B2,,,0.96,,0.67,,,,0.8,,,,0.77,,,,0.85,,0.86,,,,
SLC35B3,,,0.0,,,,0.8,,,,,,0.7,,0.8,,0.9,,,,0.6,,0.5
SLC35B4,,,0.0,,0.6,,0.1,,0.8,,0.9,,,,0.8,,,,0.5,0.62,,,
SLC35C1,0.8,1.0,0.1,,0.33,,,0.2,0.8,,,,0.9,,0.5,,,,,,0.73,,
SLC35D1,,1.0,0.0,,0.45,,0.4,,0.8,,0.9,,,,0.7,0.65,,,,0.66,,,
SLC35D2,0.7,,0.0,,0.5,,0.8,,0.75,,0.9,,,,,,,,0.6,0.69,,,
SLC35D3,,,0.03,,0.41,,0.1,0.4,0.67,,0.88,,,,0.8,,,,0.83,0.99,,,
SLC35E1,,,0.1,,0.3,0.17,,,0.5,,0.56,,,,,,,,0.82,,,0.5,
SLC35E2B,,,0.0,,0.55,,,,0.5,,0.86,,,,0.7,,,,0.5,,,,
SLC35E3,,,0.0,,0.81,,,,0.6,,0.8,,,,0.9,,,0.7,0.5,,,0.5,
SLC35E4,,,0.9,,0.5,,,,0.6,,0.7,,,,,,,,0.5,0.95,,,
SLC35F1,,,,0.96,0.13,,0.75,0.2,0.5,,0.65,,,,0.6,,,,0.85,0.88,,,
SLC35F2,,,0.0,,0.53,,,0.6,0.86,,0.86,,,,0.8,,,,0.5,0.87,,,
SLC35F3,,,0.28,,0.24,0.17,0.1,,0.8,,0.72,,,,0.9,0.6,,,0.42,,,,
SLC35F4,,,,,,,,,,,,0.7,,,,,,,,,,,
SLC35F5,,,0.0,,0.56,,,,0.8,,0.9,,,,0.8,,,0.75,0.7,,,,
SLC35F6,,,0.0,,0.62,,,,0.8,,0.9,,,,0.8,,,,0.5,,,0.57,
SLC35G1,,,0.41,,0.21,0.25,0.1,,0.6,,,,,,0.9,,,,0.73,0.69,,,
SLC35G2,,,0.04,,0.37,,,0.6,0.75,,,,0.92,,0.8,,,,0.82,,0.7,,
SLC35G3,,,0.0,,0.0,,,,0.6,,0.8,,,,0.8,0.6,,,0.5,1.0,,,
SLC35G4,,,0.0,,0.0,,,,,,,,,,0.9,0.5,,0.8,0.5,,1.0,,
SLC35G5,,,0.0,,0.0,,,,0.5,,0.61,,,,0.8,0.65,,,0.5,0.96,,,
SLC35G6,,,0.0,,0.7,,,,0.8,,,,,,0.8,,,,0.5,,,,
SLC36A1,,,0.0,,0.55,,0.8,,0.7,0.6,0.9,,,,0.7,,,,0.5,0.95,,,
SLC36A2,0.8,,0.0,,,,,,,,,,0.9,,,,,,,,,,
SLC36A3,,,0.0,,0.42,,,0.2,0.6,,0.9,,,,0.7,,,,0.5,,,,
SLC36A4,,,0.0,,0.5,0.7,,,0.6,,0.8,,,,0.7,,,,0.6,,,0.5,
SLC37A1,,,0.0,,0.32,,,,0.7,,0.8,,,,0.6,,,,0.6,,,,
SLC37A2,,,0.0,,0.82,,,,0.7,,0.8,,,,0.7,,,0.6,0.5,0.94,,,
SLC37A3,,,0.0,,0.74,0.8,,0.75,0.7,,0.9,,,,0.9,,,0.85,0.6,,,,
SLC37A4,0.8,,0.2,,,,,,,,,,,,,,,,,,,,
SLC38A1,,,,,,,,,,,,0.75,,,,,,,,,,,
SLC38A10,,,0.0,,0.6,0.92,0.5,,0.6,,0.75,,,,0.8,,,,0.8,,,0.6,
SLC38A11,,,0.0,,0.5,,,,0.6,,0.8,,,,0.9,,,,0.6,0.9,,,
SLC38A2,,,,,,,,,,,,1.0,,,,,,,,,,,
SLC38A3,0.8,,1.0,,1.0,,,,0.7,,0.9,,,,0.7,,0.9,,0.8,,,,
SLC38A4,,,,,,,,,,,,0.5,,,,,,,,,,,
SLC38A5,,,,0.97,0.06,,,,0.87,,0.77,,,,0.8,0.82,0.85,,0.94,0.91,,,
SLC38A6,,,0.0,,0.5,0.7,,0.2,0.7,,0.8,,,,0.8,,,,0.6,,,,
SLC38A7,,,0.0,,0.46,,,0.5,0.67,,0.8,,,,0.8,,,,0.5,0.85,,,
SLC38A8,0.7,,0.0,,0.5,,,,0.7,,0.9,,,,0.8,,,,0.6,0.9,,,
SLC38A9,,,,,,,,,,,,,,,,,,,,,,,
SLC39A1,0.8,,0.13,,0.31,,,0.4,0.67,,0.61,,,,0.9,0.75,,,0.81,0.69,,,
SLC39A10,,,,,,,,,,,,1.0,,,,,,,,,,,
SLC39A11,,,0.0,,,,0.8,0.6,0.7,,,,0.9,,0.7,,0.8,,,,0.5,,
SLC39A12,,,0.0,,0.5,,0.1,0.9,0.6,,0.8,,,,0.7,,,,0.7,0.91,,,
SLC39A13,,,0.0,,0.41,,0.6,,0.6,,0.7,,,,0.8,,,,0.5,0.69,,,
SLC39A14,,,0.18,,0.26,0.25,0.5,,0.85,,0.9,,,,,0.7,,,0.49,0.87,,,
SLC39A2,,,0.0,,0.65,,,,0.7,,0.8,,,,0.8,,0.9,,0.5,,,,
SLC39A3,,,,,,,,,,,,0.9,,,,,,,,,,,
SLC39A4,,,,,,,,,,,,0.8,,,,,,,,,,,
SLC39A5,0.8,,0.0,,0.79,,,0.85,0.7,,,,0.9,,,,,,0.5,0.96,,,
SLC39A6,,,0.0,,,,0.5,,,,,,0.9,,0.7,,,,,,0.7,,
SLC39A7,,,,,,,,,,,,0.85,,0.75,,,,,,,,,
SLC39A8,,,,0.67,0.18,,0.55,0.65,0.75,,0.8,,,,,,,,0.92,0.94,,,
SLC39A9,,,,0.67,0.16,,0.1,0.85,0.8,,0.98,,,,,0.78,,,0.307,,,0.5,
SLC3A1,0.8,,0.0,,0.5,0.7,,,0.7,,0.9,,,,0.8,,,,0.6,0.95,,,
SLC3A2,,1.0,0.0,,0.61,,,0.6,0.7,0.5,0.9,,,,,,,,0.8,,,0.5,
SLC40A1,,,,,,,,,,,,0.7,,0.5,,,,,,,,,
SLC41A1,0.7,,,0.68,0.19,,0.6,,0.8,,0.9,,,,0.85,0.75,,,0.513,0.62,,,
SLC41A2,,,,,,,,,,,,0.5,,0.5,,,,,,,,,
SLC41A3,,,0.0,,,,0.5,0.6,0.6,,,,0.9,,0.7,0.6,0.8,,,,,,
SLC43A1,,,0.0,,0.47,,0.1,,0.8,,0.9,,,,0.6,,,,0.5,0.81,,,
SLC43A2,,,0.9,,0.7,,,,0.75,,0.85,,,,0.7,0.8,0.85,0.8,0.6,,,,
SLC43A3,,,0.0,,0.54,0.7,0.6,,0.9,,0.8,,,,0.8,,,0.8,0.5,0.79,,,
SLC44A1,0.8,,,1.0,0.89,0.8,,,0.6,,0.7,,,,,,0.9,,0.6,0.8,,,
SLC44A2,,,0.0,,0.36,,0.8,,0.75,,0.85,,,,0.7,,,,0.7,0.65,,,
SLC44A3,,,0.0,,0.5,,,,0.7,,0.8,,,,0.85,0.75,,,0.7,0.9,,,
SLC44A4,,,0.0,,0.66,,0.75,,0.7,,0.8,,,,0.6,,,,0.7,0.97,,,
SLC44A5,,,0.0,,0.35,,0.4,0.7,0.8,,0.6,,,,0.8,,,,0.5,0.92,,,
SLC45A1,,,0.0,,0.39,,0.6,,0.8,,0.9,,,,0.7,,,,0.8,0.73,,,
SLC45A2,,,0.0,,0.61,,0.9,0.6,0.7,,0.6,,,,0.8,,,,0.5,0.94,,,
SLC45A3,,,0.9,,0.6,0.7,0.8,,0.6,,0.7,,,,0.8,,,0.8,0.5,,,,
SLC45A4,,,0.0,,,,0.8,,,,,,0.9,,0.7,0.7,,,,,0.79,,
SLC46A1,0.9,,0.2,,,,,,,,,,0.6,,,,0.9,,,,,,0.5
SLC46A2,,,0.0,,0.5,,,,0.6,,0.9,,,,0.8,0.75,,,0.7,,,,
SLC46A3,,,,,,,,,,,,,,,,,,,,,,,
SLC47A1,,,0.0,,0.83,,0.8,0.2,0.5,0.6,0.7,,,,0.7,,,,0.5,0.97,,,
SLC47A2,,,,,,,,,,,,0.8,,0.9,,,,,,,,,
SLC48A1,,,,0.71,0.0,,,0.2,0.6,,0.9,,,,0.7,,,0.8,0.5,,,,
SLC49A3,,,0.0,,0.0,,,,0.6,,0.9,,,,0.9,,,0.7,0.5,0.75,,,
SLC4A1,0.75,1.0,,0.8,0.2,,0.7,,0.85,,0.9,,,,,0.78,,,,1.0,,,
SLC4A10,,,,,,,,,,,,0.8,,,,,,,,,,,
SLC4A11,,,,,,,,,,,,0.8,,0.6,,,,,,,,,
SLC4A1AP,,,0.0,,0.57,,,,0.7,,0.9,,,,0.85,,,,0.6,,,0.7,
SLC4A2,,,,,,,,,,,,,,,,,,,,,,,
SLC4A3,,,0.0,,0.37,0.8,,,0.7,,0.9,,,,0.8,0.75,0.85,,0.6,,,,
SLC4A4,,1.0,,1.0,0.15,,0.8,,0.6,,0.7,,,,0.8,,,,,0.86,,,
SLC4A5,0.7,,0.0,,0.56,,,,0.85,,0.9,,,,0.8,,,,0.8,0.94,,,
SLC4A7,,,0.48,,0.22,0.89,0.92,,0.78,,0.87,,,,,0.8,,,0.75,0.78,,,
SLC4A8,,,,1.0,0.87,,,0.7,0.8,,0.9,,,,0.8,0.75,,,0.75,0.88,,,
SLC4A9,,,0.0,,0.82,,,,0.6,,0.9,,,,0.7,,,,0.5,,1.0,,
SLC50A1,,,0.0,,0.54,,,,0.65,,0.8,,,,0.9,0.7,,,0.5,,,,
SLC51A,0.8,,0.07,,0.3,0.0,0.5,0.5,0.6,,0.8,,,,0.7,,,,,0.97,,,
SLC51B,,,0.26,,0.29,,,,0.78,,0.84,,,,0.9,,,,0.5,,,,
SLC52A1,0.6,,0.0,,,,,,,,,,0.9,,0.75,0.7,0.85,,,,0.99,,
SLC52A2,,,,,,,,,,,,0.7,,0.5,,,,,,,,,
SLC52A3,,,0.8,,,,0.5,,0.8,,,,0.9,,0.7,0.75,,,,,1.0,,
SLC5A1,,,0.0,,,,0.8,,0.75,,0.85,,,,0.8,,0.9,,,1.0,,,
SLC5A10,,,0.0,,0.73,0.8,0.5,,0.7,,0.9,,,,0.7,0.65,0.8,,0.5,1.0,,,
SLC5A11,,,0.0,,0.77,,0.6,0.2,0.7,0.5,0.8,,,,0.8,,,,0.75,0.97,,,
SLC5A12,,,0.0,,0.43,,,0.2,0.9,,0.8,,,,0.8,0.6,,,0.5,1.0,,,
SLC5A2,0.8,,0.0,,,,,0.5,0.7,0.9,,,0.9,,0.8,0.75,0.9,,,1.0,,,
SLC5A3,,1.0,,0.9,,,0.5,,0.7,,,,0.8,,0.8,,0.9,,,,,0.8,
SLC5A4,,,0.0,,0.83,,,,0.6,,0.7,,,,0.7,0.5,,,0.5,0.89,,,
SLC5A5,0.6,,0.0,,0.33,,,0.5,0.7,,0.9,,,,,,,,0.7,,,,
SLC5A6,,,0.9,,,,0.7,,0.75,,0.8,,,,0.9,0.8,0.85,,,,,0.8,
SLC5A7,,,,,,,,,,,,0.8,,0.6,,,,,,,,,
SLC5A8,,,0.0,,0.88,,,0.7,0.75,0.6,0.9,,,,0.8,,,,0.61,,,,
SLC5A9,,,0.0,,0.5,,,,0.6,,0.8,,,,0.75,,,,0.7,,,,
SLC6A1,,,,1.0,0.03,,,0.5,0.7,0.7,0.6,,,,0.8,,,,,0.86,,,
SLC6A11,0.9,1.0,0.0,,0.38,,,,0.7,,0.8,,,,0.8,,,,0.5,0.95,,,
SLC6A12,,,0.0,,,,0.5,,0.85,0.75,0.9,,,,0.7,0.65,,,,0.83,,,
SLC6A13,,,0.0,,0.7,,0.9,,0.8,,0.7,,,,0.8,,,,0.6,1.0,,,
SLC6A14,,,,,,,,,,,,0.5,,0.5,,,,,,,,,
SLC6A15,,,0.0,,,,0.8,0.6,0.7,0.5,0.9,,,,0.8,,0.8,,,0.9,,,
SLC6A16,,,0.0,,0.77,,,,0.6,,0.9,,,,0.8,,,,0.5,1.0,,,
SLC6A17,,,,,,,,,,,,0.9,,0.7,,,,,,,,,
SLC6A18,,,0.0,,0.5,,,,0.6,,0.8,,,,0.7,,,,0.7,1.0,,,
SLC6A19,,,0.0,,0.5,,0.5,,0.6,0.6,0.7,,,,0.8,,,,0.6,1.0,,,
SLC6A2,0.8,,0.3,,,,,,,,,,0.85,,0.8,0.7,0.9,,,,0.95,,
SLC6A20,,,0.0,,0.92,0.8,0.6,0.7,0.8,,0.9,,,,0.9,,,,0.5,1.0,,,
SLC6A3,0.7,,,1.0,0.09,,,,0.85,0.9,0.8,,,,0.8,,0.9,,0.8,,,,
SLC6A4,,1.0,0.26,,0.24,,,,0.75,0.78,0.85,,,,,,,,,1.0,,,
SLC6A5,1.0,1.0,0.0,,0.7,,,0.6,0.7,0.8,0.9,,,,,,0.8,,,,,,
SLC6A6,,,,,,,,,,,,0.85,,0.75,,,,,,,,,
SLC6A7,,,,,,,,,,,,0.8,,0.6,,,,,,,,,
SLC6A8,0.8,,,1.0,0.8,0.9,,,0.7,,0.6,,,,0.7,,,,0.7,,,0.6,
SLC6A9,,1.0,0.0,,0.42,,0.5,,0.7,0.9,0.8,,,,0.8,,,,,0.91,,,
SLC7A1,,1.0,,1.0,0.2,,,0.7,0.6,,0.8,,,,0.8,,,,0.7,0.9,,,
SLC7A10,,,,,,,,,,,,0.7,,0.6,,,,,,,,,
SLC7A11,,,0.0,,0.46,,,0.1,0.8,,0.9,,,,,,,,0.5,0.86,,,
SLC7A13,,,0.0,,0.5,0.9,,,0.6,,0.8,,,,0.7,,,,0.7,1.0,,,
SLC7A14,0.7,,0.8,,,,,0.75,,,,,0.9,,0.7,0.75,0.6,,,,0.85,,
SLC7A2,,,0.0,,0.7,,,,0.65,,0.85,,,,0.75,,,,0.5,0.87,,,
SLC7A3,,,,,,,,,,,,0.9,,,,,,,,,,,
SLC7A4,,,0.0,,0.78,,,,0.7,,0.9,,,,0.75,,,,0.5,0.92,,,
SLC7A5,,,0.22,,0.25,,0.75,,0.8,0.5,0.9,,,,,0.7,,,0.51,0.82,,,
SLC7A5P1,,,0.0,,0.0,,,,0.7,,,,,,,0.3,,,0.5,,,0.2,
SLC7A5P2,,,1.0,,1.0,1.0,,,0.7,,,,,,,0.8,,0.9,0.8,,,0.5,
SLC7A6,,,0.01,,0.35,,0.8,,0.85,,0.9,,,,0.8,0.78,0.9,,0.75,0.68,,,
SLC7A6OS,0.8,,0.19,,0.26,,,,0.75,,,,0.89,,0.6,,,,0.77,,,0.5,
SLC7A7,0.8,1.0,0.0,,,,,,,,,,0.9,,0.7,0.75,0.9,,,,0.94,,
SLC7A8,,,0.0,,0.66,,,0.1,0.75,,0.9,,,,0.7,0.65,,,0.5,0.79,,,
SLC7A9,,,0.0,,0.75,,0.9,0.5,0.8,,0.7,,,,0.9,0.75,,,0.6,1.0,,,
SLC8A1,,,,,,,,,,,,0.8,,0.6,,,,,,,,,
SLC8A2,,,,1.0,0.9,,,,0.8,,0.6,,,,0.8,0.85,,,0.7,0.97,,,
SLC8A3,,,0.0,,0.36,,,0.6,0.7,0.5,0.8,,,,0.6,0.7,,,0.9,0.87,,,
SLC8B1,,,0.0,,0.87,,,,0.7,,0.9,,,,0.8,,,,0.8,0.85,,,
SLC9A1,,,,,,,,,,,,0.8,,0.75,,,,,,,,,
SLC9A2,,,0.0,,0.33,,0.5,,0.6,,0.8,,,,0.8,,,,0.5,0.99,,,
SLC9A3,,,,0.98,0.16,,0.8,,0.7,0.6,0.9,,,,0.75,,,,0.5,0.99,,,
SLC9A4,,,0.0,,,,0.8,,,,,,0.8,,0.7,0.75,0.9,,,,0.96,,
SLC9A5,,,0.0,,0.46,,,0.4,0.7,0.5,0.9,,,,0.6,0.65,0.8,,0.6,0.97,,,
SLC9A6,0.8,,,1.0,0.04,,,0.75,0.7,,0.9,,,,0.8,,0.9,,0.85,0.82,,,
SLC9A7,0.9,,,0.95,0.8,,,,0.8,,,,0.9,,0.8,,,,0.7,,0.97,,
SLC9A8,,,,,,,,,,,,0.8,,,,,,,,,,,
SLC9A9,,,0.0,,,,0.8,,0.85,,0.9,,,,0.8,0.7,0.75,,,0.65,,,
SLC9B1,,,0.0,,,,0.8,,,,,,0.9,,0.6,0.7,0.8,,,,1.0,,
SLC9B1P1,,,0.0,,0.0,,,,,,,,,,,,,,0.5,,,0.0,
SLC9B2,,,,,,,,,,,,0.9,,0.7,,,,,,,,,
SLC9C1,,,0.0,,,,0.8,,,,,,0.9,,0.8,0.8,,,,,1.0,,
SLC9C2,,,0.0,,0.3,,,,0.6,,0.7,,,,0.8,,,,0.8,1.0,,,
SLCO1A2,,,0.0,,0.96,0.8,0.6,,0.75,0.9,0.85,,,,,,,,0.7,,,,0.6
SLCO1B1,,,0.0,,0.5,,0.8,0.7,0.85,0.9,0.8,,,,,,,,0.7,1.0,,,
SLCO1B3,,,0.0,,0.7,,0.6,,0.85,0.9,0.7,,,,,,,,0.5,1.0,,,
SLCO1B7,,,0.0,,0.7,,0.5,,0.7,,0.6,,,,,0.75,,0.8,0.8,1.0,,,
SLCO1C1,,,0.0,,0.7,,0.9,,0.5,0.6,0.7,,,,0.6,,,0.8,0.8,0.93,,,
SLCO2A1,0.5,1.0,0.0,,0.78,,,,0.8,,,,0.9,,,,0.85,,0.6,,0.94,,
SLCO2B1,,,0.0,,0.44,,,,0.84,,,,0.71,,,0.7,0.9,,0.5,0.84,,,
SLCO3A1,,,0.38,,0.23,,,,0.84,,0.92,,,,,0.75,0.75,,0.71,,,,
SLCO4A1,,,0.0,,0.68,,0.9,,0.7,,0.8,,,,0.7,0.75,,,0.5,0.82,,,
SLCO4C1,,,,,,,,,,,,0.8,,0.7,,,,,,,,,
SLCO5A1,,,0.0,,0.47,,,,0.8,,0.9,,,,0.6,,,,0.5,0.96,,,
SLCO6A1,,,0.0,,,,0.8,0.6,,,,,0.9,,0.8,,0.8,,,,1.0,,
SLF1,,,0.0,,0.0,,,,0.8,,0.9,,,,0.7,0.75,,,0.7,0.85,,,
SLF2,,,0.0,,0.0,,,,0.6,,0.7,,,,0.8,,,,0.5,,,,
SLFN11,,,0.0,,0.5,0.7,,,0.9,,0.8,,,,,0.75,,,0.6,,,,
SLFN12,,,0.0,,0.8,0.94,,,0.6,,0.9,,,,0.7,,,,0.5,,,,
SLFN12L,,,0.0,,,,0.8,,,,,,0.7,,,,,,0.5,,0.9,,
SLFN13,,,0.0,,0.5,,,,0.6,,0.7,,,,0.8,,,,0.8,,,,
SLFN14,0.8,,0.0,,,,,,,,,,0.9,,0.6,,,,,,0.95,,
SLFN5,,,0.0,,0.92,,,,0.7,,0.8,,,,0.75,,,,0.5,,,,
SLFNL1,,,0.0,,0.63,,,,0.6,,0.8,,,,,,,,0.7,,,,
SLIRP,,,0.0,,0.5,,,0.6,0.7,,0.9,,,,0.8,,,,0.4,,,,
SLIT1,,,,1.0,0.87,,,0.6,0.8,,0.9,,,,0.8,,,,0.7,0.91,,,
SLIT2,,1.0,,1.0,0.94,,0.4,0.5,0.6,,0.7,,,,,,,,0.5,0.84,,,
SLIT3,,,,0.79,0.21,,0.6,0.4,0.5,,0.7,,,,0.6,,,,0.85,,,,
SLITRK1,0.8,1.0,,0.97,0.1,,,,0.8,,0.9,,,,0.75,,,0.85,0.7,0.93,,,
SLITRK2,,,,,,,,,,,,0.8,,,,,,,,,,,
SLITRK3,,,,,,,,,,,,0.9,,,,,,,,,,,
SLITRK4,,,,,,,,,,,,0.9,,0.6,,,,,,,,,
SLITRK5,,,,,,,,,,,,0.8,,0.7,,,,,,,,,
SLITRK6,0.7,,0.0,,0.83,,,,0.7,,0.9,,,,0.8,,,,0.6,,,,
SLK,,,,,,,,,,,,0.8,,0.7,,,,,,,,,
SLMAP,,,,1.0,0.87,,,,0.8,,0.9,,,,0.75,,0.85,,0.7,0.89,,,
SLN,,,0.29,,0.0,0.59,,,0.65,,0.8,,,,0.7,,,,0.1,1.0,,,
SLPI,,,0.0,,0.81,,,0.2,0.7,,0.9,,,,0.6,,,,0.5,,,,
SLTM,,,,1.0,0.17,,,,0.75,,0.85,,,,0.8,,,,0.8,,,,
SLU7,,,,,,,,,,,,,,0.6,,,,,,,,,
SLURP1,0.8,,0.28,,0.27,,,,0.8,,,,0.92,,0.8,,,,0.1,,0.99,,
SLURP2,,,1.0,,1.0,,,,0.5,,,,,,0.7,,,,0.5,,,0.0,0.6
SLX1B,,,,,,,,,,,,,,,,,,,,,,,
SLX4,,,,,,,,,,,,,,,,,,,,,,,
SLX4IP,,,0.0,,1.0,,0.8,,0.5,,0.6,,,,0.9,,,,0.5,,,,
SMAD1,,1.0,,0.99,0.06,,,0.6,0.8,,0.95,,,,0.8,,,,0.75,0.64,,,
SMAD2,,1.0,,1.0,0.1,,,0.7,0.8,,0.9,,,,0.8,0.75,,,0.5,,,0.6,
SMAD3,,,,,,,,,,,,0.85,,0.75,,,,,,,,,
SMAD4,,,,,,,,,,,,,,,,,,,,,,,
SMAD5,,1.0,,1.0,0.0,,,0.6,0.7,,0.9,,,,0.9,,,,0.8,0.69,,,
SMAD5-AS1,,,0.0,,0.0,,,,0.6,,,,,,,0.5,,,0.1,,,0.8,
SMAD6,,1.0,0.0,,0.5,,0.6,,0.7,,0.8,,,,0.7,,,,,0.85,,,
SMAD7,,1.0,,0.6,0.2,,0.8,0.5,0.6,,0.7,,,,0.7,,,,,0.95,,,
SMAD9,,,0.0,,,,0.8,0.75,0.85,,0.9,,,,0.6,0.75,,,,0.8,,,
SMAGP,,,0.26,,0.29,,,,0.9,,0.82,,,,0.9,,,,0.97,,,,
SMAP1,,,,0.95,,,0.7,0.6,0.8,,,,0.9,,0.8,,,,,,,0.75,
SMAP2,,,0.8,,0.5,,,,0.8,,,,0.9,,0.6,,0.7,,0.6,,0.9,,
SMARCA1,,,,1.0,0.9,,,,0.7,,0.6,,,,,,,,0.7,,,,
SMARCA2,,,,,,,,,,,,,,,,,,,,,,,
SMARCA4,,1.0,,1.0,0.01,,0.8,0.4,0.6,0.5,0.7,,,,,,,,0.5,,,,
SMARCA5,0.7,1.0,,1.0,0.98,,,0.6,0.75,,0.9,,,,,,,,0.7,,,0.8,
SMARCAD1,,1.0,,1.0,0.02,,0.8,,0.5,,0.6,,,,0.8,,,,0.4,,,,
SMARCAL1,0.8,,0.0,,,,,,,,,,0.9,,0.75,0.7,,,,,0.7,,
SMARCB1,,,,,,,,,,,,,,,,,,,,,,,
SMARCC1,,1.0,,1.0,0.95,,,,0.8,,,,0.9,,0.8,0.85,,,0.7,,,,
SMARCC2,,,,,,,,,,,,,,,,,,,,,,,
SMARCD1,0.8,,,1.0,0.93,,,0.75,0.7,,0.9,,,,0.8,0.82,,,0.5,,,0.6,
SMARCD2,0.8,,0.0,,0.37,,,,0.7,,0.9,,,,0.7,,,,0.5,0.65,,,
SMARCD3,,,0.41,,0.22,,0.1,,0.9,,0.85,,,,0.7,,,,0.48,0.63,,,
SMARCE1,0.9,,,1.0,0.04,,,0.7,0.6,,0.7,,,,0.7,0.75,,,0.5,0.6,,,
SMC1A,0.9,,,1.0,0.0,,,,0.6,,0.7,,,,0.8,,,0.8,0.8,0.7,,,
SMC1B,,,0.09,,0.24,,,,0.73,,,,0.87,,0.8,0.75,,,0.85,,,,
SMC2,,,,1.0,0.13,,,,0.8,,0.9,,,,0.8,,,,0.7,,,,
SMC3,0.8,,,1.0,0.0,,,,0.8,,,,0.9,,0.8,,,,0.7,,0.7,,
SMC4,,,0.0,,0.33,,,,0.7,,0.9,,,,0.7,,,,0.6,,,,
SMC5,,,0.0,,0.33,,,,0.8,,0.9,,,,,0.75,,,0.8,,,,
SMC6,,,0.0,,0.33,,,,0.7,,0.9,,,,0.7,0.7,,,0.5,0.69,,,
SMCHD1,0.8,1.0,,1.0,0.09,,,,0.7,,,,0.9,,0.7,,,,,,,,
SMCO1,,,0.0,,0.92,,,0.4,0.6,,0.8,,,,0.7,,,,0.5,,,,
SMCO2,,,0.0,,0.0,,,,0.6,,0.8,,,,0.7,0.5,,,0.5,,,,
SMCO3,,,0.02,,0.67,,,0.2,0.6,,0.8,,,,0.7,,,,0.5,,,,
SMCO4,,,0.0,,0.0,,,,0.7,,0.8,,,,0.8,0.5,,,0.1,,,,
SMCP,,,1.0,,1.0,,,,0.7,,0.9,,,,0.8,,,,0.5,,,,
SMCR5,0.4,,0.0,,0.0,,,,0.6,,,,,,,0.4,,,0.5,,,0.8,
SMCR8,,,0.0,,0.38,0.8,,,0.7,,0.9,,,,0.6,0.7,,,0.5,0.73,,,
SMDT1,,,,,,,,,,,,0.8,,0.6,,,,,,,,,
SMG1,,,,1.0,0.02,,,,0.6,0.5,0.7,,,,,,,,0.8,0.65,,,
SMG5,,,0.9,,,,0.8,,,,,,0.85,,0.6,,,,,,,,
SMG6,,,,,,,,,,,,0.8,,0.7,,,,,,,,,
SMG7,,,,1.0,0.88,,0.6,,0.8,,0.66,,,,0.9,,,0.9,0.75,,,0.54,0.7
SMG8,,,0.9,,0.3,,,0.5,0.7,,0.8,,,,0.6,,,,0.6,0.6,,,
SMG9,,,0.0,,0.74,,0.8,0.4,0.5,,0.6,,,,0.7,,,,0.7,,,0.6,
SMIM1,0.7,,0.0,,0.0,,,,,,,,0.8,,0.8,,,,0.1,,,,
SMIM10,,,0.0,,0.0,,,,0.5,,,,,,0.9,,,,0.1,,,0.8,
SMIM10L2B,,,0.0,,0.0,,,,0.6,,,,,,,,,,0.1,,,,
SMIM12,,,,,,,,,,,,0.8,,0.5,,,,,,,,,
SMIM13,,,0.0,,0.0,,,,0.5,,,,,,0.7,,,,0.1,,,,
SMIM14,,,,0.79,0.0,,,,0.7,,0.9,,,,0.85,,,,0.1,,,0.6,
SMIM15,,,0.16,,0.45,,,,0.8,,,,,,0.9,,,,0.1,,,0.49,
SMIM17,,,0.0,,0.0,,,,0.4,,0.6,,,,0.8,0.5,,,0.5,,,,
SMIM18,,,0.0,,0.0,,,,0.5,,0.6,,,,0.7,0.5,,,0.1,,,,
SMIM19,,,,,,,,,,,,1.0,,,,,,,,,,,
SMIM2,,,0.0,,0.0,,,,0.6,,0.8,,,,,,,,0.1,,,,
SMIM20,,,0.0,,0.0,,,,0.7,,,,0.8,,,,,,0.1,,,0.5,
SMIM21,,,0.0,,0.6,,0.7,0.4,0.5,,0.8,,,,0.8,,,,0.5,,,,
SMIM22,,,0.0,,0.0,,,,0.4,,0.6,,,,0.8,,,,0.5,,,,
SMIM23,,,0.0,,0.0,,,,0.5,,0.5,,,,0.7,0.4,,,0.5,,,,
SMIM24,,,0.0,,0.0,,,,0.7,,,,,,0.8,0.6,,,0.5,,,,
SMIM26,,,0.0,,0.0,,,,0.6,,0.5,,,,,,,,0.1,,,0.5,
SMIM28,,,0.0,,0.0,,,,,,,,,,,,,,0.5,,1.0,,
SMIM29,,,0.0,,0.0,,,,0.7,,0.9,,,,0.8,,,,0.5,,,0.6,
SMIM3,,,0.0,,0.0,,,,0.5,,0.6,,,,0.7,0.5,,,0.1,,,,
SMIM30,,,1.0,,1.0,,,,0.8,,,,,,0.7,,,,0.2,,,0.6,
SMIM5,,,0.0,,0.0,,,,0.5,,0.6,,,,0.7,0.5,,,0.1,,,,
SMIM7,,,0.9,,0.67,,,,0.6,,0.8,,,,0.9,0.7,,,0.1,,,0.7,
SMIM8,,,0.9,,0.6,,,,0.7,,0.8,,,,0.8,0.65,,,0.4,,,0.6,
SMIM9,,,0.0,,0.0,,,,0.5,,0.6,,,,0.7,0.5,,,0.5,,,,
SMKR1,,,0.0,,0.0,,,,0.4,,0.6,,,,,,,,0.1,,,,
SMLR1,,,0.0,,0.0,,,,0.5,,0.75,,,,0.75,0.5,,,0.5,,,,
SMN2,0.8,,0.11,,0.78,,,,0.85,,,,0.9,,,,,,0.5,,,,
SMNDC1,,,,0.65,0.17,,0.1,,0.7,,0.9,,,,0.6,,,,0.48,,,0.57,
SMO,,1.0,0.0,,0.46,,,,0.7,0.9,0.8,,,,0.8,,,,,0.85,,,
SMOC1,0.7,0.8,0.9,,,,0.6,,0.5,,,,,,0.7,,,,,,0.8,,0.6
SMOC2,0.7,,0.0,,0.35,0.8,,,0.8,,0.9,,,,0.9,,,0.9,0.5,,,,
SMOX,,,0.38,,0.23,,0.85,0.6,0.75,,0.9,,,,0.7,,,,0.55,0.75,,,
SMPD1,0.9,,0.1,,,,,,,,,,0.8,,,,0.85,,,,,,
SMPD2,,,0.0,,0.5,,,0.6,0.8,,0.9,,,,0.7,,,,0.7,,,,
SMPD3,,0.8,,0.6,0.3,,0.5,0.5,0.6,,0.7,,,,0.7,,0.8,,,,,,
SMPD4,0.5,,0.0,,0.77,,,,0.6,,0.7,,,,0.7,,,,0.5,0.61,,,
SMPDL3A,,,0.0,,,,0.8,,,,,,0.9,,0.75,,0.85,,,,0.9,,
SMPDL3B,,,0.8,,0.7,,,0.4,0.8,,0.9,,,,0.6,,,,0.5,0.95,,,
SMPX,0.8,,,0.64,0.0,,,,0.7,,,,0.9,,0.8,,,,0.1,0.99,,,
SMR3A,,,0.4,,0.0,,,0.4,0.5,,,,1.0,,0.5,,,,0.134,,,,
SMR3B,,,0.4,,0.0,,,0.1,0.5,,1.0,,,,0.5,,,,0.79,1.0,,,
SMS,0.85,,,0.98,0.06,,,,0.8,,,,0.9,,0.7,,,,0.73,,,0.6,
SMTN,,1.0,0.0,,0.42,,,,0.8,,0.9,,,,0.7,,,,0.5,0.95,,,
SMTNL1,,,0.0,,0.83,,,,0.8,,0.9,,,,,,,,0.5,,,,
SMTNL2,,,0.0,,0.5,,0.8,0.6,0.6,,0.7,,,,,,,,0.5,,,,
SMU1,,,,1.0,0.0,,,0.5,0.7,,0.9,,,,0.75,0.85,,0.85,0.8,,,0.6,
SMUG1,,,0.0,,0.57,,,,0.8,,,,0.9,,0.8,,,,0.5,,,,
SMURF1,,,,,,,,,,,,0.8,,0.6,,,,,,,,,
SMURF2,,,,,,,,,,,,,,,,,,,,,,,
SMYD1,0.7,1.0,0.0,,,,0.5,0.4,0.6,,,,0.9,,,,,,,1.0,,,
SMYD2,,,0.0,,,,0.5,,0.8,0.75,0.9,,,,0.7,,,,,,,,
SMYD3,,,0.0,,0.62,,0.1,0.6,0.8,,0.9,,,,0.8,,,0.7,0.5,,,0.6,
SMYD4,,,0.0,,0.78,,,,0.6,,0.64,,,,0.7,,,,0.8,,,,
SMYD5,,,0.06,,0.28,,,,0.8,,0.9,,,,0.8,,,,0.75,,,0.5,
SNAI1,,,,,,,,,,,,,,,,,,,,,,,
SNAI2,,,,0.81,0.1,,0.4,,0.75,,0.7,,,,0.7,,,,0.5,0.94,,,
SNAI3,,,0.9,,0.51,,,0.5,0.6,,0.9,,,,,,,,0.7,,,,
SNAP23,,,,,,,,,,,,1.0,,,,,,,,,,,
SNAP25,,1.0,,1.0,1.0,,,0.6,0.7,0.8,0.9,,,,0.8,,,,,0.95,,,
SNAP29,,,,,,,,,,,,0.85,,,,,,,,,,,
SNAP47,,,0.0,,0.58,,,,0.8,,0.68,,,,0.9,0.65,,,0.5,,,0.53,
SNAP91,,,,1.0,0.92,,,,0.67,,0.72,,,,0.75,0.82,,,0.85,0.95,,,
SNAPC1,,,0.0,,0.5,,,0.5,0.7,,0.8,,,,0.7,,,0.9,0.6,0.76,,,
SNAPC2,,,0.1,,0.34,,,,0.8,,0.9,,,,0.9,,,,0.5,0.65,,,
SNAPC3,,,0.0,,0.6,,,,0.8,,0.9,,,,0.6,0.6,0.7,,0.5,,,0.54,
SNAPC4,,,0.0,,0.77,,0.5,,0.7,,0.9,,,,0.8,,,0.6,0.8,0.64,,,
SNAPC5,,,0.0,,0.6,,,,0.7,,0.8,,,,0.7,,,,0.5,,,0.5,
SNAPIN,,,,,,,,,,,,1.0,,,,,,,,,,,
SNCA,,,,0.9,0.0,,,0.6,0.8,0.5,0.9,,,,0.8,,,,0.7,0.87,,,
SNCAIP,,,0.0,,0.32,,0.8,0.6,0.7,,0.9,,,,0.8,,,0.7,0.5,0.91,,,0.6
SNCB,0.8,,0.06,,0.4,,,,0.75,,,,0.9,,0.9,,,,0.13,0.93,,,
SNCG,0.8,,0.1,,,,,,,,,,0.9,,,,,,,,0.9,,
SND1,,,,,,,,,,,,,,,,,,,,,,,
SND1-IT1,,,0.0,,0.0,,,,0.7,,,,,,,0.4,,,0.5,,,,
SNED1,,,,0.67,0.22,,0.1,,0.7,,0.61,,,,0.8,,,,0.71,0.85,,,
SNF8,,,0.0,,,,0.5,0.2,0.8,,,,0.9,,0.8,,,,,,,0.6,
SNHG12,,,0.0,,,,,,,,,,,,,0.7,,,,,,,
SNHG28,,,0.0,,0.0,,,,0.7,,,,,,,,,0.8,0.5,,,,
SNIP1,0.8,,0.31,,0.23,,,0.85,0.7,,,,0.9,,0.6,0.7,,,0.79,,,0.57,
SNN,,,0.14,,0.56,,,0.4,0.8,,0.6,,,,0.9,,,,0.88,,,,
SNORC,,,1.0,,1.0,,,,0.5,,,,0.75,,0.9,,,,0.5,,,,
SNPH,,,,,,,,,,,,,,,,,,,,,,,
SNRK,,,,,,,,,,,,,,,,,,,,,,,
SNRNP200,,,,,,,,,,,,1.0,,0.7,,,,,,,,,
SNRNP25,,,0.0,,0.56,,,,0.65,,0.8,,,,,,,,0.5,,,0.58,
SNRNP27,,,0.0,,,,,0.9,0.7,,,,0.8,,0.8,0.7,,,,,,0.6,
SNRNP35,,,0.0,,0.91,,,0.5,0.7,,,,0.9,,0.8,,,,0.6,,,0.5,0.6
SNRNP40,,,,0.86,0.15,,,0.75,0.8,,0.93,,,,0.8,0.82,,0.85,0.71,0.62,,,
SNRNP48,,,0.0,,0.67,,,,0.8,,0.9,,,,0.75,,,,0.5,0.66,,,
SNRNP70,,,,1.0,0.04,,,0.75,0.7,,0.9,,,,0.8,,,,0.8,0.66,,,
SNRPA,,,0.0,,0.76,,0.5,,0.7,,0.9,,,,,0.7,,,0.5,0.65,,,
SNRPA1,0.8,,,1.0,0.0,,,0.7,0.6,,,,0.8,,0.7,,,,0.7,,,,
SNRPB,,,,,,,,,,,,,,,,,,,,,,,
SNRPB2,0.7,,0.8,,,,,,,,,,,,,,,,,,,,
SNRPC,,,,,,,,,,,,,,,,,,,,,,,
SNRPD1,,,,,,,,,,,,,,,,,,,,,,,
SNRPD2,,,,,,,,,,,,,,,,,,,,,,,
SNRPD3,,,,,,,,,,,,,,,,,,,,,,,
SNRPE,0.8,,,0.92,0.0,,,0.85,0.75,,,,0.9,,0.6,,,,0.92,0.64,,,
SNRPF,,,,,,,,,,,,,,,,,,,,,,,
SNRPG,,,,,,,,,,,,,,,,,,,,,,,
SNRPGP15,,,1.0,,1.0,,,0.9,0.8,,,,,,,,,,0.2,,,0.9,
SNTA1,0.8,,0.9,,,,,,,,,,0.7,,,,,,,,0.75,,
SNTB1,,,,,,,,,,,,0.8,,,,,,,,,,,
SNTB2,,,,,,,,,,,,0.9,,,,,,,,,,,
SNTG1,0.6,,0.42,,0.22,,,0.7,0.33,,0.75,,,,0.9,,,,0.51,0.85,,,
SNTG2,,,0.0,,0.86,,,0.7,0.6,,0.9,,,,0.7,,,,0.8,,,,0.5
SNTN,,,0.0,,,,,,,,,,0.6,,,,,,0.5,,1.0,,
SNU13,,,1.0,,1.0,,,,0.8,,0.9,,,,0.8,,,,0.5,,,0.7,
SNUPN,,,0.0,,0.97,,,0.4,0.8,,0.9,,,,0.6,,,,0.5,,,0.5,
SNURF,,,0.49,,0.17,,,,0.6,,0.12,,,,0.9,,,,0.71,0.87,,,
SNURFL,,,1.0,,1.0,,,,,,,,,,,,,,0.5,,,1.0,
SNW1,,,,1.0,0.8,0.9,,0.85,0.75,,0.8,,,,0.6,,,,0.7,,,0.6,
SNX1,,,,,,,,,,,,,,,,,,,,,,,
SNX10,,,0.0,,,,0.8,,0.6,,0.9,,,,0.8,,,,,0.85,,,
SNX11,,,0.0,,,,0.5,0.7,0.6,,,,0.9,,0.8,0.5,0.4,,,,,0.6,
SNX12,,,,0.78,0.0,,,,0.9,,0.75,,,,0.8,0.7,0.7,,0.5,,,0.5,
SNX13,,1.0,0.31,,0.23,0.75,0.8,,0.6,,0.65,,,,0.7,,0.85,,,,,0.53,
SNX14,0.8,,0.0,,0.62,,,,0.7,,0.9,,,,0.9,,,,0.5,,,0.6,
SNX15,,,0.0,,0.64,,,0.2,0.8,,0.9,,,,0.7,,,,0.5,,,0.6,0.5
SNX16,,,0.0,,0.5,0.8,,0.5,0.7,,0.9,,,,0.8,,,,0.6,,,,
SNX17,,,0.0,,,,0.8,,0.7,,,,0.9,,0.7,,,,,,,,
SNX18,,,,,,,,,,,,0.8,,,,,,,,,,,
SNX19,,,0.0,,,,0.8,,,,,,0.9,,0.7,,,,,,,,
SNX2,,,,,,,,,,,,0.85,,,,,,,,,,,
SNX20,,,0.0,,0.78,,0.8,0.6,0.7,,0.9,,,,0.8,,,,0.5,,,,
SNX21,,,0.0,,0.88,,,0.7,0.5,,0.73,,,,0.8,,,,0.5,,,,
SNX22,,,0.0,,0.57,,,,0.7,,0.8,,,,0.8,0.65,,,0.5,,,,
SNX24,,,0.0,,0.69,,0.1,0.8,0.7,,0.9,,,,0.9,,,,0.5,,,0.6,
SNX25,,,,,,,,,,,,,,,,,,,,,,,
SNX27,,1.0,,1.0,0.94,,,0.75,0.8,,0.9,,,,0.8,0.85,,0.9,0.7,,,0.5,
SNX29,,,0.8,,,,0.7,,,,,,0.9,,0.7,0.7,,,,,,,
SNX29P2,,,,,,,,,,,,,,,,,,,,,,,
SNX3,,,,,,,,,,,,,,,,,,,,,,,
SNX30,,,,0.54,0.21,,,,0.6,,0.8,,,,0.8,0.78,,,0.87,,,,
SNX31,,,0.0,,,,0.5,,,,,,0.9,,,,,,0.8,,0.95,,
SNX32,,,0.0,,0.5,,,0.6,0.5,,0.8,,,,0.7,,,,0.6,0.9,,,
SNX33,,,0.09,,0.29,,,,0.7,,0.99,,,,0.8,0.78,,,0.57,,,,
SNX4,,,0.0,,0.55,,,0.5,0.7,,0.9,,,,0.7,0.5,0.4,,0.6,,,0.5,
SNX5,,,0.0,,0.4,,0.7,,0.6,,0.9,,,,0.9,,,,,,,0.5,
SNX6,,,,,,,,,,,,0.5,,,,,,,,,,,
SNX7,,,0.0,,0.44,,,0.5,0.6,,0.8,,,,0.7,0.55,,,0.5,,,,
SNX8,,,0.07,,0.29,,0.6,0.5,0.7,,0.8,,,,0.6,,,,0.93,0.87,,,
SNX9,,,,,,,,,,,,,,,,,,,,,,,
SOAT1,,,0.0,,0.6,,,0.1,0.8,,0.9,,,,,,0.75,,0.55,0.95,,,
SOAT2,,,0.0,,0.6,,,,0.7,,0.8,,,,0.9,0.75,,,0.5,,,,0.4
SOBP,0.8,,,1.0,0.0,,,,0.5,,,,0.6,,0.7,,,,0.7,,0.8,,
SOCS1,,,,,,,,,,,,,,,,,,,,,,,
SOCS2,,,,0.64,0.13,,0.75,0.2,0.7,,0.8,,,,0.6,,,0.9,0.5,0.88,,,
SOCS3,,,,,,,,,,,,1.0,,,,,,,,,,,
SOCS4,,,0.0,,0.61,,,,0.7,,0.9,,,,0.8,,,,0.5,0.63,,,
SOCS5,,,,,,,,,,,,,,,,,,,,,,,
SOCS6,,,,,,,,,,,,,,,,,,,,,,,
SOCS7,,1.0,,1.0,0.08,,,,0.7,,0.9,,,,0.8,0.85,,,0.8,,,,
SOD1,,,0.13,,0.37,0.48,0.1,0.5,0.6,0.5,0.9,,,,0.7,,,,0.77,,,0.5,
SOD2,,1.0,0.16,,0.29,,0.5,0.5,0.85,,0.9,,,,0.6,,,,,0.73,,,
SOD3,,,0.0,,,,0.7,,0.85,,0.9,,,,0.8,0.75,,,,0.92,,,
SOHLH1,0.8,,0.0,,,,,0.6,,,,,0.9,,,,0.85,,,,0.95,,
SOHLH2,,,0.0,,0.36,,,,0.7,,0.9,,,,,0.75,,0.6,0.5,1.0,,,
SON,0.7,,,1.0,0.04,,,,0.75,,,,0.85,,0.7,,,,0.8,0.65,,,
SORBS1,0.7,,0.0,,0.45,,,,0.75,,0.9,,,,0.8,,,,0.8,0.92,,,0.6
SORBS2,,,,,,,,,,,,0.8,,,,,,,,,,,
SORBS3,,,0.0,,,,0.5,,,,,,0.85,,0.9,,,,,,0.78,,
SORCS1,,,,0.86,0.21,,,,0.6,,0.81,,,,0.75,0.78,,,0.75,1.0,,,0.7
SORCS2,,,0.9,,,,0.8,,,,,,0.7,,0.8,0.78,,,,,0.75,,
SORCS3,0.75,,0.0,,,,0.8,,,,,,0.9,,0.7,,,,,,0.86,,
SORD,,,,,,,,,,,,0.8,,0.75,,,,,,,,,
SORL1,,,0.0,,0.33,,0.6,0.2,0.75,,0.9,,,,,0.65,,,0.8,,,,
SORT1,,,,1.0,0.09,,0.8,,0.6,,0.7,,,,0.9,0.8,,,0.75,,,,
SOS1,,,,,,,,,,,,0.8,,0.6,,,,,,,,,
SOS2,,,,,,,,,,,,0.8,,0.75,,,,,,,,,
SOST,,,,,,,,,,,,0.8,,0.6,,,,,,,,,
SOSTDC1,,,0.17,,0.32,,,,0.7,,0.8,,,,0.8,,,,0.5,0.94,,,
SOWAHA,,,0.0,,0.0,,,,0.5,,0.6,,,,0.8,0.5,,0.7,0.5,,,,
SOWAHB,,,0.0,,0.37,,0.1,0.7,0.8,,0.9,,,,0.8,0.65,,0.9,0.8,0.91,,,
SOWAHC,,,0.0,,0.0,,,,0.8,,0.9,,,,0.6,0.5,,,0.5,,,,
SOWAHD,,,,0.53,0.0,,,,0.7,,0.9,,,,0.8,,,0.85,0.8,0.96,,,
SOX1,,,0.0,,0.0,,,,0.7,,0.8,,,,,,,,0.5,0.9,,,
SOX10,0.8,1.0,,1.0,0.0,,,,0.7,,,,0.9,,0.8,,,,,1.0,,,
SOX11,,,,,,,,,,,,0.8,,,,,,,,,,,
SOX12,,,0.0,,0.0,,,,0.6,,0.8,,,,0.7,,,,0.5,,,,
SOX13,,,,0.96,0.16,,0.5,,0.7,,0.85,,,,0.8,,,,0.62,0.81,,,
SOX14,0.9,,,0.86,0.0,0.79,,,,,,,0.98,,,,,,0.48,,0.99,,
SOX15,,,0.21,,0.29,,,,0.7,,0.8,,,,,,,,0.5,0.93,,,
SOX17,,,,0.89,0.09,,0.7,,0.5,,0.6,,,,,0.85,,,,0.89,,,
SOX18,0.8,,0.0,,,,,,,,,,0.9,,0.6,0.75,,,,,0.8,,
SOX2,,,,,,,,,,,,,,,,,,,,,,,
SOX21,,,,0.72,0.0,,,,0.6,,0.8,,,,,,,,0.5,0.87,,,
SOX3,0.8,,0.1,,,,,,,,,,0.8,,,,,,,,,,
SOX30,,,,0.95,,,,,,,,,0.8,,,,,,,,1.0,,0.5
SOX4,,1.0,,0.9,,,0.5,,0.6,,,,0.8,,0.5,0.7,,,,0.9,,,
SOX5,,1.0,,1.0,0.93,,0.9,0.5,0.6,,0.7,,,,0.7,,,,,0.8,,,
SOX6,,1.0,,1.0,0.09,,0.8,,0.5,,0.6,,,,0.8,,,,,0.72,,,
SOX7,0.8,,0.0,,0.74,,0.9,,0.7,,0.8,,,,,,,,0.5,0.92,,,
SOX8,,,,0.67,0.16,,,,0.6,,0.8,,,,0.75,0.72,,,0.5,0.88,,,
SOX9,,1.0,,1.0,0.0,,0.8,,0.6,,0.7,,,,,,,,,0.8,,,
SP1,,1.0,,1.0,0.0,,0.8,0.5,0.6,,0.7,,,,0.8,,,,0.6,0.65,,,
SP100,,,,,,,,,,,,,,,,,,,,,,,
SP110,,,0.0,,0.68,,0.4,,0.9,,0.8,,,,0.6,,,0.7,0.69,0.82,,,
SP140,,,,,,,,,,,,,,,,,,,,,,,
SP140L,,,0.0,,0.54,0.95,,,0.7,,0.9,,,,0.9,,,,0.8,0.79,,,
SP2,,1.0,,1.0,0.0,,0.5,,0.7,,0.8,,,,0.7,,,,0.6,,,0.5,
SP3,,1.0,,1.0,0.9,,0.5,0.4,0.6,,0.7,,,,0.5,,,0.9,,0.7,,,
SP4,,1.0,,1.0,0.8,,0.6,0.6,0.7,,0.8,,,,0.9,,,,0.7,0.75,,,
SP5,0.9,,,0.53,0.19,,0.6,,0.5,,0.7,,,,,,,,0.8,0.82,,,0.7
SP6,,,0.15,,0.3,,0.1,0.6,0.7,,0.8,,,,,,,,0.5,0.96,,,
SP7,,,,,,,,,,,,,,,,,,,,,,,
SP8,,1.0,,0.9,,,,,,,,,0.8,,,,,,0.5,,,,
SP9,,,,0.94,0.0,,,,0.6,,,,0.75,,,,,,0.5,,0.94,,
SPA17,,,,,,,,,,,,1.0,,0.6,,,,,,,,,
SPAAR,,,0.0,,0.0,,,,0.7,,,,,,,0.65,,,0.5,,,,
SPACA1,,,0.8,,0.6,,,0.8,0.7,,0.9,,,,,0.8,,,0.5,,,,
SPACA3,,,0.0,,0.56,,,0.5,0.4,,0.9,,,,0.7,,,,0.5,,,,
SPACA4,,,0.29,,0.0,,,0.6,0.7,,0.8,,,,0.85,,,,0.12,,,,
SPACA5B,,,0.0,,0.0,,,,,,0.8,,,,0.8,0.6,,,0.5,1.0,,,
SPACA6,,,1.0,,1.0,,,,0.6,,,,,,0.8,0.75,,0.8,0.5,0.75,,,
SPACA7,,,0.0,,0.75,,,,0.6,,0.9,,,,0.8,,,,0.5,,,,
SPACA9,,,0.0,,0.0,,,0.4,0.6,,0.7,,,,0.5,0.6,,,0.5,0.9,,,
SPAG1,0.8,,0.0,,,,,,,,,,,,,,0.85,,,,0.78,,
SPAG11A,,,0.0,,0.5,,,,0.6,,0.8,,,,0.9,,,,0.2,,,,
SPAG11B,,,0.03,,0.91,,,0.7,0.6,,0.9,,,,0.8,0.7,,,0.5,,,,
SPAG16,,,0.0,,0.6,,,,0.7,,0.9,,,,0.9,,,,0.5,,,,
SPAG17,,,0.0,,,,0.8,,0.7,,,,0.9,,0.8,,,,,1.0,,,
SPAG4,,,0.0,,0.61,,,,0.7,,0.96,,,,0.8,0.75,,,0.5,,,,
SPAG5,,,0.0,,0.53,,,,0.5,,0.7,,,,0.7,0.7,,,0.6,0.99,,,
SPAG6,,,0.0,,0.86,,,,0.7,,0.9,,,,0.7,,,,0.5,,1.0,,
SPAG7,,,0.0,,0.55,,0.1,,0.8,,0.9,,,,0.8,,,,0.5,,,0.6,
SPAG8,,,0.0,,0.87,,,,0.6,,0.9,,,,0.6,,,,0.5,0.93,,,
SPAG9,,,,1.0,0.07,,,,0.75,,0.9,,,,0.8,,,,0.6,,,,
SPAM1,,,0.0,,0.84,,,,0.6,,0.9,,,,0.7,,,,0.5,,1.0,,
SPANXA2,,,1.0,,1.0,,,,,,0.8,,,,,,,,0.5,1.0,,,
SPANXA2-OT1,,,0.0,,0.0,,,,0.7,,,,,,,0.1,,,0.5,,,0.2,
SPANXB1,,,1.0,,1.0,,,0.7,0.6,,0.8,,,,0.5,,,,0.5,1.0,,,
SPANXD,,,0.2,,0.4,,,,0.6,,,,,,,,,,0.5,,,,
SPANXN1,,,0.6,,0.0,,,,0.7,,,,,,,,,,0.5,,,,
SPANXN2,,,0.09,,0.5,,,,0.5,,0.71,,,,,,,,0.36,,,0.0,
SPANXN3,,,0.39,,0.0,,0.1,0.7,0.6,,0.8,,,,,,,,0.5,,,,
SPANXN4,,,0.36,,0.0,,0.1,0.63,0.4,,0.7,,,,,,,,0.99,1.0,,,
SPANXN5,,,0.09,,0.5,,,,0.8,,,,,,,,,,0.14,,,,
SPARC,,,,,,,,,,,,0.9,,0.7,,,,,,,,,
SPARCL1,,,0.0,,0.66,,0.4,,0.5,,0.6,,,,0.6,,,,0.5,,,,
SPART,0.8,,0.0,,,,,0.6,,,,,0.9,,,0.7,0.8,,,,0.5,,
SPART-AS1,,,0.0,,0.0,,,,0.5,,,,,,,0.1,,,0.2,,,0.3,
SPAST,0.9,,,1.0,0.8,0.5,,0.7,0.6,,0.7,,,,,,0.8,,0.6,,,0.5,
SPATA1,,,0.0,,0.0,,,0.7,0.8,,,,,,,,,,0.5,,,0.6,
SPATA12,,,0.0,,0.0,,,,0.6,,0.7,,,,0.7,,,,0.5,,,,
SPATA13,,,0.0,,,,0.5,0.7,0.8,,,,0.9,,0.7,0.75,,,,,0.87,,
SPATA16,0.8,,0.0,,,,,,,,,,0.9,,,,,,,,,,
SPATA17,,,0.0,,0.53,,,0.2,0.5,,0.7,,,,0.7,,,0.9,0.6,1.0,,,
SPATA18,,,0.0,,0.78,0.62,0.1,,0.6,,0.9,,,,0.7,,,,0.5,1.0,,,
SPATA19,,,0.0,,0.94,,,0.7,0.6,,0.9,,,,,,,,0.5,,,,
SPATA2,,,,0.98,0.06,0.89,0.4,0.5,0.6,,0.75,,,,0.7,,,,0.52,0.71,,,
SPATA20,,,0.0,,,,0.5,0.5,0.6,,,,0.7,,0.5,,,,0.4,,0.8,,
SPATA21,,,0.0,,0.5,,,,0.6,,0.8,,,,,,,0.7,0.7,1.0,,,
SPATA22,,,0.0,,0.41,,,0.5,0.6,,0.8,,,,,0.7,,,0.5,,,,
SPATA24,,,1.0,,1.0,,,0.6,0.7,,0.9,,,,0.9,,,,0.8,,,,
SPATA25,,,0.0,,0.75,,,0.6,0.7,,0.8,,,,0.8,,,,0.5,,,,
SPATA2L,,,0.04,,0.37,,0.5,,0.6,,0.8,,,,0.9,0.55,,,0.5,,,0.6,
SPATA3,,,0.0,,0.0,,,,0.6,,0.8,,,,,,,,0.5,1.0,,,
SPATA31A1,,,0.0,,0.0,,,,0.6,,,,,,0.5,,,,0.5,,,,
SPATA31A3,,,0.0,,0.0,,,,0.6,,,,,,0.5,,,,0.5,,,0.7,
SPATA31A5,,,1.0,,1.0,,,,,,,,,,0.8,,,0.8,0.5,,,0.2,
SPATA31A6,,,0.0,,0.0,,,,0.5,,,,,,0.8,,,,0.5,,,,
SPATA31A7,,,0.0,,0.5,,,,,,,,,,0.9,,,,0.7,,,0.2,
SPATA31B1P,,,0.0,,0.0,,,,,,,,,,,0.1,,,0.5,,,,
SPATA31C1,,,0.0,,0.0,,,,0.6,,,,,,0.5,,,,0.5,,,0.8,
SPATA31C2,,,1.0,,1.0,,,,0.6,,,,,,0.9,,,,0.5,,,0.8,
SPATA31D1,,,0.9,,,,0.7,,,,,,0.8,,0.9,,0.8,,,,1.0,,
SPATA31D3,,,0.0,,0.0,,,,,,,,,,0.6,,,,0.5,1.0,,,
SPATA31D4,,,0.0,,0.0,,,,0.6,,,,,,0.6,,,,0.5,,,0.4,
SPATA31E1,,,0.7,,0.5,,,,0.7,,0.8,,,,0.9,,,,0.6,,,,
SPATA32,,,0.0,,0.97,,0.5,,0.6,,0.8,,,,0.8,0.65,,0.9,0.5,1.0,,,
SPATA33,,,0.0,,,,0.8,,,,,,0.6,,,,,,,,1.0,,
SPATA4,,,0.0,,0.97,,,,0.7,,0.9,,,,,,,,0.5,1.0,,,
SPATA45,,,0.0,,0.0,,,,0.6,,0.8,,,,,,,,0.5,1.0,,,
SPATA46,,,0.0,,0.0,,,0.7,0.6,,0.8,,,,,,,,0.5,1.0,,,
SPATA6,,,0.0,,0.5,0.7,,0.2,0.6,,0.8,,,,0.7,,,,0.6,0.9,,,
SPATA6L,,,0.0,,,,0.5,0.4,,,,,0.8,,,0.5,,,,,0.9,,
SPATA7,0.8,,0.0,,0.79,0.92,,,0.7,,0.9,,,,0.6,,,,0.5,,0.94,,
SPATA8,,,0.07,,0.5,0.87,0.8,0.5,0.6,,0.7,,,,,,,0.75,0.1,,,,
SPATA9,,,0.0,,0.75,,0.5,,0.6,,0.85,,,,0.8,,,,0.5,,,,
SPATC1,,,0.0,,0.85,,,,0.7,,0.9,,,,,,,,0.5,,,,
SPATC1L,,,0.0,,0.5,,,,0.7,,0.8,,,,0.7,0.5,,,0.5,,,,
SPATS1,,,,,,,,,,,,,,,,,,,,,,,
SPATS2,,,,0.97,0.14,,,,0.6,,0.75,,,,0.7,,,,0.5,,,,
SPATS2L,,,,0.56,0.21,,0.9,,0.85,,0.8,,,,0.8,,,,0.5,,,0.54,
SPC24,,,0.0,,,,,0.5,0.6,,,,0.8,,0.7,,0.8,,,,0.9,,
SPC25,,,0.9,,,,,0.7,0.6,,,,0.8,,0.75,,0.85,,,,0.95,,
SPCS1,,,0.8,,0.5,,,,0.8,,0.9,,,,0.9,,,,0.6,,,0.7,
SPCS2,,,,,,,,,,,,0.8,,,,,,,,,,,
SPCS3,,,,,,,,,,,,0.8,,,,,,,,,,,
SPDEF,0.85,,,,,,,,,,,,,,,,,,,,0.95,,
SPDL1,,,0.0,,0.81,,,,0.7,,0.9,,,,0.6,,,,0.5,0.89,,,
SPDYA,,,,0.57,0.19,,,,0.8,,0.95,,,,,0.79,,,0.78,1.0,,,
SPDYC,0.7,,0.0,,0.61,,,,0.8,,,,0.9,,,,,,0.5,1.0,,,
SPDYE1,,,0.0,,0.94,,,,0.7,,0.8,,,,,0.5,,,0.5,1.0,,,
SPDYE16,,,1.0,,1.0,,,,0.8,,,,,,,,,,0.5,,,,
SPDYE2,,,1.0,,1.0,,,,0.6,,0.8,,,,,,,,0.5,,,,
SPDYE2B,,,0.0,,0.0,,,,0.4,,0.6,,,,,,,,0.5,,,,
SPDYE3,,,0.0,,0.6,,,,0.6,,0.9,,,,,0.65,,,0.5,,,,
SPDYE4,,,0.0,,0.46,,,,0.5,,0.6,,,,,,,,0.5,,,,
SPDYE5,,,0.0,,0.0,,,,0.8,,,,,,,,,,0.5,,,0.2,
SPDYE6,,,0.0,,0.0,,,,0.7,,,,,,,0.6,,,0.5,,,0.5,
SPDYE7P,,,1.0,,1.0,,,,0.8,,,,,,,,,,0.5,,,0.6,
SPECC1,,,0.0,,0.32,,0.7,,0.6,,0.9,,,,0.8,,,,0.5,0.72,,,
SPECC1L,,,,0.87,0.2,,0.5,,0.6,,0.9,,,,0.5,,,,0.75,,,0.6,0.7
SPEF1,,,0.0,,0.63,,,0.4,0.6,,0.8,,,,0.7,,,,0.5,0.94,,,
SPEF2,0.8,1.0,0.0,,,,,,,,,,0.9,,0.6,,0.85,,,,0.92,,
SPEG,,1.0,,0.83,0.22,,0.5,,0.8,,0.65,,,,0.7,,,,,,,,
SPEM1,,,0.0,,0.74,,,0.4,0.5,,0.8,,,,0.7,,,,0.5,1.0,,,
SPEM2,,,0.0,,0.0,,,,0.6,,0.8,,,,0.7,0.5,,,0.5,,,,
SPEN,,,,,,,,,,,,,,,,,,,,,,,
SPESP1,,,0.4,,0.0,,,,0.4,,0.68,,,,0.6,,,,0.7,1.0,,,
SPG11,0.8,,0.0,,,,,0.7,,,,,0.9,,0.7,0.7,0.8,,,,0.7,,
SPG21,0.7,,0.0,,0.4,,,,,,,,0.9,,0.7,,,,0.5,,,,
SPG7,0.8,,0.0,,0.7,0.6,,0.4,0.7,,0.9,,,,0.8,,,,0.5,,,0.6,
SPHK1,,,0.0,,0.94,,0.8,0.5,0.7,0.6,0.9,,,,,,,,0.5,0.86,,,
SPHK2,,,0.0,,0.62,,0.5,,0.7,0.8,0.9,,,,0.8,,,,0.5,,,0.6,0.7
SPHKAP,,,,0.96,0.19,,,,0.75,,0.82,,,,0.8,,,,0.85,,,,
SPI1,,,,,,,,,,,,,,0.8,,,,,,,,,
SPIB,,,,0.98,0.0,0.89,0.6,,0.7,,0.8,,,,,0.82,,,0.75,,,,
SPIC,,1.0,0.3,,0.24,,0.1,,0.4,,0.9,,,,,,,,0.5,1.0,,,
SPICE1,,,0.0,,0.66,,,0.6,0.7,,0.8,,,,0.8,0.65,,,0.5,,,,
SPIDR,,,0.0,,0.79,,,,0.7,,0.9,,,,0.8,,,,0.8,,,0.6,
SPIN1,,,,0.9,,,0.8,0.6,0.6,,,,0.7,,0.7,0.8,0.9,,,,,0.7,
SPIN2A,,,0.0,,0.5,,,,0.6,,0.8,,,,0.9,0.6,0.6,,0.5,,,,
SPIN2B,,,0.8,,0.6,,,0.7,0.6,,0.7,,,,0.8,,,,0.5,,,0.6,
SPIN3,,,,0.74,0.0,,,0.6,0.7,,,,0.9,,0.7,,,,0.5,,,,
SPIN4,,,,,,,,,,,,,,,,,,,,,,,
SPINDOC,,,1.0,,1.0,,,0.3,0.7,,0.8,,,,0.8,,,,0.5,,,,
SPINK1,,1.0,0.33,,0.23,,0.5,0.4,0.7,,0.95,,,,,0.7,,,,1.0,,,
SPINK13,,,0.0,,0.79,,,,0.6,,0.8,,,,0.7,,,,0.1,,,,
SPINK14,,,0.9,,0.7,,,,0.7,,0.8,,,,0.85,,,,0.5,,,,
SPINK2,,,0.31,,0.25,0.5463,0.1,0.7,0.5,,0.66,,,,0.5,,,,0.84,1.0,,,
SPINK4,,,0.31,,0.25,,0.75,0.5,0.5,,0.54,,,,0.7,,,,0.86,,,,
SPINK5,0.8,1.0,0.0,,0.73,,,0.5,0.8,,,,0.9,,0.8,,,,,0.97,,,
SPINK6,,,0.0,,0.3,0.8,0.6,0.4,0.5,,0.7,,,,0.7,,,,0.5,0.9,,,
SPINK7,,,0.2,,0.5,,,0.5,0.6,,0.8,,,,0.6,,,,0.4,,,,
SPINK8,,,0.0,,0.5,,,,0.7,,0.9,,,,0.9,,,,0.6,,,,
SPINK9,,,0.9,,0.7,,,,0.6,,0.8,,,,0.9,0.78,,,0.1,0.82,,,
SPINT1,,1.0,0.0,,,,,,,,,,0.9,,0.7,,0.8,,0.5,,0.94,,0.6
SPINT2,,1.0,0.0,,0.52,,0.4,0.7,0.8,,0.9,,,,0.7,,,,,0.88,,,
SPINT3,,,0.0,,0.0,,,,0.5,,0.6,,,,0.9,,,,0.5,,,,
SPINT4,,,0.08,,0.47,,,,0.5,,,,,,0.7,0.6,,,0.99,,,0.0,
SPIRE1,,,,,,,,,,,,0.8,,,,,,,,,,,
SPIRE2,,,0.0,,0.59,0.7,0.2,,0.6,,0.8,,,,0.9,,,,0.5,0.88,,,
SPN,0.7,,0.8,,0.6,,,0.6,0.8,,0.9,,,,0.8,,,,0.5,0.99,,,
SPNS1,,0.8,0.9,,,,,,0.7,,,,0.75,,0.8,0.82,,,,0.65,,,
SPNS2,0.8,,0.0,,0.5,,,,0.7,,,,0.9,,0.9,0.75,,,0.7,,0.8,,
SPNS3,,,0.0,,0.85,,,0.1,0.5,,0.59,,,,0.9,,,0.8,0.5,0.94,,,
SPO11,,,0.0,,0.73,,,,0.7,,0.9,,,,,,,,0.5,1.0,,,
SPOCD1,,,0.0,,0.57,,,,0.7,,0.9,,,,,,,,0.8,,1.0,,0.6
SPOCK1,,,,,,,,,,,,0.9,,,,,,,,,,,
SPOCK2,,,0.4,,,,0.5,,,,,,0.9,,0.8,,,,,,0.85,,0.7
SPOCK3,,,0.06,,0.28,,0.75,,0.9,,0.8,,,,0.75,,,0.85,0.87,0.91,,,0.65
SPON1,,,,,,,,,,,,,,,,,,,,,,,
SPON2,,,,,,,,,,,,0.9,,0.6,,,,,,,,,
SPOP,0.8,1.0,,1.0,0.0,,,0.6,0.7,,,,0.9,,,,,,,,,,0.5
SPOPL,,,0.9,,,,,,,,,,0.85,,0.7,0.75,,,,0.65,,,
SPOUT1,,,0.0,,0.0,,,,0.7,,0.8,,,,0.6,0.7,,,0.5,,,0.6,
SPP1,,,0.0,,0.5,,,0.4,0.85,0.8,0.9,,,,0.9,,,,0.7,0.95,,,
SPP2,,,0.0,,0.7,,,,0.6,,0.8,,,,0.9,,0.7,,0.5,1.0,,,
SPPL2A,,,,,,,,,,,,0.75,,0.6,,,,,,,,,
SPPL2B,,,0.0,,0.0,,,0.85,0.7,,0.9,,,,0.75,0.7,,,0.8,,,,
SPPL2C,,,0.0,,0.59,,0.6,,0.5,,0.8,,,,0.7,0.6,,,0.7,1.0,,,
SPPL3,,,,1.0,0.0,0.9,0.8,,0.6,,0.7,,,,0.8,0.85,,,,,,,
SPR,0.7,0.9,0.2,,,,,,0.5,,,,0.6,,0.8,0.7,,,,,0.6,,
SPRED1,,,,0.96,0.13,,0.5,,0.7,,0.9,,,,0.8,0.7,0.7,,0.5,,,0.6,
SPRED2,,,,,,,,,,,,0.8,,0.6,,,,,,,,,
SPRED3,,,0.16,,0.29,,,,0.75,,0.85,,,,0.7,,,,0.5,,,,
SPRN,,,0.3,,0.0,,,,0.7,,0.8,,,,0.8,,,,0.5,0.87,,,
SPRR1A,,,0.9,,0.5,0.7,,,0.6,,0.8,,,,0.8,,,,0.4,,,,
SPRR1B,,,0.0,,0.5,,,,0.6,,0.8,,,,0.8,,0.7,,0.2,,,,
SPRR2A,,,1.0,,1.0,,,,0.8,,0.9,,,,0.9,,,,0.5,,,,
SPRR2B,,,0.0,,0.0,,,,0.7,,,,,,0.8,,,,0.1,,,,
SPRR2D,,,0.02,,0.67,,,,0.92,,0.67,,,,0.8,,,,0.14,,,,
SPRR2E,,,0.06,,0.24,,,,0.9,,0.1,,,,0.7,0.65,0.8,,0.1,,,,
SPRR2F,,,0.1,,0.5,,,,0.7,,0.8,,,,0.8,,,,0.2,,,,
SPRR2G,,,1.0,,1.0,,,,0.8,,0.5,,,,0.8,,,,0.1,,,,
SPRR3,,,0.0,,0.0,,,0.2,0.7,,0.9,,,,0.7,,,0.6,0.5,1.0,,,
SPRR4,,,0.04,,0.67,,,,0.6,,0.9,,,,,0.78,,,0.79,,0.99,,
SPRR5,0.4,,0.0,,0.0,,,,,,,,,,,,,,0.5,,,,
SPRTN,0.8,,,0.97,0.07,,,0.6,0.7,,,,0.9,,,,,,0.489,0.62,,,
SPRY1,,1.0,0.0,,0.58,,0.4,0.2,0.8,,0.9,,,,0.7,,,,0.5,0.87,,,
SPRY2,,0.9,,0.95,0.0,,0.8,0.65,0.75,,0.6,,,,0.8,0.78,,,,,,,
SPRY3,,,0.0,,0.56,,,,0.6,,0.85,,,,,,,,0.5,,,,
SPRY4,,1.0,0.0,,0.58,,0.8,0.5,0.6,,0.7,,,,0.8,,,,,0.85,,,
SPRYD3,,,,,,,,,,,,1.0,,,,,,,,,,,
SPRYD4,,,0.0,,0.71,0.8,,0.2,0.6,,0.9,,,,0.8,,,0.7,0.5,,,,
SPRYD7,,,0.0,,0.66,,0.1,0.5,0.57,,0.76,,,,0.8,0.5,,,0.5,,,0.5,
SPSB1,,,0.49,,0.2,,0.8,,0.64,,0.68,,,,0.7,,,,0.5,0.77,,,
SPSB2,,,0.8,,,,0.6,0.5,0.7,,,,0.9,,0.8,,,,,0.6,,,0.5
SPSB3,,,0.04,,0.33,,,0.4,0.7,,0.85,,,,0.6,0.65,,0.75,0.71,0.64,,,
SPSB4,0.6,,0.0,,,,,,,,,,0.6,,0.7,,0.9,,0.5,,,,
SPTA1,,1.0,0.0,,0.39,,0.9,,0.6,,0.7,,,,0.75,,0.85,,0.5,0.99,,,
SPTAN1,0.9,,,1.0,0.94,,,,0.85,,,,0.95,,0.75,,0.8,0.7,0.8,,,0.6,
SPTB,,1.0,,1.0,0.8,,0.8,,0.7,,0.6,,,,0.7,,0.85,,,0.96,,,
SPTBN1,,1.0,,1.0,0.03,,0.9,,0.75,,0.85,,,,0.7,,,,0.8,0.62,,,
SPTBN2,0.9,,0.0,,0.28,,,,0.6,,0.7,,,,0.5,0.65,,,0.8,,,,
SPTBN4,0.6,,0.0,,0.0,,,,0.5,,0.7,,,,0.7,,,0.9,0.8,,0.94,,
SPTBN5,,,0.0,,0.9,,,,0.7,,,,0.8,,0.9,,,,0.5,,,,
SPTLC1,,,,,,,,,,,,0.8,,0.7,,,,,,,,,
SPTLC2,,,,,,,,,,,,0.8,,0.5,,,,,,,,,
SPTLC3,,,0.0,,0.56,,0.88,0.1,0.1,0.1,0.24,,,,,0.5,,,0.55,0.94,,,
SPTSSA,,,,,,,,,,,,1.0,,1.0,,,,,,,,,
SPTSSB,,,0.0,,0.6,,,0.5,0.8,,0.6,,,,0.7,,,,0.2,,,,
SPTY2D1,,,,0.91,0.17,,0.75,,0.9,,0.9,,,,0.8,,,,0.68,0.66,,,
SPX,,,0.0,,0.0,,,,0.7,,0.8,,,,0.9,0.75,,,0.5,,,,
SPZ1,0.8,,,,,,,,,,,,,,,,,,,,0.9,,
SQLE,,,,0.97,0.87,,,,0.95,0.71,0.79,,,,0.75,,,,0.57,0.88,,,
SQOR,0.5,,1.0,,1.0,,,,0.8,,0.9,,,,0.7,,0.9,,0.8,0.75,,,
SQSTM1,0.8,,0.9,,,,,0.7,,,,,0.9,,,,,,,,0.6,,
SRA1,0.9,,0.0,,0.83,,,,0.6,,0.8,,,,0.7,,0.75,,0.5,,,0.5,
SRARP,,,0.0,,0.0,,,0.2,0.7,,0.8,,,,,0.75,,,0.5,,,,
SRBD1,,,0.0,,0.74,,0.1,0.6,0.7,,0.8,,,,0.5,,,,0.5,0.66,,,
SRC,0.8,1.0,,1.0,0.08,,,0.7,0.9,0.9,0.85,,,,,,,0.9,,0.73,,,
SRCAP,0.9,,,1.0,0.04,,,,0.75,,,,0.85,,0.7,,,,0.8,0.63,,,
SRCIN1,,,,1.0,0.07,,,,0.6,,0.7,,,,0.6,0.75,,,0.8,,,0.5,
SRD5A1,,,0.0,,0.76,,,0.1,0.8,0.2,0.9,,,,0.7,,,,0.5,0.83,,,
SRD5A2,0.8,,0.0,,,,,,,,,,0.9,,,,,,,,,,
SRD5A3,0.5,1.0,0.0,,0.59,,,,0.8,,,,0.9,,0.8,,,,,,,0.6,
SREBF1,,0.9,0.8,,,,0.6,0.7,0.8,,,,0.9,,,,,,,0.75,,,
SREBF2,,,,,,,,,,,,,,,,,,,,,,,
SREK1,,,,0.98,0.87,,,0.6,0.75,,0.85,,,,0.8,,,0.8,0.75,,,,
SREK1IP1,,,0.38,,0.22,,0.1,0.75,0.6,,0.84,,,,0.9,,,,0.31,,,0.52,
SRF,,,,0.98,0.94,,,,,,,,,,,,,,,,,,
SRFBP1,,,0.0,,,,0.5,0.6,0.8,,,,0.9,,0.9,0.7,0.7,,,,0.7,,
SRGAP1,0.7,,,1.0,0.15,,,,0.85,,,,0.9,,0.6,,0.9,,0.8,,,,
SRGAP2,,,,,,,,,,,,0.7,,0.5,,,,,,,,,
SRGAP2B,,,0.0,,0.0,,,,0.6,,0.8,,,,0.5,,,,0.5,0.85,,,
SRGAP2C,,,0.0,,0.0,,,,0.6,,0.7,,,,0.7,0.75,,,0.5,0.92,,,
SRGAP3,,,,1.0,0.87,,,0.7,0.8,,0.9,,,,0.7,,,0.9,0.6,,,,
SRGN,,,,0.69,0.0,,,,0.8,,0.9,,,,0.8,0.82,,,0.5,0.96,,,
SRI,,,,,,,,,,,,0.9,,0.8,,,,,,,,,
SRL,,,0.0,,0.79,0.7,,,0.6,,0.8,,,,0.8,0.75,,0.85,0.9,1.0,,,
SRM,,,,,,,,,,,,,,,,,,,,,,,
SRMS,,,0.0,,0.5,,,,0.7,0.8,0.9,,,,0.8,,,0.9,0.7,0.9,,,
SRP14,,,,,,,,,,,,1.0,,0.7,,,,,,,,,
SRP19,,,0.9,,0.5,,,,0.7,,0.8,,,,0.5,,,,0.6,,,0.6,
SRP54,0.8,,,1.0,0.07,,,,0.75,,,,0.9,,0.7,0.8,0.9,,0.5,,,0.6,
SRP68,,,0.22,,0.24,,,0.8,0.67,,0.83,,,,0.7,0.65,,,0.75,,,0.49,0.6
SRP72,0.7,,0.0,,0.31,,,,0.7,,0.9,,,,0.8,,0.9,,0.6,0.5,,,
SRP9,,,,,,,,,,,,,,,,,,,,,,,
SRPK1,,,0.0,,0.41,,,0.6,0.8,0.1,0.9,,,,,0.65,,,0.5,0.72,,,
SRPK2,,,,1.0,0.13,,0.6,,0.6,0.5,0.7,,,,0.8,0.75,,0.9,,0.75,,,
SRPK3,,,0.5,,0.23,,,,0.5,0.4,0.8,,,,0.7,,0.85,0.9,0.6,,,,
SRPRA,,,0.0,,0.0,,,0.6,0.7,,0.8,,,,0.7,0.5,0.9,,0.5,,,,0.4
SRPRB,,,0.9,,,,0.8,0.6,0.7,,,,0.9,,0.7,0.75,,,,,,0.7,
SRPX,,,0.0,,0.42,,,,0.8,,0.9,,,,0.8,,,,0.5,,,,
SRPX2,0.8,,0.9,,,,,,,,,,0.7,,0.8,,,,,,0.85,,
SRR,0.7,,0.9,,,,0.7,0.5,0.6,,,,0.8,,0.5,,0.8,,,,,0.7,
SRRD,,,0.0,,0.91,,,,0.7,,0.85,,,,,,,,0.5,,,,
SRRM1,,,,1.0,0.94,,,,0.85,,,,0.9,,0.8,0.85,,,0.8,0.66,,,
SRRM2,0.7,,,1.0,0.93,,,0.2,0.8,,,,0.9,,0.6,,,,0.5,0.65,,,
SRRM3,,,0.18,,0.26,,,,0.7,,,,,,,0.7,,,0.5,,,,
SRRM4,,,,0.8,0.19,,0.4,,0.6,,0.7,,,,0.7,,,,0.611,0.97,,,
SRRM5,,,0.0,,0.0,,,,0.7,,0.8,,,,0.6,,,0.9,0.85,1.0,,,
SRRT,,,,,,,,,,,,,,,,,,,,,,,
SRSF1,,,,,,,,,,,,,,0.7,,,,,,,,,
SRSF10,,,0.0,,0.0,,,,0.7,,0.8,,,,0.6,0.5,,,0.5,0.66,,,
SRSF11,,,,1.0,0.93,,,,0.85,,0.9,,,,0.8,,,0.75,0.7,0.66,,,
SRSF12,,,0.8,,,,,,,,,,0.9,,0.5,0.7,,,,,0.9,,
SRSF2,,1.0,0.5,,,,,0.75,0.8,,,,0.9,,0.9,0.8,,,0.7,,0.62,,
SRSF3,,1.0,,0.9,,,,,,,,,0.8,,0.8,0.85,,,0.5,,0.6,,
SRSF4,,,,0.74,0.18,,,,0.95,,1.0,,,,0.7,,,,0.49,,,0.59,
SRSF5,,,,0.67,0.18,,,,0.85,,0.8,,,,0.8,,,,0.54,0.68,,,
SRSF6,,,,0.88,0.15,,,,0.95,,0.77,,,,0.9,0.78,,,0.75,0.64,,,
SRSF7,,,,0.98,0.09,,,,0.75,,0.85,,,,0.6,0.75,,,0.5,,,,
SRSF8,,,0.0,,0.0,,,,0.7,,,,0.9,,0.6,,,,0.5,,0.4,,
SRSF9,,,,0.65,0.17,,,,0.75,,0.9,,,,0.8,0.75,,,0.8,,,,
SRXN1,,,0.3,,,,,,,,,,0.9,,0.5,0.65,0.8,,,,,,
SRY,0.8,,0.0,,,,,,,,,,0.9,,,0.75,0.85,,,,0.95,,
SS18,,1.0,,0.82,0.19,,0.1,0.6,0.8,,0.97,,,,0.7,0.75,,,,0.66,,,
SS18L1,0.85,,,0.97,0.14,,,,0.7,,,,0.92,,0.8,0.8,,,0.75,0.68,,,
SS18L2,,,0.8,,0.66,,,,0.7,,0.9,,,,0.75,,,,0.5,,,0.6,
SSB,,,0.1,,0.27,,,,,,,,,,,,,,,,,,
SSBP1,0.8,,0.0,,0.45,,,0.5,0.6,,0.9,,,,0.7,,,,0.74,,,0.6,
SSBP2,,1.0,,1.0,0.8,,,0.7,0.8,,,,0.9,,0.9,,,,0.7,,,,
SSBP3,,1.0,,1.0,0.03,,0.8,0.5,0.6,,0.7,,,,0.8,,,,,0.7,,,
SSBP3-AS1,,,0.0,,0.0,,,,0.8,,,,,,,,,,0.5,,,0.7,
SSBP4,,,,,,,,,,,,,,,,,,,,,,,
SSC4D,,,0.0,,0.0,,,,0.7,,0.8,,,,0.6,0.7,,,0.5,,,,
SSC5D,,,0.0,,0.87,,,0.4,0.6,,0.54,,,,0.7,0.75,,,0.8,0.84,,,
SSH1,,,,,,,,,,,,0.8,,,,,,,,,,,
SSH2,,,,1.0,0.84,,0.8,0.75,0.85,,0.9,,,,0.8,,,,0.7,0.82,,,
SSH3,,,0.0,,0.75,,,0.7,0.8,,0.9,,,,0.75,,,,0.5,,,,
SSMEM1,,,0.0,,0.5,,,0.7,0.6,,0.8,,,,0.9,0.6,,,0.3,,,,
SSNA1,,,0.0,,0.5,0.7,,,0.75,,0.8,,,,0.9,,,,0.6,,,0.6,
SSPN,0.75,,0.04,,0.46,0.83,0.8,,0.67,,0.84,,,,0.9,,,,0.61,0.83,,,
SSR1,,,,,,,,,,,,0.8,,,,,,,,,,,
SSR2,,,0.17,,0.28,,,,0.83,,0.97,,,,0.8,,,,0.91,,,,
SSR3,,,,0.75,0.11,0.36,0.1,0.5,0.8,,0.68,,,,0.7,,,,,,,,
SSR4,0.5,,,0.89,0.0,0.54,,0.6,0.75,,0.85,,,,0.7,,0.8,,0.73,,,,
SSRP1,,1.0,,1.0,0.87,,,0.7,0.8,,0.9,,,,0.8,,,,0.8,,,,
SST,,,0.36,,0.22,,,,0.84,0.1,0.79,,,,,0.78,,,0.11,0.92,,,
SSTR1,,,,0.73,0.12,,,,0.85,0.64,0.91,,,,0.8,,,,0.39,,,,
SSTR2,,,,,,,,,,,,0.9,,0.7,,,,,,,,,
SSTR3,,,0.0,,0.77,0.55,,,0.8,0.9,0.85,,,,0.9,,,,0.75,,,0.0,
SSTR4,,,0.0,,0.7,,0.5,,0.75,0.9,0.85,,,,0.8,0.85,,0.9,0.6,0.95,,,
SSTR5,,,0.0,,0.79,,,,0.85,0.9,0.8,,,,0.9,,,0.95,0.7,0.97,,,0.5
SSU72,,,,0.77,0.11,,,,0.9,,0.6,,,,0.7,,,,0.194,,,0.46,
SSUH2,,,0.0,,0.79,,,,0.6,,0.8,,,,,,,,0.5,,,,
SSX1,0.7,,0.0,,0.1,,,,0.6,,0.9,,,,0.8,,,0.7,0.5,1.0,,,
SSX2B,,,0.0,,,,,,,,,,0.9,,,,,,,,,,0.6
SSX2IP,,,0.0,,0.56,,0.1,,0.7,,0.8,,,,0.9,,,,0.5,0.93,,,
SSX3,,,0.8,,0.6,,,0.6,0.7,,0.85,,,,0.7,,,0.75,0.7,1.0,,,
SSX4,,,0.5,,0.0,,,,0.6,,0.9,,,,,,,,0.8,,,0.4,
SSX5,,,0.0,,0.8,,,,0.6,,0.9,,,,,,,0.8,0.7,1.0,,,
SSX7,,,0.0,,0.5,0.8,,,0.7,,0.9,,,,,,,0.8,0.6,1.0,,,
ST13,,,,0.61,0.2,,,,0.75,,0.85,,,,0.9,,,,0.5,,,,
ST13P4,,,0.0,,0.0,,,,0.6,,,,,,,,,,0.5,,,0.2,
ST13P5,,,1.0,,1.0,,,,0.5,,,,,,,,,,0.5,,,0.0,
ST14,0.8,1.0,,0.57,0.21,,,,0.7,0.6,0.9,,,,0.75,,,,0.5,,0.93,,
ST18,,,,0.99,0.16,,0.8,,0.7,,0.9,,,,,,,,0.75,0.97,,,
ST20,,,0.38,,0.0,,,,0.6,,,,,,,0.82,,0.8,0.79,0.68,,,
ST20-AS1,,,1.0,,1.0,,,,0.8,,,,,,,,,0.7,0.5,,,0.9,
ST3GAL1,,,,,,,,,,,,0.9,,0.7,,,,,,,,,
ST3GAL2,0.75,,,0.95,0.89,,,0.6,0.85,,0.9,,,,0.8,0.76,0.8,,0.7,0.63,,,
ST3GAL3,,,0.0,,0.37,,0.9,0.5,0.6,,0.7,,,,0.9,,,,0.6,,,,
ST3GAL4,,,,,,,,,,,,0.9,,,,,,,,,,,
ST3GAL5,,,0.0,,0.41,,0.5,0.4,0.8,,0.9,,,,0.6,,,,0.8,0.75,,,
ST3GAL6,,,0.0,,,,0.8,,0.85,,,,0.9,,0.75,0.78,0.9,,,,,0.7,
ST6GAL1,,,,,,,,,,,,0.9,,0.7,,,,,,,,,
ST6GAL2,,,0.9,,0.4,,,,0.6,,0.7,,,,0.8,,0.7,,0.6,0.97,,,0.5
ST6GALNAC1,,,0.0,,0.77,,,0.1,0.8,,0.9,,,,0.7,0.7,,,0.5,,,,
ST6GALNAC2,,,0.0,,0.5,,,,0.75,,0.8,,,,0.85,,0.9,,0.6,0.97,,,
ST6GALNAC3,,,0.0,,0.47,,,0.5,0.56,,0.68,,,,0.9,,,,0.5,,,,
ST6GALNAC4,,,0.0,,0.83,,,,0.8,,0.9,,,,0.8,,0.7,,0.75,,,,
ST6GALNAC5,,,0.19,,0.26,0.23,,0.33,0.67,,0.84,,,,0.5,0.55,,,0.67,,,,
ST6GALNAC6,,,0.0,,0.44,,,,0.73,,0.63,,,,0.9,,,,0.5,,,,
ST7,,,,1.0,0.11,,,,0.6,,0.8,,,,0.6,,,,0.7,,,,
ST7L,,,0.0,,0.6,,0.9,,0.7,,0.85,,,,0.6,,,,0.575,0.72,,,
ST8SIA1,,,,0.6,0.2,,0.4,0.5,0.6,,0.8,,,,0.7,,,,0.5,0.9,,,0.5
ST8SIA2,,,0.07,,0.3,,,,0.9,,0.82,,,,0.75,0.78,0.85,,0.75,0.86,,,
ST8SIA3,,,,0.86,0.13,,,0.73,0.85,,0.57,,,,0.67,0.75,,,0.76,0.91,,,
ST8SIA4,,,0.0,,,,0.5,0.8,0.7,,,,0.9,,0.6,,0.8,,,,0.91,,
ST8SIA5,,,0.0,,0.47,,,0.1,0.8,,0.9,,,,0.6,,,,0.5,0.96,,,
ST8SIA6,,,,,,,,,,,,0.8,,,,,,,,,,,
STAB1,,,0.0,,0.66,,0.7,,0.8,,0.9,,,,0.8,,,,0.8,0.99,,,
STAB2,,,0.0,,,,0.8,0.5,,,,,0.9,,0.8,0.75,,,,,1.0,,
STAC,,,0.0,,0.61,0.4,0.1,0.6,0.7,,0.9,,,,0.6,,,0.8,0.8,0.92,,,
STAC2,0.7,,0.0,,0.6,,,,0.7,,0.9,,,,0.8,,,,0.5,0.92,,,
STAC3,0.8,,0.0,,0.44,,,0.5,0.6,,,,0.9,,0.8,,,,0.5,,1.0,,
STAG1,,,,1.0,0.95,,0.8,,0.75,,0.6,,,,0.75,,,0.8,0.7,0.69,,,
STAG2,0.9,,,1.0,0.02,,,0.6,0.75,,0.8,,,,0.7,,,,0.7,0.65,,,
STAG3,,,0.0,,0.45,,0.5,,0.8,,0.9,,,,0.5,,,,0.7,1.0,,,
STAG3L1,,,0.0,,0.0,,,,0.6,,,,,,,,,,0.5,,,,
STAG3L2,,,0.0,,0.0,,,,0.6,,,,,,,,,,0.5,,,0.8,
STAG3L3,,,0.0,,0.0,,,,0.5,,,,,,,,,,0.5,,,0.0,
STAG3L4,,,0.0,,0.0,,,,0.6,,,,,,,,,,0.5,,,0.3,
STAM,,,,0.84,0.18,,,0.5,0.95,,0.76,,,,0.9,0.75,,,0.54,,,,
STAM2,,,0.0,,,,0.5,0.6,0.8,,,,0.9,,0.7,,,,,,,,
STAMBP,,1.0,0.0,,0.46,,0.5,0.6,0.7,,0.9,,,,0.7,,,,,,,0.5,
STAMBPL1,,,0.0,,0.82,,,0.68,0.73,,0.84,,,,0.8,0.75,,,0.5,,,,
STAP1,,,0.0,,0.62,,,0.5,0.6,,0.9,,,,,0.7,,,0.7,1.0,,,0.7
STAP2,,,0.0,,0.5,,,0.3,0.7,,0.8,,,,,0.7,,0.9,0.6,0.9,,,
STAR,,1.0,0.0,,0.5,,0.5,,0.8,,0.9,,,,0.6,,,,,,,,
STARD10,,,0.0,,,,0.8,0.5,,,,,0.9,,0.7,0.7,0.75,,,,0.91,,
STARD13,,,0.0,,,,0.5,0.6,,,,,0.8,,0.8,,,,,,0.85,,0.6
STARD3,,,0.0,,,,0.8,0.4,0.6,,,,0.7,,0.7,,0.9,,,,,0.5,0.5
STARD3NL,,,0.01,,0.42,,0.7,0.3,0.6,,0.65,,,,0.9,,,,0.5,,,0.56,
STARD4,,,0.0,,0.7,0.6,0.5,,0.7,,0.8,,,,0.8,,,,0.5,0.9,,,
STARD5,,,0.0,,0.74,,,,0.8,,0.9,,,,,,,,0.5,0.88,,,
STARD6,,,0.0,,0.63,,,,0.6,,0.8,,,,0.9,,,,0.5,,,,
STARD7,0.8,,0.5,,0.21,,,0.6,0.8,,0.9,,,,0.8,,,,0.7,,,0.5,
STARD8,,,0.06,,0.27,,,,0.8,,0.88,,,,,0.75,,,0.9,0.85,,,
STARD9,,,0.0,,0.0,,,,0.6,,,,,,0.7,,,,0.5,,,,
STAT1,,1.0,,1.0,0.08,,0.9,0.5,0.7,0.7,0.6,,,,,,,0.8,,0.97,,,
STAT2,,,,,,,,,,,,0.8,,,,,,,,,,,
STAT3,,1.0,,1.0,0.98,,0.9,0.4,0.5,0.7,0.6,,,,,,,0.8,,,,,
STAT4,,,,0.78,0.2,,0.9,0.5,0.7,,0.85,,,,,,,0.8,0.75,0.92,,,
STAT5A,,1.0,,1.0,0.09,,,0.6,0.8,,0.9,,,,0.8,,,0.75,0.7,0.75,,,0.7
STAT5B,,1.0,,1.0,0.89,,0.5,0.4,0.7,,0.9,,,,0.8,,,0.6,,0.66,,,
STAT6,,,,0.99,0.17,,0.95,,0.8,,0.9,,,,0.75,,,0.85,0.75,0.7,,,
STATH,,,0.0,,0.5,,,,0.7,,0.9,,,,0.8,,,,0.2,,,,
STAU1,,,,,,,,,,,,0.7,,,,,,,,,,,
STAU2,,,,0.98,0.14,,,,0.11,,0.176,,,,0.85,0.7,0.75,,0.57,,,0.5,
STBD1,,,,,,,,,,,,0.8,,,,,,,,,,,
STC1,,,,,,,,,,,,0.8,,,,,,,,,,,
STC2,0.6,,,0.66,0.17,,0.1,,0.8,,0.9,,,,0.7,0.75,,,0.302,0.97,,,
STEAP1,,,0.0,,0.71,,,,0.8,,0.9,,,,0.75,,0.4,,0.5,,,,
STEAP1B,,,0.0,,0.75,,,0.2,0.8,,0.9,,,,0.9,,,,0.5,,,,
STEAP2,,,,,,,,,,,,0.8,,0.6,,,,,,,,,
STEAP3,0.8,,0.0,,,,,,,,,,0.9,,0.75,,0.85,,,,0.95,,0.6
STEAP4,,,,,,,,,,,,,,,,,,,,,,,
STH,,,0.0,,0.0,,,,,,0.9,,,,,,,,0.5,,,,
STIL,0.5,1.0,0.12,,0.24,,,,0.75,,,,0.98,,0.7,,,,,,0.97,,
STIM1,,,,,,,,,,,,0.8,,0.6,,,,,,,,,
STIM2,,,,,,,,,,,,0.8,,,,,,,,,,,
STIMATE,,,0.0,,0.0,,,,0.7,,0.8,,,,0.8,0.7,,,0.5,0.69,,,
STIP1,,,,1.0,0.8,,,0.6,0.8,,0.9,,,,0.8,,,0.8,0.7,,,0.5,
STK10,,,0.0,,0.57,,,,0.6,0.5,0.9,,,,0.8,0.75,,0.7,0.5,0.92,,,
STK11,,1.0,,0.99,0.05,,0.6,0.6,0.7,0.5,0.9,,,,,,,0.85,,,,0.7,
STK11IP,,,0.0,,0.61,0.75,,,0.8,,0.9,,,,0.85,,,,0.5,0.72,,,
STK16,,,0.0,,0.53,,,0.5,0.6,0.1,0.8,,,,0.7,,,,0.5,,,0.6,
STK17A,,,,,,,,,,,,0.8,,0.6,,,,,,,,,
STK17B,,,,,,,,,,,,1.0,,0.7,,,,,,,,,
STK24,,,0.22,,0.24,,,,0.8,0.1,0.9,,,,0.75,,,0.75,0.8,,,,
STK25,,,0.03,,0.3,,,0.65,0.7,,0.95,,,,0.6,,,0.9,0.85,,,0.75,
STK26,,,1.0,,1.0,,,,0.8,,0.9,,,,,,,,0.8,0.97,,,
STK3,,,0.0,,0.57,,,,0.7,0.6,0.9,,,,0.8,,,,0.5,,,,
STK31,,,0.0,,0.28,,,,0.6,,0.9,,,,,,,0.7,0.8,,,,0.7
STK32A,,,0.0,,0.54,,,0.1,0.6,,0.75,,,,0.8,,,,0.79,,,,
STK32B,,,0.0,,0.62,,0.5,,0.6,0.7,0.9,,,,0.7,,,0.8,0.5,0.79,,,
STK32C,,,,,,,,,,,,,,,,,,,,,,,
STK33,0.75,,0.0,,,,0.8,,0.7,,,,0.9,,0.6,,,,,,0.96,,
STK35,,,0.49,,0.21,,,0.6,0.7,,0.9,,,,0.6,,,,0.8,,,,
STK36,,1.0,0.0,,0.67,,0.4,0.6,0.7,0.5,0.8,,,,0.6,,,0.9,,0.8,,,
STK38,,,0.8,,,,0.5,,0.6,0.7,0.9,,,,0.7,,,,,0.7,,,0.6
STK38L,,,,0.9,0.16,,,0.4,0.6,0.1,0.8,,,,0.5,,,,0.5,0.87,,,
STK39,,,,,,,,,,,,,,,,,,,,,,,
STK4,,,0.01,,0.3,,,,0.8,0.6,0.7,,,,,0.82,,,0.48,0.82,,,
STK40,,,,0.95,0.8,,,0.6,0.75,,0.85,,,,0.7,,,0.9,0.7,0.8,,,
STKLD1,,,0.0,,0.0,,,,0.6,,0.8,,,,0.7,,,,0.5,,,,
STMN1,,,0.06,,0.41,,,0.8,0.88,,0.95,,,,0.75,,,,0.15,,,,
STMN2,0.7,,,0.98,0.0,,,0.8,0.9,,0.326,,,,0.6,,,,0.179,0.95,,,0.5
STMN3,,,0.07,,0.38,,0.1,0.4,0.7,,0.8,,,,0.6,,,,0.9,0.86,,,
STMN4,,,0.06,,0.35,,,0.8,0.67,,0.85,,,,0.7,,,,0.75,0.89,,,
STMND1,,,0.0,,0.0,,,,0.4,,0.6,,,,,0.4,,,0.5,,,,
STMP1,,,0.0,,0.0,,,,,,,,0.9,,0.8,,,,0.1,,,0.6,
STN1,0.8,,0.0,,,,,0.6,,,,,0.9,,,,0.9,,,,0.6,,
STOM,0.7,,0.0,,0.65,,,,0.8,,0.9,,,,0.6,,0.8,,0.5,,,,
STOML1,,,0.0,,0.93,,,,0.7,,0.9,,,,0.8,,,,0.6,,,0.6,
STOML2,,,0.0,,0.39,0.23,,0.1,0.9,,0.8,,,,0.7,0.6,,,0.5,,,0.49,
STOML3,,,0.0,,0.5,,,,0.7,,0.9,,,,0.8,,,,0.6,,,,
STON1-GTF2A1L,,,0.0,,0.86,,,,0.5,,0.68,,,,,0.5,,,0.5,,,,
STON2,,,0.0,,,,0.8,,0.7,,,,0.9,,0.6,,0.9,,,0.8,,,
STOX1,0.8,,0.0,,,,,,,,,,,,,0.7,0.8,,,,0.9,,
STOX2,0.7,,,1.0,0.8,,0.6,,0.7,,0.8,,,,0.9,,,,0.7,0.76,,,
STPG1,,,0.0,,0.91,,,0.6,0.7,,0.75,,,,,,,,0.5,0.92,,,
STPG2,,,0.0,,0.5,,,0.4,0.6,,0.8,,,,,,,,0.5,0.9,,,
STPG3,,,0.0,,0.0,,,0.5,0.6,,0.8,,,,,0.4,,,0.5,,,,
STPG4,,,1.0,,,,,,0.7,,,,0.9,,,,,,0.5,,,,
STRA6,0.8,,0.0,,0.61,,,,0.7,,0.9,,,,0.75,0.7,,,0.5,0.96,,,
STRA8,,,0.0,,0.46,,,,0.5,,0.7,,,,,0.7,,,0.5,1.0,,,
STRADA,0.8,,0.0,,,,,,,,,,0.9,,0.7,,0.6,,,,,,
STRADB,,,0.0,,0.39,,,0.7,0.85,,0.9,,,,,,,,0.5,,,0.54,0.5
STRAP,,1.0,,0.87,0.15,,,0.7,0.8,,,,0.9,,0.6,0.7,,,,,,0.48,
STRBP,,1.0,,1.0,0.09,,0.5,0.6,0.7,,0.8,,,,0.7,0.8,,,,0.87,,,
STRC,0.8,,0.0,,,,,,,,,,0.7,,0.7,,,,,,0.9,,
STRCP1,,,0.0,,0.0,,,,,,,,,,,,,,0.8,,,,
STRIP1,,,0.0,,0.37,,,,0.7,,0.9,,,,0.7,0.7,,,0.8,0.6,,,
STRIP2,,,0.0,,0.67,,,0.7,0.6,,0.8,,,,0.75,0.7,,,0.5,0.93,,,
STRN,,,,,,,,,,,,0.8,,,,,,,,,,,
STRN3,,,,,,,,,,,,0.85,,0.75,,,,,,,,,
STRN4,,,,0.95,0.8,,,,0.85,,0.9,,,,0.9,,,,0.6,,,0.7,
STS,0.8,,,0.77,0.15,,,0.7,0.75,0.6,0.85,,,,,,0.9,,0.58,0.73,,,0.65
STT3A,0.5,,0.0,,0.32,,,,0.8,,0.68,,,,0.75,0.65,0.9,,0.7,0.71,,,
STT3B,,,,,,,,,,,,0.8,,0.6,,,,,,,,,
STUB1,0.8,,0.02,,0.34,,,0.5,0.85,,,,0.9,,,0.75,,,,,,0.6,
STUM,,,0.0,,0.0,,,,0.7,,0.9,,,,0.8,0.6,,,0.5,,,,
STX10,,,0.0,,0.93,,,,0.8,,0.9,,,,0.8,0.65,,,0.5,,,0.5,
STX11,0.8,,0.0,,0.68,,,0.75,0.7,,0.9,,,,0.6,,,,0.5,0.93,,,
STX12,,,,0.96,0.89,,,0.8,0.7,,0.85,,,,0.8,0.75,,,0.69,,,0.54,
STX16,,,,,,,,,,,,0.8,,,,,,,,,,,
STX17,,,,,,,,,,,,0.8,,,,,,,,,,,
STX18,,,0.0,,,,0.8,0.6,,,,,0.9,,0.9,,0.8,,,,,0.7,
STX19,,,0.0,,0.5,,,0.7,0.8,,0.9,,,,0.7,,,,0.6,0.9,,,
STX1A,,,,,,,,,,,,1.0,,,,,,,,,,,
STX1B,0.8,,,0.98,0.06,,,0.5,0.75,,,,0.87,,0.6,,,,0.72,0.95,,,
STX2,,,0.0,,0.69,,0.4,,0.6,,0.7,,,,0.6,0.65,,,0.5,0.72,,,
STX3,,,0.7,,0.5,,,0.6,0.7,,0.9,,,,0.7,,,,0.6,,,,
STX4,,,0.0,,0.67,,,,,,,,,,,,,,,,,,
STX5,,,,,,,,,,,,0.85,,,,,,,,,,,
STX6,,,0.9,,,,0.8,0.7,0.75,,,,0.85,,0.8,0.78,0.9,,,,,0.6,
STX7,,,0.0,,0.61,,0.8,0.85,0.7,,0.9,,,,0.8,,,,0.5,,,0.6,
STX8,,,0.0,,0.79,,,,0.8,,0.9,,,,0.6,,,,0.5,,,,
STXBP1,,,,1.0,0.0,,,,,,,,,,,,,,,,,,
STXBP2,0.8,,0.0,,,,,,,,,,0.9,,0.7,,0.9,,,,0.87,,
STXBP3,,,,,,,,,,,,,,,,,,,,,,,
STXBP4,,,,,,,,,,,,0.9,,,,,,,,,,,
STXBP5,,,,,,,,,,,,0.8,,,,,,,,,,,
STXBP5L,,,,,,,,,,,,0.9,,0.7,,,,,,,,,
STXBP6,,,,,,,,,,,,0.8,,,,,,,,,,,
STYK1,,,0.0,,0.79,,,0.6,0.7,,0.9,,,,,0.7,,,0.8,0.91,,,
STYX,,,0.37,,0.23,,,0.1,0.5,,0.72,,,,0.8,0.55,,,0.5,0.64,,,
STYXL1,,,0.0,,,,,,,,,,0.8,,0.8,0.6,0.7,,,,,,
SUB1,,,,0.89,0.0,,,,0.7,,0.173,,,,0.6,,,,0.127,,,0.52,
SUCLG1,0.8,,0.0,,,,,0.6,,,,,0.9,,0.7,0.7,0.85,,,,,,
SUCLG2,,,0.0,,,,0.8,0.6,0.7,,,,0.9,,0.8,0.7,0.9,,,0.7,,,
SUCNR1,,,0.0,,0.62,,0.5,,0.7,0.8,0.9,,,,,,,,0.5,,,,
SUCO,,,,0.97,0.19,,,,0.6,,,,0.8,,0.7,,,,0.75,,,,
SUDS3,,1.0,,0.65,0.19,,,0.2,0.76,,,,0.89,,0.8,,,,0.5,,,0.55,
SUFU,,1.0,,1.0,0.0,,0.8,0.4,0.5,,0.6,,,,,0.75,,,,0.7,,,
SUGCT,0.8,,0.0,,,,,,,,,,0.9,,0.75,,0.85,,,,0.95,,
SUGP1,,,,0.99,0.12,,,0.6,0.8,,0.9,,,,0.7,0.75,,,0.7,,,0.5,
SUGP2,,,,1.0,0.93,,,,0.8,,0.9,,,,0.8,,,,0.7,0.64,,,
SUGT1,,,0.46,,0.22,0.3995,,,0.15,,0.183,,,,0.7,0.65,,,0.365,,,,0.5
SULF1,,,0.0,,0.31,,0.5,,0.7,,0.9,,,,0.8,,,,0.8,0.93,,,
SULF2,,0.8,0.9,,,,,,,,,,0.9,,0.8,0.82,0.9,,0.7,,0.85,,
SULT1A1,,,0.0,,0.5,,0.8,0.5,0.85,,0.9,,,,,,,,0.6,,,,
SULT1A2,,,0.0,,0.5,,,0.5,0.6,,0.8,,,,0.6,,,0.9,0.7,,,,
SULT1A3,,,0.36,,0.0,,,,0.9,,0.8,,,,0.7,0.7,,,0.5,,,,
SULT1B1,,,0.0,,0.82,0.61,,,0.9,,0.8,,,,0.6,0.7,,,0.5,,,,
SULT1C2,,,0.0,,0.88,,0.1,0.4,0.6,,0.7,,,,0.5,,,,0.5,,,,0.5
SULT1C3,,,0.0,,0.5,0.95,,,0.6,,0.8,,,,0.6,,,0.9,0.7,1.0,,,
SULT1C4,,,0.8,,0.7,,,,0.8,,0.9,,,,0.6,,,,0.6,,,,
SULT1E1,,,0.0,,0.78,,,,0.85,,0.9,,,,,,,,0.5,,,,
SULT2A1,,,0.0,,0.7,,0.9,,0.7,,0.8,,,,0.7,0.75,,,0.6,,,,
SULT2B1,,,0.41,,0.22,,0.1,,0.8,,0.9,,,,0.6,,,0.7,0.73,0.97,,,
SULT4A1,,,,0.97,0.07,,,0.4,0.67,,0.86,,,,0.5,,,,0.71,,,,
SULT6B1,,,0.0,,0.7,,,,0.6,,0.8,,,,,,,,0.5,1.0,,,
SUMF1,1.0,1.0,0.0,,0.69,,,,0.8,,,,,,0.8,,,,,,,,
SUMF2,,,,,,,,,,,,0.8,,0.5,,,,,,,,,
SUMO1,,,,,,,,,,,,0.8,,0.6,,,,,,,,,
SUMO2,,,,0.87,0.0,,,0.75,0.88,,0.99,,,,0.8,,,,0.95,,,,0.6
SUMO3,,,,,,,,,,,,,,,,,,,,,,,
SUMO4,0.7,,0.0,,0.0,,,,0.8,,,,0.9,,0.6,,0.8,,0.5,0.8,,,
SUN1,,,0.0,,0.38,,,0.6,0.8,,0.9,,,,0.7,0.65,,,0.7,,,,
SUN2,,,0.0,,,,0.8,0.6,0.7,,,,0.9,,,,,,,,0.72,,
SUN3,,,0.0,,0.94,,,,0.6,,0.8,,,,0.8,,,,0.5,1.0,,,
SUN5,0.8,,0.0,,0.82,,,,0.6,,0.9,,,,0.7,,,,0.5,1.0,,,
SUOX,,,0.0,,0.72,,0.6,0.5,0.7,,0.9,,,,0.8,,,,0.5,,,0.6,
SUPT16H,,,,1.0,0.95,,,,0.85,,0.9,,,,0.8,0.82,,,0.7,,,,
SUPT20H,,,0.0,,0.58,,,0.7,0.8,,0.9,,,,0.9,,,,0.5,,,,
SUPT20HL1,,,0.0,,0.0,,,,0.6,,,,,,,0.5,,,0.5,,,0.4,
SUPT20HL2,,,0.0,,0.0,,,,0.6,,,,,,0.8,,,,0.5,,,0.4,
SUPT3H,,,0.0,,0.81,,0.9,,0.7,,0.8,,,,0.6,,,,0.5,0.72,,,
SUPT4H1,,,0.0,,0.67,,,0.1,0.8,,0.92,,,,0.6,,,,0.5,,,0.48,
SUPT5H,,,,1.0,0.98,,,,0.6,,0.7,,,,,,,,0.8,,,0.5,
SUPT6H,,,,1.0,0.02,,,,0.7,,0.9,,,,0.7,0.85,,,0.8,,,0.5,
SUPT7L,,,,,,,,,,,,,,,,,,,,,,,
SUPV3L1,,0.9,0.7,,,,0.6,0.6,0.7,,,,0.8,,0.7,0.75,,,,,,0.8,
SURF1,1.0,1.0,0.0,,0.5,,,0.2,0.7,,0.8,,,,0.5,,,,,,,0.6,
SURF2,,,,,,,,,,,,1.0,,,,,,,,,,,
SURF4,0.7,,,0.61,0.17,,,,0.73,,0.96,,,,0.8,,,,0.54,,,,
SURF6,,,0.0,,,,0.8,,0.7,,,,0.9,,0.8,,0.7,,,,,0.6,
SUSD1,,,0.0,,0.66,,,,0.8,,0.7,,,,0.85,,,,0.5,0.63,,,
SUSD2,,,0.0,,,,0.5,,,,,,0.9,,0.8,,,,,,0.91,,
SUSD3,,,0.0,,0.65,,,0.7,0.8,,0.9,,,,0.8,,,,0.5,,,,
SUSD4,,,0.0,,0.42,,,0.6,0.7,,0.9,,,,0.9,,0.8,,0.5,,,,
SUSD5,,,0.0,,,,0.5,,0.7,,,,0.8,,0.7,0.6,,,,1.0,,,
SUSD6,,,0.0,,0.0,,,0.5,0.6,,0.8,,,,0.7,,,,0.5,0.7,,,
SUV39H1,,,,0.99,0.0,,,0.6,0.7,0.1,0.9,,,,,,,,0.85,,,0.6,
SUV39H2,,,,,,,,,,,,,,,,,,,,,,,
SUZ12,,1.0,,1.0,0.03,,0.5,0.6,0.7,,0.9,,,,0.7,0.75,,,,,,,
SV2A,,,,,,,,,,,,1.0,,0.7,,,,,,,,,
SV2B,,,,,,,,,,,,0.9,,0.7,,,,,,,,,
SV2C,,,0.0,,,,0.5,0.5,0.6,,,,0.85,,0.7,0.65,,,,0.94,,,
SVBP,0.7,,0.0,,,,,,,,,,0.9,,0.9,,0.8,,,,,,
SVEP1,,,,,,,,,,,,0.9,,0.7,,,,,,,,,
SVIL,,,0.0,,,,0.8,,0.6,,,,0.9,,0.7,0.7,0.8,,,0.9,,,
SVIP,,,0.0,,0.87,,,,0.8,,0.5,,,,0.75,0.65,,,0.1,0.7,,,
SVOP,,,,,,,,,,,,0.8,,0.6,,,,,,,,,
SVOPL,,,,,,,,,,,,0.8,,0.7,,,,,,,,,
SWAP70,,,0.8,,,,0.9,,,,,,0.95,,0.9,0.85,0.9,,,,0.7,,
SWI5,,,0.0,,,,0.5,,,,,,0.9,,,,,,,,0.8,,
SWSAP1,,,0.0,,0.72,,,0.5,0.6,,0.9,,,,,,,0.8,0.5,0.68,,,
SWT1,,,,1.0,0.89,,,,0.7,,0.54,,,,0.5,,,,0.9,0.96,,,
SYAP1,,,,0.94,0.07,,,0.1,0.85,,1.0,,,,0.9,,,,0.7,,,0.48,
SYBU,,,0.0,,0.43,,,0.75,0.87,,0.9,,,,0.7,,,,0.8,0.87,,,
SYCE1,0.8,,0.1,,,,,,,,,,,,,,,,,,0.95,,0.6
SYCE1L,,,0.0,,0.8,0.9,,,0.6,,0.9,,,,,,,,0.7,,,,
SYCE2,,,0.27,,0.25,,0.1,0.1,0.18,,0.68,,,,0.5,,,,0.54,1.0,,,
SYCE3,,,0.0,,,,,,,,,,,,,,,,,,,,
SYCN,,,0.0,,0.5,,,0.5,0.6,,0.8,,,,0.7,,,,0.6,,,,
SYCP1,,,,1.0,0.93,,,0.2,0.8,,0.9,,,,0.5,,,,0.7,1.0,,,
SYCP2,0.7,,,1.0,0.09,,,,0.8,,,,0.9,,0.75,,,,0.8,,1.0,,
SYCP2L,,,0.0,,0.76,,0.7,,0.5,,0.6,,,,,0.75,,,0.5,0.89,,,
SYCP3,0.8,,0.0,,,,,0.6,,,,,0.9,,0.7,0.7,,,,1.0,,,
SYDE1,0.8,,,0.67,0.2,,,0.7,0.85,,0.92,,,,0.9,,,,0.75,0.8,,,
SYDE2,,,0.0,,0.74,,,,0.9,,0.8,,,,0.9,,,0.7,0.5,,,,
SYF2,,,0.9,,,,0.8,0.7,0.75,,,,0.85,,0.7,0.75,0.8,,,0.65,,,
SYK,,1.0,,1.0,0.94,,0.8,,0.85,0.9,0.95,,,,,,,0.9,,0.91,,,
SYMPK,,,,,,,,,,,,,,,,,,,,,,,
SYN1,0.8,,,0.99,0.06,,,,0.75,,,,0.9,,0.7,,,,0.85,0.92,,,
SYN2,0.8,,0.0,,,,,,,,,,,,0.7,,,,,,,0.6,
SYN3,,,0.0,,,,0.9,,,,,,0.8,,0.8,0.75,,,,0.9,,,
SYNC,,,0.0,,0.52,,,0.75,0.67,,,,0.87,,0.8,0.75,,,0.8,,0.91,,
SYNCRIP,,,,1.0,0.93,,,0.85,0.8,,0.9,,,,,,,,0.75,,,,0.7
SYNDIG1,,,0.34,,0.23,,,,0.6,,0.6,,,,0.8,,,,0.51,,,,
SYNDIG1L,,,0.01,,0.57,0.8199,,,0.4,,0.6,,,,0.8,0.7,,,0.238,0.99,,,
SYNE1,,0.9,0.0,,0.36,,0.6,,0.5,,0.7,,,,0.7,0.65,0.85,,,0.79,,,
SYNE2,,,0.0,,0.31,,0.8,,0.75,,0.85,,,,0.8,0.75,,,0.9,0.72,,,
SYNE3,,,0.0,,0.83,,,,0.8,,0.85,,,,0.7,,,,0.75,,,,
SYNE4,0.8,,0.0,,0.88,,,0.6,0.7,,,,0.9,,0.8,,,,0.5,0.94,,,
SYNGAP1,0.8,1.0,,1.0,0.0,,,,0.6,,,,0.7,,0.8,,0.9,,0.5,,0.7,,0.6
SYNGR1,,,,,,,,,,,,0.8,,,,,,,,,,,
SYNGR2,,,0.0,,0.83,,,,0.6,,0.9,,,,0.8,,,,0.5,0.73,,,0.5
SYNGR3,,,,0.52,0.16,,,,0.6,,0.89,,,,0.8,0.65,,,0.5,0.91,,,
SYNGR4,,,0.0,,0.5,0.8,,,0.7,,0.9,,,,0.7,0.6,,,0.6,1.0,,,
SYNJ1,0.5,1.0,,0.89,0.21,,,,0.93,,,,0.93,,0.75,,,,0.79,,0.72,,
SYNJ2,,,0.0,,0.52,,0.9,,0.75,,0.7,,,,0.9,,0.85,,0.6,0.97,,,
SYNJ2BP,,,,0.53,0.16,,,0.75,0.6,,0.54,,,,0.8,,,,0.73,,,,
SYNM,,,,,,,,,,,,0.8,,,,,,,,,,,
SYNPO,,,,,,,,,,,,0.9,,,,,,,,,,,
SYNPO2,,,0.0,,0.41,,0.6,,0.5,,0.7,,,,,,,,0.8,0.93,,,
SYNPO2L,,,0.0,,0.68,,0.6,,0.5,,0.7,,,,0.8,,,,0.5,0.99,,,
SYNPR,,,0.0,,0.45,,,0.1,0.7,,0.8,,,,0.6,,,,0.5,0.94,,,
SYNRG,,,,,,,,,,,,0.8,,,,,,,,,,,
SYP,0.8,,,0.9,0.09,,,0.6,0.7,,0.9,,,,0.7,,,,0.5,0.93,,,
SYPL1,,,0.8,,0.36,,,0.5,0.6,,0.9,,,,0.7,,,,0.5,,,,
SYPL2,,,0.0,,0.69,,0.75,0.7,0.5,,0.6,,,,0.8,,,,0.5,1.0,,,
SYS1,,,,,,,,,,,,0.8,,,,,,,,,,,
SYT1,,,,,,,,,,,,1.0,,0.7,,,,,,,,,
SYT10,,,0.0,,,,0.9,,,,,,0.8,,0.7,0.75,0.85,,,,0.95,,
SYT11,,,,,,,,,,,,0.8,,,,,,,,,,,
SYT12,,,0.0,,0.59,,,0.6,0.7,,0.9,,,,0.8,,0.8,,0.5,0.96,,,0.7
SYT13,,,,0.68,0.18,,,,0.75,,0.96,,,,0.9,0.78,0.8,,0.85,,,,
SYT14,0.8,,,0.96,0.15,,,,0.8,,,,0.9,,0.8,,,,0.55,,0.91,,
SYT14P1,,,1.0,,1.0,,,,0.8,,,,,,,,,,0.5,,,,
SYT15,,,0.0,,0.5,,,,0.6,,0.9,,,,,0.7,,0.8,0.7,0.65,,,
SYT16,,,0.0,,0.47,,0.1,0.5,0.4,,0.9,,,,0.5,0.5,,0.7,0.8,0.96,,,
SYT17,,,0.0,,,,0.5,0.6,0.7,,,,0.8,,0.8,,,,,,,,
SYT2,0.8,1.0,,0.98,0.06,,,,,,,,0.9,,0.7,,0.9,,0.6,,1.0,,0.5
SYT3,,,,,,,,,,,,1.0,,,,,,,,,,,
SYT4,,,,,,,,,,,,0.8,,,,,,,,,,,
SYT5,,1.0,0.0,,,,,0.6,,,,,0.9,,0.75,0.78,0.85,,0.7,,0.91,,
SYT6,,,0.9,,0.43,,,0.5,0.7,,0.8,,,,0.8,,,,0.6,0.91,,,0.6
SYT7,,,,0.95,0.89,,,,0.8,,0.9,,,,,,,,0.75,,,,
SYT8,,,0.0,,0.7,,,,0.8,,0.9,,,,0.8,,,,0.8,,,,
SYT9,,,,,,,,,,,,0.8,,,,,,,,,,,
SYTL1,,,0.0,,0.71,0.34,,0.1,0.7,,0.89,,,,0.8,,,,0.8,0.89,,,
SYTL2,,,,,,,,,,,,0.8,,0.5,,,,,,,,,
SYTL3,,,0.0,,0.94,0.84,0.1,,0.6,,0.7,,,,0.7,,,0.8,0.5,0.95,,,
SYTL4,,,0.01,,0.32,,,,0.75,,1.0,,,,0.5,0.65,0.8,,0.671,,,,
SYTL5,,,0.0,,0.4,,,0.5,0.8,,0.9,,,,0.8,,,0.6,0.7,0.93,,,0.7
SYVN1,,1.0,,1.0,0.04,,0.5,,0.8,,0.9,,,,0.8,,,0.9,0.7,0.63,,,
SZRD1,,,,,,,,,,,,,,,,,,,,,,,
SZT2,0.5,1.0,0.0,,,,,,,,,,0.8,,0.5,,,,,,,,
TAAR1,,,0.0,,0.78,,,,0.7,0.9,0.8,,,,,,,,0.5,1.0,,,
TAAR2,,,0.0,,0.5,0.7,,,0.9,,0.8,,,,0.7,,,0.9,0.6,,,,
TAAR3P,,,1.0,,1.0,,,,0.8,,,,,,,,,,0.5,,,,
TAAR5,,,,,,,,,,,,0.9,,0.6,,,,,,,,,
TAAR6,,,0.8,,0.6,,,,0.8,,0.9,,,,0.8,0.75,,0.9,0.7,1.0,,,
TAAR8,,,0.0,,0.78,,,,0.7,,0.9,,,,0.8,,,0.8,0.5,,,0.0,
TAAR9,,,,,,,,,,,,,,,,,,,,,,,
TAB1,,,,,,,,,,,,0.8,,0.6,,,,,,,,,
TAB2,,1.0,,1.0,0.0,,0.5,0.5,0.6,,0.7,,,,0.8,,,,,,,0.7,
TAB3,,,,0.59,0.2,,,0.4,0.8,,0.93,,,,0.85,,,,0.71,0.63,,,
TAC1,,,,0.75,0.11,,,0.2,0.8,,0.9,,,,0.9,0.78,,,0.1,,,,
TAC3,0.7,,0.9,,,,,,,,,,0.8,,0.7,0.75,0.8,,,,0.9,,
TAC4,,,0.0,,0.92,,,,0.8,,0.9,,,,0.8,,,,0.5,,,,
TACC1,,,0.0,,0.37,,,0.6,0.8,,0.9,,,,0.8,,,,0.8,0.77,,,
TACC2,,,0.0,,,,0.8,,,,,,0.9,,0.7,,,,,,0.79,,
TACC3,,1.0,0.0,,0.47,,,,0.7,,0.9,,,,0.6,,,,0.6,0.97,,,
TACO1,0.8,,0.9,,,,,,,,,,,,,,,,,,,,
TACR1,,,0.0,,,,0.8,0.75,0.6,0.9,0.7,,,,0.9,,0.85,,,0.89,,,
TACR2,,,0.0,,0.58,,,0.2,0.75,0.85,0.9,,,,0.8,,,,0.8,0.97,,,
TACR3,,,0.0,,0.5,,0.6,0.7,0.6,0.9,0.8,,,,0.8,,,,0.7,,,,
TACSTD2,0.8,,0.0,,,,,,0.7,,,,0.9,,0.6,,,,,,0.96,,
TADA1,0.9,,0.1,,0.3,,,0.6,0.7,,0.8,,,,0.8,,0.7,,0.5,,,0.5,
TADA2A,,,0.0,,0.57,,,,0.7,,,,,,,,,,0.5,,,0.0,
TADA2B,,,,0.74,0.15,,,0.7,0.75,,0.9,,,,0.8,,,,0.84,,,0.6,
TADA3,,,0.0,,0.51,,,0.85,0.75,,0.9,,,,0.8,,,,0.6,,,,0.6
TAF1,0.8,,,1.0,0.0,,,,0.7,,,,0.9,,,,,,0.7,0.65,,,
TAF10,,,,,,,,,,,,,,,,,,,,,,,
TAF11,,,,,,,,,,,,,,,,,,,,,,,
TAF12,,,,0.96,0.0,,,0.7,0.6,,0.8,,,,0.7,0.75,,,0.5,,,0.48,
TAF13,0.6,,0.8,,,,,,,,,,0.9,,0.7,0.7,,,,,,,
TAF15,,,0.22,,0.24,0.13,,0.6,0.8,,0.97,,,,0.9,,,,0.59,,,0.0,0.7
TAF1A,,,,,,,,,,,,,,0.7,,,,,,,,,
TAF1B,,,0.0,,0.69,,0.2,0.5,0.7,,0.9,,,,0.6,,,,0.8,0.62,,,
TAF1C,,,0.0,,0.99,,,0.7,0.8,,0.9,,,,0.8,,,,0.75,0.7,,,
TAF1D,,,0.0,,0.79,,,0.6,0.8,,0.9,,,,0.9,,,,0.5,0.63,,,
TAF1L,,,,0.94,0.19,,,,0.75,,,,0.86,,0.6,,,,0.82,,,0.0,
TAF2,,,0.8,,,,0.6,,0.75,,0.9,,,,0.7,0.75,,,0.5,0.65,,,
TAF3,,,,1.0,0.03,,,,0.6,,0.7,,,,0.6,0.75,,,0.8,,,0.5,
TAF4,,1.0,,1.0,0.0,0.0,0.5,,0.7,,0.8,,,,0.6,,,,,0.65,,,
TAF4B,0.5,,0.21,,0.24,,,,0.6,,,,0.8,,0.7,,,,0.86,0.73,,,
TAF5,,,,,,,,,,,,,,,,,,,,,,,
TAF5L,,,,1.0,0.04,,,0.5,0.6,,0.8,,,,0.7,,,0.9,0.7,,,,
TAF6,0.8,1.0,0.0,,,,,,,,,,0.9,,0.75,0.75,,,,,,,
TAF6L,,,0.25,,0.24,,,0.87,0.92,,0.73,,,,0.9,0.75,,,0.62,,,0.5,
TAF7,,,,,,,,,,,,,,,,,,,,,,,
TAF7L,,,,0.98,0.06,,,0.75,0.85,,0.82,,,,,0.76,0.8,,0.5,,1.0,,0.7
TAF8,,1.0,0.0,,,,,0.7,0.6,,0.8,,,,0.8,,,,0.5,,,0.5,
TAF9,,,0.0,,0.5,,,,0.9,,0.8,,,,0.8,,,,0.6,,,0.9,
TAF9B,,,0.0,,,,0.5,,,,,,0.8,,0.9,0.6,,,,,,,
TAGAP,0.8,,,0.86,0.13,,0.93,0.75,0.8,,0.87,,,,,,,,0.73,0.96,,,
TAGLN,,,0.07,,0.37,,,,0.75,,0.9,,,,,,,,0.8,0.94,,,
TAGLN2,,,0.9,,,,0.8,0.4,0.6,,,,0.7,,,0.65,,,,0.8,,,
TAGLN3,,,0.15,,0.3,,,,0.75,,0.9,,,,0.9,,,,0.8,,,,
TAL1,,1.0,,0.6,0.15,,0.8,,0.6,,0.7,,,,0.7,,,0.8,,0.9,,,
TAL2,0.7,0.8,0.5,,,,,,,,,,0.9,,,0.7,,,,,0.95,,
TALDO1,0.8,,0.0,,,,,0.6,,,,,0.9,,0.7,,,,,,,,
TAMM41,0.7,,0.0,,0.64,,,,0.7,,0.9,,,,0.6,,,,0.5,0.64,,,
TANC1,,,0.0,,,,0.8,,,,,,0.9,,0.6,,,,,,0.75,,
TANC2,,1.0,,1.0,0.09,,0.8,,0.6,,0.7,,,,0.7,,,0.8,0.5,0.75,,,
TANGO2,,,0.0,,,,0.8,0.4,0.5,,0.6,,,,0.7,0.5,0.6,,,,,0.5,
TANGO6,,,0.0,,0.6,,,,0.7,,0.9,,,,0.9,,,0.6,0.8,,,0.5,
TANK,,,,0.85,0.15,,0.75,,0.7,,0.9,,,,0.8,0.75,,,0.85,,,0.57,
TAOK1,,,,,,,,,,,,,,,,,,,,,,,
TAOK2,,,,1.0,0.9,,,,0.8,,0.9,,,,0.8,0.85,,,0.8,,,,
TAOK3,,,,1.0,0.87,,0.5,,0.75,0.67,0.8,,,,0.8,,,,,,,0.6,
TAP1,0.7,,0.1,,,,,,,,,,0.75,,,,,,,,,,
TAP2,,,0.0,,0.56,0.95,0.6,0.5,0.75,0.9,0.85,,,,,,,,0.8,0.77,,,
TAPBP,,,0.0,,0.77,0.63,0.5,,0.8,,0.9,,,,0.8,,,0.9,0.5,0.63,,,
TAPBPL,,,,,,,,,,,,1.0,,0.6,,,,,,,,,
TAPT1,,,,,,,,,,,,1.0,,0.5,,,,,,,,,
TARBP1,,,,,,,,,,,,,,0.7,,,,,,,,,
TARBP2,,1.0,0.38,,0.22,,,,0.8,,0.9,,,,0.8,,,,0.5,0.73,,,0.7
TARDBP,,0.9,,0.9,0.8,,0.6,0.5,0.6,,0.7,,,,0.7,,,,,,,,
TARM1,,,1.0,,1.0,,,,0.7,,0.9,,,,0.9,0.8,,,0.5,,,,
TARS2,,,0.0,,,,0.5,,0.6,,0.8,,,,0.7,,,,,,,0.5,
TAS1R1,,,0.0,,0.77,,,,0.7,,0.9,,,,0.75,0.7,,,0.8,1.0,,,
TAS1R2,,,0.0,,0.97,,,,0.7,,0.9,,,,0.75,0.7,,,0.8,,,,
TAS1R3,,,0.0,,0.5,,,0.4,0.9,,0.8,,,,0.7,,,,0.6,,,,
TAS2R1,,,,,,,,,,,,0.8,,0.6,,,,,,,,,
TAS2R10,,,1.0,,1.0,,,,0.8,,0.9,,,,0.6,0.6,,,0.5,0.8,,,
TAS2R13,,,1.0,,1.0,,,,0.7,,0.8,,,,0.6,0.7,,,0.5,0.8,,,
TAS2R14,,,,,,,,,,,,,,,,,,,,,,,
TAS2R16,0.5,,1.0,,1.0,,,,0.7,,0.8,,,,0.6,,,,0.5,1.0,,,
TAS2R19,,,1.0,,1.0,,,,0.7,,0.8,,,,0.8,0.85,,,0.5,0.9,,,
TAS2R20,,,,,,,,,,,,1.0,,,,,,,,,,,
TAS2R3,,,0.0,,0.93,,,,0.7,,0.86,,,,0.7,,,,0.5,0.86,,,
TAS2R30,,,0.0,,0.0,,,,0.7,,0.8,,,,0.7,,,,0.5,,,,
TAS2R31,,,,,,,,,,,,0.5,,0.4,,,,,,,,,
TAS2R38,,,,,,,,,,,,0.8,,,,,,,,,,,
TAS2R39,,,0.0,,0.5,0.9,,,0.6,,0.8,,,,0.8,0.6,,,0.7,1.0,,,
TAS2R4,,,0.0,,0.5,,,,0.7,,0.8,,,,0.7,0.6,0.8,,0.6,0.9,,,
TAS2R40,0.4,,0.8,,,,,,,,,,0.85,,,0.7,0.9,,,,0.99,,
TAS2R41,,,,,,,,,,,,0.8,,0.5,,,,,,,,,
TAS2R42,,,0.0,,0.0,,,,0.9,,,,0.95,,0.7,,,,0.8,0.96,,,
TAS2R43,,,0.0,,0.0,,,,0.7,,0.9,,,,0.6,0.65,,,0.5,0.82,,,
TAS2R45,0.1,,0.0,,,,,,,,,,,,,,0.7,,,,,,
TAS2R46,,,,,,,,,,,,0.9,,0.6,,,,,,,,,
TAS2R5,,,0.0,,0.78,,,,0.8,,0.9,,,,0.7,,,,0.5,0.8,,,
TAS2R50,,,0.0,,0.0,,,,0.6,,0.7,,,,0.7,0.65,,,0.5,0.85,,,
TAS2R60,,,0.0,,0.0,,,,0.55,,0.75,,,,0.8,0.5,,,0.5,0.95,,,
TAS2R7,,,0.7,,0.5,,,0.6,0.7,,0.8,,,,0.7,,,0.9,0.6,,,0.4,
TAS2R8,,,,,,,,,,,,0.7,,,,,,,,,,,
TAS2R9,,,0.0,,0.0,,,,0.73,,,,0.83,,0.5,,0.8,,0.5,,1.0,,
TASP1,,,,,,,,,,,,0.8,,0.6,,,,,,,,,
TAT,,,0.0,,0.36,,0.8,0.2,0.6,,0.7,,,,,,,,0.5,1.0,,,
TATDN1,,,0.0,,0.5,,,,0.8,,0.9,,,,0.8,,,,0.5,,,0.6,
TATDN2,,,0.8,,0.6,,,,0.7,,0.9,,,,0.5,,,,0.5,,,0.6,
TATDN3,,,0.0,,0.73,,,,0.7,,0.8,,,,0.8,,,,0.5,,,0.6,
TAX1BP1,,1.0,0.0,,0.42,,0.1,,0.6,,0.8,,,,0.5,,,,,,,0.5,
TAX1BP3,,,0.9,,,,,,,,,,,,,0.72,,,,,,,
TBATA,,,0.0,,0.96,,,,0.6,,0.88,,,,,,,0.8,0.5,1.0,,,0.6
TBC1D1,,,0.0,,0.52,,0.6,,0.9,,0.7,,,,0.8,,,,0.8,,,,
TBC1D10A,,,0.9,,0.7,,,,,,,,0.95,,0.9,,,,0.6,,,,
TBC1D10B,,,,1.0,0.04,,,,0.8,,0.9,,,,0.8,0.78,,,0.7,,,0.6,
TBC1D10C,,,,,,,,,,,,1.0,,,,,,,,,,,
TBC1D12,,,0.0,,,,0.5,,,,,,0.8,,0.8,,0.7,,,,0.9,,
TBC1D13,,,0.0,,0.37,,,,0.7,,0.9,,,,0.6,,,,0.8,,,0.5,
TBC1D14,,,0.9,,0.3,0.8,0.6,0.8,0.7,,0.75,,,,0.9,,,,0.7,,,0.6,
TBC1D15,,,0.94,,0.26,,,0.6,0.68,,0.72,,,,0.6,0.65,,,0.5,,,0.54,
TBC1D16,,,0.0,,,,0.75,,,,,,0.5,,0.9,,0.8,,,,0.68,,
TBC1D17,,,0.0,,0.93,,,,0.6,,0.7,,,,0.9,0.65,,,0.5,,,0.5,
TBC1D19,,,0.0,,0.67,0.85,,,0.6,,0.78,,,,0.9,0.7,,,0.75,,,,
TBC1D2,,,0.0,,,,0.5,,,,,,0.8,,0.6,0.6,0.7,,,,0.8,,
TBC1D20,0.85,,,0.93,0.12,,,,,,,,0.9,,0.8,,,,0.7,,,,
TBC1D21,,,0.0,,,,0.1,0.3,,,,,0.8,,,,,,,,0.9,,
TBC1D22A,,,0.47,,0.22,,,0.8,0.7,,0.85,,,,0.9,,,,0.75,,,0.53,
TBC1D22B,,,0.12,,0.26,,,0.8,0.7,,0.85,,,,0.9,,,,0.75,,,0.55,
TBC1D23,0.8,,0.0,,,,,,,,,,0.7,,0.8,,0.9,,,,0.6,,
TBC1D24,0.8,,0.0,,0.73,,,,0.85,,0.9,,,,0.8,,,,0.5,0.85,,,0.7
TBC1D25,,,0.41,,0.22,0.57,,0.5,0.67,,0.75,,,,0.9,,,,0.68,,,0.54,
TBC1D26,,,0.0,,0.62,,,,0.6,,0.8,,,,,,,,0.5,,,,
TBC1D28,,,0.0,,0.5,,,0.5,0.7,,0.8,,,,,,,,0.6,1.0,,,
TBC1D2B,,,0.0,,0.47,,,0.4,0.6,,,,0.8,,0.7,,,,0.5,,,,
TBC1D3,,,0.49,,0.0,,,,0.7,,0.9,,,,0.8,,,,0.8,,,0.2,
TBC1D30,,,0.0,,0.0,,,,0.6,,0.8,,,,0.9,,,,0.5,0.84,,,
TBC1D31,,,0.0,,0.66,,,,0.7,,0.9,,,,0.6,,,,0.8,,,,
TBC1D32,,,0.0,,0.71,,,,0.6,,0.9,,,,0.9,,0.8,,0.8,,,,0.5
TBC1D3B,,,0.21,,0.35,,,,0.5,,,,0.75,,0.7,,,,0.5,,,0.0,
TBC1D3D,,,0.0,,0.0,,,,0.7,,,,,,,,,0.6,0.5,,,,
TBC1D3E,,,1.0,,1.0,,,,0.6,,0.7,,,,,,,,0.8,,,0.5,
TBC1D3F,,,0.0,,0.4,,,,0.5,,,,,,,0.6,,,0.5,,,,
TBC1D3G,,,1.0,,1.0,,,,0.7,,,,0.8,,0.8,,,,0.8,,,0.5,
TBC1D3H,,,1.0,,1.0,,,,0.7,,0.9,,,,0.7,,,,0.8,,,0.5,
TBC1D3I,,,1.0,,1.0,,,,,,0.5,,,,,,0.8,,0.5,,,0.0,
TBC1D3K,,,0.0,,0.0,,,,0.6,,,,,,,,,,0.5,,,0.7,
TBC1D3L,,,1.0,,1.0,,,,0.7,,0.6,,,,0.8,,,,0.8,,,0.5,
TBC1D4,,,0.0,,,,0.8,,0.6,,0.7,,,,0.7,0.8,,,0.5,0.87,,,
TBC1D5,,,0.0,,0.72,0.6,0.6,,0.7,,0.8,,,,0.8,0.7,,,0.5,,,0.5,
TBC1D7,0.8,,0.0,,,,,0.6,,,,,0.9,,0.7,,0.8,,,,,0.5,
TBC1D8,,,0.0,,,,0.8,,,,,,0.9,,0.75,0.7,,,,,0.65,,
TBC1D8B,,,0.0,,,,0.8,,,,,,0.9,,0.6,0.7,,,,,0.81,,
TBC1D9,,,0.0,,0.33,,,0.5,0.6,,0.9,,,,0.7,,,0.8,0.7,,,,
TBC1D9B,,,0.0,,0.49,,,,0.8,,0.9,,,,0.85,0.7,,,0.6,,,0.7,
TBCA,,,0.14,,0.35,,0.1,0.5,0.6,,0.8,,,,0.7,,,,0.1,,,0.5,
TBCB,,,0.9,,0.5,,,0.3,0.7,,0.8,,,,0.5,,,,0.6,,,0.7,
TBCC,,,0.0,,0.89,,,,0.8,,0.9,,,,0.6,,,,0.5,0.7,,0.52,
TBCCD1,,,0.0,,0.37,,,0.6,0.7,,0.9,,,,0.5,,,,0.6,,,,
TBCD,,,0.0,,0.34,,0.5,,0.8,,0.9,,,,0.8,,,,0.6,,,0.7,
TBCE,0.8,,0.0,,0.55,,,,0.7,,0.9,,,,0.8,,,,0.5,,,,
TBCEL,,,,0.98,0.1,,,,0.75,,0.91,,,,0.8,,,0.8,0.85,,,,
TBCK,0.7,,0.0,,0.65,,,,0.6,,,,0.9,,0.9,,,0.9,0.8,,0.62,,
TBK1,,1.0,0.2,,0.24,,0.14,0.14,0.87,0.78,0.91,,,,,,,,0.73,,,0.6,
TBKBP1,,,0.24,,,,0.4,,,,,,0.8,,0.5,0.6,,,,,,,
TBL1X,0.8,,,0.98,0.12,,,0.6,0.85,,,,0.9,,0.7,,,,0.77,0.73,,,
TBL1XR1,,,,1.0,0.0,,0.8,0.5,0.6,,0.7,,,,0.8,,,0.75,,,,0.6,
TBL1Y,0.8,,0.0,,,,,0.6,,,,,0.9,,0.7,0.75,0.8,,,,0.99,,
TBL2,,,0.0,,0.5,,0.8,,0.7,,0.6,,,,0.7,,,0.8,0.7,1.0,,,
TBL3,,,0.0,,0.53,,,,0.8,,0.9,,,,0.7,,,,0.7,,,,0.5
TBP,0.5,1.0,0.07,,0.29,,,,0.8,,,,0.9,,,0.65,,,,,0.64,,
TBPL1,,,0.39,,0.22,,,,0.8,,0.87,,,,0.6,,,,0.93,0.94,,,0.7
TBPL2,,,0.0,,0.91,0.8,0.6,,0.6,,0.7,,,,0.9,,,,0.5,1.0,,,
TBR1,,1.0,,1.0,0.04,0.9,,,0.6,,0.7,,,,0.5,0.85,,,,,,,
TBRG1,,,0.0,,0.46,,,0.75,0.85,,0.9,,,,0.9,,,,0.7,,,0.5,
TBRG4,,,0.0,,0.44,,,0.5,0.6,,0.9,,,,0.7,,,,0.5,,,0.7,
TBX1,,1.0,,0.83,0.14,,0.5,,0.7,,0.6,,,,0.9,,,,,0.92,,,
TBX10,0.75,1.0,0.0,,,,,,,,,,0.9,,,,,,,,1.0,,
TBX15,,1.0,,0.71,0.19,,0.85,,0.7,,0.8,,,,,,,,,,0.95,,
TBX18,0.8,1.0,,1.0,0.04,,,0.5,0.6,,,,0.7,,,,,,,0.95,,,
TBX19,0.9,,0.0,,0.57,,,,0.7,,0.85,,,,0.8,,,,0.6,0.97,,,
TBX2,,0.85,,0.9,0.8,,0.7,,0.65,,0.6,,,,,,,,,0.9,,,
TBX20,,1.0,,0.98,0.1,,0.75,0.5,0.6,,0.65,,,,0.7,,,,,1.0,,,
TBX21,,,,1.0,0.95,,0.9,,0.6,,0.7,,,,,,,,,0.97,,,
TBX22,0.75,1.0,,0.98,0.06,,,0.5,0.6,,,,0.9,,,,,,,1.0,,,
TBX3,,1.0,,0.99,0.09,,0.9,,0.7,,0.8,,,,0.8,0.85,,,,0.94,,,
TBX4,,1.0,,0.54,0.21,,0.1,,0.5,,0.9,,,,,,,,,1.0,,,
TBX5,,1.0,,1.0,0.0,,0.9,0.5,0.6,,0.7,,,,,,,,,0.95,,,
TBX6,,,0.0,,0.4,,0.6,,0.7,,0.9,,,,,0.75,,,,0.87,,,
TBXA2R,0.8,,0.0,,,,,,0.6,0.9,0.7,,,,0.85,,,,,,0.95,,
TBXAS1,0.7,,0.0,,0.5,0.9,,0.4,0.7,0.8,0.6,,,,0.75,,,0.9,0.8,,,,
TBXT,0.8,,0.0,,,,,,,,,,0.9,,0.7,,,,,,0.95,,
TC2N,,,0.0,,0.67,,,,0.8,,0.9,,,,,0.7,,0.7,0.5,,,,
TCAF1,,,0.0,,0.0,,,,0.8,,,,0.9,,0.8,0.7,,,0.5,,,,
TCAF2,,,0.0,,0.0,,,,0.6,,0.9,,,,0.9,,,,0.5,,,,
TCAIM,,,0.0,,0.46,,,,0.8,,,,0.9,,0.5,,,,0.7,,,0.6,
TCAP,0.8,,0.18,,0.32,,,0.6,0.9,,0.97,,,,,0.75,,,0.67,0.99,,,
TCEA1,,,,,,,,,,,,,,,,,,,,,,,
TCEA2,,,0.0,,0.46,,,,0.7,,0.9,,,,0.6,,,,0.5,,,,
TCEA3,,,0.0,,0.4,,0.2,,0.6,,0.8,,,,0.7,,,,0.5,0.81,,,
TCEAL1,,,,0.6,0.0,,,0.22,0.8,,0.268,,,,0.5,,,,0.157,0.79,,,
TCEAL2,,,,,,,,,,,,,,,,,,,,,,,
TCEAL3,,,,0.73,0.0,,,,0.9,,0.84,,,,0.7,0.75,,,0.4,0.69,,,
TCEAL4,,,,0.76,0.0,,,,0.6,,0.85,,,,0.7,,,,0.5,,,,
TCEAL5,,,,0.75,0.0,,,0.4,0.4,,0.18,,,,0.6,,,,0.206,0.88,,,
TCEAL6,,,0.8,,0.6,,,,0.7,,0.9,,,,,,,,0.5,,,,
TCEAL7,,,0.49,,0.0,,,,0.8,,0.76,,,,,0.65,,,0.1,,,,
TCEAL8,,,,0.53,0.0,,,,0.8,,0.44,,,,0.6,,,,0.117,,,0.53,
TCEAL9,,,0.0,,0.0,,,0.8,0.6,,0.7,,,,0.5,,,,0.5,,,,
TCEANC,,,0.05,,0.42,,,,0.6,,0.8,,,,,,,,0.75,,,,
TCEANC2,,,0.0,,0.5,0.7,,0.75,0.7,,0.8,,,,0.85,0.7,,,0.6,,,,
TCERG1,0.7,,,1.0,0.8,,,,0.8,,,,0.9,,0.8,,,,0.7,0.7,,,
TCERG1L,,,0.0,,0.62,,0.8,,0.7,,0.9,,,,0.7,,,,0.5,0.93,,,
TCF12,,1.0,,0.59,0.21,,0.4,,0.65,,0.8,,,,0.7,,,0.75,,,,0.56,
TCF15,,1.0,,0.5,0.0,,,,0.7,,0.9,,,,,0.85,,,0.8,0.91,,,
TCF19,,,0.0,,,,0.8,0.6,0.7,,,,0.9,,,0.6,,,,,0.9,,
TCF20,0.7,,,1.0,0.97,,,,0.8,,,,0.9,,0.8,,,,0.8,,,0.6,0.7
TCF21,,,,0.84,0.0,,0.6,,0.7,,0.8,,,,,,,,0.5,,0.96,,
TCF23,,,0.0,,0.86,,,0.4,0.6,,0.9,,,,,0.5,,,0.5,1.0,,,
TCF24,,,0.0,,0.0,,,,0.7,,,,,,,,,0.8,0.5,0.99,,,
TCF25,,,0.46,,0.22,,,0.6,0.8,,0.9,,,,0.8,,,,0.85,,,0.48,
TCF3,,1.0,0.11,,0.26,0.47,0.5,,0.8,,0.9,,,,0.8,,,,0.5,0.72,,,0.6
TCF4,,1.0,,1.0,0.09,,0.8,0.6,0.7,,0.6,,,,0.7,0.8,,0.8,,0.68,,,
TCF7,,,0.7,,,,0.8,0.4,0.6,,,,0.9,,,,,,,,0.95,,
TCF7L1,,0.8,0.37,,0.23,,0.4,0.2,0.5,,0.6,,,,0.7,,,,,0.82,,,
TCF7L2,,1.0,,1.0,0.12,,0.9,0.6,0.75,,0.7,,,,,,,,,0.75,,,
TCFL5,,,,0.9,0.8,,,,0.6,,0.7,,,,0.6,,,0.8,0.5,0.9,,,
TCHH,,,,,,,,,,,,0.9,,,,,,,,,,,
TCHHL1,,,,0.59,0.0,,0.4,0.5,0.6,,0.8,,,,,,,0.7,0.9,0.97,,,
TCHP,,,,,,,,,,,,0.9,,,,,,,,,,,
TCIM,,,0.0,,,,,,,,,,0.85,,,,,,,0.8,,,
TCIRG1,0.8,,0.0,,0.63,,,0.5,0.7,,,,0.9,,0.6,0.7,0.85,,,0.75,,,
TCL1A,,,0.0,,,,0.5,0.7,0.6,,,,0.9,,,,,,,,1.0,,
TCL1B,,,0.9,,,,,,,,,,,,0.75,,0.85,,,,1.0,,
TCN1,,,0.0,,0.5,,0.8,,0.7,,0.9,,,,0.9,,,,0.6,1.0,,,
TCN2,,,0.0,,0.55,,0.4,0.3,0.65,,0.75,,,,0.8,,,,0.85,0.79,,,
TCOF1,,1.0,,1.0,0.18,,,,0.7,,,,,,0.75,,0.85,,,,,0.6,
TCP1,,,,1.0,0.08,,,,0.8,,0.9,,,,0.75,0.8,,,0.7,,,0.6,
TCP10L,,,0.0,,0.56,,,0.85,0.75,,0.88,,,,,,,,0.5,1.0,,,
TCP10L2,,,0.0,,0.79,,,0.5,0.6,,0.9,,,,,0.4,,,0.5,,,,
TCP11,,,0.0,,0.67,0.81,,,0.5,,0.8,,,,0.8,,,,0.5,,,,
TCP11L1,,,0.0,,0.37,,,,0.7,,0.8,,,,0.8,0.6,,,0.5,,,0.56,
TCP11L2,,,1.0,,0.9,,,0.2,0.8,,0.9,,,,0.5,0.7,,,0.5,,,,
TCP11X1,0.4,,0.0,,0.0,,,,,,,,,,,,,,0.5,,,0.8,
TCP11X2,,,1.0,,1.0,,,,,,0.5,,,,,0.65,,,0.5,,,0.8,
TCTA,,,0.0,,0.97,,,,0.6,,0.7,,,,0.9,,,,0.5,,,0.6,
TCTN1,0.8,1.0,0.0,,,,,0.6,,,,,0.9,,0.7,0.75,0.8,,,0.7,,,
TCTN2,0.8,,0.0,,,,,0.7,,,,,0.9,,0.85,,0.9,,,,0.7,,
TCTN3,0.8,,0.0,,,,,0.6,,,,,0.9,,0.9,0.75,0.8,,,,0.7,,
TDG,,,,,,,,,,,,,,,,,,,,,,,
TDH,0.0,,,,,,,,,,,,,,,,,,,,,,
TDO2,,,0.0,,0.67,,0.5,0.4,0.6,0.5,0.9,,,,0.7,,,,0.6,1.0,,,
TDP1,,,,,,,,,,,,0.8,,0.6,,,,,,,,,
TDP2,0.8,,0.0,,0.72,,,,0.85,,,,0.9,,,0.75,,,0.5,,,,
TDRD1,,,,1.0,0.08,,,,0.6,,0.7,,,,0.7,,,,0.8,1.0,,,
TDRD10,,,0.0,,0.57,,,,0.5,,0.6,,,,,,,0.8,0.5,,0.97,,
TDRD12,,,0.0,,0.0,,,,0.6,,0.8,,,,0.7,,,,0.7,,,,
TDRD15,,,0.0,,0.0,,,,0.5,,0.6,,,,,,,,0.8,1.0,,,
TDRD3,,,0.0,,,,0.8,,,,,,0.9,,0.9,0.7,0.85,,,,,,
TDRD5,,,,0.93,0.19,,,,0.7,,0.65,,,,0.6,,,,0.75,1.0,,,
TDRD6,,,0.0,,0.98,,,,0.5,,0.7,,,,,,0.85,,0.6,1.0,,,
TDRD7,0.7,,0.8,,,,,,,,,,0.9,,0.7,0.7,0.8,,,,,,0.4
TDRD9,0.8,,0.0,,0.48,,,,0.6,,,,0.9,,0.7,,0.85,,0.7,,0.99,,
TDRG1,,,1.0,,1.0,,,,0.8,,,,,,,,,0.7,0.5,,,0.2,
TDRKH,,,0.1,,0.26,,,0.5,0.7,,0.8,,,,0.8,,,,0.75,0.88,,,
TDRP,,,0.0,,0.5,,,,0.7,,0.8,,,,,0.4,,,0.5,0.75,,,
TEAD1,0.8,1.0,,1.0,0.0,,,0.7,0.85,,,,0.9,,0.8,0.85,,,,0.77,,,
TEAD2,,1.0,0.0,,,,,0.7,,,,,0.9,,0.6,0.85,,,0.5,,0.8,,
TEAD3,,,,1.0,0.92,,,0.2,0.8,,0.9,,,,0.8,,,,0.85,0.85,,,
TEAD4,,1.0,0.0,,0.49,,,0.7,0.6,,0.8,,,,0.7,,,,0.5,0.85,,,
TEC,,,0.0,,0.47,,0.2,0.6,0.7,0.8,0.9,,,,,,,,,0.95,,,
TECPR1,,,0.8,,0.6,,,,0.7,,,,0.9,,0.8,,,,0.5,,,,
TECPR2,,,,0.83,0.2,,0.5,0.6,0.6,,0.8,,,,0.9,,,0.7,0.65,,,0.53,
TECR,,,0.1,,0.27,,,,0.73,,0.85,,,,0.75,0.67,,,0.77,0.62,,,
TECRL,0.8,,0.0,,0.91,,,,0.7,,0.9,,,,0.6,,,,0.5,1.0,,,
TECTA,0.9,,0.0,,0.45,,,,0.7,,,,0.9,,0.6,,,,0.8,,,,
TECTB,,,0.0,,0.85,,,,0.8,,0.9,,,,0.9,,,,0.5,0.89,,,
TEDC1,,,1.0,,1.0,,,,0.7,,0.9,,,,0.7,,,,0.8,,,0.6,
TEDC2,,,1.0,,1.0,,,0.5,0.8,,0.9,,,,0.7,,,0.9,0.8,,,,
TEDDM1,,,0.0,,0.97,,,,0.6,,,,,,0.8,0.7,,,0.5,,,,
TEF,,,,0.62,0.14,,0.4,,0.5,,0.6,,,,0.6,,,,0.75,0.75,,,0.7
TEFM,,,0.3,,0.24,,,0.75,0.7,,0.61,,,,0.5,,,,0.72,0.61,,,
TEK,,1.0,,1.0,0.92,,0.8,0.6,0.85,0.9,0.7,,,,,,,,,0.91,,,
TEKT1,,,0.0,,0.67,,0.1,,0.6,,0.8,,,,0.5,,,,0.5,1.0,,,
TEKT2,,,,,,,,,,,,,,,,,,,,,,,
TEKT3,,,0.0,,0.5,,0.2,0.5,0.6,,0.8,,,,0.7,,,,0.7,1.0,,,
TEKT4,,,0.0,,0.5,,,0.5,0.6,,0.7,,,,0.7,,,,0.8,,,,
TEKT5,,,0.0,,0.7,,,,0.5,,0.6,,,,0.5,,,,0.8,1.0,,,
TELO2,,,,,,,,,,,,,,,,,,,,,,,
TEN1,,,0.0,,0.0,,,0.2,0.6,,0.8,,,,0.9,0.5,,,0.5,0.7,,,
TENM1,,,,1.0,0.89,,,,0.7,,0.9,,,,0.75,0.82,,,0.8,0.96,,,
TENM2,,,,,,,,,,,,0.8,,,,,,,,,,,
TENM3,,,,1.0,0.17,,0.9,,0.6,,0.7,,,,0.7,,,,,0.79,,,
TENM4,,,,1.0,0.89,,0.5,,0.8,,0.9,,,,0.7,,,0.6,0.8,,,,
TEP1,,,0.1,,,,,,,,,,0.8,,0.6,,,,,,0.7,,
TEPSIN,,,1.0,,1.0,1.0,,0.8,0.7,,0.9,,,,0.8,,,,0.8,,,,
TERB1,0.7,,0.0,,0.0,,,,0.6,,0.8,,,,,,,,0.5,,,,
TERB2,0.6,,0.0,,,,,,,,,,0.9,,,,,,,,,,
TERF1,,,,,,,,,,,,,,,,,,,,,,,
TERF2,,,,,,,,,,,,,,,,,,,,,,,
TERF2IP,,1.0,0.0,,,,,,,,,,0.9,,0.7,,,,0.5,,0.68,,
TERT,,,,1.0,0.07,,,,0.7,0.6,0.9,,,,0.85,,,,0.8,0.96,,,
TES,,,0.0,,,,,,0.6,,,,0.8,,0.7,,,,,0.87,,,
TESC,,,,,,,,,,,,0.8,,,,,,,,,,,
TESK1,,,,0.99,0.11,,,0.5,0.8,0.75,0.9,,,,0.7,0.8,0.85,0.95,0.85,,,0.7,
TESK2,,,0.0,,0.55,,0.7,0.2,0.5,0.6,0.8,,,,0.6,,,,0.5,,,,
TESMIN,,,1.0,,1.0,,,,0.6,,0.8,,,,0.7,,,,0.5,1.0,,,
TESPA1,,,0.0,,0.46,,,0.6,0.7,,0.9,,,,0.8,0.75,,,0.8,0.97,,,
TET1,,,,1.0,0.09,,,,0.8,,0.9,,,,,,,,0.85,0.75,,,
TET2,,,,,,,,,,,,,,0.7,,,,,,,,,
TET3,,,,1.0,0.02,,0.5,,0.8,,0.9,,,,0.6,,,,0.7,0.89,,,
TEX10,,,,1.0,0.94,,,0.6,0.8,,0.9,,,,0.7,,,0.7,0.75,0.66,,,
TEX101,,,0.0,,0.64,,0.1,,0.7,,0.8,,,,0.8,,,,0.5,1.0,,,
TEX11,,,,1.0,0.0,,0.5,,0.4,,0.6,,,,,,,0.7,0.7,,,,0.5
TEX12,,,0.09,,0.44,,,0.3,0.67,,0.83,,,,,,,,0.12,,,,
TEX13A,,,0.8,,,,,,,,,,,,,0.5,,,,,,0.4,0.5
TEX13B,,,0.01,,0.73,,,,0.5,,0.71,,,,,,,,0.78,,,,
TEX13C,,,0.0,,0.0,,,,,,,,,,,,,,0.5,,,1.0,
TEX14,,,0.0,,0.76,,0.6,,0.7,,0.9,,,,0.8,,,0.9,0.7,1.0,,,
TEX15,0.8,,0.1,,,,,,,,,,0.6,,,,,,,,0.9,,
TEX19,,,0.0,,0.0,,,,0.8,,0.9,,,,,0.65,,,0.5,1.0,,,
TEX2,,,0.0,,0.34,,,,0.6,,0.7,,,,0.8,,,,0.8,,,0.5,
TEX22,,,0.0,,0.5,,,,0.5,,0.6,,,,,0.4,,,0.2,1.0,,,
TEX26,,,0.0,,0.9,,,,0.6,,0.8,,,,,,,,0.5,,,,
TEX261,,,0.0,,0.59,,,,0.7,,0.9,,,,0.75,,,,0.5,,,0.59,
TEX264,,,,,,,,,,,,0.9,,,,,,,,,,,
TEX28,,,0.0,,0.0,,,0.8,0.7,,,,0.9,,0.8,0.5,,,0.5,0.9,,0.2,
TEX29,,,0.0,,,,0.8,0.7,0.6,,0.5,,,,0.9,0.65,,,,1.0,,,
TEX30,,,0.0,,0.67,,,0.5,0.6,,0.8,,,,0.9,0.65,,,0.5,,,,
TEX35,,,0.0,,0.84,,,0.7,0.5,,0.65,,,,0.8,0.7,,,0.5,,,,
TEX36,,,1.0,,1.0,,,,0.5,,0.6,,,,,,,,0.5,,,,
TEX38,,,0.0,,0.0,,,,0.6,,0.8,,,,0.7,,,,0.5,,,,
TEX44,,,1.0,,1.0,,,,0.6,,0.8,,,,,,,,0.5,,,,
TEX46,,,0.0,,0.0,,,,0.5,,,,,,0.6,0.6,,,0.5,,,,
TEX47,,,1.0,,1.0,,,,0.6,,0.8,,,,,,,,0.5,,,,
TEX48,,,0.0,,0.0,,,,,,,,,,,,,0.8,0.5,1.0,,,
TEX50,,,0.0,,0.0,,,,,,,,,,,,,,0.5,1.0,,,
TEX51,,,0.0,,0.0,,,,,,,,,,,,,,0.5,,,,
TEX52,,,1.0,,1.0,,,,,,,,,,,,,,0.5,,,0.0,
TEX9,,,0.0,,0.6,,0.8,0.5,0.6,,0.7,,,,0.8,,,,0.5,0.9,,,
TF,,,,,,,,,,,,0.8,,0.6,,,,,,,,,
TFAM,0.7,0.8,0.3,,,,,,,,,,0.9,,0.8,,0.9,,,,0.7,,
TFAP2A,0.85,0.9,,0.95,0.8,,,0.6,0.75,,,,0.9,,0.7,,,,,0.95,,,
TFAP2B,,,,0.95,0.8,,0.7,0.6,0.75,,0.8,,,,,,,,,0.95,,,
TFAP2C,,1.0,,0.9,0.8,,,,0.8,,,,0.9,,0.6,,,,0.5,,0.95,,
TFAP2D,,,,0.95,0.8,,0.9,,0.7,,0.75,,,,0.7,,,,0.7,1.0,,,
TFAP2E,,,0.0,,0.67,,,,0.6,,0.8,,,,0.8,,,,0.5,,,,
TFAP4,,1.0,,1.0,0.0,,,0.6,0.7,,0.8,,,,0.7,,,0.9,0.5,0.8,,,
TFB1M,,,,,,,,,,,,,,,,,,,,,,,
TFB2M,,,0.0,,0.6,,,0.1,0.7,,0.8,,,,0.7,0.65,,,0.5,0.63,,,
TFCP2,,,0.0,,0.43,,,0.6,0.8,,0.9,,,,0.9,0.65,,0.7,0.5,,,0.52,
TFCP2L1,,1.0,,1.0,0.97,,0.8,,0.7,,0.9,,,,0.6,,,,0.6,0.94,,,
TFDP1,,,,0.98,0.1,,,,,,,,,,,,,,,,,,
TFDP2,,,,1.0,0.04,,0.8,0.5,0.7,,0.6,,,,0.75,,,0.8,0.7,0.6,,,
TFDP3,,,1.0,,1.0,,,0.7,0.6,,0.9,,,,,,,,0.5,1.0,,,
TFE3,0.8,,,0.98,0.06,,,,0.75,,,,0.9,,,,,,0.57,,,0.53,
TFEB,,,,0.89,0.15,,0.8,0.6,0.7,,0.75,,,,,0.82,,,,,,,
TFEC,,,0.0,,0.72,0.7,0.8,,0.6,,0.9,,,,0.8,,,0.9,0.5,0.95,,,
TFF1,,,0.0,,0.5,,0.6,,0.7,,0.9,,,,0.8,0.7,,,0.2,1.0,,,
TFF2,,,0.0,,0.5,,,,0.7,,0.9,,,,,0.7,0.7,,0.6,1.0,,,
TFF3,,,0.8,,0.67,,,,0.9,,,,,,0.7,0.75,,,0.5,,,0.9,
TFG,0.8,,0.15,,,,,,,,,,,,,,,,,,,,
TFIP11,,,,,,,,,,,,0.9,,0.6,,,,,,,,,
TFPI,,,,,,,,,,,,1.0,,0.7,,,,,,,,,
TFPI2,,,0.0,,,,,,,,,,,,0.8,,,,,,0.99,,
TFPT,,,0.0,,0.62,,,,0.8,,0.9,,,,0.6,,,,0.5,,,0.56,
TFR2,,,,,,,,,,,,0.8,,0.6,,,,,,,,,
TFRC,,,,,,,,,,,,0.8,,0.6,,,,,,,,,
TG,,,0.0,,,,0.5,,0.7,,0.9,,,,0.8,0.75,,,0.6,1.0,,,
TGDS,0.8,,0.0,,,,,0.6,,,,,0.9,,0.9,0.7,0.8,,,,0.7,,0.5
TGFA,,,,0.74,0.11,,0.8,0.6,0.7,,0.9,,,,0.8,,,0.9,,0.83,,,0.7
TGFB1,,,0.17,,0.26,,0.4,0.6,0.7,0.8,0.9,,,,,,,,,,,,
TGFB1I1,,,0.7,,0.7,,,0.8,0.8,,0.9,,,,0.9,,,,0.6,0.9,,,
TGFB2,,1.0,,1.0,0.0,,0.8,,0.7,0.6,0.5,,,,,,,,,,,,
TGFB3,0.8,,,0.99,0.94,,,,,,,,0.9,,,,,,,,,,
TGFBI,,,0.0,,,,0.8,,0.6,,,,0.7,,0.75,,,,,1.0,,,
TGFBR1,,1.0,,0.83,0.17,,0.8,0.6,0.8,0.9,0.7,,,,0.7,,,0.9,,0.72,,,
TGFBR2,,1.0,0.15,,0.26,,0.83,0.75,0.87,0.8,0.9,,,,,,,0.85,,0.8,,,
TGFBR3,,1.0,0.0,,0.3,,0.9,,0.7,,0.8,,,,0.7,,,,,0.81,,,
TGFBR3L,,,1.0,,1.0,,,,0.5,,,,0.75,,0.7,,,,0.5,,,,
TGFBRAP1,,,0.2,,0.24,,,,0.7,,0.79,,,,0.75,,,,0.86,,,,
TGIF1,0.7,0.8,0.9,,,,,,,,,,,,0.5,0.7,,,,,0.6,,
TGIF2,,,0.13,,0.37,0.38,,0.1,0.87,,0.79,,,,0.5,,,,0.47,0.77,,,
TGIF2LX,,,0.0,,,,,,,,,,0.8,,,,,,,,,,
TGIF2LY,,,1.0,,1.0,,,0.7,0.6,,0.8,,,,,0.75,,0.9,0.5,1.0,,,
TGM1,,,,,,,,,,,,0.7,,0.5,,,,,,,,,
TGM2,0.9,,0.0,,0.87,,,0.7,0.6,0.5,0.9,,,,,,,,0.7,,,,
TGM3,,,0.0,,0.44,,0.6,0.3,0.7,,0.9,,,,0.7,,,0.8,0.8,1.0,,,
TGM4,,,0.0,,0.91,,,0.4,0.6,,0.9,,,,,,,0.7,0.8,1.0,,,
TGM5,0.7,,0.0,,,,,0.6,,,,,0.9,,0.7,0.7,0.8,,,,0.99,,
TGM6,,,0.0,,0.5,,0.6,,0.7,,0.9,,,,0.8,,,0.8,0.7,1.0,,,
TGM7,,,0.0,,0.85,,,,0.6,,0.9,,,,,,,0.8,0.7,1.0,,,
TGOLN2,,,0.3,,0.32,,,0.75,0.7,,0.9,,,,0.8,,,,0.8,,,0.6,0.5
TGS1,,,0.0,,0.64,,0.1,,0.8,,0.9,,,,0.7,0.7,,0.7,0.85,0.66,,,
TH,,1.0,0.0,,0.49,,0.5,0.6,0.8,0.7,0.9,,,,0.7,,,,,1.0,,,
THADA,,,0.0,,0.77,,0.9,0.2,0.7,,0.8,,,,0.5,,,,0.5,0.7,,,
THAP1,0.75,,,0.82,0.1,,,0.4,0.6,,0.67,,,,0.7,,,,0.85,,,0.53,
THAP10,,,0.8,,0.6,,,0.4,0.7,,0.9,,,,,,,,0.5,0.8,,,
THAP11,,1.0,,0.85,0.1,,0.1,0.4,0.6,,0.8,,,,0.6,,,,,,,0.48,
THAP12,,,1.0,,1.0,,,0.6,0.7,,0.9,,,,0.7,,,,0.8,,,0.7,
THAP2,,,0.0,,0.5,0.7,,0.6,0.6,,0.8,,,,0.9,0.65,,,0.5,,,,
THAP3,,,,,,,,,,,,,,,,,,,,,,,
THAP4,,,0.6,,0.5,,,0.5,0.6,,0.8,,,,0.8,,,,0.4,,,0.5,
THAP5,,,0.0,,0.67,0.8,,,0.6,,,,0.9,,0.7,,,,0.5,,,0.7,
THAP6,,,0.0,,0.67,,,,0.8,,0.9,,,,0.9,,,,0.5,,,,
THAP7,,,0.9,,,,,,,,,,,,0.75,,,,,,,0.7,
THAP8,,,0.0,,0.92,,,0.6,0.7,,0.9,,,,0.9,0.7,,,0.5,,,0.59,
THAP9,,,0.0,,0.68,,,,0.8,,0.9,,,,0.7,,,,0.75,,,,
THBD,0.8,1.0,0.23,,0.26,,,,0.85,,,,0.9,,,,,,,0.84,,,
THBS1,,1.0,,1.0,0.89,0.8,,,0.8,0.5,0.9,,,,,,,,0.7,,,,
THBS2,,,,0.66,0.21,,0.6,0.7,0.75,,0.9,,,,0.8,,,0.8,0.85,0.99,,,
THBS3,,,0.0,,0.72,,,0.7,0.8,,0.9,,,,0.8,0.75,,0.85,0.6,0.77,,,
THBS4,0.75,,0.0,,,,0.8,,,,,,0.9,,,,,,,,0.92,,0.6
THEM4,0.5,,0.0,,,,0.7,0.5,0.6,,0.8,,,,0.7,,0.6,,,,,0.5,
THEM5,,,0.0,,0.7,,,0.5,0.6,,0.8,,,,,0.6,,,0.5,1.0,,,
THEM6,,,,,,,,,,,,1.0,,,,,,,,,,,
THEMIS,,,0.0,,0.55,,0.8,0.6,0.6,,0.9,,,,0.8,,,,0.5,0.92,,,
THEMIS2,,,0.0,,0.41,,,,0.7,,0.9,,,,0.5,,,,0.6,,,,
THG1L,0.8,,0.0,,,,,,,,,,0.9,,0.75,0.75,0.9,,,,0.7,,
THNSL1,,,0.0,,0.99,,,,0.7,,0.9,,,,0.75,0.7,,,0.8,0.62,,,
THNSL2,,,0.0,,,,0.8,,,,,,0.9,,0.6,,0.85,,,,0.72,,0.5
THOC1,,1.0,,1.0,0.1,,0.8,0.7,0.75,,0.9,,,,0.9,0.8,,,,,,,
THOC2,0.7,,,1.0,0.02,,,,0.5,,0.6,,,,0.7,,0.9,,0.8,0.65,,,
THOC3,,,1.0,,1.0,,,0.75,0.85,,0.9,,,,0.8,0.85,,,0.8,,,,
THOC5,,1.0,0.05,,0.26,,,,0.8,,0.9,,,,0.7,0.75,,,0.85,0.68,,,
THOC6,0.7,,0.0,,0.4,,,,,,,,0.9,,0.7,,,,0.5,,0.6,,
THOC7,,,0.01,,0.41,0.41,,,0.8,,0.9,,,,0.6,,,,0.5,,,0.6,
THOP1,,,,,,,,,,,,,,,,,,,,,,,
THPO,,,0.22,,0.26,0.3294,0.11,,0.17,,0.44,,,,,0.65,,,0.353,0.91,,,
THRA,,1.0,0.28,,0.24,,,0.6,0.8,0.7,0.9,,,,0.6,,,0.9,,0.71,,,
THRAP3,,,,1.0,0.94,0.8,,,0.85,,,,0.9,,0.9,,,,0.7,,,0.6,
THRB,,,,1.0,0.95,0.77,0.88,0.5,0.75,0.67,0.8,,,,0.75,,,,,0.87,,,
THRSP,,,0.0,,0.79,,,0.8,0.7,,0.9,,,,,,,,0.5,0.97,,,
THSD1,,,0.0,,0.57,0.8,0.5,,0.8,,0.9,,,,0.9,,,,0.6,0.75,,,
THSD4,0.8,,0.0,,,,0.6,0.7,0.8,,,,0.5,,0.6,0.7,0.7,,,,0.9,,
THSD7A,,,,1.0,0.14,,,,0.75,,0.7,,,,0.7,,,,0.8,0.89,,,
THSD7B,,,0.0,,0.48,,,,,,,,0.7,,0.7,,,,0.5,,,,
THTPA,,,0.0,,0.94,,,0.6,0.7,,0.9,,,,0.5,,,,0.5,,,0.6,0.7
THUMPD1,,,0.0,,0.5,,,0.5,0.6,,0.8,,,,0.7,,,,0.7,,,0.6,
THUMPD2,,,0.0,,0.8,,,0.5,0.7,,0.9,,,,0.8,0.7,,,0.6,0.68,,,
THUMPD3,,,0.0,,0.87,,,0.75,0.8,,0.9,,,,0.7,,,,0.7,,,0.6,
THY1,,,,,,,,,,,,1.0,,,,,,,,,,,
THYN1,,,0.0,,0.7,,,0.5,0.8,,0.9,,,,0.9,,,,0.6,,,0.7,
TIA1,0.8,1.0,0.24,,0.24,,,,0.75,,0.9,,,,,,,0.8,0.5,,,,
TIAL1,,1.0,,1.0,0.0,,0.5,0.6,0.7,,0.8,,,,0.9,,,,,,,,0.9
TIAM1,,,,,,,,,,,,,,,,,,,,,,,
TIAM2,,,0.0,,0.3,,,,0.7,,0.9,,,,0.8,0.75,,,0.8,,,,
TICAM1,,,0.0,,,,0.5,0.6,0.8,,0.9,,,,,0.7,,,,0.7,,,
TICAM2,,,0.0,,0.43,,,,0.85,,0.9,,,,0.7,,,,0.5,0.76,,,
TICRR,,,0.0,,0.46,,,,0.7,,0.75,,,,0.6,,,,0.85,,,,
TIE1,,,,,,,,,,,,0.8,,0.6,,,,,,,,,
TIFA,,,0.13,,0.37,,,,0.7,,0.88,,,,,0.75,,,0.184,,,,
TIFAB,,,0.0,,0.4,,,,0.7,,0.8,,,,,,0.7,,0.5,,,,
TIGAR,,,0.0,,,,,,,,,,0.9,,,,,,,,,,
TIGD1,,,0.9,,0.9,,,,0.7,,0.8,,,,0.5,,,0.6,0.5,,,0.7,
TIGD2,,,0.0,,0.51,,,,0.7,,0.9,,,,0.8,,,,0.5,,,,
TIGD3,,,0.0,,0.5,,,0.5,0.7,,0.8,,,,,,0.2,,0.6,0.9,,,
TIGD4,,,0.0,,0.78,,,0.1,0.6,,0.85,,,,,,0.2,,0.5,0.99,,,
TIGD5,,,0.0,,0.48,,,0.7,0.6,,0.9,,,,0.5,0.4,,0.5,0.8,,,0.6,
TIGD6,,,0.0,,0.74,,,0.6,0.5,,,,0.5,,0.8,,,,0.8,,,0.55,
TIGD7,,,0.0,,0.93,,,0.4,0.7,,0.6,,,,0.8,,,0.7,0.5,0.66,,,
TIGIT,,,,,,,,,,,,0.9,,0.6,,,,,,,,,
TIMD4,,,0.0,,,,0.8,,,,,,0.9,,0.8,0.85,,,,,,,
TIMELESS,,1.0,0.0,,0.8,,0.5,,0.8,,0.9,,,,,0.75,,,,0.81,,,
TIMM10,,,,,,,,,,,,0.8,,0.7,,,,,,,,,
TIMM10B,,,0.0,,0.5,,,0.2,0.7,,0.8,,,,0.9,,,,0.1,,,0.6,
TIMM13,,,,,,,,,,,,0.8,,,,,,,,,,,
TIMM17A,,,,,,,,,,,,1.0,,0.6,,,,,,,,,
TIMM17B,,,,,,,,,,,,,,,,,,,,,,,
TIMM21,,,,,,,,,,,,0.8,,0.5,,,,,,,,,
TIMM22,0.8,,0.0,,0.91,,,,0.7,,,,0.95,,0.85,,,,0.5,,,,
TIMM23,,,0.14,,0.35,,,0.6,0.8,,,,0.9,,0.7,,,,,,,0.0,
TIMM23B,,,1.0,,1.0,0.0,,,0.6,,0.8,,,,0.8,0.7,,,0.5,,,0.7,
TIMM29,,,,,,,,,,,,,,,,,,,,,,,
TIMM44,,,0.0,,0.36,,,0.6,0.8,,0.9,,,,0.8,,,,0.7,,,0.5,
TIMM50,0.8,,0.0,,0.36,,,0.6,0.7,,0.9,,,,0.7,,0.8,,0.7,,,0.5,
TIMM8A,0.8,,,0.61,0.0,,,0.75,0.7,,0.9,,,,0.6,0.75,,,0.97,,,0.53,
TIMM8B,,,,,,,,,,,,0.8,,,,,,,,,,,
TIMM9,,,,,,,,,,,,0.8,,0.6,,,,,,,,,
TIMMDC1,,,0.0,,,,0.5,0.5,0.6,,0.8,,,,0.8,0.6,,,0.4,,,0.5,
TIMP1,,,0.48,,0.17,,,0.1,0.93,,0.81,,,,0.7,0.75,,,0.52,0.92,,,
TIMP2,,,,0.81,0.1,,,0.5,0.67,,0.92,,,,0.7,,,,0.44,0.85,,,
TIMP3,,,,,,,,,,,,0.9,,,,,,,,,,,
TIMP4,,,0.0,,0.61,0.22,0.1,0.2,0.7,,0.8,,,,0.7,,,,0.5,0.96,,,
TINAG,0.9,,0.0,,,,,,,,,,,,0.75,,,,,,,,
TINAGL1,,,0.0,,,,0.8,0.6,0.7,,,,0.9,,0.9,,,,,,0.86,,
TINF2,0.9,1.0,0.0,,0.41,,0.5,0.6,0.7,,0.9,,,,0.8,,,,,,,0.7,
TIPARP,,1.0,,1.0,0.0,,0.8,0.5,0.6,,0.7,,,,0.8,,,,,,,,
TIPIN,,,,,,,,,,,,,,,,,,,,,,,
TIPRL,,,,0.94,0.08,,,,0.9,,0.77,,,,0.75,0.78,,,0.68,,,0.57,
TIRAP,,,0.0,,0.8,,0.6,0.7,0.8,,0.9,,,,0.8,,,,0.5,0.62,,,
TJAP1,,,0.0,,0.53,0.69,,,0.7,,,,1.0,,0.9,,0.8,,0.5,,,,
TJP1,,,,1.0,0.02,,0.6,,0.5,,0.7,,,,,,,,0.4,,,0.6,0.5
TJP2,,,,,,,,,,,,0.8,,0.6,,,,,,,,,
TJP3,,,0.0,,0.76,,,,0.7,,0.8,,,,0.8,0.75,,,0.5,,,,0.6
TK1,,,,,,,,,,,,,,,,,,,,,,,
TK2,0.8,1.0,0.0,,,,,,,,,,0.9,,,,,,,,,,
TKFC,0.5,,1.0,,1.0,,,,0.6,,0.8,,,,0.7,,0.8,,0.7,0.9,,,0.6
TKT,,0.8,0.9,,,,0.7,0.6,0.7,,0.8,,,,0.7,,,,,0.7,,,
TKTL1,0.8,,,1.0,0.0,0.9,0.8,0.5,0.7,,0.6,,,,0.7,,,,0.7,1.0,,,
TKTL2,,,0.0,,0.73,,,0.5,0.7,,0.9,,,,0.8,,,,0.6,,,,
TLCD1,,,0.01,,0.51,,,,0.7,,0.64,,,,,0.75,,,0.75,,,,
TLCD2,,,1.0,,1.0,,,,0.7,,0.9,,,,0.8,,,,0.8,0.9,,,
TLDC2,,,0.9,,,,,0.5,0.6,,,,0.9,,,,,,,,,,
TLE1,,,,1.0,0.9,0.8,,0.6,0.7,,0.6,,,,0.8,0.75,,0.8,,,,0.6,
TLE2,,,0.0,,0.43,,,0.7,0.8,,0.9,,,,0.75,,,,0.7,0.95,,,
TLE3,,1.0,,1.0,0.0,,0.9,0.7,0.6,,0.7,,,,,,,,,,,,
TLE4,,,,1.0,0.95,,0.8,0.6,0.7,,0.9,,,,0.75,,,,0.5,,,,
TLE6,0.8,,0.0,,,,,,,,,,0.9,,,,0.85,,,,0.9,,0.6
TLK1,,,,1.0,0.94,0.85,0.6,,0.8,,0.9,,,,0.75,,,0.9,0.7,,,0.7,
TLK2,,,,1.0,0.04,,0.7,0.6,0.85,,0.9,,,,0.8,,,0.9,0.8,,,0.75,
TLL1,,,,,,,,,,,,0.8,,0.6,,,,,,,,,
TLL2,,,0.0,,0.91,,,0.2,0.6,,0.7,,,,0.75,,,0.8,0.5,,,,
TLN1,,1.0,,1.0,0.93,,0.5,0.2,0.8,,0.9,,,,0.75,,,,0.7,,,,
TLN2,,,,1.0,0.2,,0.9,,0.75,,0.85,,,,0.8,,,0.9,0.8,0.68,,,
TLNRD1,,,0.1,,,,,,,,,,0.9,,0.8,,,,,,0.6,,
TLR1,,,0.0,,0.7,0.94,,0.75,0.85,,0.9,,,,0.8,,,,0.5,,,,
TLR10,,,,,,,,,,,,1.0,,0.7,,,,,,,,,
TLR2,0.8,,0.0,,0.63,,,0.65,0.75,0.6,0.7,,,,,,,,0.5,,,,
TLR3,0.5,,0.0,,0.53,,,0.2,0.85,0.75,0.9,,,,0.75,,,0.7,0.8,0.71,,,
TLR4,,,0.0,,0.65,,0.9,0.6,0.85,0.75,0.95,,,,,,,,0.8,0.88,,,
TLR5,,,,,,,,,,,,0.8,,0.6,,,,,,,,,
TLR6,0.7,,0.0,,0.51,,,,0.85,,0.9,,,,0.8,,,,0.8,,,,
TLR7,0.75,,,0.97,0.1,,,,0.75,0.8,0.9,,,,,,,,0.85,1.0,,,
TLR8,,,,,,,,,,,,0.85,,0.7,,,,,,,,,
TLR9,,,0.0,,0.42,,0.5,,0.85,0.9,0.95,,,,0.8,,,,0.5,0.85,,,
TLX1,,,,0.72,0.12,,,,0.5,,,,0.99,,0.8,,,0.9,0.66,,1.0,,
TLX1NB,,,1.0,,1.0,,,,0.8,,,,,,,,,0.9,0.5,,,0.7,
TLX2,,1.0,0.26,,,,,,,,,,0.9,,0.7,,,,0.5,,0.96,,
TLX3,,1.0,0.26,,0.26,0.46,,,0.78,,0.92,,,,0.5,0.75,,,0.87,1.0,,,
TM2D1,0.9,,0.0,,,,0.5,0.7,0.6,,,,0.8,,,,,,,,,0.6,
TM2D2,,,0.7,,,,,,0.6,,,,0.8,,0.9,,,,,,,0.8,0.5
TM2D3,,,0.0,,1.0,,,0.6,0.6,,0.7,,,,0.8,,,,0.5,,,0.5,
TM4SF1,,,0.0,,0.53,0.32,,,0.67,,0.97,,,,,0.75,,,0.81,,,,
TM4SF18,,,0.0,,0.94,,,0.6,0.7,,0.9,,,,0.8,0.75,,,0.5,,,,
TM4SF19,,,0.0,,0.89,,,,0.7,,,,,,0.8,,,,0.5,,,,0.6
TM4SF20,0.8,,0.0,,0.85,,,0.6,0.7,,0.9,,,,0.7,,0.8,,0.5,1.0,,,
TM4SF4,,,0.0,,0.96,,0.75,,0.6,,0.85,,,,0.7,,,,0.5,1.0,,,
TM4SF5,,,0.0,,0.52,,0.5,,0.7,,0.8,,,,0.6,,0.85,,0.5,1.0,,,
TM6SF1,,,0.0,,0.69,,,,0.7,,0.9,,,,0.7,,,,0.5,,,,
TM6SF2,,,0.0,,0.56,,0.4,,0.6,,0.8,,,,0.8,,,,0.5,1.0,,,
TM7SF2,,,,,,,,,,,,0.9,,,,,,,,,,,
TM7SF3,,,1.0,,0.55,,,,0.7,,0.9,,,,0.9,,,,0.6,,,0.5,
TM9SF1,,,0.0,,0.76,,,,0.7,,0.85,,,,0.75,,,,0.5,,,,
TM9SF2,,,,1.0,0.0,,0.5,,0.6,,0.7,,,,0.8,,,,0.8,,,0.7,
TM9SF3,,,,1.0,0.0,,,,0.6,,0.8,,,,0.9,,,,0.7,,,0.6,
TM9SF4,,,,1.0,0.88,,,,0.7,,,,0.9,,0.75,,,,0.6,,,0.6,
TMA16,,,0.0,,0.64,,,0.7,0.8,,0.69,,,,0.75,0.65,,,0.5,0.71,,,
TMA7,,,0.0,,0.85,,0.6,,0.5,,0.7,,,,0.8,0.5,,,0.1,,,0.5,
TMBIM1,,,0.8,,,,0.7,,,,,,0.9,,0.9,,,,,,0.75,,
TMBIM4,,,0.0,,0.8,,,,0.6,,0.89,,,,0.7,,,,0.5,0.62,,,
TMBIM6,,,0.9,,,,0.7,,,,,,0.8,,,,,,,,,,
TMC1,0.8,,0.0,,,,,,,,,,0.9,,0.6,0.7,0.85,,,,0.94,,
TMC2,,,0.0,,0.87,0.71,,,0.6,,0.7,,,,0.8,0.75,,,0.5,,,,
TMC3,,,0.0,,0.72,,0.5,,0.6,,0.7,,,,0.9,,,,0.8,0.88,,,
TMC4,,,0.0,,0.72,,,,0.7,,,,,,,0.7,,,0.5,0.92,,,
TMC5,,,,,,,,,,,,0.8,,,,,,,,,,,
TMC6,,,0.0,,0.5,,0.95,0.6,0.75,,0.85,,,,0.8,,,,0.8,0.92,,,
TMC7,,,0.0,,0.61,,0.5,0.6,0.7,,0.9,,,,0.75,,,,0.8,0.93,,,
TMC8,,,0.0,,0.8,,0.6,,0.7,,0.9,,,,0.75,,,,0.5,0.97,,,
TMCC2,,,,,,,,,,,,0.9,,0.7,,,,,,,,,
TMCC3,,,0.0,,0.58,,,,0.8,,0.81,,,,0.7,,,,0.5,,,,
TMCO1,,,0.0,,0.84,0.58,0.9,,0.6,,0.7,,,,0.7,,0.85,,0.5,,,0.5,
TMCO2,,,0.0,,0.83,,,,0.5,,0.6,,,,0.9,0.7,,,0.5,,,,
TMCO3,0.9,,0.0,,0.86,,,0.6,0.7,,0.8,,,,0.9,,0.8,,0.7,,,,
TMCO4,,,0.0,,0.93,,,,0.5,,0.68,,,,0.8,0.7,,,0.8,,,,
TMCO5A,,,0.0,,0.62,,0.6,,0.5,,0.75,,,,0.9,0.7,,,0.5,1.0,,,
TMCO5B,,,0.0,,0.0,,,,0.5,,,,,,,,,,0.5,,,0.8,
TMCO6,,,0.0,,0.69,,,0.5,0.6,,0.8,,,,0.7,0.6,,,0.7,,,,
TMED1,,,0.0,,0.5,,,,0.7,,0.8,,,,0.8,0.7,,,0.6,,,0.6,
TMED10,,,,0.84,0.1,,,,,,,,,,,,,,,,,,
TMED2,,,,,,,,,,,,1.0,,0.5,,,,,,,,,
TMED3,,,0.8,,0.5,,,0.6,0.7,,0.9,,,,0.8,,,,0.5,0.85,,,
TMED4,,,,,,,,,,,,0.8,,,,,,,,,,,
TMED5,,,0.0,,0.5,0.7,0.4,,0.7,,0.8,,,,0.6,,,,0.6,,,0.5,
TMED6,,,0.0,,0.64,,,0.68,0.5,,0.74,,,,0.8,,,,0.5,,,,
TMED7,,,0.47,,0.2,,,0.8,0.87,,0.9,,,,0.85,0.7,,,0.45,,,0.56,
TMED8,,,,,,,,,,,,1.0,,,,,,,,,,,
TMED9,,,0.9,,0.6,0.5,,,0.7,,0.8,,,,0.7,0.7,0.8,,0.4,,,,
TMEFF1,,,,,,,,,,,,0.9,,,,,,,,,,,
TMEFF2,,,0.0,,,,,,,,,,0.9,,0.75,,,,,,0.86,,
TMEM100,,,,0.55,0.0,,,,,,,,,,,,,,,,,,
TMEM101,,,0.0,,0.56,,,,0.6,,0.8,,,,0.8,,,,0.5,,,0.5,
TMEM102,,,0.0,,0.59,,,,0.8,,0.9,,,,0.7,0.7,,,0.5,,,,
TMEM104,,,0.0,,0.5,,,,0.8,,0.9,,,,0.8,,,,0.5,,,0.6,
TMEM105,,,0.02,,0.79,,,,0.7,,0.9,,,,,,,,0.1,0.91,,,
TMEM106A,,,0.0,,0.89,,,0.7,0.6,,0.85,,,,0.9,,,,0.5,,,,
TMEM106B,,,,,,,,,,,,0.9,,,,,,,,,,,
TMEM106C,,,,,,,,,,,,1.0,,,,,,,,,,,
TMEM107,0.9,,0.0,,,,,0.5,,,,,0.8,,0.7,,0.9,,,,,,
TMEM108,,,,0.99,0.0,,0.75,0.65,0.6,,0.7,,,,0.8,0.85,,0.9,0.8,0.85,,,
TMEM109,,,,,,,,,,,,1.0,,0.6,,,,,,,,,
TMEM11,,,,,,,,,,,,0.8,,0.6,,,,,,,,,
TMEM114,0.9,,0.0,,0.0,,,,0.6,,0.8,,,,0.8,,,,0.5,,,,
TMEM115,,,,0.8,0.1,,,,0.85,,0.83,,,,0.9,0.75,,,0.5,,,0.56,
TMEM116,,,0.0,,0.94,,0.4,,0.6,,0.7,,,,0.7,,,,0.5,0.68,,,
TMEM117,,,0.0,,0.54,,,,0.67,,,,0.76,,0.9,,,,0.5,,,,
TMEM119,,,,0.62,0.0,,,,0.8,,0.6,,,,0.8,,,,0.5,,,,
TMEM120A,,,,,,,,,,,,0.8,,0.6,,,,,,,,,
TMEM120B,,,,,,,,,,,,0.8,,,,,,,,,,,
TMEM121,,,,0.63,0.14,,,,0.5,,0.75,,,,0.85,,,,0.5,0.75,,,
TMEM121B,,,0.0,,0.0,,,,0.8,,0.9,,,,0.7,0.6,,,0.5,,,,
TMEM123,,,,0.64,0.13,,,0.1,0.6,,0.85,,,,0.8,,,,0.52,0.68,,,
TMEM125,,,0.0,,0.5,0.8,,,0.7,,0.9,,,,0.8,0.7,,,0.6,,,,
TMEM126A,0.8,,0.0,,,,,0.7,,,,,,,0.8,,,,,0.7,,,
TMEM126B,0.8,,0.0,,0.75,,,0.6,0.8,,,,0.96,,0.7,,,,0.5,,,0.49,
TMEM127,0.8,,0.9,,,,,,,,,,0.7,,0.75,0.78,0.8,,,,,,
TMEM128,,,0.0,,0.85,,,0.7,0.6,,0.7,,,,0.8,0.65,,,0.5,,,0.5,
TMEM129,,,0.0,,,,0.8,,0.6,,,,0.5,,0.8,,0.9,,0.5,,,0.7,
TMEM130,,,0.0,,0.76,,,0.85,0.7,,0.9,,,,0.9,,,,0.8,,,,
TMEM131,,,,1.0,0.8,,,,0.7,,0.6,,,,0.8,,,,0.7,,,0.6,
TMEM131L,,,0.0,,0.0,,,,0.7,,0.8,,,,0.6,,,,0.5,,,,
TMEM132A,,,0.0,,0.55,,0.1,,0.8,,0.9,,,,0.9,0.7,,,0.8,0.9,,,
TMEM132B,,,,,,,,,,,,1.0,,,,,,,,,,,
TMEM132C,,,,0.64,0.21,,0.4,,0.5,,0.55,,,,0.8,0.65,,,0.75,0.82,,,
TMEM132D,,,,,,,,,,,,0.8,,,,,,,,,,,
TMEM132E,,,0.0,,0.41,,0.5,,0.6,,0.9,,,,0.7,,,,0.5,0.97,,,
TMEM134,,,0.0,,0.7,,,0.5,0.6,,0.8,,,,0.9,,,,0.5,,,,
TMEM135,,,,,,,,,,,,0.8,,,,,,,,,,,
TMEM138,0.8,,0.05,,0.43,,,,0.75,,,,0.96,,0.7,,,,0.81,,0.69,,
TMEM139,,,0.9,,0.6,,,0.5,0.75,,0.8,,,,0.8,,,,0.7,,,,
TMEM140,,,0.8,,0.6,,,0.5,0.75,,0.85,,,,0.8,,,,0.7,,,,
TMEM141,,,0.0,,0.74,,,0.4,0.8,,0.9,,,,0.8,0.6,,,0.5,,,0.5,
TMEM143,,,0.0,,0.96,0.8,,,0.8,,0.9,,,,0.9,0.75,,,0.7,,,,
TMEM144,,,0.0,,0.93,,,,0.7,,0.8,,,,0.8,0.7,,,0.5,,,,
TMEM145,,,0.0,,0.55,,,,0.8,,0.9,,,,0.7,0.75,,,0.6,,,,
TMEM147,,,0.0,,0.63,,,,0.5,,0.85,,,,0.75,,0.8,,0.5,,,0.49,
TMEM14A,,,0.8,,0.6,,,,0.8,,0.9,,,,0.7,0.75,,,0.5,,,,
TMEM14B,,,0.0,,0.6,0.5,,,0.5,,0.7,,,,0.7,,,,0.4,,,0.6,
TMEM14C,,,,,,,,,,,,0.7,,,,,,,,,,,
TMEM14DP,,,0.0,,0.0,,,,0.5,,,,,,,,,,0.5,,,0.5,
TMEM14EP,,,1.0,,1.0,1.0,,,0.7,,0.8,,,,,,,,0.5,,,0.6,
TMEM150A,,,0.9,,0.5,,,0.5,0.6,,0.8,,,,0.8,,,,0.6,,,,
TMEM150B,,,0.0,,0.5,,0.7,,0.7,,0.9,,,,0.8,0.75,,,0.6,0.95,,,
TMEM150C,,,,,,,,,,,,0.8,,,,,,,,,,,
TMEM151A,0.9,,0.0,,0.52,,,,0.7,,0.8,,,,0.6,,,,0.5,,,,
TMEM151B,,,,,,,,,,,,1.0,,,,,,,,,,,
TMEM154,,,0.0,,0.88,,0.6,0.7,0.75,,0.8,,,,0.9,0.7,,,0.5,,,,
TMEM156,,,0.0,,0.5,,,,0.7,,0.9,,,,0.8,0.7,,,0.6,,,,
TMEM158,,,0.14,,0.53,,,,0.8,,0.9,,,,0.8,0.65,,,0.6,,,,
TMEM160,,,0.2,,,,0.8,,,,,,0.7,,0.8,,,,,,,,
TMEM161A,,,0.0,,0.53,,,,0.7,,0.9,,,,0.75,0.7,,,0.6,,,0.57,
TMEM161B,,,0.0,,,,0.8,,,,,,0.9,,0.7,0.75,,,,,0.6,,
TMEM163,,,,,,,,,,,,0.7,,,,,,,,,,,
TMEM164,,,,,,,,,,,,1.0,,,,,,,,,,,
TMEM165,0.8,,0.28,,0.25,,,,0.5,,0.89,,,,0.7,,,,0.64,0.64,,,
TMEM167A,,,,,,,,,,,,0.9,,,,,,,,,,,
TMEM167B,,,,,,,,,,,,,,,,,,,,,,,
TMEM168,,,,,,,,,,,,0.8,,,,,,,,,,,
TMEM169,,,,,,,,,,,,1.0,,0.5,,,,,,,,,
TMEM17,,,0.9,,,,0.5,,,,,,0.8,,0.7,0.75,0.8,,,,0.6,,
TMEM170A,,,0.0,,0.8,,,,0.7,,,,0.9,,0.7,0.7,,,0.5,,,0.6,
TMEM170B,,,,0.8,0.0,,,,0.5,,,,0.6,,0.8,,,,0.66,,,,
TMEM171,,,0.0,,0.7,,0.8,0.7,0.6,,0.9,,,,0.8,0.7,,,0.5,0.95,,,
TMEM174,,,0.18,,0.31,0.83,0.1,,0.5,,0.5,,,,0.8,,,,0.61,,,,
TMEM175,,,,,,,,,,,,,,,,,,,,,,,
TMEM176A,,,0.9,,0.55,,0.8,,0.6,,0.85,,,,0.7,,,,0.7,,,,
TMEM176B,,,0.0,,0.5,,,,0.6,,0.8,,,,0.7,,,,0.7,0.9,,,
TMEM177,,,0.9,,0.6,,,,0.7,,0.8,,,,0.7,,,,0.7,,,0.6,
TMEM178A,,,,0.58,0.18,,,,0.6,,0.85,,,,0.8,,,,0.75,,,,
TMEM178B,,,,,,,,,,,,0.8,,,,,,,,,,,
TMEM179,,,,0.68,0.0,,,,0.3,,0.4,,,,0.6,,,,0.5,,,,
TMEM179B,,,0.0,,0.59,,,,0.8,,0.9,,,,0.9,0.7,,,0.5,,,,
TMEM18,,,0.0,,0.64,,0.9,,0.75,,0.85,,,,0.9,,,,0.7,0.6,,,
TMEM181,,,,,,,,,,,,0.8,,,,,,,,,,,
TMEM182,,,0.06,,0.34,,0.8,0.2,0.6,,0.75,,,,0.9,,,0.7,0.45,0.99,,,
TMEM183A,,,,0.88,0.15,,,0.4,0.5,,,,0.75,,0.6,,,,0.75,,,0.6,
TMEM184A,,,0.0,,0.9,,,0.65,0.7,,0.58,,,,0.9,0.7,,,0.5,0.94,,,
TMEM184B,,,0.36,,0.23,0.2,0.4,0.6,0.8,,0.57,,,,0.85,,,,0.81,,,0.55,
TMEM184C,,,0.2,,0.3,,,,0.7,,0.8,,,,0.9,,,,0.5,,,,
TMEM185A,,,0.8,,,,,,0.5,,,,,,0.9,,,,,,,0.6,0.6
TMEM185B,,,,,,,,,,,,0.8,,,,,,,,,,,
TMEM186,,,0.0,,0.84,,,0.6,0.8,,0.9,,,,0.9,,,,0.5,,,0.6,
TMEM187,,,0.9,,0.74,,0.5,,0.6,,0.8,,,,0.9,,,,0.7,,,0.7,
TMEM19,,,0.9,,0.6,,0.7,,0.6,,0.8,,,,0.8,,,,0.5,,,0.7,
TMEM190,,,0.0,,0.8,,0.1,,0.6,,0.7,,,,0.8,,,,0.5,,,,
TMEM191A,,,0.0,,0.0,,,,0.8,,,,,,,,,,0.5,,,,
TMEM191B,,,1.0,,1.0,,,,0.8,,,,,,0.7,,,,0.5,,,0.9,
TMEM191C,,,0.0,,0.0,,,,,,,,,,0.8,0.5,,,0.5,1.0,,,
TMEM192,,,0.0,,0.82,,0.2,,0.8,,0.9,,,,0.9,,,,0.5,,,0.6,
TMEM196,,,0.0,,0.5,,,0.4,0.5,,0.8,,,,0.7,,,,0.6,,,,
TMEM198,,,0.37,,0.23,,,,0.5,,0.6,,,,0.8,0.65,,,0.72,0.82,,,
TMEM200A,,,,0.82,0.1,,,0.5,0.7,,0.64,,,,0.75,,,,0.49,,,,
TMEM200B,,,0.0,,0.64,,,,0.7,,0.9,,,,0.8,0.7,,,0.5,,,,
TMEM200C,,,0.0,,0.0,,,,0.7,,0.6,,,,0.8,0.6,,,0.5,,,,
TMEM201,,,,,,,,,,,,0.85,,0.7,,,,,,,,,
TMEM202,,,0.0,,0.96,,,,0.4,,0.73,,,,0.8,0.7,,0.6,0.73,1.0,,,
TMEM203,,,,0.65,0.0,0.48,,,0.6,,0.1,,,,0.8,0.65,,,0.5,,,0.47,
TMEM204,,,,0.92,0.0,,,,0.7,,0.9,,,,0.9,,,,0.5,0.79,,,
TMEM205,,,,,,,,,,,,0.9,,,,,,,,,,,
TMEM207,,,0.0,,0.75,,,,0.6,,0.9,,,,0.7,0.75,,,0.5,,,,
TMEM208,,,0.0,,0.58,,,0.7,0.8,,0.9,,,,0.8,,,,0.5,,,0.6,0.6
TMEM209,,,0.0,,0.71,,,,0.7,,0.9,,,,0.9,0.75,,,0.5,,,,
TMEM210,,,,0.64,0.0,,,,0.75,,,,1.0,,1.0,,,,0.5,,,,
TMEM212,,,0.0,,0.0,,,,0.6,,0.7,,,,0.8,,,,0.5,,,,
TMEM213,,,0.09,,0.44,,,0.5,0.8,,0.85,,,,0.75,0.65,,,0.17,,,,
TMEM214,,,0.0,,0.58,,,,0.7,,0.85,,,,0.8,0.7,,,0.5,0.63,,,
TMEM215,,,0.0,,0.72,,0.1,,0.6,,0.8,,,,0.9,0.65,,,0.5,1.0,,,
TMEM216,0.8,,0.1,,,,,,,,,,,,0.8,,,,,,,,
TMEM217,,,0.0,,0.8,,,,0.6,,0.9,,,,0.8,0.7,,,0.5,,,,
TMEM218,0.9,,0.0,,0.5,,,0.2,0.6,,,,0.8,,0.8,,,,0.4,,,,
TMEM219,,,0.0,,0.78,,,,0.9,,0.8,,,,0.7,,,,0.5,,,0.48,
TMEM220,,,0.0,,0.99,,,0.6,0.7,,0.9,,,,0.9,0.7,,,0.8,,,,
TMEM221,,,0.0,,0.0,,,,0.6,,0.7,,,,0.9,,,0.8,0.5,,,,
TMEM222,,,0.0,,0.69,,,,0.7,,0.71,,,,0.8,0.65,,,0.5,0.8,,0.5,
TMEM223,,,0.0,,0.5,,,0.8,0.5,,0.6,,,,0.7,0.65,,,0.7,,,0.6,
TMEM225,,,0.0,,0.68,,,,0.4,,,,0.6,,0.7,,,,0.5,,,,
TMEM225B,,,0.0,,0.0,,,,0.8,,,,,,0.9,0.6,,,0.5,,,,
TMEM229A,,,0.0,,0.0,,,,0.6,,0.8,,,,0.7,,,,0.5,,,,
TMEM229B,,,0.15,,0.34,,0.93,,0.8,,0.57,,,,0.75,,,,0.67,0.93,,,
TMEM230,,,0.0,,0.73,,,,0.6,,0.9,,,,0.7,,,,0.5,,,0.5,
TMEM231,0.8,,0.2,,,,,,,,,,,,,,,,,,,,0.4
TMEM232,,,0.0,,0.0,,,,,,,,0.8,,0.9,0.7,,,0.5,,1.0,,
TMEM233,,,0.0,,0.0,,,,0.5,,0.5,,,,0.7,0.4,,,0.1,,,,
TMEM234,,,0.0,,0.5,0.8,,,0.5,,0.7,,,,0.8,0.65,,,0.6,,,,
TMEM235,,,0.0,,0.0,,,,0.4,,0.6,,,,0.5,,,,0.5,,,,
TMEM236,,,0.0,,0.0,,,0.2,0.6,,0.8,,,,0.7,0.5,,,0.5,,,,
TMEM237,,,0.0,,0.87,,,0.6,0.7,,0.9,,,,0.7,,,0.7,0.5,0.61,,,
TMEM238,,,1.0,,1.0,,,,0.8,,,,,,0.8,0.75,,0.7,0.5,,,,
TMEM239,,,0.0,,0.8,0.79,,,0.5,,0.5,,,,0.8,0.65,,,0.5,,,,
TMEM240,0.8,,0.0,,0.0,,,,0.6,,,,0.7,,0.7,,,,0.5,,0.9,,
TMEM241,,,0.0,,0.52,,,,0.6,,0.85,,,,0.7,,,0.9,0.75,,,0.6,
TMEM242,,,0.0,,0.85,,,,0.6,,0.9,,,,0.7,0.65,,,0.5,,,0.5,
TMEM243,,,0.0,,0.7,,,,0.6,,0.8,,,,0.7,0.6,,,0.5,,,,
TMEM244,,,0.01,,0.53,0.87,,,0.5,,0.75,,,,0.8,0.65,,,0.64,,,,
TMEM245,,,0.0,,0.39,0.8,0.5,,0.6,,0.9,,,,0.7,0.6,,,0.7,,,0.7,
TMEM247,,,0.0,,0.0,,,,0.5,,,,,,0.7,0.5,,,0.5,,,0.8,
TMEM248,,,,0.7,0.16,,,,0.6,,0.9,,,,0.8,,,,0.5,,,0.55,
TMEM25,,,0.0,,0.5,0.7,,0.9,0.6,,0.8,,,,0.7,,,,0.6,0.8,,,
TMEM250,,,0.0,,0.0,,,,0.7,,,,0.6,,0.8,,,,0.5,,,0.6,
TMEM252,,,0.19,,0.38,,,0.1,0.33,,0.54,,,,0.5,,,,0.85,,,,
TMEM253,,,0.0,,0.0,,,,0.6,,0.6,,,,0.9,0.5,,,0.5,,,,
TMEM254,,,0.0,,0.72,,,,0.7,,0.9,,,,0.8,0.65,,,0.5,,,,
TMEM255A,,,0.0,,0.5,,,0.7,0.6,,0.8,,,,0.9,,,,0.5,,,,
TMEM255B,,,0.0,,0.5,,,0.4,0.6,,0.8,,,,0.8,0.6,,0.7,0.5,0.9,,,
TMEM256,,,,,,,,,,,,0.8,,,,,,,,,,,
TMEM258,,,0.0,,,,0.8,,,,,,0.6,,0.7,0.65,0.9,,,,,,
TMEM259,,,,,,,,,,,,0.8,,0.7,,,,,,,,,
TMEM26,,,0.0,,0.84,,0.5,,0.6,,0.8,,,,0.8,,,,0.5,0.99,,,0.7
TMEM260,0.7,,0.0,,0.84,,,0.5,0.6,,,,0.8,,,0.6,,,0.5,,0.4,,
TMEM263,,,0.0,,0.0,,,,0.6,,0.8,,,,0.7,,,,0.5,,,,
TMEM265,,,0.0,,0.0,,,,0.5,,,,,,,,,,0.5,,,0.8,
TMEM266,,,1.0,,1.0,,,0.6,0.7,,0.9,,,,,,0.5,,0.8,1.0,,,
TMEM267,,,1.0,,1.0,,,0.4,0.6,,0.9,,,,0.8,0.7,,,0.5,,,,
TMEM268,,,0.0,,0.0,,,,,,,,0.9,,0.8,,,,0.5,,,,
TMEM269,,,0.0,,0.0,,,,0.5,,,,,,,,,0.7,0.5,,,0.2,
TMEM270,,,0.0,,0.0,,,,0.6,,0.85,,,,0.9,0.7,,,0.5,1.0,,,
TMEM30A,,,0.0,,0.41,,,0.58,0.67,,0.72,,,,0.75,0.65,,,0.5,,,0.54,
TMEM30B,,,0.0,,0.79,,,0.78,0.8,,0.92,,,,0.7,,,,0.5,,,,
TMEM30CP,,,0.0,,0.0,,,,,,,,,,,0.4,,0.8,0.5,0.6,,0.2,
TMEM31,,,0.0,,0.5,,,0.8,0.7,,0.9,,,,0.8,,,0.7,0.6,,,,
TMEM33,,,0.01,,0.42,,,,0.4,,0.53,,,,,,,,0.75,,,0.48,
TMEM35A,,,,,,,,,,,,0.8,,0.6,,,,,,,,,
TMEM35B,,,,,,,,,,,,0.8,,,,,,,,,,,
TMEM37,,,0.0,,0.82,,,,0.6,,0.8,,,,0.7,,,,0.5,0.89,,,
TMEM38A,,,0.0,,0.64,,,0.5,0.6,,0.8,,,,0.7,,,,0.5,,,,
TMEM38B,,1.0,0.01,,0.41,,0.85,,0.7,,0.75,,,,0.8,,,,,0.76,,,
TMEM39A,,,,,,,,,,,,0.8,,,,,,,,,,,
TMEM39B,,,0.9,,0.7,,,,0.6,,,,0.9,,0.7,,,,0.5,,,,
TMEM40,,,0.0,,0.75,,,,0.8,,0.9,,,,0.9,0.75,,,0.5,,,,
TMEM41A,,,,,,,,,,,,1.0,,,,,,,,,,,
TMEM41B,,,,,,,,,,,,0.8,,,,,,,,,,,
TMEM42,,,0.08,,0.47,,,,0.67,,0.88,,,,0.8,,,0.9,0.5,,,0.54,
TMEM43,0.9,,0.0,,,,,,,,,,0.85,,0.7,,,,,,0.77,,
TMEM44,,,0.0,,0.5,,,0.4,0.6,,0.8,,,,0.9,,,,0.7,0.7,,,
TMEM45A,,,0.9,,0.6,,,,0.7,,0.8,,,,0.8,,,,0.5,,,,
TMEM45B,,,0.0,,0.7,,,,0.9,,0.6,,,,0.8,,,,0.5,,,,
TMEM47,,,,0.76,0.0,,,0.6,0.1,,0.14,,,,0.5,,,,0.181,,,,
TMEM50A,,,,,,,,,,,,0.8,,,,,,,,,,,
TMEM50B,,,0.97,,0.6,,,,0.8,,0.84,,,,0.9,,,,0.79,,,,
TMEM51,,,0.32,,0.24,0.3,,0.8,0.75,,0.93,,,,0.85,0.65,,,0.51,,,,
TMEM52,,,0.99,,0.71,,,,0.8,,0.8,,,,0.9,0.85,,,0.5,,,,
TMEM52B,,,0.0,,0.74,,,0.7,0.6,,0.8,,,,0.9,,,,0.5,,,,
TMEM53,,,0.8,,0.6,,,0.3,0.6,,0.9,,,,0.8,,0.9,,0.5,,,,
TMEM54,,,0.0,,0.57,,,,0.7,,0.9,,,,0.8,0.7,,,0.5,,,,
TMEM59,,,0.0,,0.97,,,,0.8,,0.9,,,,0.8,,,,0.5,,,0.6,0.6
TMEM59L,,,0.0,,0.49,,,,0.7,,0.78,,,,0.8,,,,0.5,,,,
TMEM60,,,,0.77,0.0,,0.6,,0.7,,0.6,,,,0.8,,,,0.133,,,0.49,
TMEM61,,,0.0,,0.5,,,,0.7,,0.8,,,,0.8,0.7,,,0.6,,,,
TMEM62,,,,,,,,,,,,0.9,,,,,,,,,,,
TMEM63A,0.8,,0.0,,,,,0.6,,,,,0.9,,0.8,0.75,,,,,0.7,,
TMEM63B,,,,1.0,0.93,,,,0.6,,,,0.9,,0.8,,,,0.7,,,0.5,
TMEM63C,0.85,,,0.62,0.21,,,0.75,0.7,,0.8,,,,0.8,,,,0.8,0.97,,,
TMEM64,,,,0.5,0.19,,,,0.7,,0.9,,,,0.7,,,,0.76,,,,
TMEM65,,,,,,,,,,,,0.8,,,,,,,,,,,
TMEM67,0.8,1.0,0.0,,0.72,,,,0.85,,,,0.9,,0.8,0.75,,,0.5,,,,
TMEM68,,,0.9,,0.6,,,,0.7,,0.8,,,,0.8,,,,0.5,,,0.6,
TMEM69,,,0.0,,0.85,,,,0.7,,0.9,,,,0.8,,,,0.5,,,0.6,
TMEM70,0.9,,0.8,,,,,,,,,,,,,0.8,,,,,,,
TMEM71,,,0.0,,0.95,,,,0.7,,0.8,,,,0.8,0.75,,,0.5,,,,
TMEM72,,,,,,,,,,,,,,,,,,,,,,,
TMEM74,,,0.0,,0.73,0.8,,,0.7,,0.9,,,,0.8,,,,0.5,,,,
TMEM74B,,,,,,,,,,,,1.0,,,,,,,,,,,
TMEM78,,,0.0,,0.0,,,,,,0.5,,,,,,,0.8,0.5,0.88,,,
TMEM79,,,0.0,,0.7,0.87,0.1,0.2,0.7,,0.8,,,,0.6,,,0.9,0.5,0.97,,,
TMEM80,,,0.0,,0.5,,,,0.7,,0.9,,,,0.9,,,,0.6,0.7,,,
TMEM81,,,0.0,,0.8,,,,0.5,,0.6,,,,0.8,,,0.7,0.5,0.71,,,
TMEM82,,,0.0,,0.8,,,,0.6,,0.9,,,,0.8,0.7,,,0.5,,,,
TMEM86A,,,0.02,,0.45,,,,0.8,,0.93,,,,0.75,0.73,,,0.48,0.92,,,
TMEM86B,,,0.0,,0.6,,,,0.7,,0.9,,,,0.8,,,,0.5,0.68,,,
TMEM87A,,,,,,,,,,,,0.8,,0.5,,,,,,,,,
TMEM87B,,,0.0,,0.67,,,,0.7,,0.9,,,,0.7,,,,0.5,,,,
TMEM88,,,0.3,,0.26,,,,0.7,,0.9,,,,0.8,,,,0.8,0.8,,,
TMEM89,,,,0.76,0.0,,,0.2,0.4,,0.5,,,,0.7,,,,0.5,1.0,,,
TMEM8B,,,0.0,,,,0.5,,,,,,0.8,,0.9,,,,,,0.6,,
TMEM9,,,0.0,,0.6,,,0.83,0.67,,0.74,,,,0.8,0.68,,,0.5,,,0.49,
TMEM91,,,0.03,,0.54,,,,0.75,,0.96,,,,0.7,,,,0.86,0.66,,,
TMEM92,,,0.9,,,,0.8,0.7,0.6,,,,0.7,,0.8,,,,,,1.0,,
TMEM94,0.6,,0.0,,0.0,,,,0.7,,,,0.9,,0.8,,,,0.8,,,0.5,
TMEM95,,,1.0,,0.04,,,0.6,0.7,,0.9,,,,0.8,,,,0.5,,,,
TMEM97,0.7,,0.0,,0.75,,0.6,0.4,0.93,,0.67,,,,0.8,,,,0.88,0.95,,,
TMEM98,0.7,,0.9,,,,,0.7,,,,,0.8,,0.8,0.75,0.75,,,,0.85,,
TMEM9B,,,,0.55,0.18,,,0.84,0.67,,0.73,,,,0.75,0.68,,,0.5,,,0.49,
TMF1,,,0.8,,0.6,,,,0.7,,,,0.9,,0.75,,,,0.5,,,,
TMIE,0.9,,0.0,,,,,,,,,,,,,,,,,,0.85,,
TMIGD1,,,0.0,,0.87,,,,0.7,,0.9,,,,0.8,,,,0.6,,,,
TMIGD2,,,0.0,,0.89,,,,0.8,,0.9,,,,0.8,,,,0.7,,,,
TMIGD3,,,1.0,,1.0,,,,0.7,,0.9,,,,0.8,,,0.8,0.8,0.9,,,0.6
TMLHE,0.5,,0.0,,,,,,,,,,0.9,,0.5,,0.7,,,,,,
TMOD1,,1.0,0.37,,0.23,,0.6,0.5,0.5,,0.7,,,,0.7,,,0.8,0.8,0.79,,,
TMOD2,,,0.8,,0.34,,0.5,0.6,0.7,,0.9,,,,0.7,,0.9,,0.6,,,,
TMOD3,,,0.06,,0.31,,,0.75,0.8,,0.95,,,,0.7,0.75,,0.85,0.35,0.76,,,
TMOD4,0.6,,0.0,,0.7,,,0.7,0.8,,0.9,,,,,,0.8,,0.5,,,,
TMPO,,,0.0,,0.64,,,,0.85,,0.9,,,,0.8,,,,0.8,,,1.0,
TMPPE,,,,,,,,,,,,0.8,,,,,,,,,,,
TMPRSS11A,,,0.0,,0.91,0.74,,0.6,0.5,,0.7,,,,0.9,,,,0.5,,,,
TMPRSS11B,,,0.0,,0.8,,,0.8,0.7,,0.9,,,,0.8,,,0.9,0.5,1.0,,,
TMPRSS11D,,,,,,,,,,,,0.8,,0.6,,,,,,,,,
TMPRSS11E,,,0.0,,0.6,,0.5,,0.7,,0.9,,,,0.75,,,0.85,0.8,1.0,,,
TMPRSS11F,,,0.0,,0.68,0.89,0.1,,0.5,,0.6,,,,0.7,,,,0.8,0.97,,,
TMPRSS12,,,0.0,,0.62,,,0.6,0.5,,0.68,,,,0.8,0.75,,,0.75,,,,
TMPRSS13,,,0.0,,0.59,,,,0.8,,0.9,,,,0.75,0.75,,,0.5,0.95,,,
TMPRSS15,0.7,,0.0,,0.88,,,,0.6,,0.9,,,,0.75,0.7,,,0.8,1.0,,,
TMPRSS2,,,0.0,,0.59,,0.4,,0.6,,0.8,,,,,,,,0.5,0.94,,,0.6
TMPRSS3,0.8,,0.0,,,,,0.6,,,,,0.9,,0.8,0.75,0.85,,,,0.94,,
TMPRSS4,0.8,,0.0,,0.69,,,,0.7,,0.9,,,,0.75,,,,0.8,,,,
TMPRSS5,,,0.0,,0.62,0.7,0.5,0.4,0.6,,0.8,,,,0.8,,,0.7,0.5,1.0,,,
TMPRSS6,,1.0,0.0,,0.5,,0.8,,0.7,0.5,0.9,,,,0.7,,,,0.6,0.99,,,
TMPRSS7,,,0.0,,0.81,,,,0.7,,0.9,,,,0.8,,,,0.8,,,,
TMPRSS9,,,0.0,,0.7,,,,0.7,,0.9,,,,0.6,,,,0.8,,,,
TMSB10,,,0.9,,0.4,,,,0.6,,0.8,,,,0.5,,,,0.2,0.8,,,
TMSB15B,,,0.38,,0.0,,,,0.6,,0.9,,,,,0.7,,,0.1,,,,
TMSB4X,,,,,,,,,,,,,,,,,,,,,,,
TMSB4Y,,,0.33,,0.0,,,,0.7,,0.8,,,,,,,,0.1,0.63,,,
TMTC1,,,0.0,,0.51,,0.4,,0.7,,0.6,,,,0.8,,,,0.5,0.82,,,
TMTC2,,,0.03,,0.28,,0.11,,0.8,,0.44,,,,0.8,0.65,,0.9,0.836,0.64,,,
TMTC3,0.8,,0.0,,0.35,,,,0.6,,0.7,,,,0.75,0.65,0.9,,0.5,0.66,,,
TMTC4,,,0.0,,0.54,,,0.2,0.5,,0.8,,,,0.5,,0.7,,0.6,,,0.6,
TMUB1,,,0.17,,0.32,,,,0.5,,0.88,,,,,0.68,,,0.75,,,0.47,
TMUB2,,,,,,,,,,,,0.9,,,,,,,,,,,
TMX1,,,0.0,,0.4,0.8,,0.7,0.7,,0.9,,,,,,,,0.6,,,,
TMX2,0.5,,,0.64,0.18,,,0.4,0.5,,0.75,,,,0.8,,,,0.592,,,0.7,
TMX3,0.7,,0.0,,0.34,0.69,,,0.7,,0.8,,,,0.8,,0.9,,0.5,,,0.6,0.6
TMX4,,,0.18,,0.26,,,,0.8,,0.74,,,,0.6,,,0.9,0.75,,,,
TNC,,,,,,,,,,,,,,,,,,,,,,,
TNF,,,,,,,,,,,,0.9,,0.6,,,,,,,,,
TNFAIP1,,,0.3,,,,0.8,0.6,0.7,,,,0.9,,0.7,,0.8,,0.5,,,,
TNFAIP2,,,0.0,,0.4,,0.1,,0.6,,0.8,,,,0.8,,,,0.5,0.8,,,
TNFAIP3,,1.0,,1.0,0.94,,0.9,0.65,0.75,,0.6,,,,,,,,,0.91,,,
TNFAIP6,0.8,,,,,,,,,,,,,,,,,,,,,,
TNFAIP8,,,0.4,,0.2,0.462,0.7,,0.87,,0.176,,,,0.9,,,,0.198,0.87,,,
TNFAIP8L1,,,,0.55,0.0,,,,0.75,,0.8,,,,0.7,0.75,,,0.5,0.77,,,
TNFAIP8L2,,,,,,,,,,,,,,,,,,,,,,,
TNFAIP8L3,,,0.0,,0.5,,,,0.7,,0.9,,,,0.7,,,,0.6,0.88,,,
TNFRSF10A,,,0.0,,,,0.8,0.7,0.75,0.9,0.85,,,,0.9,0.8,,,,0.8,,,
TNFRSF10B,,,0.0,,,,0.5,0.6,0.75,0.8,0.9,,,,0.9,,,,,,0.77,,
TNFRSF10C,,,0.0,,0.5,,0.9,0.7,0.6,,0.8,,,,0.8,,,,0.7,1.0,,,
TNFRSF10D,,,0.0,,0.7,,,0.2,0.8,,0.9,,,,0.7,,,,0.5,0.94,,,
TNFRSF11A,0.8,,0.9,,,,,,,,,,0.9,,0.8,0.75,0.85,,,,0.95,,
TNFRSF11B,,,0.21,,0.25,,0.75,,0.85,,0.9,,,,,0.75,,,,0.97,,,
TNFRSF12A,,,0.09,,0.45,0.55,,,0.7,0.1,0.8,,,,0.8,,,,0.5,,,,
TNFRSF13B,,,0.0,,0.5,,0.9,0.7,0.8,,0.9,,,,0.8,,,,0.6,1.0,,,
TNFRSF13C,,,,,,,,,,,,0.9,,,,,,,,,,,
TNFRSF14,,,,,,,,,,,,0.9,,0.7,,,,,,,,,
TNFRSF17,,,,,,,,,,,,1.0,,0.5,,,,,,,,,
TNFRSF18,,,0.0,,,,0.5,0.3,,,,,0.9,,0.6,,,,,,0.94,,
TNFRSF19,,,0.8,,,,0.7,0.7,0.6,,,,0.9,,0.9,,0.8,,,0.95,,,
TNFRSF1A,,,,,,,,,,,,0.8,,0.6,,,,,,,,,
TNFRSF1B,,,,0.82,0.16,,0.1,,0.21,,0.71,,,,0.8,0.7,,,0.46,0.96,,,
TNFRSF21,,,,,,,,,,,,0.8,,,,,,,,,,,
TNFRSF25,,,0.04,,0.29,,,,0.85,,0.95,,,,0.7,0.78,,,0.83,0.96,,,
TNFRSF4,0.8,,0.0,,0.62,,,,0.7,0.6,0.9,,,,0.7,,,,0.5,0.91,,,
TNFRSF6B,,,0.0,,0.5,,0.8,,0.7,,0.9,,,,,,,,0.6,0.75,,,
TNFRSF8,,,,,,,,,,,,0.8,,0.6,,,,,,,,,
TNFRSF9,,,0.27,,0.25,,0.4,0.5,0.7,0.6,0.9,,,,0.75,,,,0.51,0.97,,,
TNFSF10,,,,,,,,,,,,0.85,,0.6,,,,,,,,,
TNFSF11,,,,,,,,,,,,0.9,,0.7,,,,,,,,,
TNFSF12,,,,0.76,0.18,,0.4,,0.9,,0.8,,,,0.9,,,,0.5,0.77,,,
TNFSF13,,,,0.79,0.14,,0.8,,0.65,0.5,0.9,,,,0.7,,,,0.5,0.63,,,
TNFSF13B,,,,,,,,,,,,0.9,,0.7,,,,,,,,,
TNFSF14,,,0.05,,0.36,,,0.45,0.15,0.1,0.78,,,,,,,,0.48,,,,
TNFSF15,,,0.0,,,,0.8,0.6,,,,,0.9,,0.7,,,,,,0.9,,
TNFSF18,,,0.0,,,,0.8,0.6,0.7,,,,0.9,,0.75,,,,,0.7,,,
TNFSF4,0.7,,0.8,,,,0.9,,0.8,,,,0.9,,0.7,,0.85,,,,0.75,,
TNFSF8,,,,0.94,0.0,,0.7,0.7,0.6,,0.9,,,,0.85,,,,0.5,0.96,,,
TNFSF9,,,0.67,,,,,,,,,,0.85,,0.9,,,,,,,,
TNIK,,,,1.0,0.1,,0.7,,0.7,0.6,0.8,,,,0.75,,,0.9,0.6,0.7,,,
TNIP1,,1.0,,0.75,0.2,,0.9,0.6,0.7,,0.8,,,,0.8,,,,,0.71,,,
TNIP2,,,0.01,,0.38,,0.1,0.3,0.6,,0.8,,,,0.9,0.7,,,0.86,0.68,,,0.5
TNIP3,,,0.8,,0.6,,,0.4,0.7,,0.9,,,,0.85,0.75,,,0.5,0.95,,,
TNK1,,,0.0,,0.57,,,,0.6,0.5,0.9,,,,0.7,,,0.8,0.7,0.8,,,
TNK2,,,0.0,,0.49,,,0.5,0.7,0.6,0.9,,,,,,0.9,0.9,0.8,0.6,,,
TNKS,,,0.2,,,,0.8,0.6,,,,,0.9,,0.8,0.7,,,,,,,
TNKS1BP1,,,0.96,,0.75,,,,0.8,,0.9,,,,0.8,,,,0.85,0.72,,,
TNKS2,,1.0,0.0,,,,,0.5,0.6,,,,0.8,,0.7,0.75,,,0.7,,,,
TNMD,,,,,,,,,,,,,,,,,,,,,,,
TNN,,,,,,,,,,,,0.8,,,,,,,,,,,
TNNC1,,,,,,,,,,,,,,,,,,,,,,,
TNNC2,,,0.02,,0.47,,,0.7,0.8,0.1,0.9,,,,0.6,,,,0.8,1.0,,,
TNNI1,0.6,,0.0,,0.66,,,,0.8,,0.9,,,,,,,,0.5,1.0,,,
TNNI2,,,0.13,,0.31,,0.9,0.5,0.6,0.5,0.7,,,,0.7,,,,0.91,1.0,,,0.6
TNNI3,0.8,1.0,0.09,,0.31,,,0.5,0.7,,0.9,,,,0.7,,,,,1.0,,,
TNNI3K,,,0.0,,0.5,,0.8,0.5,0.6,,0.7,,,,0.7,0.75,,0.8,0.6,0.9,,,
TNNT1,0.9,,0.0,,,,,0.6,,,,,0.8,,,,0.9,,,,1.0,,
TNNT2,0.8,0.9,0.0,,,,,0.6,,,,,0.9,,0.7,0.7,,,0.5,,,,
TNNT3,,,0.0,,0.56,0.26,0.4,0.7,0.7,,0.9,,,,0.8,,,,0.5,,,,
TNP1,,,0.04,,0.71,,0.4,,0.5,,0.76,,,,,0.6,,,0.11,1.0,,,
TNP2,,,0.9,,,,0.8,,,,,,0.9,,,,,,,,1.0,,
TNPO1,,,,,,,,,,,,,,0.7,,,,,,,,,
TNPO2,,,,1.0,0.04,0.9,,,0.6,,0.7,,,,0.7,0.75,,,0.8,,,,
TNPO3,,,,,,,,,,,,,,,,,,,,,,,
TNR,,,,,,,,,,,,0.9,,,,,,,,,,,
TNRC18,,,,1.0,0.18,,,,0.7,,,,0.9,,0.75,,,,0.8,0.69,,,
TNRC6A,,,,1.0,0.09,,0.7,0.5,0.65,,0.75,,,,0.85,,,,0.8,0.62,,,
TNRC6B,,,,1.0,0.09,,0.9,0.5,0.7,,0.6,,,,0.7,,,0.8,0.7,,,0.6,
TNRC6C,,,,1.0,0.94,,,0.5,0.75,,0.6,,,,0.6,0.75,,0.8,0.7,0.66,,,
TNS1,,,,,,,,,,,,0.8,,,,,,,,,,,
TNS2,0.6,,0.0,,0.0,,,,0.7,,0.9,,,,0.7,,,,0.8,0.8,,,0.7
TNS3,,1.0,,1.0,0.92,,0.9,,0.7,,0.8,,,,0.6,,,0.85,,0.71,,,
TNS4,,,0.0,,0.49,,,0.6,0.8,,0.9,,,,0.75,,,,0.7,0.96,,,
TNXA,,,1.0,,1.0,,,,0.6,,,,,,,,,0.7,0.8,,,0.5,
TNXB,,,0.18,,0.26,,0.85,0.5,0.75,,0.8,,,,0.8,0.65,,0.6,0.9,0.83,,,
TOB1,,,,0.96,0.0,,0.1,0.7,0.8,,0.95,,,,0.7,,,,0.69,0.79,,,
TOB2,,,,0.89,0.0,,0.1,,0.5,,0.5,,,,0.6,0.65,,,0.344,0.61,,,
TOE1,0.8,,0.0,,0.5,,,,0.7,,0.9,,,,0.5,,0.8,,0.6,0.6,,,
TOGARAM1,0.8,,1.0,,,,,,,,,,0.9,,0.8,,0.9,,,,,,
TOGARAM2,,,,,,,,,,,,0.8,,,,,,,,,,,
TOLLIP,,,0.2,,,,0.6,0.5,0.7,,,,0.8,,0.7,,,,,,0.6,,
TOM1,,,0.0,,,,0.8,0.6,,,,,0.9,,0.8,,0.9,,,,,0.7,0.5
TOM1L1,,,0.0,,0.68,,,,0.6,,0.9,,,,0.7,0.75,,,0.5,0.72,,,
TOM1L2,0.4,,0.0,,,,0.5,0.6,0.7,,,,0.8,,0.9,,0.7,,,,,0.6,0.5
TOMM20,,,,,,,,,,,,0.9,,0.6,,,,,,,,,
TOMM20L,,,0.0,,0.87,,,0.4,0.6,,0.9,,,,,,,,0.5,,,,
TOMM22,,,,,,,,,,,,,,,,,,,,,,,
TOMM34,,,0.8,,0.6,,,,0.7,,0.9,,,,0.8,,,0.6,0.5,0.9,,,
TOMM40,,,,1.0,1.0,,0.9,,0.6,,0.7,,,,0.8,,,,0.5,,,0.7,
TOMM40L,,,,0.57,0.19,,,,,,,,0.91,,0.85,,,,0.77,,,,
TOMM6,,,0.0,,0.0,,,,0.7,,0.8,,,,0.7,0.6,,,0.5,,,0.9,
TOMM7,,,0.9,,,,0.8,0.7,,,,,0.9,,0.75,,0.85,,,,,0.6,
TOMM70,,,0.0,,0.0,,,,0.7,,0.9,,,,0.9,0.6,,,0.8,,,,
TONSL,0.6,,0.0,,0.52,,,,0.7,,0.9,,,,0.8,,,0.85,0.8,0.79,,,
TOP1,,,,,,,,,,,,,,,,,,,,,,,
TOP1MT,,,0.0,,0.5,0.8,,,0.6,0.7,0.9,,,,0.7,,,,0.6,0.72,,,
TOP2A,,,,,,,,,,,,,,,,,,,,,,,
TOP2B,,1.0,,1.0,0.14,,,0.2,0.85,0.9,0.95,,,,0.9,,,,0.8,,,0.7,
TOP3A,0.8,1.0,0.0,,,,,,,,,,0.9,,0.8,,0.9,,,,,,
TOP3B,,,0.0,,0.35,,,,0.8,,0.9,,,,0.7,,,,0.5,0.68,,,0.5
TOPAZ1,,,0.0,,0.0,,,,0.6,,0.8,,,,,,,,0.5,,,,
TOPBP1,,1.0,,1.0,0.97,,,,0.75,,,,0.9,,,0.92,,,0.8,0.71,,,
TOPORS,0.9,,,1.0,0.9,,,,0.6,,0.8,,,,0.7,,,0.9,0.7,,,0.7,
TOR1A,,,,,,,,,,,,0.8,,0.6,,,,,,,,,
TOR1AIP1,0.5,1.0,0.0,,0.64,,,0.5,0.6,,0.9,,,,0.7,,,,,,,0.7,
TOR1AIP2,,,,,,,,,,,,0.8,,0.6,,,,,,,,,
TOR1B,,,,,,,,,,,,0.8,,,,,,,,,,,
TOR2A,,,0.12,,0.31,0.8266,,,0.8,,0.98,,,,0.7,0.76,,,0.64,,,,
TOR3A,,,0.0,,0.5,,,0.5,0.7,,0.8,,,,0.8,,,0.9,0.6,,,,
TOR4A,,,,,,,,,,,,0.85,,,,,,,,,,,
TOX,,,,1.0,0.96,,0.8,,0.6,,0.7,,,,,,,,0.5,0.81,,,
TOX2,,,0.04,,0.31,,0.4,0.5,0.6,,0.8,,,,0.7,,,,0.48,0.85,,,
TOX3,,,,1.0,0.04,0.73,0.9,,0.7,,0.85,,,,0.6,0.82,,,0.8,0.89,,,
TOX4,,,,0.96,0.14,,,0.7,0.8,,0.85,,,,0.8,,,,0.62,,,0.48,
TP53,,1.0,0.17,,0.27,,0.9,0.4,0.5,0.6,0.7,,,,,,,,,0.77,,,
TP53AIP1,,,0.0,,0.3,,,0.2,0.7,,0.9,,,,,,,,0.6,,,,
TP53BP1,,,,,,,,,,,,,,0.6,,,,,,,,,
TP53BP2,,1.0,0.01,,0.27,,,,0.9,,0.95,,,,0.75,,,,0.85,,,,
TP53I11,,,0.29,,0.25,0.34,0.1,,0.8,,0.85,,,,0.75,0.65,,,0.95,0.73,,,
TP53I13,,,0.0,,0.55,,,,0.8,,0.63,,,,0.7,,,0.9,0.75,,,,
TP53I3,,,0.0,,0.5,,,,0.8,,0.9,,,,0.8,,,,0.7,,,,0.6
TP53INP1,,,0.0,,,,0.8,0.75,0.85,,,,0.9,,,0.85,,,,0.72,,,
TP53INP2,,,,0.81,0.0,,0.4,,0.7,,0.6,,,,,,,,0.5,0.95,,,
TP53RK,0.8,,0.0,,,,,0.6,,,,,0.9,,0.7,,0.7,,,,,,
TP53TG1,,,0.0,,0.0,,,,0.6,,,,,,,,,,0.1,,,0.5,
TP53TG3B,,,0.0,,0.0,,,,0.6,,,,0.7,,,,,,0.5,1.0,,,
TP53TG5,,,0.0,,0.8,,,0.5,0.6,,0.9,,,,0.9,0.75,,,0.7,1.0,,,
TP63,,1.0,,1.0,0.13,,0.9,0.5,0.6,,0.7,,,,0.6,,,0.8,,0.97,,,
TP73,,1.0,,1.0,0.1,,,,0.6,,0.7,,,,0.7,0.85,,,0.5,,,,
TPBG,,,0.1,,,,,,,,,,0.9,,,,,,,,,,
TPBGL,,,0.0,,0.0,,,,0.6,,,,,,0.8,0.6,,,0.5,,,,
TPCN1,,,,,,,,,,,,,,,,,,,,,,,
TPCN2,,,0.0,,0.49,,0.9,0.9,0.65,0.7,0.85,,,,,,0.8,,0.6,0.65,,,
TPD52,,,0.0,,0.7,,0.6,0.5,0.75,,0.8,,,,0.9,,,,0.5,0.76,,,
TPD52L1,,,,,,,,,,,,0.9,,,,,,,,,,,
TPD52L2,,,0.0,,0.58,,,0.5,0.65,,0.75,,,,0.9,,,,0.5,,,0.53,0.6
TPD52L3,,,0.2,,0.37,,,,0.6,,0.9,,,,,,,,0.7,,,,
TPGS1,,,0.06,,0.56,,,,0.8,,,,0.9,,0.9,,,,0.5,,,0.49,
TPGS2,,,0.0,,0.57,,,0.6,0.7,,0.9,,,,0.7,,,,0.5,0.63,,,
TPH1,0.9,,0.0,,0.6,,,0.5,0.6,0.7,0.9,,,,,,,,0.5,,,,
TPH2,0.8,,0.0,,,,,0.5,0.7,,,,0.9,,0.7,,,,,,0.95,,
TPI1,0.7,0.9,0.8,,,,,,,,,,0.9,,0.7,,0.9,,,,,,0.5
TPK1,0.8,,0.2,,,,,,,,,,0.9,,0.75,0.7,0.85,,,0.6,,,
TPM1,,1.0,0.0,,0.43,,0.6,0.7,0.7,,0.9,,,,0.5,,,,,0.89,,,
TPM2,0.8,,0.0,,,,,,,,,,0.9,,0.5,0.7,0.85,,,,0.94,,
TPM3,,0.8,0.9,,0.5,,0.6,0.6,0.8,,0.9,,,,0.8,,,,,1.0,,,
TPM4,,,0.31,,0.24,0.48,0.9,,0.7,,0.8,,,,0.7,,,,0.5,0.77,,,
TPMT,,,0.0,,0.65,,0.8,,0.85,,0.7,,,,,,,,0.5,0.71,,,
TPO,,,0.0,,0.82,,0.8,,0.7,0.7,0.6,,,,0.8,,,0.8,0.8,1.0,,,
TPP1,1.0,1.0,0.0,,0.52,,,0.6,0.8,,,,0.9,,0.8,,0.9,,,,,0.7,
TPP2,0.9,,,1.0,0.16,0.8,,,0.5,0.6,0.7,,,,0.75,,,,0.7,0.65,,,
TPPP,,,0.2,,0.3,,0.8,,0.7,,0.9,,,,0.8,,,,0.44,0.87,,,
TPPP2,0.5,,0.8,,0.6,,,0.4,0.6,,0.9,,,,,,,,0.5,,,,
TPPP3,,,0.38,,0.21,,,,0.8,,0.93,,,,0.7,,,,0.88,,,,
TPR,,,,1.0,0.94,,,,0.78,,0.95,,,,,0.82,,,0.85,0.68,,,
TPRA1,,,0.9,,,,0.7,0.7,0.6,,,,0.8,,0.9,,,,,,0.5,,
TPRG1,,,0.0,,,,0.5,,,,,,0.8,,,,,,0.6,,0.9,,
TPRG1L,,,0.0,,0.89,,,,0.6,,0.53,,,,0.7,,,,0.54,,,0.5,
TPRKB,0.7,,0.9,,,,,,,,,,0.8,,0.5,0.7,0.8,,,,,,
TPRN,0.8,,0.9,,,,,,,,,,0.7,,0.7,0.75,0.8,,,0.9,,,
TPRX1,,,0.37,,0.0,,,,0.5,,0.8,,,,,,,,0.75,,,,
TPRXL,,,0.0,,0.0,,,,0.6,,,,,,,,,,0.5,,,0.4,
TPSAB1,0.7,,0.0,,0.5,,0.7,,0.7,0.6,0.8,,,,0.6,,,,,0.9,,,
TPSD1,0.7,,0.0,,0.7,,0.5,,0.7,,0.6,,,,0.8,,,,0.8,0.85,,,
TPSG1,0.7,,0.0,,0.5,0.9,,,0.6,,0.8,,,,0.8,,,,0.7,0.9,,,
TPST1,,,0.18,,0.26,,0.1,0.1,0.8,,0.7,,,,0.8,,,0.6,,0.63,,,
TPST2,,,0.28,,0.25,,0.5,0.8,0.7,,0.9,,,,0.8,,,,0.75,,,,0.6
TPT1,,1.0,,0.82,0.1,,,0.6,0.8,,,,0.9,,0.8,,,,0.5,,,,
TPT1P8,,,0.0,,0.0,,,,0.5,,,,,,,,,,0.5,,,0.8,
TPTE,,,0.0,,0.5,0.9,,,0.6,,0.8,,,,0.8,,,,0.7,0.9,,0.2,0.7
TPTE2,,,0.0,,0.63,,,0.7,0.9,,0.85,,,,0.8,,,,0.5,1.0,,,
TPTE2P1,,,0.0,,0.0,,,,0.6,,,,,,,0.3,,,0.5,,,,
TPX2,,,,1.0,0.1,,,,0.6,0.5,0.7,,,,0.7,0.85,,,0.8,0.99,,,
TRA2A,,,0.8,,0.6,,,0.8,0.7,,0.9,,,,0.8,,,,0.5,,,0.6,
TRA2B,,0.85,,0.95,0.8,,0.7,,0.75,,0.6,,,,0.7,,,0.8,,0.65,,,
TRABD,,,0.9,,,,0.8,0.7,0.75,,,,0.85,,0.8,,0.9,,0.6,,0.7,,
TRABD2A,,,0.0,,0.83,,,,0.8,,0.55,,,,,,,,0.5,,,,
TRABD2B,,,,0.84,0.14,,,,0.7,,,,0.8,,0.7,0.75,,,0.5,,0.94,,
TRAC,0.7,,0.1,,,,,,,,,,,,,,,,,,,0.5,
TRADD,,,,,,,,,,,,,,,,,,,,,,,
TRAF1,,,0.01,,0.37,,0.8,0.64,0.72,,0.9,,,,0.75,,,,0.83,0.83,,,
TRAF2,,1.0,,1.0,0.0,,,0.7,0.6,,0.7,,,,0.75,,,,0.8,,,,
TRAF3,,,,1.0,0.93,,0.7,0.5,0.75,,0.9,,,,,,,0.8,,0.72,,,
TRAF3IP1,,,0.0,,0.48,0.9,0.8,,0.75,,0.85,,,,0.9,,,,0.7,,,0.6,
TRAF3IP2,,,0.0,,0.7,,0.9,,0.85,,0.95,,,,0.8,,,,0.8,0.72,,,
TRAF3IP3,,,0.0,,,,0.8,0.6,0.7,,,,0.9,,0.75,,0.85,,,0.97,,,
TRAF4,,,,,,,,,,,,0.8,,,,,,,,,,,
TRAF5,,,0.0,,0.78,,,,0.8,,0.9,,,,0.6,,,,0.6,0.8,,,
TRAF6,0.8,1.0,,1.0,0.95,,,0.75,0.85,,0.9,,,,,,,,0.7,0.65,,,
TRAF7,0.8,,0.09,,0.25,,,,0.85,,,,0.9,,0.8,,,,0.67,,0.61,,
TRAFD1,,,0.0,,0.55,0.8,0.5,0.4,0.6,,0.9,,,,,0.7,,,0.7,0.65,,,
TRAIP,,1.0,0.0,,0.47,,0.4,,0.7,,0.8,,,,,,,0.9,,0.89,,,
TRAK1,,,0.0,,,,0.8,0.7,0.6,,,,0.9,,0.9,,0.8,,,,,0.5,
TRAK2,,,0.0,,0.6,,,0.7,0.8,,,,0.9,,0.85,,,,0.7,0.82,,,
TRAM1,,,,,,,,,,,,0.9,,,,,,,,,,,
TRAM1L1,,,0.99,,0.61,,,,0.6,,0.85,,,,0.9,0.75,,,0.5,,,,
TRAM2,,,,,,,,,,,,0.8,,,,,,,,,,,
TRANK1,,,0.0,,0.54,,0.9,,0.6,,0.7,,,,0.8,0.75,,0.85,0.8,0.89,,,
TRAP1,,,0.8,,,,0.7,0.5,0.75,,,,0.9,,0.7,,,,,,,0.6,
TRAPPC1,,,0.1,,0.34,,,0.67,0.75,,0.92,,,,0.8,,,,0.73,,,0.48,0.6
TRAPPC10,0.8,,,1.0,0.09,,,0.6,0.8,,0.9,,,,0.7,,0.9,,0.7,,,0.5,
TRAPPC11,,,0.0,,0.4,,0.5,,0.8,,0.9,,,,0.7,,,,0.7,,,0.6,
TRAPPC12,0.8,,0.0,,0.83,0.7,,0.7,0.8,,,,0.9,,0.7,,,,0.5,,,0.6,
TRAPPC13,,,0.0,,0.4,,,0.6,0.7,,0.8,,,,0.9,,,,0.5,,,0.6,
TRAPPC2,0.8,,0.0,,0.93,,,,0.7,,0.9,,,,0.5,,,,0.5,,,0.6,
TRAPPC2L,0.8,,0.0,,0.6,,,,0.7,,,,0.9,,0.5,,0.7,,0.5,,,,
TRAPPC3,,,,,,,,,,,,,,,,,,,,,,,
TRAPPC3L,,,0.0,,0.0,,,,0.6,,,,,,0.9,,,,0.5,,,,
TRAPPC4,,,,,,,,,,,,,,,,,,,,,,,
TRAPPC5,,,0.22,,0.33,0.63,,0.8,0.87,,0.87,,,,0.9,,,,0.75,,,0.5,
TRAPPC6A,,,0.0,,0.7,0.5,,,0.7,,0.8,,,,0.9,,,,0.6,,,0.5,0.6
TRAPPC6B,0.8,,0.0,,0.71,,,,0.6,,0.7,,,,0.8,,,,0.5,,,0.6,
TRAPPC8,,,,1.0,0.93,,,,0.7,,0.5,,,,0.9,0.75,,,0.7,,,0.6,
TRAPPC9,,,0.0,,,,0.8,,0.5,,0.6,,,,0.7,,,,,,,0.6,
TRAT1,,,0.94,,0.34,,,0.6,0.7,,0.85,,,,0.75,,,,0.75,,,,
TRBC1,,,0.0,,0.0,,,,0.8,,,,,,,,,,0.5,,,0.2,
TRBC2,,,0.0,,0.0,,,,0.7,,,,,,,,,,0.5,,,0.8,
TRBV12-3,,,0.0,,0.0,,,,0.8,,,,,,,,,,0.5,,,,
TRDC,,,1.0,,1.0,,,,0.8,,,,,,,,,,0.5,,,,
TRDMT1,,,,,,,,,,,,,,,,,,,,,,,
TRDN,0.9,,0.0,,0.71,,,0.85,0.8,,,,0.9,,0.7,,,,0.8,,1.0,,
TREH,,,0.0,,0.77,0.0,0.8,0.5,0.7,,0.9,,,,0.8,,,,0.5,1.0,,,
TREM1,,,,,,,,,,,,1.0,,0.7,,,,,,,,,
TREM2,,,0.0,,,,0.8,0.6,0.85,,,,0.9,,,,,,,,0.93,,
TREML1,,,0.0,,0.5,,,,0.7,,0.9,,,,,,,,0.6,,,,0.6
TREML2,,,0.0,,,,0.8,0.6,0.7,,,,0.9,,0.8,,,0.9,,,,,
TREML4,,,0.0,,0.5,,,,0.6,,0.7,,,,0.7,,,0.9,0.8,,,,
TRERF1,,,,1.0,0.04,,0.8,,0.6,,0.7,,,,0.7,,,0.9,0.5,0.8,,,
TREX1,0.9,,0.42,,0.19,,,0.4,0.87,,,,0.95,,0.75,,,,0.63,0.61,,,
TREX2,,,,,,,,,,,,,,,,,,,,,,,
TRGC1,,,1.0,,1.0,,,,0.8,,,,,,,,,0.9,0.5,,,0.5,
TRGC2,,,1.0,,1.0,,,,0.7,,,,,,,,,,0.8,,,,
TRGV3,,,,,,,,,,,,,,,,,,,,,,,
TRH,,,0.0,,0.54,,,,0.7,,0.8,,,,0.8,0.7,,,0.5,1.0,,,
TRHDE,,,0.0,,,,0.5,0.7,0.6,,,,0.8,,,0.6,,,,0.9,,,
TRHR,,,0.4,,,,0.5,0.5,0.7,0.6,0.8,,,,0.6,,0.9,,,1.0,,,
TRIAP1,,,,,,,,,,,,,,,,,,,,,,,
TRIB1,,,,0.85,0.1,,0.9,0.6,0.7,,0.8,,,,,0.75,,0.9,0.5,0.93,,,
TRIB2,,,,0.9,,,0.8,0.7,0.6,,,,0.7,,,0.75,,,,,0.8,,
TRIB3,,,,,,,,,,,,1.0,,0.7,,,,,,,,,
TRIL,,,1.0,,1.0,,,,0.7,,0.9,,,,0.8,,,0.8,0.8,0.9,,,
TRIM10,0.7,,0.0,,,,0.85,0.7,0.75,,,,0.9,,,,0.8,,,,0.95,,
TRIM11,,,,0.89,0.13,,,0.7,0.8,,0.9,,,,,0.78,,,0.75,0.88,,,
TRIM13,,,,0.91,0.08,,,0.5,0.75,,0.85,,,,0.6,0.75,,0.9,0.81,0.66,,,
TRIM14,,,0.8,,,,,,,,,,0.9,,0.6,0.85,0.9,,,,,,0.7
TRIM15,,,0.0,,0.77,0.97,,,0.8,,0.9,,,,,0.75,,,0.5,0.97,,,
TRIM16,,,,,,,,,,,,0.8,,,,,,,,,,,
TRIM16L,,,0.0,,0.8,,,0.7,0.8,,0.9,,,,,,,,0.7,,,0.6,
TRIM17,,,0.0,,,,0.5,0.6,0.8,,,,0.9,,,0.65,0.7,,,,0.97,,
TRIM2,0.7,,,1.0,0.09,,,0.5,0.8,,0.9,,,,0.7,,,0.7,0.6,,,,0.6
TRIM21,,,0.0,,0.75,,,,0.6,,0.8,,,,,,,,0.5,0.76,,,0.5
TRIM22,,,0.0,,0.6,,,,0.7,,0.9,,,,0.8,,,,0.8,0.85,,,
TRIM23,,,0.0,,0.35,,,0.5,0.7,,0.9,,,,0.6,0.7,,,0.6,,,,
TRIM24,,,,,,,,,,,,,,,,,,,,,,,
TRIM25,,,0.0,,0.34,0.75,,0.2,0.8,,0.9,,,,0.7,,,,0.5,0.73,,,
TRIM26,,,0.19,,0.25,,0.6,,0.8,,0.9,,,,,0.75,0.8,,0.539,,,0.5,
TRIM27,,,,,,,,,,,,,,,,,,,,,,,
TRIM28,,,,1.0,0.0,,,,,,,,,,,,,,,,,,
TRIM29,,,0.0,,0.59,,,,0.8,,0.9,,,,0.6,0.65,,,0.5,0.97,,,
TRIM3,,,,,,,,,,,,,,,,,,,,,,,
TRIM31,,,0.0,,,,0.8,,,,,,0.9,,0.8,,,,,,0.95,,0.6
TRIM32,0.9,,0.0,,0.45,,,0.5,0.6,,0.7,,,,,,,,0.6,,0.7,,
TRIM33,,1.0,,1.0,0.02,,0.8,,0.6,,0.7,,,,0.5,,,0.8,,,,,
TRIM34,,,0.0,,0.62,,,,0.73,,0.78,,,,0.6,,,0.9,0.5,,,,
TRIM35,,,0.0,,0.39,0.75,,0.7,0.8,,0.9,,,,0.5,,0.6,,0.5,0.64,,,
TRIM36,,,0.0,,,,0.7,,0.6,,0.8,,,,0.8,,,,0.5,,1.0,,0.6
TRIM37,,,0.0,,0.47,0.37,0.5,,0.8,,0.9,,,,0.8,,,0.7,0.5,0.87,,,
TRIM38,,,0.0,,,,0.5,,,,,,0.9,,,0.65,,,,0.6,,,
TRIM39,,,,0.95,0.8,,0.5,,0.75,,0.9,,,,0.9,,,,0.6,,,,
TRIM4,,,0.0,,0.91,,0.8,0.2,0.7,,0.9,,,,0.6,,0.4,,0.5,0.68,,,
TRIM40,0.6,,0.0,,,,,,,,,,0.9,,,,,,,,0.95,,
TRIM41,,,,0.97,0.14,,,0.7,0.8,,0.9,,,,0.75,,,0.85,0.75,,,0.54,
TRIM42,,,0.0,,0.95,,0.5,,0.6,,0.9,,,,,,,,0.8,,,,
TRIM43,,,0.8,,,,,,,,,,0.9,,,,,,0.6,,,,
TRIM43B,,,0.0,,,,,,0.5,,,,,,,,,,,,,,
TRIM44,,,0.3,,,,0.5,0.7,0.8,,,,0.9,,0.8,,0.6,,,,,0.6,
TRIM45,,,0.0,,0.74,,,,0.7,,0.9,,,,0.6,0.78,,,0.8,0.81,,,
TRIM46,,,,1.0,0.1,,0.8,,0.6,,0.7,,,,0.9,,,,0.5,0.93,,,
TRIM47,,,0.0,,,,0.8,,,,,,0.9,,0.5,,,,,,0.6,,
TRIM48,0.6,,0.0,,,,,,,,,,0.9,,,,0.9,,,,1.0,,
TRIM49,,,0.0,,0.98,,,0.4,0.6,,0.8,,,,,,,0.7,0.5,,,,
TRIM49B,,,0.0,,0.96,,,,0.5,,,,0.6,,,0.65,,,0.5,,,,
TRIM49C,,,0.9,,,,,,,,,,0.7,,,,,,0.6,,,,
TRIM49D2,,,1.0,,,,,,,,,,,,,0.7,,,,,,,
TRIM5,,,0.0,,0.54,,0.9,0.6,0.7,,0.85,,,,0.8,,,0.75,0.8,0.72,,,
TRIM50,,,0.0,,0.81,,,,0.8,,0.9,,,,0.9,,,0.85,0.5,0.99,,,
TRIM51,,,0.0,,0.81,,,,0.8,,1.0,,,,,0.75,,,0.5,,,,
TRIM52,,,0.0,,0.5,0.7,,,0.7,,0.8,,,,0.7,,,0.9,0.6,0.8,,,
TRIM54,,,0.0,,0.5,0.7,,,0.6,,0.8,,,,0.8,,,0.9,0.6,0.97,,,0.5
TRIM55,,,0.0,,0.82,0.75,,,0.8,,0.9,,,,,0.78,,0.85,0.5,0.96,,,
TRIM56,,,0.0,,0.51,,,0.2,0.7,,0.9,,,,,,,0.8,0.6,0.76,,,
TRIM58,,,0.0,,,,0.8,,,,,,0.9,,0.6,0.75,,,,,0.95,,
TRIM59,,,0.0,,,,0.1,,0.7,,,,0.9,,0.8,0.7,,,,,0.9,,
TRIM6,0.7,,0.0,,,,0.8,,,,,,0.9,,,,,,,,0.76,,
TRIM60,,,0.0,,0.0,,,,0.7,,0.9,,,,,,,0.85,0.8,1.0,,,
TRIM61,,,0.0,,0.5,,,,0.6,,0.8,,,,,,,0.7,0.5,1.0,,,
TRIM62,,,,,,,,,,,,,,,,,,,,,,,
TRIM63,,,0.0,,1.0,,,,0.7,,0.9,,,,,,,0.8,0.6,1.0,,,
TRIM64,,,0.0,,0.0,,,,0.6,,0.8,,,,,,,0.7,0.5,,,0.4,
TRIM64B,,,0.0,,0.0,,,,0.6,,,,0.7,,,,,,0.5,,1.0,,
TRIM64C,,,,,,,,,,,,,,,,,,,,,,,
TRIM65,,,0.0,,,,0.8,,,,,,0.9,,0.8,0.8,,,,,0.6,,
TRIM66,,,0.0,,0.0,,,,0.6,,0.8,,,,,,,0.9,0.7,0.7,,,
TRIM67,,,,0.96,0.15,,,,0.7,,0.9,,,,0.85,,,,0.8,1.0,,,
TRIM68,,,0.0,,,,0.8,,0.6,,0.7,,,,0.8,,,,0.5,,,0.7,0.5
TRIM69,,,0.0,,0.74,,,0.6,0.7,,0.85,,,,,0.75,,,0.5,0.6,,,
TRIM7,,,0.8,,0.6,,,,0.7,,0.9,,,,0.8,,,0.9,0.5,0.95,,,
TRIM71,0.8,1.0,,1.0,0.04,,,,,,,,0.9,,0.8,,0.9,,,1.0,,,
TRIM72,,,0.0,,0.55,,,0.2,0.6,,0.8,,,,0.7,,,,0.7,,,,
TRIM73,,,0.0,,0.0,,,,0.6,,0.8,,,,,,,0.7,0.5,0.9,,,
TRIM74,,,0.04,,0.46,,,0.2,0.6,,,,0.9,,,,,0.8,0.5,,0.87,,
TRIM77,,,0.0,,0.0,,,,0.5,,,,0.6,,0.9,,,,0.5,,,,
TRIM8,,,,0.9,0.1,,,,0.5,,0.6,,,,0.7,,,,0.7,,,,
TRIM9,,,,1.0,0.04,0.9,,,0.6,,0.7,,,,0.6,0.7,,,0.8,0.96,,,
TRIML1,,,0.0,,0.93,,0.1,,0.5,,0.8,,,,,,0.6,0.9,0.5,1.0,,,
TRIML2,,,0.0,,0.76,,,0.65,0.6,,0.7,,,,0.85,,,,0.5,,,,0.7
TRIO,,,,,,,,,,,,0.9,,0.7,,,,,,,,,
TRIOBP,,1.0,0.0,,0.58,,0.5,,0.9,,0.8,,,,0.8,,,,0.7,0.7,,,0.6
TRIP10,,,0.0,,0.42,,,,0.8,,0.9,,,,0.8,,,,0.5,,,,
TRIP11,,1.0,0.0,,0.38,,0.8,0.5,0.7,,0.6,,,,0.8,,,,,,,,
TRIP12,0.9,,,1.0,0.0,,,,0.6,,,,0.7,,0.75,,,,0.8,,,,
TRIP13,0.8,1.0,,1.0,0.08,,,0.5,0.6,,,,0.7,,0.8,,,,0.5,,1.0,,
TRIP4,0.7,,0.0,,0.45,,,,0.8,,0.9,,,,0.8,,,,0.5,0.6,,,
TRIP6,0.7,,0.0,,0.4,,,0.5,0.5,,0.8,,,,0.9,,0.6,,0.5,0.72,,,
TRIQK,,,1.0,,1.0,,,,0.8,,,,,,0.9,,,,0.2,,,0.6,
TRIR,,,0.0,,0.0,,,,,,,,0.9,,0.8,,0.7,,0.5,,,,
TRIT1,0.8,,0.0,,0.82,,,,,,,,0.9,,0.7,,,,0.5,,0.62,,
TRMO,,,1.0,,1.0,,,0.6,0.7,,0.9,,,,0.9,,0.8,,0.8,,,0.7,
TRMT1,,,0.0,,0.67,,0.6,0.7,0.8,,0.9,,,,0.7,,,,0.5,,,0.6,
TRMT10A,0.8,,0.0,,0.84,,,,0.9,,0.75,,,,0.9,,,,0.5,0.7,,0.6,0.6
TRMT10B,,,0.0,,0.62,,,0.7,0.5,,0.91,,,,0.7,,,,0.5,,,0.54,
TRMT10C,0.5,,0.0,,0.64,,,0.6,0.8,,,,0.9,,0.7,,0.85,,0.8,,,0.55,
TRMT11,,,0.0,,0.78,,,0.6,0.8,,0.9,,,,0.7,0.65,,,0.5,,,,
TRMT112,,,,,,,,,,,,,,,,,,,,,,,
TRMT13,,,0.0,,0.61,,,0.4,0.6,,0.8,,,,0.7,,,,0.5,0.65,,,
TRMT1L,,,,0.8,0.19,,,0.1,0.9,,0.62,,,,,,,,0.73,,,,0.5
TRMT2A,,,0.8,,,,,,,,,,,,0.8,,0.6,,,,,,
TRMT2B,,,0.0,,0.68,,,,0.7,,0.75,,,,0.8,0.65,0.9,,0.5,0.62,,,0.6
TRMT44,0.4,,0.0,,0.5,,,,0.6,,0.8,,,,0.9,,0.5,,0.7,,,,
TRMT5,0.5,,0.04,,0.3,0.66,,0.29,0.73,,,,0.86,,0.5,,,,0.51,,,,
TRMT6,,,0.0,,0.46,,,0.5,0.6,,0.9,,,,0.8,,0.7,,0.7,,,0.6,0.5
TRMT61A,,,0.8,,,,0.7,0.6,0.8,,,,0.9,,0.85,0.75,,,,,,,
TRMT61B,,,0.0,,0.68,0.67,,0.65,0.78,,0.86,,,,0.8,0.7,,,0.5,,,0.52,
TRMT9B,,,0.0,,0.0,,,,0.8,,,,,,0.5,,,,0.5,,,0.6,
TRMU,0.8,,0.0,,0.5,0.6,,0.6,0.7,,,,0.9,,0.9,,0.8,,0.7,,,0.7,0.5
TRNAU1AP,,,0.0,,0.47,,,0.2,0.7,,0.9,,,,0.6,0.65,,,0.5,,,,
TRNP1,,,0.0,,0.0,,,,0.6,,0.7,,,,0.7,,,,0.5,0.9,,,
TRNT1,0.8,,0.0,,,,,0.6,,,,,0.9,,0.8,0.7,,,,,,,
TRO,,1.0,0.0,,0.49,,,,0.6,,0.9,,,,0.8,0.75,,,0.8,,,,
TROAP,,,0.0,,0.61,,,0.5,0.73,,0.66,,,,0.6,,,,0.78,,,,
TRPA1,,,0.0,,0.89,0.87,0.5,,0.8,0.9,0.85,,,,0.8,,0.9,,0.75,0.97,,,
TRPC1,,,0.9,,0.7,,,,0.8,0.8,0.9,,,,0.8,,,,0.5,0.7,,,
TRPC3,0.7,,0.0,,0.47,,,0.6,0.75,0.9,0.8,,,,0.9,,0.85,,0.6,,,,
TRPC4,,,,0.5,0.22,,0.5,0.4,0.7,0.8,0.9,,,,0.9,0.75,,0.6,0.7,0.92,,,
TRPC4AP,,,,,,,,,,,,0.8,,0.6,,,,,,,,,
TRPC5,,,,1.0,0.04,,,0.7,0.8,0.9,0.85,,,,0.9,,0.95,,0.8,,,,
TRPC5OS,,,0.0,,0.0,,,,,,,,,,,0.4,,,0.5,,,,
TRPC6,,,0.0,,0.44,,0.5,,0.75,0.9,0.85,,,,,0.75,,0.6,0.7,0.92,,,
TRPC7,,,0.0,,0.35,,,,0.8,0.7,0.9,,,,,,,,0.6,,,,
TRPM1,0.7,,0.0,,0.84,,,,0.75,0.6,0.9,,,,0.7,,,,0.8,0.97,,,
TRPM2,,,0.0,,0.89,,,,0.8,0.9,0.85,,,,,,,,0.75,0.86,,,
TRPM3,0.4,,0.0,,,,0.5,,0.6,0.7,0.8,,,,,,,,,0.95,,,
TRPM4,,,,,,,,,,,,0.8,,0.6,,,,,,,,,
TRPM5,,,,,,,,,,,,,,,,,,,,,,,
TRPM6,,1.0,0.0,,,,0.5,,0.6,0.7,0.9,,,,0.8,0.75,,,,,0.94,,
TRPM7,,,0.0,,0.43,,,,,,,,,,,,,,,,,,
TRPM8,,,0.0,,,,0.9,0.5,0.6,0.8,0.7,,,,0.7,0.75,0.9,,,1.0,,,
TRPS1,,1.0,,1.0,0.02,,0.8,,0.6,,0.7,,,,0.7,,,,0.5,0.75,,,
TRPT1,,,0.0,,0.5,,,0.6,0.7,,,,0.9,,0.6,,,,0.5,,,0.7,
TRPV1,,,0.0,,0.8,,,,0.28,0.58,0.373,,,,0.8,0.7,,,0.839,,,,
TRPV2,,,,,,,,,,,,0.8,,0.6,,,,,,,,,
TRPV3,0.8,,0.0,,0.87,,,0.6,0.7,0.8,0.9,,,,0.75,0.75,0.85,,0.79,0.95,,,
TRPV4,,,0.0,,,,0.8,,0.5,0.7,0.6,,,,,,,,,,0.95,,
TRPV5,,,0.0,,0.73,,,0.7,0.9,0.8,0.9,,,,0.75,,,,0.8,,,,
TRPV6,0.8,,0.0,,0.46,,,,0.75,0.6,0.9,,,,0.7,,,0.9,0.7,0.95,,,
TRRAP,,,,,,,,,,,,,,,,,,,,,,,
TRUB1,,,0.0,,0.67,,,0.5,0.7,,0.9,,,,0.8,0.7,,,0.7,,,0.6,
TRUB2,,,0.0,,0.73,,,0.7,0.6,,0.9,,,,0.6,,,,0.5,,,0.5,
TSACC,,,0.8,,0.6,,,,0.7,,,,0.9,,,0.7,0.8,,0.5,,,,
TSC1,,1.0,,1.0,0.04,,0.5,0.4,0.6,,0.7,,,,,0.75,,,,,,0.6,
TSC2,0.8,1.0,,1.0,0.98,,,0.6,0.7,,0.9,,,,0.7,0.8,,,0.5,,,,
TSC22D1,,,,,,,,,,,,0.9,,0.6,,,,,,,,,
TSC22D2,,,,0.97,0.12,,0.6,,0.5,,0.8,,,,0.7,0.75,,,0.78,,,0.52,
TSC22D3,,,0.42,,0.19,,,0.5,0.75,,0.85,,,,,0.75,,,0.67,0.73,,,
TSC22D4,,,,0.96,0.0,,,0.7,0.6,,0.8,,,,0.7,,,,0.5,0.69,,,
TSEN15,0.7,,0.4,,,,0.8,0.5,,,,,0.9,,0.6,,0.8,,,,,0.7,
TSEN2,0.8,,0.0,,0.78,,,0.6,0.7,,,,0.9,,0.5,,0.8,,0.5,,,0.6,
TSEN34,,,0.35,,0.23,,0.5,,0.7,,0.9,,,,0.9,,0.85,,0.75,0.62,,,
TSEN54,0.8,,0.0,,,,,,,,,,0.9,,0.5,0.65,0.8,,,0.6,,,
TSFM,,,0.0,,0.76,,0.5,0.6,0.8,,0.9,,,,0.8,,,,0.5,0.7,,0.6,
TSG101,,,,,,,,,,,,1.0,,0.6,,,,,,,,,
TSGA10,,,0.28,,0.23,,0.1,,0.7,,0.8,,,,,,,,0.69,1.0,,,
TSGA10IP,,,0.0,,0.0,,,0.7,0.6,,0.8,,,,,,,,0.5,,,,
TSGA13,,,0.0,,0.98,,,0.4,0.6,,0.9,,,,0.8,,,0.7,0.5,,,,
TSHB,0.8,,0.9,,,,,0.5,,,,,0.7,,0.8,0.75,,,,,1.0,,
TSHR,,1.0,0.0,,0.88,,0.4,0.5,0.7,0.6,0.8,,,,0.8,,,,0.7,1.0,,,
TSHZ1,,1.0,,1.0,0.08,,0.8,,0.5,,0.6,,,,0.6,,,0.8,0.4,0.7,,,
TSHZ2,,1.0,,1.0,0.12,,0.5,,0.8,,0.9,,,,0.7,,,0.9,,0.85,,,
TSHZ3,,,,0.95,0.8,,,,,,,,,,,,,,,,,,
TSKS,,,,1.0,0.9,,,0.7,0.7,,0.9,,,,,0.7,,,0.6,,,,
TSKU,,,,,,,,,,,,0.9,,,,,,,,,,,
TSLP,,,0.0,,0.74,0.75,0.9,,0.7,,0.8,,,,0.9,,,,0.5,0.85,,,
TSN,,,,0.74,0.15,,,0.1,0.9,,0.8,,,,0.6,,,,0.91,,,0.49,
TSNARE1,,,,,,,,,,,,0.8,,,,,,,,,,,
TSNAX,,,0.41,,0.22,,0.1,0.67,0.67,,0.97,,,,0.8,,,,0.29,,,0.5,
TSNAXIP1,0.5,,0.0,,0.6,,,0.6,0.7,,,,0.8,,,,,,0.5,,,,
TSPAN1,,,0.0,,0.8,,,0.8,0.7,,0.9,,,,,0.75,,,0.5,0.96,,,
TSPAN10,,,0.0,,,,0.8,,0.7,,,,,,,0.7,,,,,,,
TSPAN11,,,0.0,,0.79,,,0.7,0.8,,0.9,,,,0.8,,,,0.5,,,,
TSPAN12,0.5,,,0.73,0.17,,,,0.8,,,,0.9,,0.7,0.75,,,0.305,0.82,,,
TSPAN13,,,0.0,,0.54,,,,0.7,,0.9,,,,0.8,,0.75,,0.6,,,,
TSPAN14,,,,0.9,,,0.8,,0.6,,,,0.7,,0.7,0.8,,,,,,,
TSPAN15,,,0.9,,,,0.7,,,,,,0.8,,0.75,0.78,0.85,,,,0.8,,
TSPAN16,,,0.0,,0.85,,0.4,,0.5,,0.6,,,,0.8,0.6,0.7,,0.5,1.0,,,
TSPAN17,,,0.0,,0.66,,,0.8,0.7,,0.9,,,,0.8,,,,0.5,,,0.6,
TSPAN18,,,,,,,,,,,,1.0,,,,,,,,,,,
TSPAN19,,,0.0,,0.8,,,,0.4,,0.6,,,,0.7,,,,0.5,,,,
TSPAN2,,,0.0,,0.59,,0.6,0.7,0.7,,0.8,,,,0.9,,,,0.5,0.94,,,
TSPAN3,,,0.06,,0.34,,,0.8,0.7,,1.0,,,,0.85,,,,0.253,,,0.54,
TSPAN31,,,,,,,,,,,,0.85,,,,,,,,,,,
TSPAN32,0.85,,0.0,,0.53,,0.5,,0.6,,0.8,,,,0.7,,,,0.5,0.96,,,
TSPAN33,,,0.0,,,,0.5,0.5,0.6,,0.7,,,,0.8,0.65,0.8,,,0.9,,,
TSPAN4,,,,,,,,,,,,0.9,,,,,,,,,,,
TSPAN5,,,,0.87,0.13,,0.5,0.75,0.7,,0.8,,,,0.8,,,,0.67,0.88,,,
TSPAN6,,,0.8,,0.4,,,,0.7,,0.9,,,,0.7,0.75,0.8,,0.5,,,,
TSPAN7,0.8,,,0.75,0.11,,,0.3,0.7,,0.9,,,,0.6,,,,0.5,,,,
TSPAN8,0.75,,0.9,,,,,,0.6,,,,0.8,,,,0.85,,,,1.0,,
TSPAN9,,,,,,,,,,,,0.9,,,,,,,,,,,
TSPEAR,0.8,,0.0,,0.84,,,,,,,,0.9,,0.7,,,,0.5,,0.97,,
TSPEAR-AS2,,,0.0,,0.0,,,,0.6,,,,,,,0.2,,,0.1,,,0.4,
TSPO,,,0.0,,,,0.5,,0.7,0.8,0.9,,,,0.7,0.6,,,,,0.79,,
TSPO2,,,0.0,,0.86,,,,0.6,,0.6,,,,0.8,0.75,,,0.5,,,,
TSPOAP1,0.85,,0.0,,0.0,,,,0.7,,0.9,,,,,,0.9,0.8,0.8,,,,
TSPY2,,,0.0,,0.0,,,,0.6,,0.8,,,,0.5,,,,0.5,1.0,,,
TSPY26P,,,0.0,,0.0,,,,0.7,,,,,,,,,,0.5,,,0.2,
TSPY3,,,0.0,,0.0,,,,0.6,,0.8,,,,0.9,,,,0.5,,,,
TSPY4,,,0.0,,0.0,,,,0.6,,,,0.8,,0.8,0.5,,,0.5,,,0.2,
TSPY8,,,0.0,,0.0,,,,,,,,,,0.7,0.6,,,0.5,1.0,,,
TSPYL1,0.8,,0.0,,0.78,,,0.7,0.6,,0.9,,,,0.5,,,,0.5,0.73,,,
TSPYL2,,,,0.89,0.13,,,,0.73,,0.92,,,,0.9,,,,0.69,0.75,,,
TSPYL4,,,0.0,,0.72,0.76,,,0.6,,0.9,,,,0.9,,,,0.5,,,,
TSPYL5,,,,0.83,0.1,,0.4,,0.7,,0.76,,,,0.9,,,,0.75,0.84,,,
TSPYL6,,,0.0,,0.0,,,0.7,0.6,,0.8,,,,0.9,,,,0.7,,,,
TSR1,,,,,,,,,,,,,,,,,,,,,,,
TSR2,0.9,,,0.81,0.0,,,,,,,,0.82,,0.5,,,0.7,0.191,,,,
TSR3,,,0.0,,0.59,,,,0.7,,0.9,,,,0.9,,,,0.5,,,0.6,
TSSC4,,,,,,,,,,,,,,,,,,,,,,,
TSSK1B,,,0.0,,0.91,,,0.5,0.4,0.2,0.6,,,,0.7,,,,0.5,1.0,,,
TSSK2,,,0.0,,0.53,,,,0.6,0.5,0.7,,,,0.6,,,,0.5,,,0.1,
TSSK3,,,0.8,,0.6,,,,0.7,,0.9,,,,0.8,,,,0.5,,0.85,,
TSSK4,,,0.0,,0.5,,,,0.4,,0.8,,,,0.6,0.5,,,0.6,,1.0,,0.5
TSSK6,,,,0.7,0.12,,,,0.6,,0.64,,,,0.5,0.68,,,0.54,1.0,,,
TST,,,0.0,,0.83,,,,0.7,,0.79,,,,0.5,,0.8,,0.5,0.92,,,0.6
TSTD1,,,1.0,,1.0,,,,0.7,,0.8,,,,0.9,,,,0.5,,,,
TSTD2,,,0.0,,0.83,,,,0.7,,0.8,,,,0.9,0.65,,,0.5,,,,
TSTD3,,,,,,,,,,,,,,,,,,,,,,,
TTBK1,,,,,,,,,,,,,,,,,,,,,,,
TTBK2,0.9,,,,,,,,,,,,0.7,,,,,,,,,,
TTC1,0.6,,0.0,,0.62,,,0.4,0.67,,0.87,,,,0.8,,,,0.73,,,0.48,0.5
TTC12,0.8,,0.0,,,,,,,,,,0.9,,0.75,,,,,,,,
TTC13,,,,,,,,,,,,,,,,,,,,,,,
TTC14,,,0.0,,0.59,,,0.6,0.8,,0.9,,,,0.9,,,0.75,0.7,,,,
TTC16,,,0.0,,0.78,,,,0.6,,0.9,,,,0.9,0.7,,0.8,0.7,,,,
TTC17,,,,1.0,0.87,,0.6,,0.8,,0.9,,,,0.9,,,,0.7,,,,
TTC19,0.8,,0.0,,0.72,,,,0.6,,,,0.9,,0.7,,,,0.5,,,,
TTC21A,0.8,,0.0,,0.73,,,,,,,,0.6,,,,0.9,,0.5,,,,
TTC21B,0.8,,0.0,,0.65,,,0.5,0.7,,0.9,,,,0.7,,0.8,0.6,0.75,0.6,,,
TTC22,,,0.0,,0.58,,,0.75,0.7,,0.9,,,,,,,0.8,0.5,,0.97,,0.6
TTC23,,,0.0,,0.7,,,,0.6,,0.8,,,,,0.6,,,0.5,,,,
TTC23L,,,0.0,,0.84,,,0.4,0.6,,0.8,,,,,,,,0.5,,,,
TTC24,,,0.0,,0.61,,,,0.8,,0.9,,,,,0.7,,,0.7,,,,
TTC27,,,0.0,,0.61,,0.2,,0.7,,0.8,,,,0.9,,,0.6,0.5,,,,
TTC28,,,0.0,,0.0,,,,0.7,,,,0.6,,0.8,,,,0.5,,,,
TTC29,0.8,,0.0,,,,,0.6,,,,,0.9,,0.5,0.7,0.9,,,,1.0,,
TTC3,0.6,,0.0,,,,0.5,,,,,,0.9,,0.7,0.7,,,,,,,
TTC31,,,0.0,,0.92,,,,0.6,,0.8,,,,0.9,0.6,,0.7,0.5,,,,
TTC32,,,0.03,,0.51,,0.1,,0.8,,0.85,,,,0.7,,,0.9,0.76,0.63,,,
TTC33,,,0.0,,0.56,,,,0.6,,0.85,,,,0.8,0.55,,,0.75,,,0.5,
TTC34,,,0.0,,0.0,,,,0.6,,0.8,,,,,0.4,,,0.5,,,,
TTC36,,,0.0,,0.74,,,,0.5,,,,0.5,,,,,,0.5,,,,
TTC38,,,0.0,,0.77,,,,0.7,,0.75,,,,0.85,,,,0.5,,,,
TTC39A,,,0.02,,0.29,0.71,0.5,,0.8,,0.9,,,,,0.65,,,0.85,,,,
TTC39B,,,0.0,,,,0.8,0.6,0.7,,,,0.9,,0.8,,0.9,,,,0.7,,
TTC39C,,,0.0,,0.36,,,0.2,0.5,,0.7,,,,0.8,0.5,,,0.6,,,,
TTC4,,,0.0,,0.55,,,0.6,0.9,,0.62,,,,0.9,,,0.8,0.5,,,0.52,
TTC41P,,,1.0,,1.0,,,,0.8,,,,,,,,,0.7,0.5,,,0.6,
TTC5,0.8,,0.0,,,,,0.6,,,,,0.9,,0.8,,0.9,,,,,,
TTC6,,,0.0,,0.68,,,0.2,0.4,,0.63,,,,,0.5,,,0.5,,,,
TTC7A,0.8,1.0,0.0,,0.5,,,0.3,0.7,,,,0.9,,0.8,,,,0.6,,,,0.5
TTC7B,,,,,,,,,,,,0.9,,0.7,,,,,,,,,
TTC8,,1.0,0.0,,0.48,,0.5,,0.75,,0.9,,,,0.6,,,0.7,,0.85,,,
TTC9,,,0.06,,0.39,,0.5,,0.8,,0.5,,,,0.7,,,0.7,0.5,,,,
TTC9B,,,0.21,,0.29,,,0.6,0.8,,0.9,,,,0.8,0.65,,0.7,0.5,,,,
TTC9C,,,0.0,,0.68,,,0.65,0.71,,0.82,,,,0.8,,,0.9,0.85,,,0.54,
TTF1,0.7,,0.0,,0.66,,,,0.75,,0.9,,,,0.6,,,,0.8,,,0.53,
TTF2,0.8,,0.0,,0.69,,,,0.7,,0.9,,,,0.6,,0.75,,0.8,0.87,,,
TTI1,,,0.0,,0.55,,,,0.8,,0.9,,,,0.7,0.75,,,0.7,,,0.6,
TTI2,0.8,,0.0,,0.67,,,0.2,0.5,,0.75,,,,,,,0.6,0.5,,,,
TTK,,,0.0,,0.3,,,,0.7,0.9,0.8,,,,0.8,,,0.9,0.85,,,,0.5
TTL,,,,,,,,,,,,,,,,,,,,,,,
TTLL1,,,0.0,,0.46,,,0.75,0.6,,0.9,,,,0.7,0.65,0.85,,0.7,0.6,,,
TTLL10,,,0.0,,0.77,,,,0.8,,,,0.9,,,,,,0.5,,,,
TTLL11,0.7,,0.0,,,,0.8,,,,,,0.7,,,,0.9,,,,0.5,,
TTLL12,,,0.0,,,,0.5,,,,,,0.9,,0.7,,0.7,,,0.81,,,
TTLL2,,,0.9,,0.5,,,0.4,0.6,,0.8,,,,,,,,0.7,1.0,,,
TTLL3,,,0.0,,0.9,,,0.7,0.6,,0.9,,,,0.9,0.78,,,0.7,0.77,,,
TTLL4,,,0.0,,,,,,,,,,0.9,,,,0.8,,,0.7,,,
TTLL5,0.7,,0.0,,0.6,,,,,,,,0.9,,0.75,,0.85,,0.8,,0.92,,
TTLL6,0.6,,0.0,,0.8,,,,0.8,,,,0.9,,,,0.85,,0.7,,,,
TTLL7,,,0.9,,,,,0.5,0.6,,,,0.8,,0.6,,0.9,,,0.8,,,
TTLL8,,,0.0,,0.73,,,,0.6,,0.95,,,,,,0.9,,0.8,,,,
TTLL9,,,0.0,,0.95,0.77,,0.7,0.8,,0.9,,,,,,,,0.5,1.0,,,
TTN,,1.0,0.0,,0.31,,0.5,,0.75,,0.9,,,,0.7,0.75,,,,,,,
TTPA,0.8,,0.0,,0.55,,,,0.7,,0.9,,,,0.6,,0.85,,0.5,,,,
TTPAL,,,0.09,,0.31,0.71,,,0.8,,0.52,,,,0.9,,,,0.68,,,,
TTR,,,,0.55,0.15,,0.5,0.6,0.7,0.3,0.9,,,,,0.65,,,0.98,,,,
TTTY10,,,0.0,,0.0,,,,0.5,,,,,,,0.1,,,0.1,,,0.2,
TTTY12,,,0.0,,0.0,,,,0.5,,,,,,,,,,0.1,,,0.2,
TTTY13,,,0.0,,0.0,,,,0.5,,,,,,,,,,0.1,,,0.4,
TTYH1,,1.0,,1.0,0.8,,0.5,,0.6,,0.7,,,,0.7,,,,,0.9,,,
TTYH2,,,0.0,,0.41,,,,0.85,,0.95,,,,0.9,0.7,,,0.5,,,,
TTYH3,,,,1.0,0.07,,,,0.75,,0.85,,,,0.8,0.82,,,0.8,0.76,,,
TUB,0.7,,0.0,,,,,,,,,,0.8,,0.9,,0.9,,,,0.77,,
TUBA1A,0.9,,,0.97,0.07,0.85,,0.5,0.6,0.8,0.7,,,,0.8,0.78,,,0.75,0.82,,,
TUBA1B,,,,,,,,,,,,,,,,,,,,,,,
TUBA1C,,,0.9,,,,0.7,0.6,0.75,0.8,0.85,,,,0.7,0.75,0.8,,,0.9,,,
TUBA3C,,,,,,,,,,,,,,,,,,,,,,,
TUBA3E,,,,,,,,,,,,,,,,,,,,,,,
TUBA4A,0.5,,0.15,,0.28,0.29,,0.5,0.6,0.85,0.75,,,,0.8,,,,0.89,,,,
TUBA4B,,,0.0,,0.0,,,,0.8,,,,,,0.7,,,,0.5,,,,
TUBA8,0.85,,0.0,,,,0.8,,,,,,0.9,,0.6,0.75,0.9,,,,0.97,,
TUBAL3,,,0.0,,0.94,,,0.75,0.8,,0.9,,,,0.6,0.75,,,0.7,,,,
TUBB,,,,,,,,,,,,0.8,,0.6,,,,,,,,,
TUBB1,,,,,,,,,,,,,,,,,,,,,,,
TUBB2A,,,,,,,,,,,,,,,,,,,,,,,
TUBB2B,0.9,,,1.0,0.0,,,0.6,0.7,0.85,0.75,,,,0.8,,,,0.8,0.87,,,
TUBB3,0.8,1.0,0.0,,0.78,,,0.7,0.85,0.9,0.9,,,,0.75,,,,,,,,
TUBB4A,0.8,,0.3,,,,,,,,,,0.9,,0.75,0.75,,,,,0.9,,
TUBB4B,0.8,,,0.84,0.14,0.83,,,0.76,0.85,0.75,,,,0.8,,0.9,,0.89,0.89,,,
TUBB6,,,,,,,,,,,,,,,,,,,,,,,
TUBB8,0.7,,0.8,,,,,,,,,,0.9,,0.8,0.75,0.9,,,,,,
TUBD1,,,0.0,,,,0.8,,,,,,0.9,,0.75,0.7,0.85,,,,0.6,,
TUBE1,,,0.8,,,,,,,,,,,,,,,,,,0.7,,
TUBG1,0.8,0.9,0.2,,,,,,,,,,0.7,,0.7,,,,,,,,
TUBG2,,,,,,,,,,,,,,,,,,,,,,,
TUBGCP2,,,0.0,,,,0.7,0.5,0.6,,0.9,,,,0.6,,0.8,,,,,0.7,
TUBGCP3,,,,,,,,,,,,,,,,,,,,,,,
TUBGCP4,0.7,,0.0,,0.49,,,0.5,0.8,,0.9,,,,0.6,,,,0.6,,,0.7,
TUBGCP5,,,,,,,,,,,,,,,,,,,,,,,
TUBGCP6,0.8,,0.0,,0.74,,,,0.75,,0.9,,,,0.7,,,,0.5,0.65,,,
TUFM,,,0.0,,,,0.8,0.5,0.6,,,,0.7,,0.6,0.7,0.8,,,,,0.7,
TUFT1,,,0.0,,0.42,,,0.6,0.86,,0.94,,,,0.8,,,,0.5,0.97,,,
TULP1,0.9,,0.0,,0.37,,,,0.6,,0.7,,,,0.75,,,,0.8,0.91,,,
TULP2,,,0.0,,0.84,,,0.65,0.5,,0.74,,,,0.8,0.65,,,0.5,1.0,,,
TULP3,,1.0,0.0,,0.56,,,0.85,0.9,,0.8,,,,0.75,0.7,,,0.5,0.71,,,
TULP4,,,,1.0,0.9,,0.8,,0.6,,0.7,,,,0.8,,,0.8,,,,0.6,
TUSC1,,,0.04,,0.72,,0.1,,0.7,,0.8,,,,0.5,,,0.6,0.5,,,,
TUSC2,,,,0.71,0.0,,,0.7,0.6,,0.9,,,,0.8,,,,0.1,,,0.5,
TUSC3,0.8,,0.0,,,,,,,,,,0.9,,0.8,0.75,0.8,,,,0.7,,
TUT1,,,0.0,,0.59,,,,0.6,,0.8,,,,0.7,,,,0.5,,,,
TVP23A,,,0.0,,0.7,,,0.2,0.5,,,,0.6,,0.9,,,,0.5,,,,
TVP23B,,,,,,,,,,,,0.8,,0.6,,,,,,,,,
TVP23C,,,0.0,,0.7,,,,0.6,,0.9,,,,0.7,,,,0.5,,,,
TWF1,,,0.0,,0.47,,,0.4,0.8,,0.9,,,,0.7,,,,0.7,,,0.5,
TWF2,,,,0.98,0.1,,,0.7,0.8,,0.9,,,,0.6,0.78,,,0.75,,,0.5,
TWIST1,,1.0,0.36,,0.22,,0.5,,0.7,,0.9,,,,,0.75,,0.8,,0.94,,,
TWIST2,,0.8,,0.6,0.0,,0.5,0.6,0.7,,0.9,,,,0.8,,,,0.5,0.9,,,
TWNK,0.8,,0.0,,,,,0.5,,,,,0.9,,,,0.85,,,,0.73,,
TWSG1,,0.8,0.9,,,,,,,,,,0.9,,0.8,0.75,,,0.6,,,,
TXK,,,0.0,,,,0.8,,0.6,0.7,0.9,,,,0.8,,,,,,0.97,,
TXLNA,,,,1.0,0.8,,,0.85,0.8,,0.9,,,,0.9,,,,0.7,,,,
TXLNB,,,0.0,,0.8,,0.6,0.6,0.5,,0.8,,,,0.9,,,,0.7,,,,
TXLNG,,,,1.0,0.0,0.9,0.5,,0.7,,0.8,,,,0.9,,,,,0.6,,,0.6
TXLNGY,,,0.0,,0.0,,,,0.7,,,,,,,,,0.6,0.5,,,0.8,
TXN,,,,,,,,,,,,0.8,,0.5,,,,,,,,,
TXN2,0.5,1.0,0.0,,0.98,,,0.2,0.7,,,,0.9,,,,,,0.6,,,0.7,
TXNDC11,,,0.0,,,,0.8,0.6,0.7,,,,0.9,,0.8,0.65,,,0.5,,0.62,,
TXNDC12,,,0.0,,0.73,,,0.7,0.8,,0.9,,,,0.7,,,0.8,0.5,,,0.6,
TXNDC15,,,0.9,,0.4,,,0.7,0.6,,0.8,,,,0.9,,,,0.5,,,0.6,
TXNDC16,,,0.0,,0.42,,,0.5,0.67,,0.54,,,,0.9,0.65,,,0.75,,,0.6,
TXNDC17,,,0.04,,0.46,,,,0.8,,0.59,,,,0.9,,,0.9,0.12,0.76,,,
TXNDC2,,,,0.6,0.0,,,,0.7,,0.9,,,,,,,,0.8,1.0,,,
TXNDC5,,,0.0,,,,0.5,0.7,0.8,,,,0.9,,0.7,0.7,,,,,0.8,,0.6
TXNDC8,,,0.16,,0.33,0.84,,0.5,0.4,,0.85,,,,,,,,0.13,1.0,,,
TXNDC9,,,0.39,,0.22,0.8481,,0.12,0.5,,0.91,,,,0.7,,,,0.226,,,0.5,
TXNIP,,,,,,,,,,,,0.8,,,,,,,,,,,
TXNL1,,,,,,,,,,,,,,,,,,,,,,,
TXNL4A,0.8,,0.0,,,,,,,,,,,,,,,,,,,,0.4
TXNL4B,,,0.0,,,,0.6,0.5,0.7,,,,0.8,,0.7,0.6,0.8,,,,,,
TXNRD1,,1.0,0.0,,0.55,,,,0.8,0.5,0.9,,,,0.7,,,0.8,0.7,0.95,,,
TXNRD2,,,,,,,,,,,,,,,,,,,,,,,
TXNRD3,,,1.0,,1.0,,,,0.9,,,,,,0.8,,,,0.5,0.81,,,0.7
TYK2,,,0.0,,0.36,,0.28,0.5,0.54,0.87,0.75,,,,0.8,,,0.9,,0.65,,,
TYMP,,,0.0,,0.57,,0.9,,0.5,0.6,0.7,,,,0.7,,,,0.5,0.87,,,
TYMS,,,,0.76,0.17,,0.67,,0.92,0.88,0.85,,,,,0.82,,,0.78,0.99,,,
TYMSOS,,,0.0,,0.0,,,,0.6,,,,,,,,,,0.5,,,,
TYR,,0.9,0.0,,0.5,,0.7,,0.6,0.6,0.7,,,,0.7,,,,,1.0,,,
TYRO3,,,,,,,,,,,,,,,,,,,,,,,
TYROBP,0.8,,,0.52,0.16,,,0.75,0.85,,,,0.9,,,,,,0.11,,0.99,,
TYRP1,,0.9,0.0,,0.7,,0.8,,0.7,,0.6,,,,0.8,,,,,1.0,,,
TYSND1,,,0.0,,0.53,,,0.6,0.7,,0.9,,,,0.7,,0.85,,0.8,0.76,,,
TYW1,,,0.0,,0.53,,,,0.6,,0.9,,,,0.8,,,,0.7,,,0.7,0.5
TYW1B,,,0.0,,0.5,,0.6,,0.7,,,,,,0.5,,,,0.5,,,0.8,
TYW3,,,0.0,,0.55,,0.1,0.6,0.7,,0.8,,,,0.8,,,,0.5,,,0.6,
TYW5,,,0.0,,0.84,,,0.2,0.7,,0.9,,,,0.6,,,,0.5,,,0.6,
U2AF1,,,,1.0,1.0,,,,0.9,,,,,,0.8,,,0.9,0.8,,,0.7,
U2AF1L4,,,0.0,,0.96,0.85,,,0.7,,0.9,,,,0.8,,,,0.5,,,,
U2AF2,,,,1.0,0.0,,,0.7,0.6,,0.7,,,,0.9,0.85,,,0.8,,,0.5,
U2SURP,,,,1.0,0.9,,,0.5,0.6,,0.7,,,,0.7,,,0.8,0.8,0.65,,,
UACA,,,0.0,,0.75,,,,0.8,,0.9,,,,0.7,0.75,,,0.7,0.84,,,
UAP1,,,,,,,,,,,,0.9,,0.7,,,,,,,,,
UAP1L1,,,0.0,,0.65,,,,0.8,,0.7,,,,0.9,,,,0.5,,,,
UBA1,0.7,,,1.0,0.02,,,,0.8,,,,0.9,,0.8,0.85,,,0.8,,,,
UBA2,,,,1.0,0.03,,,0.5,0.6,,0.8,,,,0.7,,0.9,,0.7,0.6,,,
UBA3,,1.0,,0.81,0.19,,,0.1,0.95,0.5,0.9,,,,0.8,,,,0.75,,,0.6,
UBA5,0.5,1.0,0.0,,0.41,,,0.7,0.8,,,,0.9,,0.7,0.65,0.9,,0.8,,,0.6,
UBA52,,,,,,,,,,,,,,,,,,,,,,,
UBA6,,,,,,,,,,,,,,,,,,,,,,,
UBA7,,,0.0,,,,0.5,0.6,0.8,,,,0.9,,0.7,0.7,,,,0.7,,,
UBAC1,0.6,,0.0,,0.41,,,0.6,0.7,,0.9,,,,0.7,,,,0.8,,,0.5,
UBAC2,,,0.0,,0.39,0.8,0.7,0.6,0.5,,0.6,,,,0.7,,,,0.5,,,0.5,
UBALD1,,,,0.8,0.0,,,,0.6,,0.6,,,,,0.65,,,0.5,,,0.52,
UBALD2,,,,,,,,,,,,,,,,,,,,,,,
UBAP1,,,,,,,,,,,,0.9,,,,,,,,,,,
UBAP1L,,,0.0,,0.0,,,,0.6,,0.6,,,,,,,,0.5,,,,
UBAP2,0.5,,0.0,,0.35,,,,0.6,,0.7,,,,0.7,0.7,,,0.8,0.64,,,0.6
UBAP2L,,,,1.0,0.9,0.8,,,0.7,,0.6,,,,0.6,,,,0.7,,,0.5,
UBASH3A,,,0.0,,0.65,0.8,0.9,,0.5,,0.7,,,,0.6,0.75,,0.7,0.6,0.97,,,
UBASH3B,,,,,,,,,,,,,,,,,,,,,,,
UBB,,,,,,,,,,,,0.9,,0.7,,,,,,,,,
UBC,,,,,,,,,,,,0.8,,0.6,,,,,,,,,
UBD,,,0.01,,0.97,,0.4,0.6,0.7,,0.9,,,,0.5,,,,0.82,0.93,,,
UBE2A,,,,,,,,,,,,1.0,,0.5,,,,,,,,,
UBE2B,,,0.17,,0.29,0.54,,0.5,0.6,,0.67,,,,0.75,0.65,,,0.76,,,0.46,
UBE2C,,,,,,,,,,,,0.8,,,,,,,,,,,
UBE2D1,,,0.12,,0.32,,0.1,0.6,0.8,,0.9,,,,,0.65,,,0.73,,,0.5,
UBE2D2,,,,,,,,,,,,0.8,,,,,,,,,,,
UBE2D3,,,0.36,,0.23,,,0.14,0.77,,0.92,,,,,0.7,,,0.73,,,0.48,
UBE2D4,,,,,,,,,,,,0.8,,,,,,,,,,,
UBE2DNL,,,0.0,,0.0,,,,0.5,,,,,,,0.1,,,0.1,,,0.2,
UBE2E1,,,,,,,,,,,,,,,,,,,,,,,
UBE2E2,,,,0.96,0.0,,0.9,0.6,0.75,,0.8,,,,0.8,0.75,,,0.201,,,0.59,
UBE2E3,,,0.44,,0.21,,0.8,0.65,0.7,,0.9,,,,0.75,,,,0.87,,,0.49,0.6
UBE2F,,,,0.93,0.08,0.41,,,0.8,,,,0.9,,0.6,,,,0.5,,,0.46,
UBE2G1,,,,0.96,0.0,,,,0.7,,0.9,,,,0.7,,,,0.85,,,0.56,
UBE2G2,,,0.11,,0.33,0.4288,,,0.15,,0.54,,,,0.7,0.6,,,0.165,,,0.48,
UBE2H,,,,,,,,,,,,,,,,,,,,,,,
UBE2I,,,,,,,,,,,,,,,,,,,,,,,
UBE2J1,,,,0.8,0.16,,,0.2,0.7,,0.9,,,,,,,,0.5,,,,
UBE2J2,,,,,,,,,,,,0.8,,,,,,,,,,,
UBE2K,,,,,,,,,,,,,,,,,,,,,,,
UBE2L3,,,,,,,,,,,,,,,,,,,,,,,
UBE2L6,,,,,,,,,,,,,,,,,,,,,,,
UBE2M,,,,,,,,,,,,,,,,,,,,,,,
UBE2N,,,,,,,,,,,,,,0.8,,,,,,,,,
UBE2NL,,,0.8,,0.4,,,,0.7,,,,,,,,,,0.5,,,0.3,
UBE2O,,,,1.0,0.94,0.85,0.8,0.6,0.7,,0.9,,,,0.8,,,,,,,0.5,
UBE2Q1,,,,1.0,0.04,,,,0.6,,0.7,,,,0.8,,,,0.8,,,0.5,
UBE2Q2,,,0.0,,0.63,,0.6,0.5,0.9,,0.8,,,,0.8,,,,0.75,,,0.56,
UBE2QL1,,,0.0,,0.0,,,,0.8,,,,,,0.8,0.6,,,0.5,,,,
UBE2R2,,,,,,,,,,,,,,0.6,,,,,,,,,
UBE2S,,,,,,,,,,,,0.8,,0.65,,,,,,,,,
UBE2T,0.8,,0.0,,,,,0.6,,,,,,,,0.75,,,,,0.96,,
UBE2U,,,0.0,,0.82,,,0.4,0.8,,0.9,,,,0.6,,,,0.5,,,,
UBE2V1,,,0.0,,0.73,0.64,,,0.8,,0.9,,,,0.5,0.65,,,0.5,,,0.47,
UBE2V2,,,0.8,,0.5,,,0.2,0.7,,0.9,,,,0.8,,,,0.5,,,0.6,
UBE2W,,,0.32,,0.24,0.62,,0.8,0.7,,0.85,,,,0.75,,,,0.75,,,0.48,
UBE2Z,,,,0.9,0.8,,,,0.8,,0.9,,,,0.85,,,,0.7,,,0.7,
UBE3A,,1.0,,1.0,0.8,,0.6,0.5,0.7,,0.9,,,,,,,,,,,0.6,
UBE3B,0.5,,0.0,,0.38,,,,0.7,,,,0.9,,0.9,,,,0.8,,,0.6,
UBE3C,,,,1.0,0.09,,,,0.85,,0.9,,,,0.9,,,,0.7,,,0.6,
UBE3D,,,0.0,,0.61,,0.6,0.7,0.8,,0.7,,,,0.8,,,,0.5,,,0.5,
UBE4A,0.8,,0.3,,0.24,0.7,,,0.7,,0.8,,,,0.5,,,0.9,0.6,,,,
UBE4B,,1.0,,1.0,0.8,,0.6,,0.5,,0.7,,,,0.8,,,0.9,0.8,,,0.6,0.7
UBFD1,,,,0.94,0.07,,,,0.7,,0.8,,,,0.9,,,0.9,0.5,,,0.6,
UBIAD1,0.7,,0.8,,,,,,,,,,0.9,,0.85,,0.9,,,,,,
UBL3,,,,0.74,0.12,,,0.4,0.7,,0.87,,,,0.8,,,0.8,0.11,,,0.56,
UBL4A,,,0.31,,0.25,0.49,,0.4,0.9,,1.0,,,,0.7,0.65,,,0.78,,,0.48,
UBL4B,,,0.7,,0.8,,,0.6,0.7,,,,0.9,,,,0.8,,0.5,,1.0,,
UBL5,,,0.8,,0.7,,,,0.7,,0.9,,,,0.75,0.78,,,0.5,,,0.6,
UBL7,,,0.8,,0.6,,,0.6,0.7,,,,0.9,,0.8,,,,0.5,,,0.7,
UBLCP1,,,0.09,,0.29,0.35,0.8,,0.7,,0.9,,,,0.7,,0.85,,0.64,,,,
UBN1,,,,1.0,0.9,,,,0.8,,0.9,,,,0.7,,,,0.7,,,,
UBN2,,,,1.0,0.9,,,,0.5,,0.7,,,,0.9,,,,0.6,,,,
UBOX5,,,0.0,,0.48,,,,0.8,,0.9,,,,0.6,,,0.7,0.5,,,0.6,0.7
UBP1,,1.0,,1.0,0.0,,,,0.6,,,,0.8,,0.7,,,,0.7,,,0.7,
UBQLN1,,,,1.0,0.93,,,,0.8,,0.9,,,,,,,,0.5,,,,
UBQLN2,,,,,,,,,,,,0.8,,,,,,,,,,,
UBQLN3,,,0.0,,0.59,,,,0.8,,0.9,,,,0.5,,,,0.5,,,,
UBQLN4,,,,0.98,0.12,,,,0.73,,,,0.74,,0.9,0.78,,,0.601,,,0.48,
UBQLNL,,,0.0,,0.5,,,,0.6,,0.8,,,,,0.7,,,0.7,1.0,,,
UBR1,,,0.9,,,,0.7,,0.8,,,,0.9,,0.6,0.75,0.9,,,,,,
UBR2,,1.0,,1.0,0.87,,,0.7,0.8,,0.9,,,,,,,,0.8,,,,
UBR3,,1.0,,1.0,0.94,,,,0.6,,0.7,,,,0.7,0.8,,,0.8,,,0.5,
UBR4,,1.0,,1.0,0.94,,,,0.85,,,,0.76,,,,,,0.8,,,,
UBR5,,1.0,,1.0,0.03,,0.5,,0.7,,0.8,,,,,,,,,0.68,,,
UBR7,0.8,,,0.6,0.21,,,,0.6,,0.7,,,,0.7,,,,0.5,,,0.6,
UBTD1,,,,0.76,0.11,,,0.6,0.75,,0.85,,,,0.7,,,,0.45,,,,
UBTD2,,,0.2,,0.3,,,0.5,0.6,,0.8,,,,0.8,,,,0.45,,,,
UBTF,,,,1.0,0.0,0.9,0.5,,0.7,,0.6,,,,0.8,,,,0.7,,,0.6,
UBTFL1,,,0.0,,0.0,,,,0.6,,0.8,,,,0.7,,,,0.5,1.0,,,
UBTFL6,,,0.0,,0.0,,,,,,,,,,,0.4,,,0.5,,,0.8,
UBXN1,,,,0.73,0.17,,,0.8,0.93,,,,1.0,,0.75,0.82,,,0.85,,,0.49,
UBXN10,,,0.9,,,,,,0.7,,0.6,,,,,,0.75,,0.5,,,,
UBXN11,,,,,,,,,,,,0.9,,,,,,,,,,,
UBXN2A,,,0.0,,,,0.8,0.6,0.7,,,,0.9,,0.9,0.65,,,,,,0.5,
UBXN2B,,,0.1,,0.3,,0.8,0.7,0.75,,0.9,,,,0.6,,,,0.5,,,0.5,
UBXN4,,,0.14,,0.26,,,0.75,0.86,,0.98,,,,0.8,,,,0.51,,,,
UBXN6,,,0.0,,,,0.5,0.6,0.7,,,,0.9,,0.8,0.65,,,,,,0.6,
UBXN7,,,,1.0,0.0,,,,0.6,,0.8,,,,0.75,,,0.9,0.7,,,,
UBXN8,,,,,,,,,,,,,,,,,,,,,,,
UCHL1,,,,,,,,,,,,0.8,,0.6,,,,,,,,,
UCHL3,,,0.0,,0.7,,,0.6,0.8,0.5,0.9,,,,0.75,,,,0.5,,,0.7,
UCHL5,0.6,0.8,0.9,,,,,0.85,0.8,,,,0.9,,0.75,,0.9,,0.7,,,0.7,
UCK1,,,,,,,,,,,,,,,,,,,,,,,
UCK2,,,,,,,,,,,,,,,,,,,,,,,
UCKL1,,,0.0,,0.9,,,,0.8,,0.9,,,,,0.7,,0.6,0.7,0.64,,,
UCMA,,,0.0,,0.91,,0.5,,0.6,,0.8,,,,0.8,0.65,,,0.5,0.99,,,
UCN,,,,,,,,,,,,,,,,,,,,,,,
UCN2,,,0.04,,0.73,,,,0.67,,0.89,,,,0.8,,,,0.11,,,,
UCN3,0.85,,0.8,,0.7,,,0.7,0.8,,0.9,,,,0.75,,,,0.5,,,,
UCP1,,,0.0,,0.5,,,0.2,0.8,,0.9,,,,,,,,0.5,,,,
UCP2,0.8,,0.0,,0.5,,,0.7,0.8,,,,0.9,,,0.75,,,0.6,,,,
UCP3,0.7,,0.0,,0.5,,,,0.9,,0.8,,,,0.8,,,,0.6,1.0,,,
UEVLD,,,0.0,,0.51,,,,0.6,,0.9,,,,0.8,,,0.8,0.7,,,0.5,
UFC1,0.8,,0.0,,0.46,,,,0.8,,,,0.9,,0.7,,0.9,,0.5,,,,
UFD1,0.8,,1.0,,1.0,,,0.6,0.7,,0.9,,,,0.9,,,,0.8,,,0.5,0.7
UFL1,,,,,,,,,,,,,,,,,,,,,,,
UFM1,,,,,,,,,,,,,,,,,,,,,,,
UFSP1,,,0.7,,,,0.8,,,,,,0.9,,,,,,0.4,,,,
UFSP2,0.8,,0.0,,0.53,,,,0.7,,0.9,,,,0.6,,0.85,,0.5,,,0.6,0.5
UGCG,,,,,,,,,,,,1.0,,0.7,,,,,,,,,
UGDH,0.8,1.0,0.0,,0.41,,,,0.75,,,,0.9,,0.6,,,,,,0.78,,
UGGT1,,,0.9,,0.6,,,,0.7,,0.8,,,,0.9,,,,0.5,,,0.6,
UGGT2,,,0.0,,0.84,,0.1,0.5,0.8,,0.9,,,,0.7,,,,0.75,0.73,,,
UGP2,0.5,,0.0,,0.72,,,0.4,0.6,,0.8,,,,0.8,,,,0.5,,,0.7,
UGT1A1,,,0.0,,0.65,,0.9,,0.75,,0.6,,,,,,,,0.7,0.97,,,
UGT1A10,,,0.0,,,,0.8,0.75,0.85,,,,0.9,,,0.8,,,,1.0,,,
UGT1A3,,,0.0,,0.87,,,,0.85,,0.9,,,,0.75,,,,0.5,,,0.0,
UGT1A4,,,0.0,,0.71,,,0.2,0.8,,0.9,,,,0.7,,,,0.5,1.0,,,
UGT1A5,,,0.0,,,,0.6,,,,,,0.9,,0.8,,,,,,,,
UGT1A6,,,0.0,,,,0.8,,,,,,0.9,,0.75,,,,,,0.94,,
UGT1A7,,,0.0,,,,0.8,,0.85,,,,0.9,,,,,,,,1.0,,
UGT1A8,,,0.0,,0.87,,0.2,,0.9,,0.5,,,,,,,,0.5,,,0.0,
UGT1A9,,,0.0,,0.71,0.8,0.5,0.6,0.7,,0.9,,,,,,,,0.5,,,0.4,
UGT2A2,,,0.0,,0.5,,,,0.6,,0.8,,,,0.8,,,,0.7,,,,
UGT2A3,,,0.0,,0.5,,,0.5,0.6,,0.9,,,,0.8,,,,0.7,0.97,,,
UGT2B10,,,0.0,,,,0.8,,,,,,0.9,,0.6,0.7,0.8,,,,1.0,,
UGT2B11,,,0.0,,0.5,,,,0.6,,0.7,,,,0.7,,,,0.8,,,,
UGT2B15,,,0.0,,0.5,0.9,0.3,,0.6,,0.8,,,,0.7,,,,0.7,1.0,,,
UGT2B17,,,0.0,,0.64,0.96,0.5,,0.85,,0.9,,,,0.8,,,,0.8,1.0,,,
UGT2B28,,,0.0,,0.5,,,,0.7,,0.9,,,,0.8,,,,0.8,1.0,,,
UGT2B4,,,0.0,,0.81,,,,0.85,,0.9,,,,0.8,,,,0.5,1.0,,,
UGT2B7,,,0.0,,0.5,,0.3,,0.7,,0.9,,,,0.8,,,,0.6,1.0,,,
UGT3A1,,,0.0,,0.99,0.72,0.4,,0.6,,0.7,,,,0.9,,,,0.5,,,,
UGT3A2,,,,,,,,,,,,0.8,,,,,,,,,,,
UGT8,,,0.8,,,,0.7,,0.85,,,,0.9,,0.75,0.82,,,,,1.0,,
UHMK1,,,,,,,,,,,,,,,,,,,,,,,
UHRF1,0.85,,,,,,,,,,,,,,,,,,,,,,
UHRF2,,,,1.0,0.89,,,,0.6,,0.9,,,,0.7,,,,0.7,,,,
UIMC1,,,0.0,,0.46,,0.7,0.5,0.6,,0.9,,,,0.8,,,,0.8,0.66,,,
ULBP1,,,0.0,,0.91,,,0.6,0.8,,0.9,,,,0.8,,,,0.5,0.96,,,
ULBP2,,,,,,,,,,,,,,,,,,,,,,,
ULBP3,,,0.0,,0.6,0.85,0.1,,0.8,,0.9,,,,0.8,,,,0.5,1.0,,,
ULK1,,,,0.99,0.16,,,0.6,0.8,0.5,0.9,,,,0.8,0.85,0.9,0.75,0.85,,,,
ULK2,,,,,,,,,,,,0.8,,0.7,,,,,,,,,
ULK3,,,0.04,,0.28,,0.5,0.6,0.75,0.5,0.9,,,,0.8,,,,0.472,,,,
ULK4,0.75,,0.0,,,,0.8,0.5,0.7,,,,0.9,,,,0.8,,,,0.96,,
UMAD1,,,0.0,,0.0,,,,0.6,,,,,,0.8,,,,0.5,,,0.2,
UMOD,0.8,,0.0,,,,,,,,,,0.9,,,,,,0.5,,,,0.6
UMODL1,,,0.0,,0.91,,,,0.7,,0.9,,,,0.9,,,,0.8,,,,
UMODL1-AS1,,,0.0,,0.0,,,,0.7,,,,,,,0.3,,,0.5,,,0.8,
UMPS,,,0.0,,0.53,,0.8,0.5,0.6,,0.7,,,,0.8,,,,0.6,0.68,,,
UNC119,0.8,,0.0,,0.6,,,0.7,0.6,,0.7,,,,,,,,0.5,,,0.5,
UNC119B,,,,,,,,,,,,,,,,,,,,,,,
UNC13A,,,,,,,,,,,,0.7,,,,,,,,,,,
UNC13B,,,,,,,,,,,,0.8,,,,,,,,,,,
UNC13C,,,,,,,,,,,,0.8,,,,,,,,,,,
UNC13D,0.7,,0.0,,0.6,,,,0.8,,0.9,,,,0.75,,,0.7,0.8,0.91,,,
UNC45A,,,0.0,,0.52,,,0.5,0.6,,0.9,,,,0.9,0.7,,,0.8,,,,
UNC45B,0.8,0.9,0.0,,0.67,,,,,,,,0.9,,,,,,0.5,0.99,,,
UNC50,,,0.0,,0.56,,,,0.6,,0.76,,,,0.8,,,,0.5,,,0.49,
UNC5A,,,,,,,,,,,,0.8,,,,,,,,,,,
UNC5B,,0.8,0.0,,,,,0.2,0.75,,,,0.9,,0.9,,,,0.5,,,,
UNC5C,,1.0,0.0,,,,0.4,0.2,0.6,,0.8,,,,0.5,,,,0.5,,,,
UNC5CL,,,0.0,,0.91,,0.6,0.75,0.9,,0.7,,,,0.9,,,,0.8,0.95,,,
UNC5D,,,,,,,,,,,,0.9,,,,,,,,,,,
UNC79,,,,,,,,,,,,0.8,,0.7,,,,,,,,,
UNC80,,,,,,,,,,,,0.9,,0.7,,,,,,,,,
UNC93A,,,0.0,,0.5,,,,0.6,,0.8,,,,0.9,0.7,,,0.7,1.0,,,
UNC93B1,0.8,,0.41,,0.22,,,,0.65,,,,0.9,,0.75,,,,0.5,0.82,,,
UNCX,0.6,,1.0,,,,,,,,,,0.9,,,,,,,,,,
UNG,0.8,,0.0,,0.46,,,,0.85,,0.9,,,,0.8,,,,0.5,,,0.6,
UNK,,,,1.0,0.07,,0.4,,0.5,,0.6,,,,0.7,,,,0.8,,,,
UNKL,,,,0.76,0.19,,,0.5,0.87,,,,0.96,,0.9,,,0.8,0.68,,,,
UPB1,0.8,,0.0,,0.88,,,,0.5,,0.6,,,,0.7,,,,0.5,1.0,,,
UPF1,,1.0,,1.0,0.93,,,,0.8,,,,0.9,,,,,,0.7,,,,0.7
UPF2,,1.0,,1.0,0.97,,,,0.7,,0.9,,,,0.8,,,,0.8,,,,
UPF3A,,,0.0,,0.59,,,0.68,0.87,,0.61,,,,0.8,,,,0.76,,,0.56,
UPF3B,,,,,,,,,,,,,,,,,,,,,,,
UPK1A,,,0.0,,0.5,,,0.8,0.7,,0.9,,,,0.8,,,,0.6,1.0,,,
UPK1B,,,0.0,,0.84,,,,0.8,,0.9,,,,,0.7,,,0.5,,,,
UPK2,,1.0,0.0,,0.7,,,0.7,0.6,,0.9,,,,0.7,0.75,,,0.5,,,,
UPK3A,,,0.0,,0.6,,,,0.7,,0.9,,,,0.8,,,,0.5,,,,0.5
UPK3B,,,0.0,,0.64,,0.4,0.2,0.6,,0.85,,,,0.5,,,,0.8,0.99,,,
UPK3BL2,,,,,,,,,,,,0.9,,,,,,,,,,,
UPP1,,,0.0,,0.61,,,0.4,0.8,,0.9,,,,0.7,,,,0.5,,,,
UPP2,,,0.0,,0.47,,,,0.8,,0.9,,,,0.6,,,,0.5,,,,
UPRT,0.7,,,0.6,0.17,,,0.05,0.1,,0.18,,,,,,,,0.309,,,0.5,
UQCC1,,,0.0,,,,0.7,0.6,,,,,0.9,,0.7,,0.8,,,,,,
UQCC2,0.7,,0.8,,,,,,,,,,0.9,,0.7,,,,,,,,
UQCC3,0.8,,0.0,,0.0,,,,0.7,,0.6,,,,0.7,0.6,,,0.5,,,0.5,
UQCR10,,,,,,,,,,,,0.8,,0.6,,,,,,,,,
UQCR11,,,,,,,,,,,,,,,,,,,,,,,
UQCRB,0.7,,0.8,,,,,,,,,,,,0.8,0.75,,,,,,0.7,
UQCRC1,,,,,,,,,,,,0.8,,0.75,,,,,,,,,
UQCRC2,,,,,,,,,,,,0.8,,0.6,,,,,,,,,
UQCRFS1,,,,,,,,,,,,0.8,,0.6,,,,,,,,,
UQCRFS1P1,,,1.0,,1.0,,,,0.6,,,,,,,,,,0.5,,,0.8,
UQCRH,,,0.0,,0.63,,,0.7,0.8,,0.9,,,,,0.7,,,0.1,,,0.5,
UQCRHL,,,0.0,,,,,,,,,,,,,0.5,,,,,,,
UQCRQ,,,,,,,,,,,,0.8,,0.6,,,,,,,,,
URAD,,,0.0,,,,0.5,,,,,,0.6,,,,0.7,,,,1.0,,
URB1,,,1.0,,1.0,,,,0.7,,0.9,,,,0.7,,,,0.8,0.6,,,
URB1-AS1,,,1.0,,1.0,,,,0.8,,,,,,,,,,0.2,,,,
URB2,,,0.0,,0.63,,,,0.7,,0.9,,,,0.7,,,,0.5,,,,
URGCP,,,,0.54,0.21,,,,0.78,,0.87,,,,0.75,,,,0.93,,,,
URI1,,,0.0,,,,0.8,,,,,,0.9,,,,,,,,,,
URM1,,,0.7,,0.5,,,0.3,0.5,,0.8,,,,0.5,,0.7,,0.4,,,0.6,
UROC1,0.8,,0.0,,,,,,,,,,0.9,,0.6,,,,,,1.0,,
UROD,0.8,1.0,0.0,,0.73,,,0.5,0.7,,0.9,,,,0.8,,,,,,,0.6,
UROS,,1.0,0.02,,0.37,,0.5,0.6,0.8,,0.9,,,,,0.65,,,,,,0.5,
USB1,0.8,,0.0,,0.52,,,0.7,0.6,,0.7,,,,0.6,,0.4,,0.5,,,0.5,
USE1,,1.0,0.0,,,,,0.6,,,,,0.8,,0.8,0.7,0.9,,0.5,,,,
USF1,0.6,,0.8,,,,0.7,0.7,,,,,0.9,,,,,,,,,0.6,0.4
USF2,,1.0,,1.0,0.1,,0.9,,0.7,,0.8,,,,0.8,,,,0.5,,,0.6,
USF3,,,0.0,,0.0,,,,0.6,,0.7,,,,0.6,,,0.9,0.8,,,0.5,
USH1C,0.8,,0.0,,,,,,,,,,0.9,,0.75,0.75,0.85,,,,0.97,,
USH1G,0.8,,0.0,,,,,0.5,,,,,0.9,,0.8,0.7,0.7,,,,0.95,,
USH2A,0.9,,0.0,,0.74,,,,0.6,,0.7,,,,0.7,0.75,,,0.8,1.0,,,
USHBP1,,,0.0,,0.83,,,,0.6,,0.9,,,,,,,,0.7,,,,
USO1,,,,,,,,,,,,0.8,,,,,,,,,,,
USP1,,1.0,,1.0,0.9,,,0.6,0.7,,,,0.9,,0.7,,,,0.7,,,,
USP10,,,,1.0,0.08,,0.8,0.7,0.6,,0.7,,,,0.75,,,0.8,,,,0.5,
USP11,,,,1.0,0.97,0.85,,,0.8,,0.9,,,,0.9,0.83,,,0.6,,,,
USP12,,,,0.96,0.89,,,,0.87,,0.87,,,,,0.85,,,0.74,,,,
USP13,,,0.0,,0.52,,,,0.85,,0.9,,,,0.75,0.85,,,0.7,,,,
USP14,0.7,,,0.92,0.17,,,0.6,0.75,0.4,0.88,,,,0.8,0.7,,,0.49,,,0.52,
USP15,0.6,,,1.0,0.89,,0.5,,0.7,,0.8,,,,,,,,0.6,0.63,,,0.7
USP16,0.7,1.0,0.0,,,,,0.6,,,,,0.9,,0.8,,0.9,,0.8,,,0.8,
USP17L1,,,0.0,,,,,,,,,,0.5,,,,,,,,,,
USP17L10,,,1.0,,1.0,,,,0.7,,,,0.6,,,,,,0.8,,,,
USP17L11,0.4,,0.0,,,,,,0.6,,0.7,,,,,,,,0.6,,,0.5,
USP17L12,,,0.0,,,,,,,,,,0.6,,,,,,,,,,
USP17L13,,,0.0,,0.0,,,,0.7,,,,,,,,,,0.5,,,0.4,
USP17L15,0.4,,0.0,,,,,,,,,,0.7,,,,,,,,,,
USP17L17,,,0.0,,,,,,,,,,0.7,,,,,,0.4,,,,
USP17L18,0.4,,0.0,,,,,,,,,,0.7,,,,,,,,,,
USP17L19,0.4,,0.0,,,,,,,,,,0.7,,,,,,,,,,
USP17L2,0.8,,0.0,,0.0,,,0.7,0.9,,1.0,,,,,,,,0.8,,,,
USP17L20,,,0.0,,,,,,,,,,0.6,,,,,,,,,,
USP17L21,0.4,,0.0,,,,,,,,,,0.7,,,,,,,,,,
USP17L22,0.4,,0.0,,,,,,,,,,0.7,,,,,,,,,,
USP17L23,,,0.0,,0.0,,,,,,,,,,,0.4,,,0.5,,,0.2,
USP17L3,,,0.0,,,,,,,,,,0.7,,,,,,0.4,,,,
USP17L30,,,1.0,,1.0,,,,0.7,,,,,,,,,0.9,0.5,,,,
USP17L4,,,0.0,,0.0,,,,0.6,,,,0.8,,,,,,0.5,,,0.4,
USP17L5,,,0.0,,,,,,0.6,,0.7,,,,,,,,0.6,,,0.5,
USP17L6P,,,0.0,,,,,,0.5,,,,,,,,,,,,,,
USP17L7,,,0.0,,0.0,,,,0.6,,0.8,,,,,0.6,,,0.5,,,,
USP17L8,,,1.0,,1.0,,,,0.7,,0.6,,,,,0.7,,,0.5,,,,
USP18,0.8,,0.0,,0.42,,,0.6,0.85,,0.9,,,,,0.75,,,0.5,0.95,,,
USP19,,,,,,,,,,,,,,,,,,,,,,,
USP2,,,,,,,,,,,,0.8,,0.6,,,,,,,,,
USP20,,,0.0,,0.67,,,0.2,0.8,,0.9,,,,,0.7,,,0.5,,,0.6,
USP21,,,,,,,,,,,,0.9,,0.7,,,,,,,,,
USP22,,,0.48,,0.22,,,,0.93,,0.88,,,,,0.78,,,0.52,,,0.52,
USP24,,,,1.0,0.9,,0.5,0.6,0.8,,0.9,,,,0.8,,,0.8,0.7,,,0.6,
USP25,,,,,,,,,,,,,,,,,,,,,,,
USP26,0.8,,0.0,,0.0,,,0.4,0.7,,0.9,,,,0.6,,0.9,0.5,0.6,1.0,,,
USP27X,0.8,,,0.93,0.0,,,,,,,,0.9,,0.9,,,,0.5,,,0.6,
USP28,,,0.0,,,,,,,,,,,,,,,,0.5,,0.6,,
USP29,,,1.0,,1.0,,,,0.7,,0.9,,,,0.8,,,,0.8,1.0,,,
USP3,,,,1.0,0.03,,0.7,0.4,0.8,,0.6,,,,0.6,,,0.9,0.5,0.72,,,
USP30,,,0.0,,,,0.8,,,,,,0.9,,0.8,0.75,,,,,,,
USP31,,,0.3,,,,0.8,,,,,,0.9,,0.9,0.75,,,,0.75,,,
USP32,,,,1.0,0.9,,,0.6,0.8,,0.9,,,,0.8,,,,0.7,,,,
USP33,,,,0.97,0.18,,,0.2,0.8,,0.9,,,,0.5,0.75,,0.6,0.75,,,0.54,
USP34,,,,1.0,0.05,,0.6,,0.7,,0.7,,,,0.8,,,0.9,0.8,,,0.6,
USP35,,,0.0,,0.48,,,,0.6,,0.9,,,,0.7,,,,0.8,0.76,,,
USP36,,,0.0,,,,,,,,,,0.8,,0.7,,,,,,,,
USP37,,,,,,,,,,,,,,,,,,,,,,,
USP38,,,0.0,,0.43,,,0.5,0.6,,0.9,,,,,,,,0.7,,,,
USP39,0.6,,0.9,,,,,,,,,,0.9,,,,0.8,,,,,,
USP4,0.7,,0.0,,,,0.8,0.6,0.7,,,,0.9,,0.8,,,,,,,0.5,
USP40,,,0.0,,0.66,,,,0.6,,0.68,,,,0.7,,,,0.85,,,,
USP42,,,,1.0,0.8,,,0.5,0.75,,0.85,,,,0.6,0.75,,,0.7,0.7,,,
USP43,,,0.14,,0.24,,,,0.8,,0.95,,,,0.75,,,,0.85,0.78,,,
USP44,,,0.0,,,,0.5,0.6,0.8,,,,0.9,,0.8,,,,,,0.97,,
USP45,0.8,,0.0,,,,,,,,,,0.9,,0.6,,,,,,0.7,,
USP46,,,,0.95,0.11,,,0.9,0.7,,0.87,,,,0.5,,,,0.366,0.73,,,
USP47,,,,1.0,0.94,,,0.75,0.8,,0.9,,,,0.8,0.85,,,0.7,,,0.6,
USP48,,,,1.0,0.8,0.9,0.9,0.6,0.7,,0.8,,,,0.8,,,0.85,,0.64,,,
USP49,,,,0.92,0.16,,,0.6,0.85,,0.9,,,,0.7,,,0.8,0.68,,,,
USP5,,1.0,,0.95,0.18,,,,0.75,0.5,0.9,,,,0.7,0.8,,,,,,,
USP50,,,0.0,,,,0.8,,0.7,,,,0.9,,,,,,,,1.0,,
USP51,,,0.11,,0.29,,,,0.7,,0.88,,,,0.8,,,,0.71,0.64,,,
USP53,,,0.0,,0.58,0.88,,,0.9,,0.61,,,,0.9,0.75,,,0.75,,,,
USP54,,,0.0,,0.4,,,,0.7,,0.9,,,,0.8,0.75,,0.85,0.8,0.76,,,
USP6,,,0.0,,0.79,,,,0.7,,0.9,,,,0.9,,,0.8,0.5,0.99,,,
USP6NL,,,,,,,,,,,,0.9,,,,,,,,,,,
USP7,,1.0,,1.0,0.01,,0.8,0.5,0.7,,0.6,,,,,,,,,,,0.6,
USP8,,,,,,,,,,,,0.8,,0.6,,,,,,,,,
USP9X,0.8,,,1.0,0.01,,,0.6,0.8,,,,0.9,,,,,,0.7,,,,
USP9Y,0.6,,0.8,,,,,,,,,,0.9,,0.75,,,,,,,,
USPL1,,,,,,,,,,,,,,,,,,,,,,,
UST,,,0.47,,0.21,,0.83,0.72,0.87,,0.86,,,,0.67,0.73,,,0.81,0.69,,,
UTF1,,,0.49,,0.0,0.0,,,0.7,,0.8,,,,,,,,0.5,,,,
UTP11,,,0.0,,0.0,,,0.6,0.7,,,,0.8,,0.5,0.6,,,0.5,,,0.6,
UTP14A,,,,1.0,0.9,,,0.4,0.5,,0.6,,,,0.7,,,,0.7,0.65,,,
UTP14C,,,0.9,,0.34,,,0.4,0.7,,0.8,,,,0.6,,,,0.5,,,0.6,
UTP15,,,,1.0,0.0,,,,0.6,,0.8,,,,0.7,0.8,,,0.7,0.65,,,
UTP18,,,,,,,,,,,,,,,,,,,,,,,
UTP20,,,,,,,,,,,,0.8,,0.5,,,,,,,,,
UTP23,,,0.09,,0.35,0.76,,,0.5,,0.48,,,,0.6,,,,0.25,,,0.59,
UTP3,,,0.0,,0.6,,,0.6,0.8,,0.9,,,,0.7,,,,0.5,0.64,,,
UTP4,0.9,,0.1,,,,,0.65,,,,,,,,,,,,,,,0.5
UTP6,,,0.0,,0.44,,,0.4,0.6,,0.8,,,,0.7,,,,0.5,,,,
UTRN,,,,,,,,,,,,,,,,,,,,,,,
UTS2,,,0.03,,0.52,,,0.1,0.14,,0.187,,,,0.8,,,,0.124,0.96,,,
UTS2B,,,0.0,,0.85,,,0.1,0.8,,0.9,,,,0.8,,,,0.5,,,,
UTS2R,,,0.0,,0.5,,,,0.7,0.8,0.9,,,,,,,0.9,0.5,,,,
UTY,,,,0.9,0.8,,,,0.8,,0.9,,,,0.7,,,,0.7,,,,
UVRAG,,,,0.99,0.14,,0.5,0.2,0.75,,0.8,,,,,0.75,,0.9,,,,,
UVSSA,0.8,,0.0,,,,,,,,,,0.9,,0.8,,0.9,,,,0.7,,0.6
UXS1,,,,,,,,,,,,1.0,,0.6,,,,,,,,,
UXT,,,,0.87,0.0,,,0.76,0.73,,0.94,,,,0.75,,,,0.79,0.61,,,
VAC14,,1.0,0.15,,0.25,,0.75,0.6,0.7,,0.8,,,,0.8,,,,,,,0.5,
VAMP1,0.8,,0.01,,0.5,,,,,,,,0.9,,,,,,,0.73,,,
VAMP2,,,,,,,,,,,,1.0,,0.5,,,,,,,,,
VAMP3,,,0.0,,,,0.8,0.6,0.7,,,,0.9,,0.9,,0.8,,,0.7,,,
VAMP4,,,,,,,,,,,,0.9,,,,,,,,,,,
VAMP5,,,0.01,,0.84,,0.6,0.75,0.8,,0.97,,,,0.7,0.65,,,0.116,0.73,,,
VAMP7,,,0.9,,0.4,,,0.4,0.7,,0.8,,,,,0.7,,,0.5,,,0.6,
VAMP8,,,,,,,,,,,,0.9,,,,,,,,,,,
VANGL1,0.8,,0.02,,0.33,,,,0.8,,,,0.9,,0.75,,,,0.52,0.73,,,
VANGL2,0.5,1.0,,0.82,0.17,,,0.6,0.8,,,,0.9,,0.7,,0.9,,,,0.86,,
VAPA,,,0.35,,0.23,,,0.85,0.8,,0.94,,,,0.75,,0.8,,0.5,,,,
VAPB,0.8,,,0.61,0.17,,,0.85,0.75,,0.9,,,,0.7,0.75,0.85,,0.61,,,0.7,
VARS2,,,0.0,,0.53,,0.5,,0.8,,0.9,,,,0.7,,,,0.8,,,0.6,
VASH1,,,,,,,,,,,,0.9,,0.7,,,,,,,,,
VASH2,,,,,,,,,,,,1.0,,0.8,,,,,,,,,
VASN,,,,0.69,0.16,,,0.76,0.67,,0.87,,,,0.8,,,,0.67,,,,
VASP,,,,,,,,,,,,0.8,,0.6,,,,,,,,,
VAT1,,,0.9,,0.5,,,,0.7,,0.8,,,,0.8,,,0.8,0.6,,,,
VAT1L,,,0.0,,0.68,,,0.4,0.8,,0.92,,,,,0.65,,0.9,0.5,0.95,,,
VAV1,,,,,,,,,,,,0.8,,0.6,,,,,,,,,
VAV2,,,0.0,,0.36,,0.6,0.5,0.7,,0.8,,,,0.6,,,0.85,0.9,0.72,,,
VAV3,,,,,,,,,,,,0.8,,,,,,,,,,,
VAX1,,,,0.78,0.11,,0.8,,0.5,,0.6,,,,,,,,0.4,0.93,,,
VAX2,0.7,,,,,,,,,,,,,,,,,,,,,,
VBP1,,,,,,,,,,,,,,,,,,,,,,,
VCAM1,,,,,,,,,,,,1.0,,0.6,,,,,,,,,
VCAN,,1.0,,1.0,0.12,,0.9,,0.6,,0.7,,,,,,,,,0.97,,,
VCL,,,,,,,,,,,,0.9,,0.6,,,,,,,,,
VCP,,,,1.0,0.9,,,,,,,,,,,,,,,,,,
VCPIP1,,,,1.0,0.02,,,,0.6,,0.8,,,,0.7,,,,0.7,,,0.5,
VCPKMT,,,0.0,,0.5,,,,0.7,,0.8,,,,0.7,0.6,0.8,0.9,0.5,,,0.6,
VCX,,,0.34,,0.0,,,,0.5,,0.51,,,,,,,,0.206,,,,
VCX2,,,0.2,,0.1,,,,0.5,,,,0.6,,,,,,0.5,,,,
VCX3A,,,0.31,,0.0,,,,0.7,,,,0.88,,,,0.4,,0.5,,,,
VCX3B,,,0.34,,0.0,,,,0.8,,,,,,,,0.6,,0.5,,,,
VCY,,,1.0,,1.0,,,0.6,0.7,,0.9,,,,,,0.5,,0.8,1.0,,,
VDAC1,,1.0,,0.97,0.07,,,0.1,0.8,,0.9,,,,,,,,0.8,,,0.6,
VDAC2,,,,0.63,0.19,,,,0.24,0.1,0.209,,,,0.85,,,,0.294,,,0.48,
VDAC3,,,,0.99,0.0,,,0.5,0.88,0.1,0.76,,,,,,0.85,,0.283,,,0.5,
VDR,,,0.0,,0.51,,0.8,,0.8,0.9,0.85,,,,0.8,,,,0.5,0.89,,,
VEGFA,0.8,1.0,0.0,,,,,,,,,,0.9,,,,,,,,0.86,,
VEGFB,,,0.0,,0.8,,,0.6,0.7,0.8,0.9,,,,0.8,,,,0.5,,,,
VEGFC,,,,,,,,,,,,1.0,,0.5,,,,,,,,,
VEGFD,,,0.0,,0.0,,,0.6,0.8,,0.9,,,,0.8,0.75,,,0.7,0.94,,,
VENTX,,,0.0,,0.5,,,0.6,0.7,,0.8,,,,,,,0.9,0.5,,,,
VENTXP1,,,1.0,,1.0,,,,0.6,,,,,,,,,,0.1,,,0.2,
VEPH1,,,0.0,,0.08,,,,0.8,,0.9,,,,0.8,0.75,,,0.7,,,,
VEZF1,,1.0,,0.99,0.05,,,,0.9,,,,0.83,,0.7,,,,0.52,0.63,,,
VEZT,,,,,,,,,,,,0.8,,,,,,,,,,,
VGF,,1.0,,0.56,0.2,,,,0.7,,0.9,,,,,,,,0.8,0.95,,,
VGLL1,,,,0.81,0.0,,,,0.8,,0.91,,,,0.7,,,,0.5,0.97,,,
VGLL2,,,,0.7,0.12,,0.5,,0.6,,0.8,,,,,,,0.7,0.5,1.0,,,0.6
VGLL3,,,0.06,,0.34,,0.75,,0.6,,0.85,,,,0.7,,,,0.5,,,,
VGLL4,,,0.2,,,,0.5,0.6,0.7,,,,0.9,,0.5,0.6,0.6,,0.4,0.8,,,
VHL,0.8,1.0,0.06,,0.41,,,0.6,0.7,,,,0.9,,0.8,,,,,,,0.54,
VHLL,,,0.0,,,,,,,,,,0.75,,,,,,,,,,
VIL1,,,0.0,,0.65,,0.1,,0.6,,0.8,,,,0.7,,0.9,,0.5,1.0,,,
VILL,,,0.0,,0.84,,,0.5,0.6,,0.9,,,,0.7,,,,0.7,,,,
VIM,,,,,,,,,,,,0.9,,0.6,,,,,,,,,
VIP,,,0.0,,,,0.5,0.6,0.8,,,,0.9,,0.8,,,,,,0.94,,
VIPAS39,0.8,,0.0,,0.54,,,,0.5,,0.68,,,,0.9,,0.7,,0.5,,,0.53,
VIPR1,,1.0,0.0,,,,,0.6,0.7,0.9,0.8,,,,,0.7,,,,,,,
VIPR2,,,0.0,,0.73,,0.6,0.9,0.75,0.9,0.85,,,,0.8,,,0.95,0.5,0.87,,,
VIRMA,,,0.0,,0.0,,,,0.6,,0.8,,,,0.7,,,,0.7,,,,
VIT,,,0.0,,,,0.5,0.6,0.8,,,,0.9,,0.7,0.7,,,,,,,
VKORC1,,,0.16,,0.33,,,,0.73,0.75,0.86,,,,0.8,,,,0.81,0.69,,,
VKORC1L1,,,,,,,,,,,,0.8,,0.6,,,,,,,,,
VLDLR,,,0.0,,0.52,,0.6,0.6,0.75,,0.85,,,,0.7,,,,0.8,0.93,,,
VMA21,,,,,,,,,,,,0.8,,,,,,,,,,,
VMAC,,,0.04,,0.68,,,0.1,0.25,,0.1,,,,,0.3,,,0.5,,,,
VMO1,,,0.0,,0.7,,,,0.7,,0.9,,,,0.9,0.75,,,0.6,,,,
VMP1,,,,0.97,0.87,,0.93,,0.87,,0.9,,,,0.75,,,,0.81,0.73,,,
VN1R1,,,1.0,,1.0,,,,0.6,,0.9,,,,0.8,,,0.8,0.7,0.9,,,
VN1R17P,,,0.0,,0.0,,,,,,,,,,,0.5,,,0.5,,,,
VN1R2,,,,,,,,,,,,0.8,,0.7,,,,,,,,,
VN1R3,,,0.0,,0.0,,,,,,,,,,,,,,0.5,,,0.4,
VN1R4,,,0.0,,0.0,,,,0.6,,,,0.8,,0.7,,,,0.7,,,,
VN1R5,,,1.0,,1.0,,,,0.7,,,,,,,,,,0.5,,,0.2,
VNN1,0.6,,0.0,,0.66,,,0.7,0.85,,,,0.9,,0.8,,0.75,,0.8,,0.99,,
VNN2,,,0.0,,0.5,0.9,,0.7,0.6,,0.8,,,,0.9,,0.8,,0.7,1.0,,,
VOPP1,,,0.32,,0.24,0.58,,,0.7,,0.85,,,,0.9,0.75,,,0.86,0.65,,,
VPREB1,,,0.1,,0.91,,,0.2,0.7,,0.9,,,,0.8,,,,0.95,0.95,,,
VPREB3,,,0.1,,0.92,,,0.1,0.7,,0.71,,,,0.5,0.65,,,0.123,,,,
VPS11,0.7,,0.0,,0.34,,,0.5,0.6,,0.8,,,,,,,,0.5,,,,
VPS13A,,,0.0,,,,0.8,,0.6,,,,0.7,,0.7,0.7,0.8,,,,0.5,,
VPS13B,,,0.0,,0.54,,0.5,,0.85,,0.9,,,,0.7,,0.8,,0.8,0.65,,,
VPS13C,,,0.0,,0.57,,0.7,,0.8,,0.9,,,,0.9,,0.75,,0.5,0.68,,,
VPS13D,0.8,1.0,0.0,,,,,,,,,,0.9,,0.7,0.75,0.8,,,,,,
VPS16,,,,,,,,,,,,1.0,,0.7,,,,,,,,,
VPS18,,,,,,,,,,,,0.8,,,,,,,,,,,
VPS25,,,,,,,,,,,,0.8,,,,,,,,,,,
VPS26A,,,,,,,,,,,,0.9,,0.6,,,,,,,,,
VPS26B,,,,,,,,,,,,0.8,,,,,,,,,,,
VPS26C,,,0.0,,0.0,,,,0.7,,,,0.9,,0.7,,0.9,,0.5,,,0.6,
VPS28,,,0.2,,0.5,,,0.6,0.7,,0.8,,,,0.9,,,,0.6,,,0.5,
VPS29,0.7,,,0.74,0.11,,,0.75,0.73,,0.93,,,,,,,,0.91,,,0.49,
VPS33A,,,,,,,,,,,,0.8,,0.6,,,,,,,,,
VPS33B,0.8,,0.0,,0.74,,,,0.6,,,,0.85,,0.7,,,,0.5,,,0.54,
VPS35,0.8,,,0.97,0.17,,,0.5,0.6,,0.9,,,,,,,,0.75,,,0.5,
VPS35L,0.7,,0.0,,,,,,,,,,0.9,,0.9,0.7,0.8,,,,,,
VPS36,,,0.04,,0.28,,,0.5,0.67,,0.87,,,,0.75,0.68,,,0.78,0.65,,,
VPS37A,0.6,,0.0,,0.41,,,0.5,0.8,,,,0.9,,0.8,,,,0.7,,,0.7,0.5
VPS37B,,,0.24,,0.26,,,0.5,0.67,,0.64,,,,0.8,,0.75,,0.57,,,0.59,
VPS37C,,,,,,,,,,,,0.8,,0.6,,,,,,,,,
VPS37D,,,,,,,,,,,,0.8,,,,,,,,,,,
VPS39,,,0.0,,0.5,,,0.5,0.6,,0.9,,,,0.8,,,,0.7,,,0.7,
VPS41,0.4,,0.0,,0.63,,,0.6,0.7,,0.9,,,,,,0.8,,0.7,,,0.5,
VPS45,0.5,,0.0,,0.43,,,0.6,0.8,,0.9,,,,,0.65,,,0.7,0.6,,0.7,
VPS4A,,,,0.93,0.14,0.89,0.5,0.6,0.75,,0.94,,,,0.7,0.78,0.85,,0.87,,,,
VPS4B,,,0.25,,0.24,0.68,,0.71,0.93,,1.0,,,,0.8,0.78,0.85,,0.89,0.63,,,
VPS50,,,1.0,,1.0,,,0.6,0.7,,0.9,,,,0.8,0.8,,,0.8,,,0.7,
VPS51,0.5,,0.0,,0.62,,,0.5,0.6,,0.7,,,,0.8,,,,0.6,,,0.7,
VPS52,,,0.0,,0.32,,0.5,0.5,0.7,,0.9,,,,0.7,,0.8,,0.6,,,0.6,
VPS53,,1.0,0.0,,0.43,,0.8,0.5,0.6,,0.7,,,,0.8,,,,,0.7,,,
VPS54,,1.0,,1.0,0.88,,,,0.6,,0.8,,,,0.7,,,,0.7,0.63,,,
VPS72,,,0.0,,0.5,,,,0.8,,0.9,,,,0.8,,,,0.5,,,0.7,
VPS8,,,0.0,,0.34,,,,0.6,,0.8,,,,0.6,0.65,,,0.5,,,0.5,
VPS9D1,,,0.0,,,,0.5,,,,,,0.9,,0.8,,,,,,,,
VRK1,0.8,,0.0,,0.36,,,0.5,0.7,,0.9,,,,0.75,0.82,,,0.5,,,,
VRK2,,,,,,,,,,,,0.9,,0.75,,,,,,,,,
VRK3,,,0.0,,0.74,,,,0.85,,0.9,,,,0.7,,,,0.5,0.88,,,0.6
VRTN,,,,0.99,0.94,,,0.7,0.8,,,,0.9,,,,,,0.7,1.0,,,
VSIG1,,,0.0,,0.49,,,0.75,0.7,,0.9,,,,0.8,,,,0.6,,,,0.6
VSIG10,,,0.0,,0.56,0.77,,,0.6,,0.85,,,,0.8,0.7,,,0.8,,,,
VSIG10L,,,0.0,,0.0,,,,0.7,,0.6,,,,0.5,,,0.9,0.8,,,,
VSIG10L2,,,0.0,,0.0,,,,,,,,,,0.7,0.4,,,0.5,,,,
VSIG2,,,0.0,,0.64,,0.5,0.6,0.7,,0.9,,,,0.8,,,,0.5,,,,
VSIG4,,,0.0,,0.4,0.8,,0.6,0.5,,0.7,,,,0.8,0.7,,,0.6,,,,
VSIG8,,,0.0,,0.49,,,0.6,0.7,,,,,,0.7,,,,0.6,,,,
VSIR,,,1.0,,1.0,,,,0.7,,0.9,,,,0.9,0.85,,,0.8,,,,
VSNL1,,,0.49,,0.2,0.52,,,0.67,,0.99,,,,0.9,,,0.85,0.76,0.96,,,0.5
VSTM1,,,0.0,,0.89,,,0.8,0.9,,0.7,,,,0.8,,,,0.6,1.0,,,
VSTM2A,,,0.6,,0.5,,,0.3,0.6,,0.8,,,,0.9,,,,0.4,,,,
VSTM2B,,,0.0,,0.0,,,,0.6,,0.5,,,,0.7,,,0.8,0.5,0.9,,,
VSTM2L,,,,,,,,,,,,1.0,,,,,,,,,,,
VSTM4,,,0.14,,0.28,0.42,0.8,,0.8,,0.76,,,,0.9,,,,0.64,0.8,,,
VSTM5,,,0.0,,0.0,,,,0.6,,0.8,,,,0.7,0.75,,,0.5,0.88,,,
VSX1,0.8,,0.04,,0.39,,,0.7,0.6,,,,0.9,,,,0.8,,0.5,,,,0.5
VSX2,0.8,1.0,0.0,,0.58,,,0.6,0.7,,,,0.9,,,,,,,,0.99,,
VTA1,,,0.0,,,,0.5,0.6,0.8,,,,0.9,,0.6,0.6,,,,,,0.5,
VTCN1,,,0.0,,0.3,0.7,,0.2,0.6,,0.8,,,,0.8,,,,0.5,,,,
VTI1A,,,0.0,,,,0.8,0.5,0.6,,0.7,,,,0.7,,0.8,,,,,0.6,0.5
VTI1B,,,0.8,,0.7,,,0.7,0.8,,0.9,,,,0.8,,0.8,,0.5,,,0.9,
VTN,,,,,,,,,,,,0.8,,0.6,,,,,,,,,
VWA1,0.7,,0.01,,0.51,,,,0.8,,,,0.9,,0.9,,0.85,,0.8,,0.91,,
VWA2,0.9,,0.0,,1.0,,,0.5,0.6,,0.9,,,,0.7,,,0.8,0.7,,,,
VWA3A,,,0.0,,0.72,,,,0.7,,0.85,,,,0.75,,,,0.8,,,,
VWA3B,0.7,,0.0,,0.73,,,0.5,0.6,,0.9,,,,0.7,,,,0.8,1.0,,,
VWA5A,,,0.0,,,,,,,,,,0.9,,0.4,,,,,,0.6,,
VWA5B1,,,0.0,,0.0,,,,0.7,,0.9,,,,0.8,,,0.6,0.8,,,,
VWA5B2,,,0.0,,0.41,,,,0.7,,0.9,,,,,0.75,,,0.8,,,,
VWA7,,,0.0,,,,0.5,,,,,,0.8,,0.8,0.65,,,,,0.9,,
VWA8,,,0.8,,,,0.5,,,,,,0.7,,0.7,,0.9,,,,,,
VWC2,,,,0.97,0.0,,0.5,0.4,0.6,,0.7,,,,0.9,,,,0.8,0.99,,,
VWC2L,,,0.11,,0.33,,0.14,,0.5,,0.78,,,,0.8,,,,0.5,0.95,,,
VWCE,,,0.0,,0.58,,,0.7,0.6,,0.9,,,,0.8,,,,0.7,0.93,,,
VWDE,,,0.0,,0.0,,,,0.6,,0.8,,,,0.9,,,0.9,0.7,,,,
VWF,,,0.0,,,,0.6,,0.6,0.5,0.7,,,,0.7,0.7,,,,,,,
WAC,,,,1.0,0.0,,0.8,0.6,0.75,,0.85,,,,0.8,,0.8,,0.7,,,0.7,
WAPL,,,0.0,,0.0,,,0.2,0.6,,0.8,,,,0.5,,,,0.5,,,,
WARS2,,,,,,,,,,,,0.9,,0.7,,,,,,,,,
WAS,1.0,,,1.0,0.0,,,0.6,0.8,,0.9,,,,,0.85,,,0.7,1.0,,,
WASF1,,,,,,,,,,,,,,0.6,,,,,,,,,
WASF2,,,,,,,,,,,,0.8,,0.6,,,,,,,,,
WASF3,,,,0.56,0.2,,,0.7,0.8,,0.9,,,,0.75,,,,0.75,0.84,,,
WASH2P,0.6,,0.0,,,,,,,,,,,,,,,,,,,0.8,
WASH3P,,,1.0,,,,,,0.8,,,,,,,,0.9,,,,,0.7,
WASH4P,0.5,,0.9,,,,,,,,,,,,,,,,,,,,
WASH6P,0.5,,1.0,,1.0,,,,,,,,,,,,,,0.8,,,0.9,
WASHC1,0.5,,0.0,,,,,,,,,,,,,,,,,,,,
WASHC2A,,,,,,,,,,,,0.7,,0.5,,,,,,,,,
WASHC2C,,,0.0,,0.0,,,,0.7,,0.9,,,,0.7,,,,0.8,,,,
WASHC3,,,0.0,,0.0,,,0.7,0.6,,0.8,,,,0.7,,0.85,,0.5,,,,
WASHC4,0.8,,0.0,,,,,,,,,,0.9,,0.6,,0.85,,,,0.65,,0.5
WASHC5,0.7,,0.0,,0.0,,,,,,,,0.9,,0.7,0.6,,,0.8,,0.5,,
WASL,,,,,,,,,,,,0.8,,0.6,,,,,,,,,
WBP1,,,0.0,,0.78,,,0.8,0.7,,0.74,,,,,,,,0.54,0.68,,,
WBP11,,,,1.0,0.03,,,0.5,0.6,,0.7,,,,0.6,,,,,,,0.7,
WBP1L,,,,0.56,0.2,,0.85,,0.8,,0.75,,,,0.8,,,,0.68,0.62,,,
WBP2,0.8,,0.35,,0.23,,,,0.7,,0.9,,,,0.9,,,,0.65,,,0.53,
WBP2NL,,,0.0,,,,0.5,0.7,0.6,,,,0.8,,,,,,,1.0,,,
WBP4,,,0.0,,0.67,,0.4,0.5,0.8,,0.6,,,,0.6,,,0.7,0.5,,,0.5,
WDCP,,,0.0,,0.0,,,0.6,0.7,,0.8,,,,0.9,,,,0.5,,,,
WDFY1,,,0.0,,0.45,,,0.6,0.85,,0.9,,,,0.8,,,,0.7,,,,
WDFY2,,,0.0,,0.62,,,0.8,0.7,,0.9,,,,0.8,,,,0.8,0.7,,,
WDFY3,,,,1.0,0.03,,,0.7,0.8,,0.9,,,,0.85,,,,,,,,
WDFY4,,,1.0,,1.0,,,,0.7,,0.9,,,,0.9,,,,0.8,,,,
WDHD1,,,,,,,,,,,,,,,,,,,,,,,
WDPCP,0.8,,0.0,,,,,,,,,,0.9,,0.75,,0.85,,,,,,0.6
WDR1,,1.0,,1.0,0.04,,0.8,0.5,0.6,,0.7,,,,0.8,,0.9,0.8,,0.7,,,
WDR11,,,0.0,,,,0.8,,0.6,,,,0.9,,0.8,,,,,,,,
WDR12,,,0.0,,,,0.8,,,,,,0.9,,0.75,,,,,,,,
WDR13,,,,0.9,0.08,,,,0.71,,0.86,,,,,0.75,,0.9,0.5,,,0.48,
WDR17,,,0.0,,0.67,,,,0.7,,0.6,,,,0.8,,,0.9,0.8,0.85,,,0.7
WDR18,,,,1.0,0.1,,,0.6,0.8,,0.9,,,,0.8,,,,0.7,,,0.5,
WDR19,0.8,1.0,0.0,,0.42,,,0.4,0.65,,,,0.89,,0.5,,,,0.7,0.76,,,
WDR20,,,,0.88,0.15,,0.5,0.7,0.8,,0.9,,,,0.6,,,,0.75,,,0.54,0.7
WDR24,,,0.0,,,,,,,,,,0.8,,0.9,0.8,,,0.5,,,,
WDR25,,,0.0,,,,0.5,0.3,,,,,0.9,,0.5,,,,,,,0.6,
WDR26,,,,1.0,0.0,0.9,0.7,,0.5,,0.6,,,,0.7,,,,,,,,
WDR27,,,0.0,,0.68,,0.8,0.5,0.6,,0.75,,,,,,,,0.7,0.73,,,
WDR3,,,,,,,,,,,,,,,,,,,,,,,
WDR31,,,0.9,,0.7,,,,0.65,,0.75,,,,,,,,0.6,,,,
WDR33,,,,1.0,0.87,,,,0.8,,0.9,,,,0.8,,,0.9,0.7,0.6,,,0.7
WDR35,0.7,,0.0,,0.61,,,,0.6,,,,0.9,,0.5,0.65,,,0.8,,,,
WDR36,,1.0,0.0,,0.29,,0.8,0.5,0.6,,0.7,,,,,,,,,0.65,,,
WDR37,,,,0.52,0.21,,0.6,0.65,0.7,,0.9,,,,0.9,,,0.85,0.75,,,0.54,
WDR38,,,0.0,,0.5,,,,0.6,,0.8,,,,,,,0.8,0.7,1.0,,,
WDR4,,,0.0,,0.64,,0.7,0.7,0.8,,0.9,,,,,,,,0.5,0.66,,,
WDR41,,,0.0,,,,0.5,,,,,,0.9,,0.7,,0.7,,,,,,
WDR43,,,,,,,,,,,,,,0.6,,,,,,,,,
WDR44,,,,1.0,0.94,,,0.5,0.6,,0.7,,,,0.8,,,0.8,0.8,,,0.6,
WDR45,0.8,,,1.0,0.0,,,,0.8,,0.9,,,,0.8,,,0.9,0.7,,,0.7,
WDR45B,0.7,,0.3,,,,,,,,,,0.9,,0.8,0.75,,,,,,,
WDR46,,,0.0,,0.68,,,0.85,0.7,,0.9,,,,0.75,0.7,,,0.5,,,0.6,
WDR47,,,0.3,,0.23,,,,0.8,,0.88,,,,0.5,,,,0.75,,,,
WDR48,,,,1.0,0.9,,,0.6,0.8,,0.9,,,,,,,,0.7,,,,
WDR49,,,0.0,,0.93,,0.1,0.2,0.6,,0.8,,,,,,,,0.5,0.87,,,
WDR5,,,,1.0,0.0,,,0.7,0.6,0.5,0.7,,,,0.8,,,,0.8,,,0.6,
WDR53,,,0.9,,0.6,,,0.6,0.7,,0.8,,,,0.7,,,,0.5,,,,
WDR54,,,0.0,,0.89,,,0.4,0.8,,0.9,,,,0.6,,,0.7,0.5,,,,
WDR55,,1.0,0.0,,,,,0.6,0.7,,,,0.8,,0.7,0.7,,,0.5,,,0.6,
WDR59,,,0.0,,0.54,,,0.7,0.6,,0.8,,,,0.8,,,,0.5,,,0.5,
WDR5B,,,0.0,,0.8,0.8,,0.7,0.7,,0.9,,,,,0.7,,,0.5,,,,
WDR6,,,0.0,,0.54,,0.7,0.7,0.8,,0.9,,,,0.9,,,0.8,0.6,0.75,,,
WDR62,0.8,,0.0,,0.69,,,,0.7,,,,0.9,,0.7,,,,0.5,1.0,,,
WDR64,,,0.0,,0.87,,,,0.7,,0.9,,,,0.6,0.6,,,0.8,1.0,,,
WDR7,,,,1.0,0.9,,,,0.8,,0.9,,,,0.75,,,,0.7,,,,
WDR70,,,,,,,,,,,,,,,,,,,,,,,
WDR72,0.9,,0.0,,,,0.85,,,,,,0.7,,,,,,,,0.99,,
WDR73,0.8,,0.0,,0.83,,,,0.6,,0.7,,,,0.7,,,,0.5,,,,
WDR74,,,,,,,,,,,,,,,,,,,,,,,
WDR75,,,0.0,,,,0.8,,0.7,,,,0.9,,0.75,0.7,,,,,0.65,,
WDR76,,,0.0,,0.55,,,0.7,0.8,,0.9,,,,0.6,,,0.85,0.8,0.91,,,
WDR77,,0.8,0.0,,0.48,,,0.6,0.7,,0.9,,,,0.6,,,,0.5,,,0.5,
WDR81,0.8,,0.0,,0.38,,,,0.7,,,,,,0.75,0.65,0.85,,0.5,0.67,,,
WDR82,,,,0.87,0.13,,0.1,,0.8,,0.68,,,,0.6,,,,0.78,,,0.5,
WDR83,,0.8,0.0,,,,,0.8,0.7,,,,0.9,,0.6,,,,0.5,,,0.6,0.5
WDR83OS,,,0.0,,0.78,,,,0.6,,,,0.9,,0.8,,0.8,,0.5,,,,
WDR86,,,0.0,,0.97,,,0.7,0.8,,0.9,,,,,,,,0.5,,,,
WDR87,,,1.0,,0.0,,,,0.7,,0.9,,,,0.6,0.75,,0.85,0.8,1.0,,,
WDR88,,,0.0,,0.73,0.82,,,0.5,,0.65,,,,0.8,0.65,,0.9,0.75,1.0,,,
WDR89,,,0.0,,0.64,,,,0.7,,0.9,,,,0.9,,,,0.6,,,0.5,
WDR90,,,,,,,,,,,,0.8,,,,,,,,,,,
WDR91,,,,,,,,,,,,,,,,,,,,,,,
WDR93,,,0.0,,0.84,,,,0.7,,0.8,,,,,,,,0.5,,,,
WDR97,,,1.0,,,,,,,,,,0.8,,,0.4,,,,,1.0,,
WDSUB1,,,0.0,,0.95,,,,0.7,,0.8,,,,0.8,,,0.6,0.5,,,0.5,
WDTC1,,1.0,,1.0,0.9,,,0.7,0.5,,0.6,,,,0.9,,,,0.7,,,0.6,
WEE1,,1.0,,1.0,0.04,,,0.3,0.5,0.6,0.7,,,,0.8,,,0.9,0.8,0.77,,,
WEE2,,,,,,,,,,,,0.9,,0.7,,,,,,,,,
WFDC1,,,0.0,,,,,,,,,,0.9,,0.8,,,,,,0.9,,
WFDC10A,,,0.8,,0.4,,,0.6,0.7,,,,,,0.8,,,,0.5,,,,
WFDC10B,,,0.04,,0.73,,,,0.4,,0.6,,,,,0.65,0.8,,0.073,0.97,,,
WFDC11,,,0.0,,0.83,,,,0.6,,0.8,,,,0.7,,,,0.1,1.0,,,
WFDC12,,,0.8,,0.7,,,,0.6,,0.9,,,,0.7,,,,0.5,,,,
WFDC13,,,0.98,,0.62,,,,0.8,,,,,,0.75,0.76,,,0.93,,,,
WFDC2,,,,0.8,0.0,,,0.7,0.9,,0.388,,,,0.8,,,,0.124,,,,
WFDC3,,,0.0,,0.97,,,,0.6,,0.7,,,,0.8,,,,0.8,,,,
WFDC5,,,0.03,,0.52,,,,0.6,,0.85,,,,0.7,0.65,,,0.224,,,,
WFDC6,,,0.0,,0.5,,,,0.7,,0.6,,,,0.8,0.6,,,0.8,1.0,,,
WFDC8,,,0.0,,0.89,0.86,,,0.6,,0.8,,,,0.8,0.65,,,0.5,1.0,,,
WFDC9,,,0.9,,0.84,,,0.5,0.6,,0.8,,,,0.8,,,,0.5,,,0.3,
WFIKKN1,,,0.0,,0.67,,,0.7,0.8,,0.9,,,,0.7,,,,0.8,0.93,,,
WFIKKN2,,,0.0,,0.44,0.7,0.6,,0.7,,0.8,,,,0.75,,,,0.5,1.0,,,
WFS1,0.9,1.0,0.0,,0.8,,,,0.8,,,,0.9,,,0.6,,,0.5,,0.77,,
WHAMM,,,0.0,,0.72,,,,0.7,,0.8,,,,0.9,,,,0.5,,,0.59,
WHAMMP3,,,0.0,,0.0,,,,0.6,,,,,,,0.3,,,0.5,,,,
WHRN,0.8,,0.1,,,,,,,,,,,,,,,,,,,,0.4
WIF1,,,0.0,,,,0.5,0.6,,,,,0.9,,0.7,,,,,,0.94,,
WIPF1,,,,,,,,,,,,0.8,,0.6,,,,,,,,,
WIPF2,,,0.16,,0.26,,,0.4,0.93,,0.93,,,,0.9,,,,0.88,,,0.5,
WIPF3,0.4,,0.9,,,,,,,,,,,,0.5,,,,,,0.8,,
WIPI1,,,0.0,,0.4,,0.1,0.5,0.7,,0.8,,,,,,,,0.5,0.8,,,
WIPI2,,,0.9,,,,0.8,0.6,0.7,,0.6,,,,0.8,0.75,,,0.5,,,0.7,
WIZ,,,,1.0,0.8,,,,0.8,,0.9,,,,0.75,,,0.85,0.7,,,0.6,
WLS,,0.9,0.8,,0.4,,0.7,,0.7,,0.8,,,,0.9,,,,0.5,0.6,,,
WNK1,,1.0,,1.0,0.93,,0.6,,0.6,,0.7,,,,,,,,,,,0.7,0.5
WNK2,,,,,,,,,,,,0.8,,0.6,,,,,,,,,
WNK3,,,,1.0,0.09,,,,0.6,0.5,0.7,,,,,,,0.9,0.8,0.99,,,0.7
WNK4,0.7,,0.0,,0.81,,,,0.85,,0.9,,,,0.8,0.75,0.9,,0.8,0.94,,,
WNT1,,1.0,0.25,,,,0.75,0.6,0.8,,,,0.9,,0.8,,,,,0.93,,,
WNT10A,,,0.1,,,,,,,,,,0.9,,0.8,,,,,,0.97,,
WNT10B,0.7,,0.0,,,,,0.6,,,,,0.9,,0.8,,,,,,,,
WNT11,,1.0,0.01,,0.43,,0.8,0.4,0.8,,0.9,,,,0.6,,,,,0.96,,,
WNT16,,,,,,,,,,,,0.9,,,,,,,,,,,
WNT2,,0.9,0.1,,,,0.8,0.4,0.6,,,,0.7,,0.7,,,,,0.95,,,
WNT2B,,,0.2,,,,0.8,,0.6,,0.9,,,,0.8,,,,,0.9,,,
WNT3,,,,,,,,,,,,0.8,,0.6,,,,,,,,,
WNT3A,,,,,,,,,,,,0.8,,0.6,,,,,,,,,
WNT4,,1.0,0.13,,0.29,,0.9,0.7,0.75,,0.85,,,,0.6,,,,,0.97,,,
WNT5A,,,,,,,,,,,,0.8,,0.6,,,,,,,,,
WNT5B,,,,,,,,,,,,0.8,,,,,,,,,,,
WNT6,,,0.2,,,,,,,,,,0.9,,,,,,,,0.99,,
WNT7B,,,0.0,,,,0.7,,,,,,0.8,,0.9,0.75,,,,,0.96,,
WNT8A,,,0.9,,,,0.7,0.5,0.6,,,,0.8,,0.7,,,,,0.95,,,0.6
WNT8B,,,,,,,,,,,,0.5,,0.5,,,,,,,,,
WNT9A,,,,0.88,0.09,,,0.1,0.84,,0.95,,,,0.5,0.78,,,0.73,0.89,,,
WNT9B,,1.0,0.48,,0.2,,0.1,0.6,0.85,,0.98,,,,0.8,,,,,0.88,,,
WRAP53,0.8,,0.0,,0.44,,,0.75,0.7,,,,0.9,,,,,,0.5,,,0.56,
WRAP73,,,0.0,,0.51,,,0.75,0.8,,0.9,,,,0.7,,,,0.7,,,0.6,
WRN,,1.0,0.0,,0.75,,0.5,0.3,0.8,,0.9,,,,,,,,0.7,0.7,,,
WRNIP1,0.9,,0.07,,0.29,,,,0.8,,0.9,,,,0.7,0.75,0.8,,0.8,,,0.5,
WSB1,,,,0.75,0.18,,0.1,,0.93,,0.63,,,,0.5,,0.85,0.9,0.84,0.73,,,
WSB2,,,,0.93,0.14,,,0.75,0.8,,0.68,,,,0.9,,,,0.8,,,,
WSCD1,,,0.0,,0.42,,0.75,,0.65,,0.7,,,,0.7,,,,0.6,0.91,,,
WSCD2,,,,0.76,0.19,,0.5,,0.8,,0.75,,,,0.7,,,,0.85,0.99,,,
WT1,,1.0,,1.0,0.8,,,,0.7,,0.9,,,,0.6,,,0.8,,,,,
WT1-AS,,,0.9,,0.9,,,,0.7,,,,,,,,,,0.5,,,0.6,
WTAP,,1.0,,1.0,0.0,,,0.5,0.6,,0.7,,,,0.6,,,,0.8,,,0.7,
WTIP,,,0.0,,0.57,,,,0.7,,0.8,,,,,,,,0.5,,,,
WWC1,0.7,,0.0,,0.3,,,,0.8,,,,0.9,,0.8,,,,0.6,,,,
WWC2,,,0.8,,,,0.5,,,,,,0.9,,0.8,0.75,0.9,,,,0.6,,
WWC2-AS2,,,0.0,,0.0,,,,0.6,,,,,,,,,,0.5,,,0.4,
WWC3,,,,1.0,0.93,,0.5,,0.8,,0.9,,,,0.7,,,,0.75,,,,
WWOX,,1.0,0.0,,0.5,,0.8,0.5,0.7,,0.6,,,,0.8,,,,0.4,,,,
WWP1,,,,,,,,,,,,0.8,,0.75,,,,,,,,,
WWP2,,,0.17,,0.24,,0.4,0.6,0.7,,0.9,,,,0.5,,,,0.85,0.84,,,0.6
WWTR1,,,,,,,,,,,,0.9,,0.7,,,,,,,,,
XAB2,,1.0,,0.95,0.8,,,,0.75,,0.85,,,,0.7,,,0.8,0.7,,,0.6,
XAF1,,,0.0,,0.5,,,,0.6,,0.8,,,,0.7,,,0.8,0.7,,,,
XAGE1A,,,0.0,,,,,,,,,,0.9,,0.5,,,,,,,,0.6
XAGE2,,,1.0,,1.0,,,0.7,0.6,,0.8,,,,0.8,,,,0.5,,,0.4,
XAGE3,,,0.2,,,,0.8,0.7,0.5,,,,0.6,,0.7,,,,,,1.0,,0.4
XAGE5,,,0.0,,0.8,,,,0.8,,,,0.9,,,,,,0.5,,,,
XBP1,,,0.02,,0.37,,0.6,,0.75,,0.9,,,,,,,,,0.93,,,
XCL1,,,0.0,,0.6,0.8,0.3,0.6,0.7,,0.9,,,,0.8,,,,0.5,1.0,,,
XCL2,,,0.9,,,,,,,,,,,,0.75,,,,,,1.0,,
XCR1,,,0.8,,,,,,0.75,0.9,0.85,,,,0.8,,,,,,0.95,,
XDH,0.8,1.0,0.0,,0.65,,,,0.85,0.7,0.9,,,,,,,,,,,,
XG,0.8,,0.0,,0.5,,,,0.7,,,,0.9,,0.8,,,,0.5,,0.94,,
XIAP,0.8,,,0.93,0.12,,,0.6,0.85,0.87,0.9,,,,,0.82,,,0.75,,,0.48,
XIRP1,,,0.0,,,,0.5,,,,,,0.9,,0.7,,0.8,,,1.0,,,
XIRP2,,,,,,,,,,,,,,,,,,,,,,,
XK,0.8,,,0.96,0.0,,,0.1,0.7,,,,0.9,,0.6,,,,0.444,0.84,,,
XKR3,,,0.08,,0.37,,,,0.5,,0.62,,,,0.6,,,,0.91,,,,
XKR4,,,,1.0,0.04,,0.5,,0.7,,0.8,,,,0.8,,,,0.7,0.96,,,
XKR5,,,0.0,,0.0,,,,0.6,,,,,,0.9,,,,0.5,,,0.8,
XKR6,,,,1.0,0.96,,0.8,,0.7,,0.6,,,,0.7,,,,0.7,0.81,,,
XKR7,,,,,,,,,,,,0.8,,,,,,,,,,,
XKR8,,,0.0,,0.95,,,,0.7,,0.9,,,,0.8,,,,0.6,,,0.6,
XKR9,,,0.0,,0.99,,0.5,,0.6,,0.5,,,,0.8,,,0.7,0.8,0.97,,,
XKRX,,,0.0,,0.66,,,0.5,0.8,,0.66,,,,0.8,,,,0.5,0.99,,,
XKRY,,,0.0,,0.0,,,,,,,,,,,,,,0.5,,,0.0,
XPA,1.0,1.0,0.0,,,,0.8,0.6,0.7,,,,0.9,,0.8,,,,0.5,,,0.7,
XPC,0.8,,0.0,,0.57,,,0.6,0.7,,0.9,,,,,,,,0.5,0.68,,,0.5
XPNPEP1,,,0.28,,0.23,,0.1,,0.8,0.4,0.9,,,,0.6,,,,0.62,,,0.53,
XPNPEP2,0.8,,0.0,,0.78,,,,0.7,0.6,0.9,,,,0.8,,,,0.5,1.0,,,
XPNPEP3,0.8,,0.0,,,,,,,,,,0.9,,0.5,,0.7,,,,0.6,,
XPO1,,,,1.0,0.0,,,0.5,0.7,0.6,0.7,,,,0.7,,,,0.5,0.6,,,
XPO4,,,,1.0,0.94,,0.5,,0.8,,0.9,,,,0.8,,,0.85,0.75,0.7,,,
XPO5,,,,1.0,0.84,,,,0.6,,0.7,,,,0.8,0.85,,,0.8,,,,
XPO6,,,,1.0,0.0,,,,0.6,,0.7,,,,0.8,,,0.8,0.8,0.7,,,0.6
XPO7,,,,1.0,0.8,0.9,0.8,,0.7,,0.6,,,,0.8,,,,0.7,,,,
XPOT,,,,1.0,0.84,,,,0.75,,0.9,,,,0.7,,,,0.8,,,0.53,
XPR1,0.8,,,1.0,0.05,,,0.5,0.7,,0.6,,,,0.8,,,,0.7,,,0.8,
XRCC1,1.0,1.0,0.0,,0.52,,,,0.8,,,,0.9,,0.6,,,,,,,0.7,
XRCC2,,1.0,0.0,,0.83,,0.5,0.6,0.7,,0.9,,,,0.8,,,0.9,,0.99,,,
XRCC3,0.8,,0.0,,0.5,,,,0.7,,,,0.9,,0.7,,,,0.6,,0.6,,
XRCC4,,1.0,0.0,,0.68,,0.4,0.5,0.7,,0.8,,,,,0.7,,,,,,,
XRCC5,,1.0,,1.0,0.95,,,0.2,0.75,,0.9,,,,,,,,0.85,,,,
XRCC6,,,,1.0,0.93,0.85,0.6,0.75,0.8,,0.9,,,,,,,,0.7,,,0.57,
XRN1,,,,1.0,0.89,,,,0.8,,0.9,,,,0.7,,,,0.8,0.65,,,
XRN2,,,,0.72,0.21,,0.1,,0.75,,0.85,,,,0.7,,,,0.95,0.66,,,
XRRA1,,,0.0,,0.56,,,0.6,0.7,,,,0.9,,,,,,0.8,,,,
XXYLT1,,,0.0,,,,0.5,0.6,0.7,,,,0.8,,0.9,0.6,0.7,,,,0.6,,
XYLB,,,0.0,,0.93,,0.1,,0.9,,0.7,,,,0.8,,,,0.5,0.84,,,
XYLT1,0.8,,,0.93,0.18,,,,0.7,,,,0.88,,0.75,0.8,0.9,,0.95,0.63,,,
XYLT2,0.5,,,0.87,0.18,,,,0.87,,,,0.78,,,,,,0.865,0.68,,,
YAF2,,,,0.74,0.12,,,0.8,0.7,,1.0,,,,0.9,0.75,,,0.9,,,0.5,0.6
YAP1,,1.0,,1.0,0.04,,0.8,0.5,0.6,,0.7,,,,,0.85,,,,0.79,,,
YARS2,0.8,,0.1,,,,,,,,,,,,0.7,,,,,,,,
YBEY,,,0.0,,0.6,,,0.9,0.7,,0.8,,,,0.8,,0.85,,0.5,0.95,,,0.7
YBX1,,1.0,,0.93,0.12,,,,0.9,,0.8,,,,,,,,0.5,0.7,,,0.6
YBX2,0.8,,,1.0,0.0,,,,0.6,,0.7,,,,0.7,,,,0.8,1.0,,,
YBX3,,,0.0,,0.58,,,,0.6,,0.8,,,,0.75,,,,0.5,,,,
YDJC,,,0.06,,0.4,,0.7,,0.6,,0.8,,,,0.8,,,,0.5,,,0.52,
YEATS2,0.6,,,1.0,0.8,,,,0.8,,,,0.9,,0.8,,0.9,,0.7,,,,
YEATS4,,,0.0,,,,0.5,0.7,0.8,,,,0.9,,0.7,0.6,,,,0.6,,,
YES1,,,0.0,,0.42,,0.75,0.67,0.73,0.93,0.87,,,,0.75,,,0.8,0.5,0.62,,,
YIF1A,,,0.0,,0.5,,,,0.7,,0.8,,,,0.9,,,0.9,0.6,,,0.6,
YIF1B,,,0.0,,,,0.5,0.4,0.6,,0.8,,,,0.6,0.5,0.7,,,,,0.5,
YIPF1,,,0.0,,0.4,,,0.6,0.8,,,,0.9,,0.9,,,,0.5,,,0.5,
YIPF2,,,0.0,,0.82,,,0.2,0.6,,0.8,,,,0.9,,,,0.5,0.66,,,
YIPF3,,,0.1,,0.3,,,0.7,0.6,,0.9,,,,0.8,,,,0.5,,,0.5,
YIPF4,,,,,,,,,,,,0.9,,,,,,,,,,,
YIPF5,0.8,,,1.0,1.0,,,,0.7,,,,0.9,,0.8,,,,0.5,,0.68,,
YIPF6,,,,,,,,,,,,0.9,,,,,,,,,,,
YIPF7,,,0.0,,0.76,,,,0.6,,0.9,,,,0.8,,,,0.5,1.0,,,
YJEFN3,,,0.0,,0.69,,,,0.5,,0.6,,,,,0.65,,,0.5,,,,
YKT6,,,,,,,,,,,,0.8,,0.6,,,,,,,,,
YLPM1,,,,1.0,0.85,,0.5,,0.7,,0.6,,,,0.8,,,0.9,0.7,,,0.6,
YME1L1,0.5,,0.03,,0.27,,,,0.8,,,,0.75,,,,,,0.77,,,,
YOD1,,,0.15,,0.29,,,,0.73,,0.98,,,,0.8,0.75,,,0.87,0.88,,,
YPEL1,0.75,,,0.59,0.14,,,0.6,0.7,,,,0.8,,,,,,0.1,,,,
YPEL2,,,,0.9,0.0,,,,0.6,,0.7,,,,,,,,0.5,,,0.7,
YPEL3,,,0.04,,0.45,,,0.4,0.8,,0.96,,,,0.85,,,,0.12,,,0.6,
YPEL4,,,0.2,,0.3,0.52,,,0.7,,0.87,,,,,,,,0.13,0.95,,,
YPEL5,,,,,,,,,,,,0.9,,,,,,,,,,,
YRDC,,,0.0,,0.65,,,,0.7,,0.8,,,,0.6,,0.7,,0.5,,,0.6,
YTHDC1,,,,,,,,,,,,0.7,,0.6,,,,,,,,,
YTHDC2,,,,1.0,0.95,,,,0.75,,0.8,,,,0.75,,,,0.85,0.62,,,
YTHDF1,,,,1.0,0.95,,,0.5,0.6,,0.9,,,,0.7,0.75,,,0.7,,,0.7,
YTHDF2,0.8,,,1.0,0.0,,,,0.6,,0.8,,,,,,0.9,,0.7,,,0.7,0.6
YTHDF3,,,,1.0,0.95,,,0.5,0.7,,0.9,,,,,,0.9,,,,,0.6,
YWHAB,,,,,,,,,,,,,,,,,,,,,,,
YWHAE,,,,,,,,,,,,0.8,,0.6,,,,,,,,,
YWHAG,,,,,,,,,,,,,,0.7,,,,,,,,,
YWHAH,,,,,,,,,,,,0.8,,,,,,,,,,,
YWHAQ,,,,,,,,,,,,,,,,,,,,,,,
YWHAZ,,,,,,,,,,,,,,,,,,,,,,,
YY1,0.8,1.0,,1.0,,,,0.6,,,,,0.9,,,,,,,,,,
YY1AP1,0.8,,0.0,,0.89,,,0.7,0.6,,0.9,,,,0.5,,,,0.7,,,0.6,
YY2,,,0.43,,0.19,,,,0.4,,0.61,,,,0.5,,,0.8,0.75,0.7,,,
ZACN,,,0.0,,0.4,,,0.7,0.75,0.9,0.85,,,,0.8,,0.9,,0.6,,,,
ZAN,,,0.0,,0.89,,,,0.6,,,,,,0.7,,,,0.5,,,,0.5
ZAP70,0.9,,,0.7,,,,,,,,,0.9,,,,,,,,0.97,,
ZAR1,,,0.0,,,,0.8,,,,,,0.9,,0.6,0.8,,,,,1.0,,
ZAR1L,,,0.0,,0.0,,,0.7,0.6,,0.8,,,,,,,,0.5,1.0,,,
ZBBX,,,0.0,,0.77,,,0.85,0.9,,0.76,,,,,0.75,,0.9,0.8,,,,
ZBED1,,,0.0,,0.44,,,0.6,0.5,,0.9,,,,,,,,0.7,,,0.5,0.4
ZBED2,,,0.0,,0.97,,,,0.6,,0.85,,,,0.7,,,,0.5,1.0,,,
ZBED3,,,0.2,,,,0.8,,0.7,,,,0.9,,0.8,,,,,,,,
ZBED4,,,,0.55,0.21,,,,0.9,,0.5,,,,0.8,,,0.8,0.75,0.65,,,
ZBED5,,,0.0,,0.0,,,,0.7,,0.8,,,,0.9,,,,0.5,,,,0.6
ZBED6,,,0.0,,0.0,,,,0.6,,,,0.8,,0.9,0.65,,,0.5,,,,
ZBP1,0.7,,0.0,,0.5,,,,0.6,,0.7,,,,,,,,0.8,0.96,,,
ZBTB1,,,,0.95,0.8,,,,0.75,,0.85,,,,0.8,,,,0.7,0.65,,,
ZBTB10,,,,1.0,0.9,,0.8,,0.75,,0.9,,,,0.8,,,0.8,0.7,0.73,,,
ZBTB11,0.9,,0.0,,0.36,,,,0.8,,,,0.95,,0.75,,,,0.7,,,0.6,
ZBTB12,,,,0.95,0.0,,,0.1,0.7,,0.76,,,,0.7,,,0.8,0.5,0.68,,,
ZBTB14,,,,0.68,0.16,,,,0.7,,0.9,,,,0.8,0.7,,,0.5,,,0.53,
ZBTB16,,,,1.0,0.8,0.9,0.9,,0.6,,0.7,,,,0.7,,,0.8,,0.9,,,
ZBTB17,,0.9,,0.9,0.7,,0.6,,0.7,,,,0.8,,0.7,0.85,,,0.5,,,0.6,
ZBTB18,0.9,,,1.0,0.0,,,0.5,0.6,,,,0.7,,0.8,,,,0.8,,,,
ZBTB2,,,,1.0,0.0,,,,0.6,,0.8,,,,0.75,,,0.8,0.7,0.7,,,
ZBTB20,,,,0.98,0.12,,0.5,,0.75,,0.85,,,,0.9,0.78,,,0.6,,,,0.6
ZBTB21,,,,1.0,0.9,,,,0.7,,0.9,,,,0.8,,,,0.8,0.65,,,
ZBTB22,,,0.44,,0.21,,,,,,,,0.95,,,,,,0.63,,,,
ZBTB24,,,0.0,,,,0.5,0.7,0.6,,0.9,,,,0.5,,,0.7,,0.6,,,
ZBTB25,,,0.0,,,,0.8,,,,,,0.9,,0.5,0.7,,0.6,,0.7,,,
ZBTB26,,,0.16,,0.27,,,,0.8,,0.87,,,,0.85,0.75,,0.9,0.88,0.68,,,
ZBTB3,,,0.9,,0.4,,,,0.6,,0.8,,,,0.7,,,0.75,0.7,,,0.6,
ZBTB32,,,0.0,,0.48,0.67,,,0.8,,0.9,,,,,,,0.7,0.5,1.0,,,
ZBTB33,,,,,,,,,,,,0.8,,0.6,,,,,,,,,
ZBTB34,,,,0.98,0.06,,,,0.7,,,,0.68,,,0.78,,,0.75,,,,
ZBTB37,,,,0.96,0.89,,,,0.75,,,,0.85,,0.8,,,,0.5,,,,
ZBTB38,,,,1.0,0.09,,0.9,0.65,0.75,,0.8,,,,0.8,0.8,,,0.7,,0.7,,
ZBTB39,,,0.0,,0.5,,,0.5,0.7,,0.9,,,,0.75,,,0.8,0.6,0.72,,,
ZBTB4,,,,1.0,0.0,,0.7,,0.6,,0.8,,,,0.6,,,,,,,,
ZBTB40,,,0.0,,,,0.8,,,,,,0.9,,0.75,,,,,,0.6,,
ZBTB41,,,0.18,,0.24,,0.4,,0.6,,0.77,,,,0.7,,,,0.91,,,0.57,
ZBTB42,0.8,,0.0,,,,,0.6,,,,,0.9,,0.9,,0.8,,0.5,,0.75,,
ZBTB43,,,,1.0,1.0,0.9,,,0.8,,0.9,,,,0.7,,,0.9,0.8,,,0.7,
ZBTB44,,,,1.0,0.0,,,0.5,0.6,,0.8,,,,0.6,,,0.9,0.7,,,0.7,
ZBTB45,,,0.0,,0.64,,,,0.7,,0.9,,,,0.6,,,,0.5,,,0.52,
ZBTB46,,,,0.82,0.17,,,0.75,0.67,,0.95,,,,0.8,0.83,,,0.78,0.88,,,
ZBTB47,,,,1.0,0.0,,,,0.6,,,,,,0.8,,,0.8,0.7,0.7,,,
ZBTB48,,,0.0,,0.39,,,0.75,0.6,,0.9,,,,0.6,,,,0.7,0.65,,,
ZBTB49,,,0.0,,0.58,,,0.6,0.7,,0.9,,,,,,,0.75,0.8,0.65,,,
ZBTB5,,,,0.62,0.19,,,,0.75,,0.92,,,,0.7,,,0.85,0.67,0.65,,,
ZBTB6,,,0.16,,0.27,,,,0.5,,0.177,,,,0.8,,,,0.424,,,,
ZBTB7A,,1.0,,0.96,0.07,,,,0.7,,0.9,,,,,0.78,,,0.8,,,0.54,
ZBTB7B,,,0.34,,0.23,,,,0.6,,0.9,,,,0.9,0.78,,,,0.82,,,0.7
ZBTB7C,,,0.43,,0.21,,,,0.9,,0.59,,,,,,,0.8,0.62,0.91,,,
ZBTB8A,,,0.0,,0.43,,,,0.7,,0.9,,,,0.8,,,0.85,0.6,0.7,,,
ZBTB8B,,,0.0,,0.47,,,,0.7,,0.9,,,,,0.75,,0.85,0.6,0.87,,,
ZBTB8OS,,,,,,,,,,,,,,,,,,,,,,,
ZBTB9,,,0.07,,0.33,,,0.1,0.9,,0.82,,,,0.7,,,0.8,0.95,0.76,,,
ZC2HC1A,,,,0.92,0.12,,0.5,,0.7,,0.8,,,,0.8,,,,0.65,0.64,,,
ZC2HC1B,,,0.0,,0.0,,,,0.6,,0.8,,,,,0.4,,,0.5,,,,
ZC2HC1C,,,0.0,,0.85,,,,0.6,,0.8,,,,,,,,0.5,,,,
ZC3H10,,,0.35,,0.23,,,,0.9,,,,0.99,,,,0.85,,0.87,,,,
ZC3H11A,,,,1.0,0.9,,0.6,,0.75,,0.8,,,,0.8,,,,0.7,0.65,,,
ZC3H12A,,,0.14,,0.26,,,,0.8,,0.134,,,,,,,,0.599,,,,
ZC3H12B,,,,1.0,0.8,,,,0.75,,0.85,,,,0.9,,0.6,,0.7,0.7,,,
ZC3H12C,,,,1.0,0.9,,0.8,,0.6,,0.75,,,,,,,,0.7,0.77,,,
ZC3H12D,,,0.16,,0.29,,0.1,,0.6,,0.8,,,,0.75,,,,0.5,0.99,,,
ZC3H13,,,,1.0,0.87,,0.8,,0.7,,0.9,,,,0.7,,,,0.75,,,0.6,
ZC3H14,0.8,,,0.85,0.19,,,,0.7,,,,0.9,,0.9,,,,0.75,0.72,,,
ZC3H15,,,,0.87,0.15,,,,,,,,0.91,,0.7,,,,0.75,,,,
ZC3H18,,,,1.0,0.8,,,0.8,0.5,,0.6,,,,0.6,,,,0.7,,,0.7,
ZC3H3,,,,0.96,0.16,,,0.53,0.1,,0.85,,,,0.8,0.75,,,0.948,,,0.59,
ZC3H4,,,,1.0,0.0,,,,0.5,,0.6,,,,0.7,,,,0.7,,,0.6,
ZC3H6,,,0.17,,0.24,,,,0.7,,0.8,,,,,,,,0.75,,,,
ZC3H7A,,,,1.0,0.8,,,,0.75,,0.85,,,,0.8,,,0.9,0.7,0.68,,,
ZC3H7B,,,,0.94,0.19,,0.83,,0.7,,0.79,,,,0.9,,0.8,,0.75,,,,
ZC3H8,,,,0.83,0.14,,,0.7,0.6,,0.8,,,,0.7,0.75,,,0.5,,,0.54,
ZC3HAV1,,,0.0,,0.39,,,0.75,0.7,,0.9,,,,0.8,0.85,,,0.8,,,,
ZC3HAV1L,,,0.0,,0.58,0.0,,,0.8,,0.9,,,,0.6,,,,0.5,,,,
ZC3HC1,,,0.0,,,,0.8,0.6,0.7,,,,0.9,,0.5,0.7,,,,,,0.7,
ZC4H2,0.7,,,0.9,0.0,,,0.5,0.6,,,,0.9,,0.7,,,,0.5,,,0.6,
ZCCHC10,,,0.8,,0.4,,,,0.7,,0.9,,,,0.9,0.75,,,0.6,,,0.5,
ZCCHC12,,,0.2,,0.4,,,0.3,0.8,,0.9,,,,0.9,,,,0.5,,,,
ZCCHC13,0.5,,0.0,,,,,,,,,,0.9,,,,,,,,1.0,,
ZCCHC14,,,,0.98,0.15,,0.8,,0.7,,0.9,,,,0.9,,,0.85,0.75,0.66,,,
ZCCHC17,,,0.9,,0.6,,,0.6,0.7,,0.8,,,,0.8,0.75,,,0.5,,,0.7,
ZCCHC18,,,0.41,,0.2,,,,0.6,,0.85,,,,,,,,0.75,,,,
ZCCHC2,,,,1.0,0.15,,0.8,,0.5,,0.6,,,,0.9,,,,0.7,0.7,,,
ZCCHC24,,,,0.94,0.0,,,,0.6,,0.7,,,,0.8,,,,0.5,,,,
ZCCHC3,,,0.01,,0.51,,,,0.7,,0.9,,,,0.8,,,,0.8,,,0.9,
ZCCHC4,,,0.0,,0.65,0.96,,,0.5,,0.86,,,,0.7,,,,0.5,,,,
ZCCHC7,,,0.0,,0.63,,,0.5,0.7,,0.9,,,,0.7,,,,0.6,0.7,,,
ZCCHC8,,,,,,,,,,,,,,0.6,,,,,,,,,
ZCCHC9,,,0.0,,0.51,,,,0.6,,0.93,,,,,,,,0.5,0.63,,,
ZCRB1,,,0.8,,0.6,,,0.8,0.7,,0.9,,,,0.5,,,,0.5,,,0.6,
ZCWPW1,,,0.0,,,,0.7,,0.8,,,,0.9,,0.5,0.75,0.8,,,1.0,,,
ZCWPW2,,,0.0,,0.64,,,,0.7,,0.8,,,,,,,,0.5,,,,
ZDBF2,,,0.9,,,,0.7,,,,,,0.8,,0.85,,,,,,0.75,,0.6
ZDHHC1,,,0.0,,0.72,0.75,0.1,0.6,0.6,,0.9,,,,0.8,,,,0.5,,,,
ZDHHC11,,,0.0,,0.5,,0.2,0.7,0.6,,0.8,,,,0.7,0.75,,,0.7,0.8,,,
ZDHHC11B,,,0.0,,0.5,,,,0.7,,0.9,,,,0.8,,,,0.6,,,,
ZDHHC12,,,0.0,,0.51,,,,0.7,,0.76,,,,0.8,,,,0.67,0.72,,,
ZDHHC13,,,0.0,,0.92,,,,0.8,,0.9,,,,0.6,,,,0.7,,,,
ZDHHC14,,,,0.92,0.14,,0.4,,0.7,,0.66,,,,0.8,,,,0.49,0.77,,,
ZDHHC15,0.8,,,0.84,0.14,,,,0.6,,0.55,,,,0.7,0.75,0.9,,0.337,0.65,,,
ZDHHC16,,,0.0,,0.43,,,0.2,0.6,,0.8,,,,0.6,,,,0.7,,,0.5,
ZDHHC17,,,,,,,,,,,,,,,,,,,,,,,
ZDHHC18,,,0.0,,0.44,,,,0.6,,0.9,,,,,0.75,,,0.7,,,,
ZDHHC19,,,0.01,,0.42,,0.6,0.2,0.8,,0.8,,,,0.7,,,,0.75,1.0,,,
ZDHHC2,,,0.0,,0.42,,,,0.6,,0.8,,,,0.7,,,,0.7,,,0.54,
ZDHHC20,,,,,,,,,,,,,,,,,,,,,,,
ZDHHC21,,,0.97,,0.64,,,,0.9,,0.94,,,,,,0.85,,0.5,,,0.56,
ZDHHC22,,,0.8,,0.6,,,,0.7,,0.9,,,,0.8,,,,0.5,,,,
ZDHHC23,,,0.0,,0.93,,,0.6,0.8,,0.9,,,,0.9,0.75,,,0.7,0.85,,,
ZDHHC24,,,0.0,,0.71,,,,0.8,,0.9,,,,0.8,,,,0.5,,,0.6,
ZDHHC3,,,0.03,,0.33,,,,0.8,,0.87,,,,,,,,0.75,,,,
ZDHHC4,,,0.0,,0.96,,,,0.6,,0.9,,,,0.9,,,,0.5,,,0.48,
ZDHHC5,,,,,,,,,,,,0.8,,,,,,,,,,,
ZDHHC6,,,0.8,,0.6,,,,0.7,,0.9,,,,0.9,0.75,0.8,0.6,0.5,0.7,,,
ZDHHC7,,,0.0,,,,0.5,0.6,0.7,,,,0.9,,0.8,0.65,0.8,,,0.62,,,
ZDHHC8,,,,0.82,0.18,,,,0.75,,0.92,,,,0.8,0.75,0.85,,0.76,,,0.6,
ZDHHC9,,,,,,,,,,,,,,,,,,,,,,,
ZEB1,0.8,1.0,,0.97,0.17,,,,0.75,,,,0.9,,0.6,,,,,,,,0.7
ZEB2,,,,,,,,,,,,0.8,,,,,,,,,,,
ZER1,,,,1.0,0.94,,,,0.6,,0.9,,,,,,0.9,0.8,0.7,,,0.5,
ZFAND1,,,0.0,,0.8,,,,0.8,,0.9,,,,0.7,0.75,,,0.5,0.63,,,
ZFAND2A,,,0.0,,0.78,,,,0.87,,0.72,,,,0.9,,,,0.5,,,0.48,
ZFAND2B,,,0.0,,0.59,,,0.7,0.8,,0.86,,,,0.8,,,,0.5,,,0.57,0.6
ZFAND3,,,,0.9,0.8,,0.6,,0.8,,0.9,,,,,,,,0.5,,,0.7,
ZFAND4,,,0.0,,,,0.8,0.6,0.7,,,,0.9,,0.9,,,,,,1.0,,
ZFAND5,,,,,,,,,,,,,,,,,,,,,,,
ZFAND6,,,0.45,,0.2,,0.75,0.4,0.6,,0.8,,,,0.9,,,,0.52,,,0.65,
ZFAT,,1.0,0.0,,0.42,,0.9,,0.7,,0.6,,,,0.7,,,,0.5,0.99,,,
ZFC3H1,,,,1.0,0.9,,,0.7,0.5,,0.6,,,,0.7,,,,0.7,0.6,,,
ZFHX2,0.7,,1.0,,,,,,,,,,0.9,,,0.85,0.9,,,,0.95,,
ZFHX3,,,,1.0,0.08,,0.95,0.6,0.8,,0.85,,,,0.75,,,,0.7,0.85,,,
ZFHX4,,,,1.0,0.8,,0.8,,0.7,,0.6,,,,0.8,,,0.9,0.7,0.83,,,
ZFP1,,,0.8,,,,0.6,,,,,,0.9,,0.9,,,,0.6,,,,0.5
ZFP14,,,0.0,,0.57,,,,0.7,,0.9,,,,0.5,0.65,,,0.8,,,0.6,
ZFP2,,,0.0,,0.5,,,,0.7,,0.8,,,,0.6,,,,0.6,,,,
ZFP28,,,0.0,,0.35,,,,0.7,,0.9,,,,0.5,,,,0.8,0.63,,,
ZFP3,,,0.0,,0.46,,,,0.8,,0.9,,,,0.7,,,,0.5,,,0.54,
ZFP30,,,0.0,,0.64,,,,0.8,,0.9,,,,0.7,,,,0.7,,,0.6,
ZFP36,,,,0.77,0.11,,,0.1,0.8,,,,,,,,,,0.65,0.8,,,
ZFP36L1,,1.0,,0.67,0.13,,0.8,,0.7,,0.9,,,,,,0.85,,,0.77,,,0.6
ZFP36L2,,1.0,,0.96,0.0,,0.8,,0.6,,0.7,,,,,,,,,0.76,,,
ZFP37,,,0.0,,0.95,,,,0.9,,0.8,,,,0.5,,,0.8,0.5,,,,
ZFP41,,,0.0,,1.0,,,0.6,0.7,,,,,,0.8,,,0.9,0.5,,,0.6,
ZFP42,,1.0,0.0,,,,0.8,,0.7,,,,0.9,,0.6,,0.9,,0.5,1.0,,,
ZFP57,,1.0,0.0,,0.7,,0.5,,0.6,,0.9,,,,0.8,,,,0.5,0.97,,,
ZFP62,,,,0.6,0.2,,,,0.7,,0.24,,,,0.9,,,0.8,0.9,0.6,,,
ZFP64,,,0.0,,0.55,,0.8,,0.7,,0.9,,,,0.7,,,,0.65,,,,
ZFP69,,,0.0,,0.72,,,,0.7,,0.75,,,,0.8,,,0.8,0.5,,,0.56,
ZFP69B,,,0.0,,0.98,,,,0.8,,0.9,,,,0.6,,,0.7,0.5,0.78,,,
ZFP82,,,,0.61,0.2,,,0.1,0.9,,0.97,,,,0.7,,,0.8,0.75,0.62,,,
ZFP90,,,0.03,,0.29,0.346,0.6,,0.67,,0.54,,,,0.9,,,,0.636,,,,0.5
ZFP91,,,,1.0,0.04,,,,0.7,,0.9,,,,0.8,,,,0.8,,,0.6,
ZFP92,,,,0.64,0.13,,,,0.6,,0.75,,,,,0.75,,,0.5,,,,
ZFPL1,,,,,,,,,,,,0.9,,,,,,,,,,,
ZFPM1,,,0.25,,,,0.9,0.2,0.7,,,,0.85,,,0.7,,,,,,,
ZFPM2,,1.0,,1.0,0.95,,0.9,,0.6,,0.7,,,,0.7,,,,,0.89,,,
ZFR,,1.0,,1.0,0.95,,,,0.6,,0.7,,,,0.7,,,,0.8,,,,
ZFR2,,,0.0,,0.98,,,,0.7,,0.6,,,,0.7,,,0.9,0.8,0.94,,,
ZFX,,1.0,,1.0,0.0,,,,0.6,,0.9,,,,0.8,,,0.9,0.8,0.7,,,
ZFY,,,,0.73,0.12,,,0.3,0.7,,0.88,,,,0.5,,,0.9,0.8,0.7,,,
ZFYVE1,,,0.21,,0.24,,,0.4,0.8,,0.88,,,,0.7,,,,0.77,,,0.48,
ZFYVE16,,,0.0,,0.53,,,,0.7,,0.9,,,,0.8,0.7,,0.85,0.8,,,0.55,
ZFYVE19,,,0.0,,0.83,,,,0.7,,0.8,,,,0.7,,,,0.5,,,0.49,
ZFYVE21,,,0.32,,0.24,0.67,,,0.5,,0.62,,,,0.9,0.68,,,0.75,,,,
ZFYVE26,0.8,,0.0,,0.48,,,,0.6,,0.9,,,,0.9,,,0.7,0.5,0.63,,,
ZFYVE27,0.5,,0.0,,0.81,,,0.7,0.6,,0.7,,,,0.6,,,,0.5,,,0.54,
ZFYVE28,,,0.2,,0.3,,,,0.7,,0.8,,,,0.75,,,0.9,0.5,,,,
ZFYVE9,,,,0.98,0.18,,,,0.73,,0.54,,,,0.8,0.78,,,0.75,,,0.59,
ZG16,,,,,,,,,,,,0.8,,0.7,,,,,,,,,
ZG16B,,,0.0,,0.5,,,0.5,0.7,,0.9,,,,,,,,0.6,,,,
ZGLP1,,,0.41,,0.21,,,,0.5,,0.96,,,,,,,,0.271,,,,
ZGPAT,,,0.0,,,,,0.6,0.9,,,,0.85,,0.7,,,,,,,0.6,
ZGRF1,,,0.0,,0.0,,,,0.7,,0.9,,,,0.8,0.85,,,0.8,,,,
ZHX1,,,,0.82,0.18,,,,0.7,,0.67,,,,0.85,,,,0.75,,,0.52,
ZHX1-C8ORF76,,,0.0,,0.0,,,,,,0.7,,,,0.8,0.4,,,0.5,,,0.2,
ZHX2,,,0.04,,0.28,,0.4,,0.7,,0.9,,,,0.9,,,,0.8,,,0.56,
ZHX3,,,0.06,,0.27,,0.8,,0.7,,0.9,,,,0.85,0.7,,,0.5,,,,
ZIC1,,,,0.94,0.07,,0.4,0.7,0.8,,0.9,,,,,,,,,1.0,,,
ZIC2,0.8,,0.0,,,,,,,,,,0.9,,0.6,,,,,,1.0,,
ZIC3,1.0,1.0,,0.93,0.0,,,,0.8,,,,0.87,,0.9,,,,0.7,,1.0,,
ZIC4,0.9,0.8,0.0,,,,,,,,,,0.9,,0.6,,,,0.5,,1.0,,
ZIC5,,1.0,,0.7,0.12,,,,0.7,,0.9,,,,,,,0.8,0.8,,1.0,,
ZIK1,,,0.0,,0.5,,,0.2,0.7,,0.8,,,,,,,0.9,0.6,0.7,,,
ZIM2,,,0.9,,0.39,,,0.5,0.6,,0.7,,,,,,,0.8,0.8,,,,0.7
ZIM3,,,0.0,,0.81,,,,0.7,,0.9,,,,,,,0.8,0.5,1.0,,,
ZKSCAN1,,,,0.97,0.13,,0.5,,0.8,,0.9,,,,0.9,,,0.9,0.75,,,0.6,
ZKSCAN2,,,0.0,,0.35,,,,0.6,,0.8,,,,0.7,,,,0.5,,,,
ZKSCAN3,,,0.0,,,,0.8,,,,,,0.9,,0.8,0.7,,,,,0.7,,
ZKSCAN4,,,0.0,,0.49,,,0.6,0.8,,0.9,,,,0.9,0.7,,,0.7,,,,
ZKSCAN5,,,0.11,,0.25,,0.6,,0.9,,0.65,,,,0.7,0.65,,0.8,0.84,,,0.54,
ZKSCAN7,,,0.0,,0.45,,,,0.8,,0.9,,,,0.6,0.65,,,0.5,0.77,,,
ZKSCAN8,,,0.0,,,,0.8,0.75,,,,,0.9,,0.9,0.75,,,,,,,
ZMAT1,,,0.0,,0.55,,,,0.6,,0.9,,,,0.7,,,0.8,0.75,0.89,,,
ZMAT2,,,,,,,,,,,,,,,,,,,,,,,
ZMAT3,,,0.0,,0.55,,0.6,0.5,0.73,,0.9,,,,0.8,,,,0.58,0.7,,,
ZMAT4,,,0.07,,0.33,,0.7,0.6,0.6,,0.8,,,,0.7,,,,0.5,0.94,,,
ZMAT5,,,0.0,,0.71,,,0.75,0.8,,0.9,,,,0.7,,,,0.85,,,0.6,
ZMIZ1,,1.0,,1.0,0.14,,0.9,,0.6,,0.7,,,,0.75,,,0.8,,0.6,,,
ZMIZ2,,,,1.0,0.93,,0.6,,0.7,,0.9,,,,0.8,,,,0.8,,,0.5,
ZMPSTE24,0.8,0.9,0.0,,,,,,,,,,0.9,,0.75,,,,,,,,
ZMYM1,,,0.0,,0.4,,,,0.6,,0.87,,,,0.9,0.66,,,0.75,,,,
ZMYM2,,,,1.0,0.17,,0.5,,0.8,,0.9,,,,0.9,,,,0.7,,,0.6,
ZMYM3,,,,1.0,0.9,,,,0.8,,,,0.9,,0.8,,,,0.7,,,,0.6
ZMYM4,,,,1.0,0.8,0.9,,,0.75,,0.85,,,,0.9,,,,0.7,,,0.6,
ZMYM5,,,0.0,,0.62,,,0.4,0.8,,0.9,,,,0.6,,,,0.5,,,,
ZMYM6,,,0.0,,0.51,,,0.7,0.8,,,,0.9,,0.9,,,,0.6,,,0.6,
ZMYND10,0.8,,0.0,,0.56,,,,0.7,,0.9,,,,0.8,,,,0.5,,1.0,,
ZMYND11,0.8,,,1.0,0.03,,,,0.5,,0.6,,,,0.6,,,0.8,0.7,,,0.7,
ZMYND12,,,0.0,,0.51,,,,0.6,,0.8,,,,0.5,,,,0.5,1.0,,,
ZMYND15,0.8,,0.0,,,,,,,,,,0.7,,,,0.9,,,,1.0,,0.5
ZMYND19,,,,,,,,,,,,0.8,,,,,,,,,,,
ZMYND8,,,,1.0,0.98,0.9,0.8,0.5,0.6,,0.7,,,,0.6,0.75,,0.8,,,,0.7,
ZNF10,,,0.9,,0.6,,,,0.7,,0.8,,,,0.8,,,,0.5,,,,
ZNF100,,,0.0,,0.84,,,,0.7,,0.9,,,,0.75,,,0.85,0.8,0.68,,,
ZNF101,,,,0.74,0.0,,0.4,,0.8,,0.89,,,,0.7,,,0.9,0.436,0.77,,,
ZNF106,,,0.0,,0.29,,,,0.7,,0.9,,,,0.5,0.6,,,0.8,0.99,,,
ZNF107,,,0.8,,0.6,0.7,,,0.7,,0.6,,,,0.6,0.7,,0.9,0.5,0.8,,,
ZNF112,,,0.9,,0.3,,,,0.6,,0.8,,,,0.7,,,0.8,0.7,0.7,,,
ZNF114,,,0.9,,0.5,,,0.6,0.7,,,,0.8,,,,,,0.6,,,,
ZNF117,,,0.39,,0.0,0.86,,,0.67,,0.79,,,,0.7,0.75,,0.8,0.96,0.77,,,
ZNF12,,,0.04,,0.28,0.39,0.4,,0.9,,0.8,,,,0.6,,,0.8,0.7,0.63,,,
ZNF121,,,0.4,,0.0,,,,0.8,,0.64,,,,0.7,0.72,,0.9,0.78,0.63,,,
ZNF124,,,0.9,,0.76,,,,0.5,,0.7,,,,0.75,,,0.8,0.6,0.7,,,
ZNF131,,,,1.0,0.9,0.8,0.7,0.4,0.5,,0.6,,,,0.6,,,0.8,,,,0.6,
ZNF132,,,0.0,,0.9,,,,0.6,,0.9,,,,0.7,,,0.8,0.7,0.7,,,
ZNF133,,,0.8,,,,0.7,0.7,0.6,,,,0.9,,0.7,0.7,,,,,0.5,,
ZNF134,,,0.0,,0.8,,,,0.6,,0.9,,,,0.7,0.75,,0.8,0.7,,,0.6,
ZNF135,,,0.0,,0.76,,,,0.9,,0.68,,,,0.7,,,,0.8,0.76,,,
ZNF136,,,0.0,,0.59,,,0.6,0.7,,0.9,,,,0.7,,,,0.5,,,,0.5
ZNF137P,,,1.0,,1.0,,,,0.8,,,,,,,,,0.7,0.5,,,0.9,
ZNF138,,,0.8,,0.7,,,,0.7,,0.75,,,,0.7,,,,0.6,,,0.6,
ZNF14,,,,,,,,,,,,,,,,,,,,,,,
ZNF140,,,0.0,,,,0.5,,,,,,0.9,,0.8,,,,,,,,
ZNF141,0.7,,0.3,,,,,,,,,,0.8,,0.5,,0.5,,,,0.4,,
ZNF142,0.5,,0.0,,0.63,,,,0.7,,,,0.9,,0.7,,,,0.7,,,,
ZNF143,,,0.8,,,,,,0.6,,,,,,,,,,,,,,
ZNF146,,,,0.9,0.0,,,,0.5,,0.6,,,,0.8,,,,0.7,,,,
ZNF148,0.8,1.0,,1.0,1.0,,,0.6,0.7,,,,0.9,,0.6,,,,,,,0.7,
ZNF154,,,0.0,,0.74,,,,0.6,,0.76,,,,0.7,,,0.8,0.5,0.79,,,0.7
ZNF155,,,0.0,,0.6,,,,0.7,,0.9,,,,0.7,,,,0.7,,,,
ZNF157,,,0.0,,0.75,,,,0.8,,0.88,,,,0.7,0.75,,,0.5,,,,
ZNF16,,,0.0,,0.88,,,,0.6,,0.93,,,,0.8,,,0.9,0.75,0.63,,,
ZNF160,,,0.2,,,,0.5,,,,,,0.8,,0.9,,,,,,,,
ZNF165,,,0.0,,0.75,,0.4,,0.6,,0.7,,,,0.7,,,,0.5,1.0,,,
ZNF169,,,0.0,,,,0.8,0.6,,,,,0.9,,,,,,,,,,
ZNF17,,,0.22,,0.34,,,,0.7,,0.66,,,,0.75,0.65,,,0.66,,,,
ZNF174,,,0.8,,0.6,,,,0.7,,0.9,,,,0.8,,,0.9,0.5,,,0.6,0.6
ZNF175,,,0.0,,0.59,,,,0.8,,0.88,,,,0.8,,,0.9,0.7,0.64,,,
ZNF177,,,0.0,,0.68,,,,0.6,,0.8,,,,0.5,,,,0.5,0.78,,,
ZNF18,,,0.0,,0.45,,,0.6,0.7,,0.9,,,,0.7,0.7,,0.8,0.75,,,0.53,
ZNF180,,,0.0,,0.5,,,,0.8,,0.76,,,,0.85,,,,0.8,0.64,,,
ZNF181,,,0.0,,0.95,,,,0.6,,0.75,,,,0.7,0.68,,,0.85,,,,
ZNF182,,,,0.98,0.94,,,,0.6,,0.9,,,,0.7,,,0.85,0.8,0.66,,,
ZNF184,,,0.0,,0.32,,0.11,,0.9,,0.36,,,,0.8,,,0.8,0.75,,,0.57,
ZNF185,,,0.0,,0.82,,,,0.8,,0.9,,,,0.8,0.75,,,0.5,,,,
ZNF189,,,0.0,,0.39,,,,0.75,,0.86,,,,0.7,0.65,,,0.75,,,0.53,
ZNF19,,,0.0,,0.73,,0.1,0.4,0.8,,0.9,,,,0.7,,,0.7,0.5,0.81,,,
ZNF195,,,0.0,,0.61,,,,0.8,,0.9,,,,0.9,,,,0.5,,,0.56,
ZNF197,,,0.0,,0.68,,,,0.8,,0.9,,,,0.9,,,,0.8,,,0.6,
ZNF2,,,,,,,,,,,,1.0,,0.5,,,,,,,,,
ZNF20,,,0.36,,0.22,0.6,,,0.7,,0.85,,,,0.8,,,,0.75,,,,
ZNF200,,,0.0,,0.71,,,0.2,0.7,,0.9,,,,0.85,,,,0.5,0.91,,,
ZNF202,,,,0.59,0.21,,,0.5,0.8,,0.87,,,,0.9,0.7,,,0.65,,,,
ZNF205,,,0.03,,0.31,,,,0.7,,0.88,,,,0.8,,,,0.55,,,,
ZNF207,,,0.12,,0.26,,,,0.9,,0.8,,,,0.7,0.75,,,0.48,0.65,,,
ZNF208,,,0.0,,0.5,,,,0.6,,0.8,,,,0.7,,,0.9,0.7,0.8,,,
ZNF211,,,0.0,,,,0.5,0.6,,,,,0.8,,0.9,,0.7,,0.5,,,,
ZNF212,,,0.0,,0.61,,,0.7,0.8,,0.9,,,,0.7,0.75,,,0.7,0.65,,,
ZNF213,,,0.0,,0.65,0.8,,0.6,0.7,,0.9,,,,,0.65,,0.8,0.5,0.61,,,
ZNF214,0.9,,0.0,,0.5,,,0.7,0.6,,0.8,,,,0.7,,,0.9,0.7,0.8,,,
ZNF215,,,0.0,,0.94,,,,0.8,,,,,,0.6,,,,0.5,,,,
ZNF217,,,,1.0,0.9,,0.6,0.4,0.7,,0.5,,,,0.7,,,0.8,0.7,0.75,,,
ZNF219,,,,1.0,0.0,,,0.6,0.7,,0.9,,,,,,,,0.8,0.7,,,
ZNF22,,,0.0,,0.74,,,0.7,0.8,,0.9,,,,0.8,,,,0.5,,,0.6,
ZNF221,,,0.0,,0.81,,,0.6,0.7,,,,,,0.75,,,0.8,0.7,,,0.5,
ZNF222,,,0.0,,0.9,,,,0.7,,0.9,,,,0.75,,,0.85,0.8,0.64,,,
ZNF223,,,0.0,,0.5,,,0.7,0.6,,0.9,,,,0.7,,,0.8,0.7,,,0.6,
ZNF224,,,0.0,,0.78,,,0.7,0.8,,1.0,,,,0.8,,,,0.85,,,,
ZNF225,,,0.11,,0.39,,,,0.8,,0.95,,,,0.7,,,0.75,0.85,0.64,,,
ZNF226,,,0.0,,0.84,,,,0.8,,0.9,,,,0.9,,,,0.6,,,,
ZNF227,,,0.0,,0.64,0.85,,0.6,0.8,,0.9,,,,0.7,0.7,,0.7,0.75,,,0.56,
ZNF229,,,0.0,,0.5,,,,0.6,,0.8,,,,0.7,,,,0.7,,,0.2,
ZNF23,,,0.0,,0.69,,,0.6,0.8,,0.9,,,,0.9,,,0.75,0.7,,,0.6,
ZNF230,,,0.1,,0.45,,,,0.8,,0.9,,,,0.7,,,,0.8,0.65,,,
ZNF232,,,0.0,,0.55,,,0.7,0.6,,0.8,,,,0.9,,,0.9,0.5,0.6,,,
ZNF233,,,0.0,,0.86,,,,0.6,,0.8,,,,0.5,,,0.9,0.7,0.93,,,
ZNF234,,,0.0,,0.87,,,,0.8,,0.9,,,,0.75,,,0.85,0.7,0.64,,,
ZNF235,,,0.0,,0.7,,,,0.85,,0.9,,,,0.9,,,,0.8,,,0.56,
ZNF236,,,,1.0,0.9,,,,0.5,,0.6,,,,0.8,,,0.8,0.7,0.7,,,
ZNF239,,,0.0,,0.76,,,,0.7,,0.9,,,,0.6,,,,0.5,0.68,,,
ZNF24,,,,0.98,0.09,,,0.6,0.7,,0.9,,,,0.7,,,,0.5,,,0.49,
ZNF248,,,0.37,,0.23,,0.1,,0.9,,0.99,,,,0.7,,,0.85,0.79,0.8,,,
ZNF25,,,0.0,,0.55,,,,0.6,,1.0,,,,0.7,,,,0.7,0.65,,,
ZNF250,,,0.28,,0.24,0.67,,0.5,0.8,,0.6,,,,0.85,,,0.75,0.56,0.69,,,
ZNF251,,,0.0,,0.93,,,,0.6,,0.9,,,,0.7,,,0.8,0.7,0.75,,,
ZNF252P-AS1,,,0.0,,0.0,,,,0.5,,,,,,,0.1,,,0.5,,,0.2,
ZNF253,,,0.0,,0.77,,,,0.8,,0.93,,,,0.7,,,0.9,0.5,,,0.56,
ZNF254,,,0.0,,0.9,,,0.5,0.6,,0.8,,,,0.8,,,0.9,0.7,,,0.56,
ZNF256,,,0.9,,0.5,,,,0.7,,0.8,,,,0.9,,,0.9,0.6,0.65,,,
ZNF257,,,0.8,,,,0.5,,0.7,,,,0.9,,0.6,0.7,,,,,0.9,,
ZNF26,,,0.0,,0.0,,,,0.7,,0.8,,,,0.7,,,0.6,0.5,,0.68,,
ZNF260,,,0.0,,0.67,,,,0.8,,,,,,0.7,,,,0.5,,,0.6,
ZNF263,,,0.0,,0.66,0.75,,0.7,0.8,,0.9,,,,0.9,,,,0.5,,,0.6,
ZNF264,,,0.0,,0.61,,,0.7,0.8,,0.9,,,,0.6,,,0.8,0.5,0.68,,,
ZNF266,,,0.02,,0.56,,,0.1,0.9,,0.85,,,,0.6,0.65,,0.8,0.55,0.7,,,
ZNF267,,,0.8,,0.6,,,,0.7,,0.6,,,,0.7,,,0.8,0.7,0.9,,,
ZNF268,,,0.0,,0.63,,,,0.7,,1.0,,,,0.8,,,,0.8,,,0.57,
ZNF273,,,0.8,,0.5,,,,0.6,,0.7,,,,0.7,,,0.8,0.6,,0.9,,
ZNF274,,1.0,0.1,,0.27,,0.1,0.7,0.9,,0.8,,,,0.8,,,,0.5,0.64,,,
ZNF275,,,0.8,,0.6,,,,0.7,,0.9,,,,,,0.4,,0.5,0.95,,,
ZNF276,,,0.0,,0.5,,,0.5,0.6,,0.9,,,,0.9,,,0.8,0.7,,0.6,,
ZNF277,,,0.0,,,,0.5,0.6,0.7,,,,0.8,,0.8,,,,0.5,,,0.6,
ZNF28,,,0.9,,0.8,,,,0.75,,0.85,,,,0.8,,,0.8,0.7,0.6,,,
ZNF280A,,,0.0,,0.5,,,0.5,0.6,,0.8,,,,,,,0.8,0.7,1.0,,,
ZNF280B,,,0.04,,0.33,,,,0.8,,0.86,,,,0.7,,,0.9,0.75,,,0.0,
ZNF280C,,,,1.0,0.8,,,0.5,0.7,,0.6,,,,0.7,,,0.8,0.7,0.6,,,
ZNF280D,,,,0.54,0.22,,0.8,,0.7,,0.92,,,,0.75,,,0.85,0.79,0.65,,,
ZNF281,,,,1.0,0.8,,,,0.8,,,,0.9,,0.8,,,,0.7,0.72,,,
ZNF282,,,0.14,,0.25,0.33,,,0.9,,0.96,,,,0.8,0.7,,,0.67,,,,
ZNF283,,,0.0,,0.69,,,,0.6,,0.6,,,,0.7,,,0.8,0.7,0.62,,,
ZNF284,,,0.0,,0.5,,,,0.7,,0.8,,,,0.6,,,0.9,0.6,,,,
ZNF285,,,0.0,,0.68,,,,0.7,,0.9,,,,0.8,,,0.85,0.8,0.75,,,
ZNF286A,,,0.0,,0.59,,,0.6,0.7,,0.9,,,,0.9,0.75,,0.85,0.8,0.61,,,
ZNF286B,,,0.0,,0.64,,,,0.6,,0.8,,,,,,,0.7,0.5,0.76,,,
ZNF287,,,,0.56,0.21,,,0.7,0.8,,0.82,,,,0.75,0.65,,0.85,0.75,,,0.54,
ZNF292,,,,1.0,0.93,,0.5,,0.7,,0.6,,,,0.7,,,0.8,0.7,0.6,,,
ZNF295-AS1,,,0.0,,0.0,,,,0.8,,,,,,,,,,0.5,,,0.9,
ZNF296,,,,0.95,0.07,,,,0.8,,0.9,,,,0.75,0.8,,0.85,0.75,,,,
ZNF3,,,0.0,,0.62,,,0.6,0.8,,0.9,,,,0.6,,,0.75,0.7,,,0.7,
ZNF30,,,0.0,,0.9,,,,0.6,,0.7,,,,0.75,,,0.9,0.8,0.72,,,
ZNF300,,,0.0,,0.52,,,,0.73,,0.85,,,,0.7,0.68,,0.9,0.6,0.76,,,
ZNF302,,,0.0,,0.57,,,0.4,0.7,,0.8,,,,0.5,,,0.6,0.5,,,0.54,
ZNF304,,,0.1,,,,,,,,,,0.8,,,,0.9,,,,,,
ZNF311,,,0.0,,,,0.5,0.6,0.7,,,,0.9,,0.8,0.7,,,0.5,,0.8,,
ZNF316,,,1.0,,1.0,,,,0.6,,0.8,,,,0.7,,,0.9,0.7,0.6,,,
ZNF317,,,0.0,,0.47,,,0.6,0.7,,0.85,,,,0.8,,,,0.8,,,,
ZNF318,,,,0.87,0.21,,0.4,,0.5,,0.6,,,,0.9,0.75,,,0.75,0.86,,,
ZNF319,,,,1.0,0.0,,,,,,,,0.8,,0.7,,,,0.7,,,,
ZNF32,,,0.04,,0.39,,,0.1,0.9,,,,0.99,,0.75,,,0.8,0.68,,,0.49,
ZNF320,,,0.21,,0.35,,,,0.8,,0.6,,,,0.9,,,0.75,0.51,0.65,,,
ZNF322,,,,0.74,0.11,,,,0.5,,0.9,,,,0.6,0.7,,0.7,0.8,0.62,,,
ZNF324,,,0.8,,0.4,0.7,,,0.8,,,,0.9,,0.7,,,0.9,0.6,,,,
ZNF324B,,,0.0,,,,0.8,0.85,,,,,0.9,,0.75,0.7,,,,,,0.6,
ZNF326,,,,0.9,0.17,,,,0.8,,0.12,,,,0.9,,,,0.58,,,0.53,
ZNF329,,,0.0,,0.5,,,,0.7,,0.8,,,,0.7,,,,0.6,,,0.5,
ZNF330,,,0.06,,0.29,0.74,,,0.88,,0.93,,,,0.9,0.72,,,0.64,,,0.59,
ZNF331,,,,0.98,0.06,,,0.5,0.11,,0.78,,,,0.9,,,,0.46,0.73,,,0.75
ZNF333,,,0.0,,0.87,,,0.4,0.6,,0.9,,,,,,,0.8,0.5,0.73,,,
ZNF334,0.7,,0.0,,0.72,,,,0.6,,0.9,,,,0.8,,,0.8,0.5,0.88,,,0.6
ZNF335,,1.0,0.0,,0.36,,0.8,,0.75,,0.9,,,,0.8,,,,,0.63,,,
ZNF337,,,0.0,,0.76,,,,0.8,,0.9,,,,0.8,,,0.7,0.75,0.82,,,
ZNF33A,,,0.0,,0.61,,,,,,,,0.9,,0.8,0.7,,,0.5,,,,
ZNF33B,,,0.0,,0.49,,,,0.8,,0.9,,,,0.5,,,,0.5,,,,
ZNF34,,,0.0,,0.41,0.7,,0.6,0.8,,0.9,,,,0.8,,,,0.8,0.7,,,
ZNF341,,,0.0,,0.43,0.8,0.5,,0.7,,0.9,,,,,,,,0.6,,,,
ZNF343,,,0.9,,0.7,,,,0.75,,0.7,,,,0.8,,,,0.6,0.68,,,
ZNF345,,,0.0,,0.92,,,,,,,,0.9,,,,,,0.5,,,,
ZNF346,,,0.1,,0.3,,,,0.7,,0.85,,,,0.8,,,,0.75,,,0.57,0.65
ZNF347,,,0.0,,0.5,,,,0.7,,0.8,,,,0.7,,,0.9,0.7,0.8,,,
ZNF35,,,0.8,,0.6,,,0.4,0.6,,0.9,,,,0.9,,,0.7,0.5,0.6,,,
ZNF350,,,0.0,,0.47,,,0.4,0.6,,0.8,,,,,,,0.9,0.75,,,0.54,
ZNF354A,,,0.0,,0.5,,,,0.8,,0.9,,,,0.6,,,,0.7,,,,
ZNF354B,,,0.0,,0.46,,,,0.8,,0.8,,,,0.7,0.75,,,0.8,0.68,,,
ZNF354C,,,0.0,,0.77,0.93,,0.8,0.67,,,,0.86,,0.9,,,,0.5,,,,
ZNF355P,,,0.0,,0.0,,,,,,,,,,,,,0.8,0.5,,,0.2,
ZNF358,,,,0.78,0.11,,,,0.5,,,,0.96,,0.7,,,,0.57,,,,
ZNF362,,,,0.94,0.11,,,,0.7,,0.77,,,,0.75,,,0.8,0.84,0.64,,,
ZNF365,,,0.0,,0.57,,0.9,,0.6,,0.7,,,,,,0.7,,0.5,0.88,,,
ZNF366,,,0.07,,0.27,,0.4,0.4,0.5,,0.6,,,,0.6,,,,0.74,0.92,,,
ZNF367,,,,0.91,0.08,,0.5,,0.6,,0.8,,,,0.7,,,0.9,0.7,0.91,,,
ZNF37A,,,0.0,,0.79,,,,0.8,,0.9,,,,0.8,,,,0.7,0.65,,,
ZNF382,,,0.7,,0.6,,,,0.7,,0.9,,,,,,,0.8,0.5,,,,
ZNF383,,,0.0,,0.87,,,,0.7,,0.9,,,,0.8,0.75,,,0.6,,,,
ZNF384,0.7,,,1.0,0.07,,,0.5,0.6,,0.7,,,,0.8,,,0.9,0.8,0.65,,,
ZNF385A,,1.0,0.27,,0.24,,,,0.85,,0.9,,,,0.8,,,,0.75,0.77,,,
ZNF385B,,,0.0,,0.42,,,,0.7,,0.8,,,,,,,0.9,0.5,0.92,,,
ZNF385C,,,0.0,,0.0,,,,0.8,,,,,,,,,0.7,0.5,,,0.2,
ZNF385D,,,,0.65,0.18,,0.1,,0.75,,0.85,,,,0.8,,,0.9,0.79,0.88,,,
ZNF391,,,0.0,,0.92,,,,0.7,,0.9,,,,0.75,,,0.85,0.6,0.64,,,
ZNF394,,,0.0,,0.59,,,0.4,0.7,,0.9,,,,0.5,0.6,,0.6,0.8,0.65,,,
ZNF395,,,0.67,,0.77,,,,0.7,,0.9,,,,0.6,,,0.8,0.5,0.7,,,
ZNF396,,,0.0,,0.66,,,0.6,0.7,,0.8,,,,0.9,,,,0.5,,0.76,,
ZNF397,,,0.0,,0.5,,,0.6,0.7,,0.9,,,,0.8,,,,0.8,,,0.57,
ZNF398,,,0.18,,0.25,,0.83,0.5,0.67,,0.92,,,,0.8,,,0.75,0.64,0.64,,,
ZNF404,,,0.0,,0.72,,,,0.7,,,,0.9,,,,,,0.5,,,,
ZNF407,,,,1.0,0.9,,,,0.5,,0.7,,,,0.6,,,0.8,0.6,,,0.7,
ZNF408,,,0.0,,,,0.5,0.6,,,,,0.9,,,,,,,,,,
ZNF41,,,0.04,,0.31,,,,0.7,,0.95,,,,0.6,,,,0.75,,,,
ZNF410,,,0.39,,0.22,,,,0.5,,0.67,,,,,0.7,,,0.48,0.64,,,
ZNF414,,,0.19,,0.28,,,0.7,0.6,,0.9,,,,0.7,,,,0.5,,,0.53,
ZNF415,,,0.23,,0.33,,,,0.8,,0.85,,,,0.9,,,,0.75,0.66,,,
ZNF416,,,0.36,,0.22,,,0.58,0.63,,0.78,,,,0.8,,,,0.75,0.65,,,
ZNF417,,,0.9,,0.98,,,,0.8,,,,0.95,,0.8,,,,0.7,,,,
ZNF418,,,0.0,,0.98,,,,0.8,,0.9,,,,0.8,,,,0.5,,,,
ZNF419,,,0.0,,0.77,,,0.2,0.7,,0.9,,,,0.6,0.7,,,0.8,,,,
ZNF420,,,0.0,,0.7,,,0.5,0.7,,0.9,,,,0.8,,,0.8,0.6,,,0.6,
ZNF423,0.8,1.0,,1.0,0.93,,,,0.7,,,,0.9,,0.75,,,,,,0.63,,
ZNF425,,,0.0,,0.97,0.8,,,0.6,,0.7,,,,,,,0.9,0.6,,,0.6,
ZNF426,,,0.0,,0.79,,,0.4,0.8,,0.9,,,,0.6,,,0.7,0.5,0.68,,,
ZNF428,,,0.48,,0.17,,,0.68,0.73,,0.71,,,,,,,,0.75,,,0.6,
ZNF429,,,0.0,,0.6,,,,0.7,,0.8,,,,0.8,,,0.8,0.7,,,0.6,
ZNF43,,,0.0,,0.95,,,,0.9,,0.77,,,,0.9,0.75,,0.85,0.8,0.64,,,
ZNF430,,,0.8,,0.6,,,,0.6,,0.7,,,,0.7,,,0.9,0.5,0.64,,,
ZNF431,0.6,,0.8,,0.6,,,0.4,0.7,,0.9,,,,0.7,,,0.8,0.5,,,,
ZNF432,,,0.0,,0.81,,,,0.8,,,,0.9,,,,,,0.6,,,0.54,
ZNF433,,,0.9,,,,,0.5,,,,,0.8,,0.75,,,,0.7,,,,
ZNF436,,,0.0,,,,0.5,0.6,0.8,,,,0.9,,0.7,,,,,,,,
ZNF436-AS1,,,0.0,,0.0,,,,0.7,,,,,,,,,,0.5,,,,
ZNF438,,,0.0,,,,0.5,,,,,,0.6,,0.9,,,,,,,,
ZNF439,,,0.9,,0.71,,,,0.7,,0.75,,,,0.8,,,,0.8,0.75,,,
ZNF44,,,0.0,,0.6,,,0.1,0.7,,,,0.9,,0.5,,,,0.8,0.65,,,
ZNF440,,,0.9,,0.71,,,,0.75,,0.85,,,,0.8,,,,0.8,0.71,,,
ZNF441,,,0.37,,0.21,,,,0.9,,0.88,,,,0.7,,,,0.69,0.65,,,
ZNF442,,,0.8,,0.5,,,,0.7,,0.9,,,,0.8,,,0.85,0.6,0.73,,,
ZNF443,,,0.0,,0.98,,,,0.6,,0.8,,,,0.6,,,0.9,0.7,,,0.5,
ZNF444,,,,0.86,0.0,,,0.6,0.7,,0.9,,,,0.9,0.75,,,0.5,,,0.7,
ZNF445,,,,1.0,0.8,,,,0.6,,0.8,,,,0.7,,,,0.7,,,,
ZNF446,,,0.0,,0.72,0.68,,,0.5,,0.8,,,,0.8,0.7,,0.7,0.9,,,0.6,
ZNF449,,,,0.73,0.17,,,,0.5,,0.92,,,,0.7,,,0.8,0.52,0.66,,,
ZNF45,,,0.0,,0.53,,,0.2,0.6,,0.8,,,,0.7,,,0.7,0.5,,,0.6,
ZNF451,,,0.0,,0.57,,,,0.8,,0.9,,,,0.8,0.75,,,0.7,,,,
ZNF454,,,0.0,,0.57,,,,0.8,,0.87,,,,0.6,,,,0.5,,,,
ZNF460,,,,,,,,,,,,,,,,,,,,,,,
ZNF461,,,0.0,,0.66,,,,0.8,,0.86,,,,0.7,,,0.9,0.75,0.6,,,
ZNF462,,,,1.0,0.02,,0.8,0.5,0.6,,0.7,,,,0.8,,,,,,,,
ZNF467,,,0.0,,0.82,,,,0.75,,0.9,,,,0.6,,,,0.5,0.72,,,
ZNF468,,,0.0,,0.6,,,,0.5,,0.7,,,,0.8,0.7,,,0.8,,,,
ZNF469,0.8,,0.0,,0.0,,,,0.7,,,,0.6,,0.5,,,,0.5,0.85,,,
ZNF470,,,0.0,,0.5,,,,0.8,,0.9,,,,0.5,,,,0.7,0.6,,,
ZNF471,,,0.0,,0.55,,,,0.7,,0.9,,,,0.8,,,0.85,0.8,0.77,,,
ZNF473,,,0.24,,0.24,,,,0.8,,0.9,,,,0.6,0.75,,,0.85,,,,
ZNF474,,,,,,,,,,,,0.9,,,,,,,,,,,
ZNF479,,,0.0,,0.99,,,,0.6,,0.9,,,,0.8,,,,0.8,1.0,,,
ZNF48,,,0.9,,0.7,,,,0.6,,0.7,,,,0.7,,,0.8,0.6,,,0.7,
ZNF480,,,0.04,,0.48,,,,0.9,,,,0.77,,0.8,,,,0.75,,,,
ZNF483,,,,0.96,0.14,,0.71,0.67,0.57,,0.99,,,,0.75,,,0.8,0.74,0.84,,,
ZNF484,,,0.0,,0.6,,,,0.8,,0.9,,,,0.8,,,,0.8,,,,
ZNF485,,,0.0,,0.62,,,,0.8,,0.9,,,,0.7,,,,0.5,0.65,,,
ZNF486,,,0.0,,0.7,,,,0.8,,0.9,,,,0.75,,,0.85,0.6,,0.91,,
ZNF487,,,0.03,,0.82,,,,0.6,,0.1,,,,,0.65,,0.8,0.7,0.95,,,
ZNF488,,,0.0,,0.8,,,0.5,0.6,,0.9,,,,,,,,0.68,,,0.0,
ZNF490,,,0.0,,0.74,,,0.6,0.7,,0.9,,,,0.7,,,0.7,0.8,,,0.6,
ZNF491,,,0.0,,0.0,,,0.7,0.6,,0.8,,,,0.8,,,0.8,0.7,0.73,,,
ZNF492,,,0.19,,0.38,,,,0.7,,0.85,,,,0.7,,,0.6,0.75,0.93,,,
ZNF493,,,0.0,,0.7,,,,0.9,,0.8,,,,0.8,,,0.7,0.5,0.85,,,
ZNF496,,,,1.0,0.8,,,,0.8,,0.9,,,,0.8,,,0.85,0.7,0.73,,,
ZNF497,,,0.0,,0.0,,,,0.6,,0.7,,,,,0.7,,0.8,0.5,0.8,,,
ZNF500,,,0.8,,0.6,0.7,,,0.7,,0.9,,,,,,,0.6,0.5,0.7,,,
ZNF501,,,0.4,,0.25,,,0.5,0.6,,,,0.9,,0.8,,0.7,,0.5,,,0.6,
ZNF502,,,0.0,,0.7,,,,0.7,,0.9,,,,0.7,,,0.8,0.5,0.7,,,
ZNF503,,,,,,,,,,,,,,,,,,,,,,,
ZNF503-AS2,,,0.0,,0.0,,,,0.6,,,,,,,0.2,,,0.5,,,0.2,
ZNF506,,,0.0,,0.5,,,,,,,,0.9,,0.7,,,,0.6,,,,
ZNF507,,,0.06,,0.26,,0.5,,0.6,,0.75,,,,0.8,,,0.9,0.85,0.6,,,
ZNF510,,,0.0,,0.62,,,,0.6,,0.7,,,,0.9,0.75,,0.9,0.8,,,0.56,
ZNF511,,,0.0,,0.7,,,0.7,0.8,,0.9,,,,,0.65,,,0.5,,,0.6,
ZNF512,,,,0.98,0.15,,0.6,0.85,0.7,,0.8,,,,0.9,,,,0.75,0.66,,,0.8
ZNF512B,,,,,,,,,,,,,,,,,,,,,,,
ZNF513,0.9,,,0.82,0.16,,,,0.7,,,,0.8,,0.7,,,,0.5,,,,
ZNF514,,,0.0,,0.94,,,0.7,0.8,,0.9,,,,0.8,,,,0.7,0.76,,,
ZNF516,,,,1.0,0.94,,0.8,,0.6,,0.7,,,,0.8,,,0.9,0.8,0.86,,,
ZNF517,,,0.0,,0.71,,,0.75,0.7,,0.9,,,,0.7,,,0.85,0.6,,,0.6,
ZNF518A,,,0.0,,0.0,,,,0.6,,0.7,,,,0.5,0.6,,0.9,0.8,0.7,,,
ZNF518B,,,0.0,,0.67,,,,0.7,,0.8,,,,0.6,,,,0.5,,,0.55,
ZNF519,,,0.9,,0.8,,,,0.6,,,,0.8,,0.7,,,,0.7,,,,
ZNF521,,,,1.0,0.98,,,0.4,0.6,,0.9,,,,0.7,0.75,,,0.7,0.95,,,
ZNF524,,,0.08,,0.46,,,0.7,0.7,,0.61,,,,0.8,,,0.8,0.66,,,0.48,
ZNF525,,,0.23,,0.32,,,,0.6,,,,,,0.7,0.65,,,0.5,,,,
ZNF526,,,0.46,,0.21,,,,0.5,,0.51,,,,0.8,0.65,,0.8,0.67,0.66,,,
ZNF527,,,0.8,,0.6,,,,0.7,,0.9,,,,0.7,,,0.8,0.5,,,0.6,
ZNF528,,,0.0,,0.71,,,,0.7,,0.9,,,,0.9,,,,0.5,0.68,,,
ZNF529,,,0.0,,0.52,,,,0.85,,0.9,,,,0.7,,,0.75,0.7,,,0.6,
ZNF530,,,0.9,,,,,,,,,,0.85,,0.8,,,,0.5,,,,
ZNF532,,,,0.99,0.15,,,,0.85,,,,0.9,,0.8,,,,0.7,0.77,,,
ZNF534,,,0.0,,0.7,,,,0.5,,0.6,,,,0.6,,,0.7,0.8,0.9,,,
ZNF536,,,,1.0,0.09,,0.6,,0.5,,0.75,,,,0.8,,,,0.7,0.95,,,
ZNF540,,,0.4,,0.2,,,,0.8,,0.81,,,,0.7,,,0.75,0.83,0.77,,,
ZNF541,0.8,,0.0,,,,,,,,,,,,,,,,,,1.0,,
ZNF542P,,,0.0,,0.0,,,,0.7,,,,,,,,,0.8,0.5,,,0.6,
ZNF543,,,0.0,,0.5,,,,0.6,,0.8,,,,0.6,,,0.8,0.7,0.7,,,
ZNF544,,,0.0,,0.79,,,0.6,0.8,,0.9,,,,0.9,,,0.7,0.7,,,0.57,
ZNF546,,,0.0,,0.67,,,,0.6,,0.66,,,,0.7,,,0.8,0.75,0.88,,,
ZNF547,,,0.01,,0.99,,,,0.8,,0.9,,,,0.8,,,0.7,0.75,0.81,,,
ZNF548,,,0.35,,0.23,,,,0.9,,0.82,,,,0.7,,,0.75,0.53,0.68,,,
ZNF549,,,0.0,,0.79,,,0.1,0.67,,0.87,,,,0.5,,,0.9,0.64,0.69,,,
ZNF550,,,0.0,,0.6,,,0.7,0.8,,0.9,,,,0.8,,,0.85,0.7,0.68,,,
ZNF551,,,0.06,,0.56,,,,0.1,,0.68,,,,0.75,,,,0.67,0.81,,,
ZNF552,,,0.0,,0.5,,,,0.9,,0.8,,,,0.7,,,0.8,0.6,,,,
ZNF554,,,0.0,,0.81,,,0.6,0.7,,0.9,,,,0.7,,,,0.8,,,0.5,
ZNF555,,,0.0,,0.66,0.7,,0.6,0.8,,0.9,,,,0.8,0.75,,0.75,0.8,0.69,,,
ZNF556,,,0.0,,0.84,,,0.75,0.9,,0.87,,,,,,,,0.8,0.96,,,
ZNF557,,,0.8,,0.6,,,,0.8,,,,0.9,,0.8,,,,0.5,,,,
ZNF558,,,0.0,,0.66,,,0.5,0.7,,0.9,,,,0.9,,,0.8,0.5,0.66,,,
ZNF559,,,0.0,,0.5,,,,0.7,,0.9,,,,0.8,,,,0.6,,,,
ZNF560,,,0.0,,0.66,,,,0.6,,0.9,,,,,,,0.85,0.8,1.0,,,
ZNF561,,,0.0,,0.93,,,,0.6,,0.8,,,,0.8,,,0.75,0.7,,0.65,,
ZNF561-AS1,,,0.0,,0.0,,,,0.7,,,,,,,,,,0.5,,,0.2,
ZNF562,,,0.8,,0.6,,,0.6,0.7,,,,0.9,,0.7,,,0.8,0.5,,,0.7,
ZNF563,,,,0.76,0.0,0.4,,0.7,0.8,,,,0.9,,0.8,0.85,,0.85,0.95,,0.88,,
ZNF564,,,0.35,,0.22,,,,0.67,,0.54,,,,0.8,,,0.8,0.55,0.62,,,
ZNF565,,,0.0,,0.51,,,,0.7,,0.8,,,,0.9,0.7,,,0.6,,,,
ZNF566,,,0.4,,0.22,,,,0.7,,0.83,,,,0.6,,,,0.5,,,0.55,
ZNF567,,,0.0,,0.62,,,,0.9,,,,0.78,,0.9,0.65,,,0.5,,,,
ZNF568,,,0.8,,,,,,,,,,0.75,,0.6,0.7,,,,,,0.7,
ZNF569,,,0.0,,0.63,,,,0.8,,0.9,,,,0.75,,,,0.7,,0.62,,
ZNF57,,,0.0,,0.71,,,,0.7,,,,0.9,,0.8,0.75,,,0.8,,,,
ZNF570,,,0.0,,0.45,,,,0.6,,0.9,,,,0.7,,,,0.8,0.79,,,
ZNF571,,,0.0,,0.9,,,0.4,0.6,,0.9,,,,0.85,,,0.7,0.8,0.62,,,
ZNF572,,,0.9,,0.4,,,,0.75,,0.85,,,,0.9,,,,0.7,0.77,,,
ZNF573,,,0.0,,0.84,,,,0.8,,0.9,,,,0.8,,,,0.7,0.73,,,
ZNF574,,,0.11,,0.26,,,0.7,0.8,,0.9,,,,0.6,,,,0.75,0.73,,,
ZNF575,,,0.12,,0.39,,,,0.8,,0.98,,,,,0.65,,,0.49,,,0.57,
ZNF576,,,0.0,,1.0,,,0.75,0.85,,0.95,,,,,,,0.8,0.5,,,0.6,
ZNF577,,,0.0,,0.61,,,0.6,0.7,,0.9,,,,0.9,,,0.8,0.8,0.72,,,
ZNF578,,,0.0,,0.5,,,,0.6,,0.8,,,,0.7,,,0.8,0.7,,0.9,,
ZNF579,,,0.0,,0.0,,,,0.7,,0.8,,,,0.7,,,0.9,0.5,0.6,,,
ZNF580,,,,0.5,0.0,,,,0.7,,0.8,,,,0.9,0.7,,,0.4,,,0.6,
ZNF581,,,0.1,,0.41,0.3,,0.78,0.71,,0.88,,,,0.9,0.7,,,0.5,0.66,,,
ZNF582,,,0.0,,0.89,,,0.2,0.5,,0.7,,,,0.5,,,0.7,0.6,,,0.6,
ZNF583,,,0.9,,0.7,,,,0.75,,0.85,,,,0.8,,,,0.6,0.7,,,
ZNF584,,,0.8,,0.7,,,,0.8,,0.9,,,,,,,0.7,0.5,,,0.6,
ZNF585A,,,0.0,,0.42,,,,0.9,,0.8,,,,0.7,,,,0.5,,,,
ZNF585B,,,0.0,,0.53,,,,0.6,,0.9,,,,0.7,,,0.8,0.7,,,0.7,
ZNF586,,,0.03,,0.8,,,0.5,0.6,,0.7,,,,0.7,,,0.75,0.8,0.65,,,
ZNF587,,,0.8,,0.6,,,,0.8,,0.9,,,,0.7,,,0.7,0.7,,,0.6,
ZNF587B,,,0.0,,0.5,,,,0.6,,,,,,0.7,,,0.8,0.7,,0.6,,
ZNF589,,,0.0,,0.7,,,,0.8,,,,0.86,,0.7,,,,0.5,0.72,,,
ZNF592,,,,1.0,0.9,0.8,,,0.5,,0.6,,,,0.75,,,0.8,0.7,,,0.7,
ZNF593,,,,,,,,,,,,,,,,,,,,,,,
ZNF594,,,0.0,,0.98,,,,0.7,,,,0.6,,0.7,0.75,,,0.8,,,,
ZNF595,,,0.29,,0.26,,,,0.6,,,,,,0.7,,,,0.8,,,0.1,0.5
ZNF596,,,0.0,,0.5,,,,0.7,,0.9,,,,,0.7,,,0.6,0.76,,,
ZNF597,,,0.3,,0.4,,,0.5,0.6,,0.8,,,,0.6,,,0.7,0.5,,,,
ZNF598,,,,0.57,0.21,,,,0.75,,0.9,,,,,,,,0.8,,,,
ZNF599,,,0.0,,0.62,,,,0.7,,0.9,,,,0.75,0.75,,0.85,0.8,0.7,,,
ZNF600,,,0.0,,0.0,,0.5,,0.6,,0.7,,,,0.7,,,0.9,0.8,0.76,,,
ZNF605,,,0.37,,0.21,,,,,,,,0.9,,0.85,,,,0.8,,,,
ZNF606,,,0.43,,0.22,,,,0.73,,0.95,,,,,0.76,,0.9,0.85,0.63,,,
ZNF607,,,0.0,,0.6,,,,0.85,,0.9,,,,0.8,,,0.75,0.7,0.68,,,
ZNF608,,,,1.0,0.94,,0.8,,0.75,,0.9,,,,0.7,,,0.85,0.7,,,0.6,
ZNF609,,,,1.0,0.94,,,,0.8,,,,0.9,,0.8,,,,0.75,,,,
ZNF610,,,0.0,,0.98,,,0.6,0.7,,0.9,,,,0.8,,,0.85,0.8,0.77,,,
ZNF611,,,0.3,,0.5,,,,0.7,,,,0.9,,0.7,,,,0.6,,,,
ZNF613,,,0.0,,0.41,,,,0.6,,,,0.88,,,,,,0.5,,,,
ZNF614,,,0.0,,0.65,,,,0.8,,0.9,,,,0.7,,,,0.7,,,0.6,
ZNF615,,,0.0,,0.68,,,,0.8,,0.9,,,,0.85,,,,0.5,,,,
ZNF616,,,0.9,,0.91,,,,0.7,,0.6,,,,0.8,,,0.85,0.8,0.69,,,
ZNF618,,,,1.0,0.88,,0.5,,0.8,,0.9,,,,0.7,,0.85,0.9,0.7,0.79,,,
ZNF619,,,0.0,,0.58,,,,0.6,,0.9,,,,0.7,,,,0.5,0.62,,,
ZNF620,,,0.0,,0.58,,,,0.7,,0.96,,,,0.7,,,,0.85,,,0.6,
ZNF621,,,0.0,,0.63,,,0.5,0.6,,0.9,,,,0.7,,,0.8,0.7,,,0.7,
ZNF622,,,0.3,,0.3,0.7,,,0.6,,0.8,,,,0.8,,,,0.5,,,0.6,
ZNF623,,,0.0,,0.67,,,,0.6,,0.9,,,,0.7,,,0.8,0.5,0.62,,,
ZNF624,,,0.04,,0.28,,,,0.87,,0.67,,,,0.8,,,0.75,0.65,0.7,,,
ZNF625,,,,0.73,0.0,,,,0.8,,0.95,,,,0.75,,,0.9,0.61,0.68,,,
ZNF626,,,0.42,,0.2,,,,0.75,,0.9,,,,0.8,,,0.85,0.8,,,0.57,
ZNF627,,,0.34,,0.23,,,,0.8,,0.9,,,,0.75,,,,0.85,,,0.6,
ZNF628,,,,0.9,0.16,,,,0.7,,0.85,,,,,0.75,,0.75,0.8,0.81,,,
ZNF629,,,,1.0,0.8,,,,0.6,,0.8,,,,0.7,,,0.9,0.7,,,0.7,
ZNF630,,,0.0,,0.62,,,,0.6,,0.9,,,,,,,0.85,0.8,0.73,,,
ZNF638,,,,1.0,0.09,,0.9,,0.6,,0.7,,,,0.7,,0.8,,0.5,,,0.6,
ZNF639,,,0.0,,0.48,,,,0.6,,0.9,,,,0.9,,,,0.7,,,0.6,
ZNF641,,,0.0,,,,0.8,,,,,,0.9,,,0.7,,,,,0.6,,
ZNF644,,,,1.0,0.87,0.9,0.7,,0.5,,0.6,,,,0.5,,,0.9,0.8,,,0.6,
ZNF646,,,0.0,,0.37,,0.1,,0.8,,0.9,,,,0.8,,,0.85,0.75,0.82,,,
ZNF648,,,0.0,,,,0.8,,,,,,0.9,,,,,,,,0.95,,
ZNF649,,,0.6,,0.25,,,,0.7,,0.8,,,,0.9,,,,0.5,,,0.56,
ZNF652,,,,0.97,0.1,0.45,0.14,,0.7,,0.58,,,,0.75,,,0.8,0.61,,,0.53,
ZNF653,,,0.9,,,,,,,,,,,,0.8,,,,,,,,
ZNF654,,,,1.0,0.0,,0.5,,0.8,,0.9,,,,0.8,,,0.9,0.7,0.64,,,
ZNF655,,,0.39,,0.22,,,,0.67,,0.64,,,,0.75,0.7,,0.85,0.75,0.6,,,
ZNF658,,,1.0,,1.0,,,0.6,0.7,,0.9,,,,0.8,,,0.8,0.8,,,,
ZNF658B,,,1.0,,1.0,,,,0.6,,,,,,,,,0.7,0.8,,,0.5,
ZNF66,,,0.3,,,,,,0.6,,,,,,0.7,0.65,,,,,,,
ZNF660,,,0.0,,0.5,,,,0.8,,0.9,,,,0.6,,,0.9,0.7,0.8,,,
ZNF662,,,0.0,,0.94,,,0.2,0.8,,0.9,,,,,,,0.6,0.7,0.75,,,
ZNF664,,,0.0,,0.69,,0.8,0.6,0.7,,0.9,,,,0.7,,,0.8,0.5,,,0.6,
ZNF665,,,0.9,,0.9,,,,0.7,,0.8,,,,0.8,,,0.8,0.8,0.76,,,
ZNF667,,,0.0,,0.53,,,,0.7,,,,0.96,,0.8,0.7,,,0.5,,,,
ZNF668,,,0.24,,0.24,,,,0.7,,,,0.86,,0.8,,,0.8,0.62,,,0.53,
ZNF669,,,0.0,,0.75,,,0.76,0.8,,0.84,,,,0.7,,,0.9,0.5,0.68,,,
ZNF670,,,0.0,,0.5,,,,0.7,,0.8,,,,0.6,,,0.9,0.7,,,0.4,
ZNF671,,,0.0,,0.5,,,,0.7,,0.8,,,,0.85,,,0.9,0.6,0.87,,,
ZNF672,,,,0.64,0.17,,,,0.8,,1.0,,,,0.7,,,0.9,0.75,,,0.5,
ZNF674,,,0.0,,0.79,,,,0.6,,0.8,,,,0.5,,,0.9,0.7,,,0.5,
ZNF675,,,0.13,,0.36,,,,0.8,,0.74,,,,0.9,,,0.9,0.57,,,,
ZNF676,,,0.19,,0.39,,0.1,,0.5,,0.8,,,,0.7,,,0.7,0.88,0.89,,,
ZNF677,,,0.0,,0.69,,,,0.6,,0.9,,,,0.7,,,0.8,0.7,0.83,,,
ZNF678,,,0.8,,,,0.7,,,,,,0.9,,0.85,0.75,,,,,0.65,,
ZNF679,,,0.13,,0.36,,,,0.7,,0.22,,,,0.5,,,,0.411,1.0,,,
ZNF680,,,0.44,,0.19,,,,0.67,,0.88,,,,0.7,,,0.85,0.75,,,0.53,
ZNF681,,,0.0,,0.73,,,,0.5,,0.6,,,,0.8,0.7,,0.7,0.8,0.78,,,
ZNF682,,,0.8,,0.6,,,,0.7,,0.9,,,,0.7,,,,0.5,,,,
ZNF683,0.75,,0.0,,0.84,,,,0.6,,0.7,,,,,,,,0.8,,,,
ZNF684,,,0.0,,0.92,0.7,,0.5,0.6,,0.8,,,,0.9,0.65,,0.7,0.5,,,0.6,
ZNF687,0.9,,,1.0,0.8,,,,0.6,,,,0.8,,0.9,,,,0.5,,,,
ZNF688,,,0.0,,0.96,,,,0.8,,0.9,,,,0.7,,,0.75,0.7,,,0.6,
ZNF689,,,0.46,,0.21,,,,0.67,,0.94,,,,,,,,0.75,,0.88,,
ZNF69,,,0.0,,0.5,,,,0.7,,0.8,,,,0.6,,,,0.6,0.7,,,
ZNF691,,,,0.82,0.1,,,,0.75,,0.88,,,,0.7,,,0.8,0.62,0.6,,,
ZNF692,,,0.0,,0.78,,,0.8,0.7,,0.9,,,,0.75,,,0.6,0.5,0.68,,,
ZNF695,,,0.0,,0.5,,,0.6,0.8,,0.9,,,,0.7,,,0.8,0.7,1.0,,,
ZNF696,,,,0.6,0.15,,,,,,,,0.8,,0.6,,,0.9,0.5,,,,
ZNF697,,,0.0,,0.46,,,,0.67,,,,0.85,,0.5,,,,0.5,0.77,,,
ZNF699,,,0.0,,0.52,,,,0.7,,,,0.8,,0.6,,,,0.5,,0.69,,
ZNF7,,,0.0,,0.57,,,,0.8,,0.9,,,,0.7,0.75,,,0.7,,,,
ZNF70,,,0.0,,0.43,,,,0.7,,0.9,,,,0.9,,,,0.6,0.75,,,
ZNF700,,,0.0,,0.8,,,,0.8,,0.9,,,,0.8,,,0.7,0.5,0.63,,,
ZNF701,,,0.0,,0.7,,,,,,,,0.9,,0.8,,,,0.6,,,,
ZNF702P,,,0.0,,0.0,,,,0.8,,,,,,,,,,0.5,,,0.6,
ZNF703,0.6,,0.0,,,,,,,,,,0.9,,,,0.7,,0.5,,,,
ZNF704,,,,1.0,0.95,,,0.7,0.6,,0.7,,,,0.8,,,0.9,0.6,0.8,,,
ZNF705A,,,0.0,,0.74,,,,0.8,,,,,,,0.75,,,0.5,1.0,,,
ZNF705B,,,0.0,,0.5,,,,,,,,,,,,,0.8,0.5,,1.0,,
ZNF705D,,,0.0,,0.0,,,,0.6,,0.7,,,,,,,0.8,0.5,1.0,,,
ZNF705G,,,0.0,,0.5,,,,0.7,,0.8,,,,,0.6,,,0.5,1.0,,,
ZNF706,,,,,,,,,,,,0.5,,0.5,,,,,,,,,
ZNF707,,,0.0,,0.57,,,0.75,0.7,,0.9,,,,0.7,,,0.85,0.6,0.68,,,
ZNF708,,,0.0,,0.79,,,,0.9,,0.8,,,,0.7,,,0.85,0.75,,,0.6,
ZNF709,,,0.0,,0.5,,,,0.7,,,,0.8,,0.8,,,,0.6,,0.8,,
ZNF71,,,0.0,,0.77,,,0.7,0.8,,0.9,,,,0.8,,,,0.5,,,,
ZNF710,,,,1.0,0.09,,,,0.75,,0.6,,,,0.8,,,0.8,0.7,,,0.7,
ZNF711,0.9,,,1.0,0.9,,,,0.7,,,,0.8,,0.7,,,,0.7,0.85,,,
ZNF713,,,0.0,,0.57,,,,0.7,,0.9,,,,0.7,0.65,,0.8,0.5,0.73,,,
ZNF714,,,,,,,,,,,,,,,,,,,,,,,
ZNF716,,,0.0,,0.5,0.9,,,0.8,,,,,,0.7,,,0.6,0.7,1.0,,,
ZNF717,,,0.8,,0.6,,,,0.7,,,,,,0.6,,,0.9,0.5,,,0.7,
ZNF718,,,1.0,,1.0,,,,0.7,,,,,,0.8,,,0.9,0.8,,,0.9,
ZNF721,,,0.2,,0.8,,,,0.8,,,,0.9,,0.8,,,,0.6,,,,
ZNF724,,,1.0,,1.0,,,,0.6,,0.5,,,,0.8,,,0.7,0.8,1.0,,,
ZNF726,,,0.0,,0.5,,,0.6,0.5,,,,0.6,,0.5,,,0.8,0.7,,,,
ZNF726P1,0.5,,0.9,,,,,,,,,,,,,,,0.7,,,,,
ZNF727,,,0.0,,0.94,,,,0.6,,,,,,0.7,,,0.8,0.5,0.77,,,
ZNF728,,,0.0,,0.94,,0.5,,0.6,,,,,,0.9,,,0.7,0.5,1.0,,,
ZNF729,,,0.6,,,,0.8,,,,,,0.9,,0.9,,,,,,1.0,,
ZNF730,,,0.0,,0.5,,,,0.8,,,,,,0.7,,,,0.6,,1.0,,
ZNF732,,,0.1,,0.41,,,,0.6,,0.6,,,,0.7,0.65,,0.8,0.7,0.86,,,
ZNF735,,,0.0,,0.0,,,,0.6,,0.8,,,,0.9,,,,0.5,1.0,,,
ZNF736,,,0.0,,0.5,,,,0.6,,0.8,,,,0.7,,,0.7,0.7,0.8,,,
ZNF737,,,0.0,,0.8,,,,0.8,,0.9,,,,0.75,,,0.85,0.7,0.81,,,
ZNF738,,,0.04,,0.45,,,,0.7,,0.6,,,,0.9,,,0.8,0.5,0.69,,,
ZNF74,,,0.0,,0.55,,,0.6,0.7,,0.9,,,,0.6,0.7,,,0.8,,,0.59,
ZNF740,,,,0.83,0.1,,0.1,,0.8,,0.6,,,,0.85,,,0.75,0.5,,,0.57,
ZNF746,,,,0.66,0.2,,0.1,,0.75,,0.68,,,,0.9,0.7,,0.8,0.64,,,0.57,
ZNF747,,,0.2,,0.5,,,0.5,0.6,,0.7,,,,,,,0.8,0.5,,,0.6,
ZNF749,,,0.8,,0.6,,,,0.7,,,,0.9,,0.8,,,,0.5,,,,
ZNF750,0.75,,,0.88,0.13,,,,0.8,,,,0.9,,,,,,0.85,0.99,,,
ZNF75A,,,0.0,,0.5,,,,0.7,,0.9,,,,,,,0.8,0.6,,,0.7,
ZNF75CP,,,1.0,,1.0,,,,0.7,,,,,,,,,0.8,0.5,,,0.9,
ZNF75D,,,0.0,,0.55,,,,0.9,,0.81,,,,,,,0.8,0.5,0.65,,,
ZNF76,,,0.0,,,,0.5,0.6,0.7,,,,0.9,,0.8,,,,0.5,0.7,,,
ZNF761,,,1.0,,,,,,,,,,,,0.6,,,,,,,,
ZNF763,,,0.8,,0.6,,,,0.75,,0.85,,,,0.8,,,0.9,0.7,0.8,,,
ZNF764,,,0.0,,0.66,,,0.8,0.7,,0.9,,,,,0.7,,,0.5,,,0.6,
ZNF765,,,0.0,,0.5,,,,0.6,,0.7,,,,0.8,,,0.5,0.6,0.7,,,
ZNF766,,,0.0,,0.5,,,,0.5,,0.8,,,,0.6,,,0.9,0.6,0.7,,,
ZNF767P,,,0.0,,0.0,,,,0.6,,,,,,,0.1,,,0.5,,,0.2,
ZNF768,,,0.45,,0.22,,,,0.75,,0.85,,,,0.7,0.65,,,0.54,,,0.48,
ZNF77,,,0.0,,0.7,,,,0.8,,0.9,,,,0.8,,,0.7,0.8,,,0.6,
ZNF770,,,,0.99,0.09,,,,0.6,,0.8,,,,0.8,,,0.75,0.7,0.7,,,
ZNF771,,,0.06,,0.4,,,,0.8,,0.9,,,,0.7,,,0.7,0.5,0.66,,,
ZNF772,,,0.0,,0.52,,,,0.7,,0.9,,,,0.8,,,,0.8,,,,
ZNF773,,,0.0,,0.83,,,,0.8,,0.9,,,,0.9,,,0.7,0.5,,,0.6,
ZNF774,,,0.0,,0.5,0.8,,,0.6,,0.7,,,,,,,0.9,0.6,0.7,,,
ZNF775,,,0.02,,0.34,,,,0.8,,,,0.9,,0.6,,,,0.5,,,0.57,
ZNF776,,,0.9,,0.8,,,,0.7,,0.8,,,,0.8,,,0.9,0.6,0.7,,,
ZNF777,,,,1.0,1.0,0.9,,0.7,0.6,,,,0.7,,0.7,,,0.8,0.8,,,0.5,
ZNF778,0.7,,0.0,,,,0.5,,,,,,0.8,,0.9,,,,,,0.6,,0.5
ZNF780A,,,0.0,,0.5,,,,0.6,,0.8,,,,0.7,,,0.7,0.7,0.6,,,
ZNF780B,,,0.0,,0.76,,,,0.7,,0.9,,,,0.8,,,,0.8,0.75,,,
ZNF781,,,0.0,,0.0,,,,0.6,,0.9,,,,,0.75,,,0.7,0.84,,,
ZNF782,,,0.0,,0.72,,,,0.8,,0.75,,,,0.8,,,,0.85,0.7,,,
ZNF783,,,0.0,,0.52,,,,0.6,,0.9,,,,0.7,,,0.7,0.5,,,,
ZNF784,,,,0.83,0.0,,,0.6,0.7,,0.95,,,,0.9,,,0.8,0.5,0.64,,,
ZNF785,,,0.0,,,,0.5,0.7,0.8,,,,0.9,,,0.6,0.7,,0.5,,,,
ZNF786,,,0.0,,0.8,,0.8,0.7,0.8,,0.9,,,,0.7,,,0.8,0.7,0.6,,,
ZNF787,,,,0.89,0.0,,0.5,,0.9,,,,,,0.9,,,0.8,0.5,,,0.6,
ZNF789,,,0.0,,0.76,,0.4,,0.5,,0.65,,,,,,,,0.5,0.64,,,
ZNF79,,,0.9,,,,,,,,,,0.8,,,,,,,,,,
ZNF790,,,0.0,,0.92,,,,0.6,,0.84,,,,0.7,,,0.9,0.636,,,0.54,
ZNF791,,,0.09,,0.28,,,,0.9,,0.68,,,,0.75,,,0.8,0.57,0.65,,,
ZNF792,,,0.0,,0.86,,,,0.9,,0.8,,,,0.8,,,0.7,0.5,0.76,,,
ZNF793,,,0.0,,0.88,,,,0.8,,0.9,,,,,,,0.7,0.5,0.79,,,
ZNF799,,,0.02,,0.64,,,,0.8,,0.9,,,,0.7,,,0.9,0.8,0.63,,,
ZNF8,,,0.9,,0.36,,,,0.5,,0.6,,,,0.6,,,0.8,0.7,,,0.4,
ZNF80,,,1.0,,1.0,,,,0.6,,0.8,,,,,0.75,,0.7,0.5,0.9,,,
ZNF800,,,,1.0,0.9,,0.6,0.6,0.5,,0.7,,,,0.8,,,0.8,0.7,0.7,,,
ZNF804A,,,0.03,,0.27,,0.8,,0.5,,0.6,,,,0.8,,,0.9,0.75,,,,
ZNF804B,,,0.0,,0.74,,,,0.6,,0.7,,,,0.75,0.7,,,0.8,,,,
ZNF805,,,0.37,,0.23,0.93,,,0.7,,0.75,,,,0.8,0.75,,,0.85,0.68,,,
ZNF808,,,0.31,,0.25,,,,0.7,,,,,,0.8,,,,0.903,,,,
ZNF81,,,,0.58,0.19,,,,0.8,,0.85,,,,0.7,0.78,,,0.75,,,,
ZNF813,,,,0.65,0.0,,,,0.6,,0.56,,,,0.7,,,0.8,0.617,0.75,,,
ZNF814,,,0.8,,0.6,0.7,,,0.7,,0.6,,,,0.7,,,,0.5,,,,
ZNF815P,,,0.9,,0.0,,,,0.7,,,,,,,0.3,,,0.5,,,,
ZNF816,,,0.0,,0.6,,,0.6,0.7,,0.8,,,,0.7,,,0.8,0.7,0.7,,,
ZNF816-ZNF321P,0.3,,0.0,,0.0,,,,0.6,,0.8,,,,,,,,0.5,,,0.7,
ZNF818P,,,1.0,,1.0,,,,0.6,,,,,,,,,0.7,0.8,,,0.9,
ZNF821,,,0.0,,0.4,,,,0.7,,0.9,,,,,0.75,,0.9,0.6,0.88,,,0.7
ZNF823,,,0.37,,0.21,,,,0.8,,0.47,,,,0.7,,,0.75,0.61,0.64,,,
ZNF826P,,,1.0,,1.0,1.0,,,0.7,,,,,,,,,0.9,0.8,,,0.5,
ZNF827,,,,1.0,0.89,,0.9,,0.6,,0.7,,,,0.6,,,0.8,0.5,0.7,,,
ZNF829,,,0.0,,0.82,,,0.4,0.6,,0.9,,,,0.7,,,0.8,0.5,0.97,,,
ZNF83,,,0.0,,0.0,,,,0.7,,0.9,,,,0.7,,,0.6,0.8,0.77,,,
ZNF830,,1.0,0.06,,0.33,,,,0.9,,,,0.91,,0.8,,,,0.75,,,,
ZNF831,,,0.0,,0.51,,0.9,,0.7,,0.6,,,,0.75,,,0.85,0.8,0.95,,,
ZNF833P,,,0.0,,0.0,,,,0.6,,,,,,,,,0.7,0.5,,,0.4,
ZNF835,,,0.0,,0.0,,,,0.7,,0.9,,,,,0.75,,,0.8,0.8,,,
ZNF836,,,0.0,,0.8,,,,,,,,0.9,,0.8,,,,0.5,,,,
ZNF837,,,0.0,,0.5,,,,0.6,,0.8,,,,,0.65,,0.7,0.5,0.77,,,
ZNF839,,,0.9,,,,0.8,,,,,,0.7,,0.75,0.75,,,,,,,
ZNF84,,,1.0,,1.0,,,,0.7,,0.9,,,,0.7,,,0.9,0.8,,,0.6,
ZNF840P,,,0.0,,0.0,,,,0.7,,,,,,,,,0.8,0.5,,,0.6,
ZNF841,,,0.02,,0.55,,0.4,,0.5,,0.6,,,,0.7,,,0.7,0.8,0.69,,,
ZNF843,,,0.0,,0.0,,,0.5,0.5,,0.8,,,,,0.5,,,0.5,,,,
ZNF844,,,0.0,,0.96,,,,0.7,,0.9,,,,0.8,,,0.85,0.8,0.63,,,
ZNF845,,,0.0,,0.5,,,,0.6,,0.8,,,,0.75,,,,0.7,,,,
ZNF846,,,0.8,,0.4,,,,0.6,,0.7,,,,0.7,,,0.5,0.5,0.7,,,
ZNF85,,,0.0,,0.7,,,,0.6,,0.9,,,,0.7,,,0.8,0.8,0.95,,,
ZNF850,,,,0.72,0.0,,,,0.5,,,,0.6,,0.7,,,,0.5,0.71,,,
ZNF852,,,0.0,,0.79,,,,0.6,,0.8,,,,0.75,,,0.7,0.5,0.68,,,
ZNF853,,,0.9,,0.3,,,,0.6,,0.8,,,,,,,,0.5,0.7,,,
ZNF860,,,1.0,,1.0,,,,0.8,,0.9,,,,0.7,0.75,,,0.5,,,,
ZNF861P,,,0.0,,0.0,,,,0.7,,,,,,,,,0.8,0.5,,,0.6,
ZNF862,,,0.0,,0.61,,,,0.6,,0.9,,,,0.8,,,0.5,0.7,0.64,,,
ZNF865,,,0.0,,0.0,,,,0.6,,0.8,,,,0.7,,,0.9,0.7,,,0.7,
ZNF876P,,,0.0,,0.0,,,,0.7,,,,,,,0.5,,,0.5,,,0.2,
ZNF878,,,0.2,,0.5,,,,0.7,,,,0.9,,0.8,,,,0.6,,,,
ZNF879,,,0.0,,0.58,,,,0.7,,0.9,,,,0.6,,,0.85,0.75,0.72,,,
ZNF880,,,0.0,,0.82,,,,0.6,,0.6,,,,0.7,,,,0.8,0.61,,,
ZNF883,,,0.0,,0.0,,,,0.7,,,,,,0.6,,,,0.5,0.8,,,
ZNF888,,,0.0,,,,,,,,,,,,0.7,,,,,,,,
ZNF891,,,0.0,,0.71,,,,0.8,,0.9,,,,0.6,,,0.7,0.5,0.73,,,
ZNF90,,,0.0,,0.82,,,,0.5,,0.85,,,,0.7,,,0.75,0.85,0.87,,,
ZNF91,,,0.46,,0.18,,,,0.8,,0.82,,,,0.6,,,0.9,0.75,,,0.55,
ZNF92,,,0.0,,0.5,,,,0.7,,0.8,,,,0.6,,,0.9,0.6,0.7,,,
ZNF93,,,0.0,,0.5,,,,0.6,,0.8,,,,0.7,,,,0.7,,,,
ZNF98,,,0.0,,,,0.8,,,,,,0.9,,0.6,0.7,,,,,0.9,,
ZNF99,,,0.03,,0.54,,,,,,,,0.9,,0.7,,,,0.8,,,,
ZNFX1,,,,1.0,0.16,,,,0.5,,0.7,,,,0.7,,,,0.7,0.66,,,
ZNHIT1,,,0.0,,0.5,0.7,,0.75,0.8,,,,0.9,,,,,,0.6,,,0.6,
ZNHIT2,,,0.0,,0.7,,,,0.8,,0.9,,,,0.6,,,,0.5,,,,
ZNHIT3,,,0.0,,0.5,0.3,0.6,,0.5,,0.8,,,,0.7,,,,0.4,,,0.2,
ZNHIT6,,,0.0,,0.8,,,,0.8,,0.87,,,,0.7,,0.9,,0.5,,,0.54,
ZNRF1,,,,0.9,0.0,,,0.4,0.6,,0.8,,,,0.8,0.7,,,0.5,,,,
ZNRF2,,,,,,,,,,,,,,,,,,,,,,,
ZNRF3,,,,,,,,,,,,0.8,,0.6,,,,,,,,,
ZNRF4,,,0.49,,0.0,,,0.7,0.8,,0.94,,,,1.0,0.78,,0.9,0.86,,,,
ZP1,0.8,,0.0,,0.96,,,0.4,0.6,,0.7,,,,0.5,,,,0.5,1.0,,,
ZP2,0.7,,0.0,,0.48,,,0.6,0.7,,0.9,,,,0.8,,,,0.6,1.0,,,
ZP3,0.8,,0.0,,0.48,,,,0.7,,,,0.9,,0.7,,,,0.5,0.64,,,
ZP4,,,0.0,,,,0.5,,,,,,0.9,,0.7,,,,,,1.0,,
ZPBP,,,0.0,,0.45,,0.6,,0.7,,0.8,,,,0.6,,,0.9,0.5,1.0,,,
ZPBP2,,,0.0,,0.58,,0.8,0.6,0.7,,0.9,,,,0.8,,,,0.5,1.0,,,
ZPLD1,,,0.0,,0.65,,,0.5,0.6,,0.9,,,,0.8,,,,0.7,0.97,,,
ZPR1,,,1.0,,1.0,,,,0.8,,0.9,,,,0.8,,,,0.8,0.7,,,
ZRANB1,,,,,,,,,,,,,,,,,,,,,,,
ZRANB2,,,,1.0,0.9,,,0.6,0.5,,0.7,,,,0.7,0.75,,,0.6,,,,
ZRANB3,,,0.0,,0.7,,0.6,,0.7,,0.9,,,,0.75,0.78,,,0.8,0.65,,,
ZRSR2,,,,1.0,0.0,,,0.85,0.7,,0.9,,,,0.6,,,,0.8,,,0.75,
ZRSR2P1,,,0.0,,0.0,,,,0.6,,0.8,,,,,,,0.7,0.5,,,0.6,
ZSCAN1,,,0.0,,0.98,,,0.7,0.7,,0.9,,,,,,,0.8,0.6,0.91,,,
ZSCAN10,,,0.0,,0.47,,,,0.85,,0.9,,,,,,,0.6,0.7,0.96,,,
ZSCAN12,,,0.0,,,,0.8,0.6,,,,,0.9,,0.5,,,,,,0.7,,
ZSCAN16,,,0.0,,0.87,,,,0.6,,0.9,,,,0.7,,,0.8,0.5,0.63,,,
ZSCAN18,,,0.8,,0.6,,,,0.7,,0.9,,,,0.8,,,0.8,0.5,0.6,,,
ZSCAN2,,,0.0,,0.5,,0.7,,0.8,,0.9,,,,0.7,,,,0.6,0.7,,,
ZSCAN20,,,0.0,,0.33,,,0.75,0.6,,0.9,,,,0.7,,,0.85,0.7,0.69,,,
ZSCAN21,,,0.0,,0.98,,,0.75,0.7,,0.9,,,,0.6,,,,0.6,,,0.5,
ZSCAN22,,,0.0,,0.78,,,0.2,0.7,,0.9,,,,0.9,,,0.6,0.5,,,0.6,
ZSCAN23,,,0.0,,0.88,,0.1,,0.6,,0.8,,,,,,,,0.5,0.79,,,
ZSCAN25,,,0.0,,0.43,,,,0.7,,0.8,,,,0.8,,,0.6,0.5,0.66,,,
ZSCAN26,,,1.0,,1.0,,,0.6,0.8,,0.9,,,,0.9,,,0.8,0.7,0.7,,,
ZSCAN29,,,0.0,,0.61,,,0.5,0.6,,0.8,,,,0.7,,,0.9,0.7,,,0.59,
ZSCAN30,,,0.0,,0.86,,,,,,,,0.8,,0.9,,0.8,,0.5,,,0.7,
ZSCAN31,,,0.0,,,,0.5,0.6,0.7,,,,0.8,,0.9,0.6,,,,,,,0.6
ZSCAN32,,,0.0,,0.5,,,0.7,0.6,,0.8,,,,0.7,,,0.9,0.7,,,0.6,
ZSCAN4,,,0.0,,0.88,,,,0.6,,0.9,,,,,0.8,,,0.5,0.89,,,
ZSCAN5A,,,0.9,,0.5,,,0.6,0.7,,0.8,,,,0.8,,,0.8,0.6,1.0,,,
ZSCAN5B,,,0.0,,0.7,,,,0.75,,0.85,,,,0.8,,,0.9,0.8,1.0,,,
ZSCAN5C,,,0.0,,0.97,,,,0.6,,0.7,,,,,,,,0.5,0.97,,,
ZSCAN5DP,,,0.0,,0.0,,,,0.6,,,,,,,,,0.7,0.5,,,0.4,
ZSCAN9,,,0.0,,0.87,,,,0.7,,0.9,,,,0.7,0.65,,0.8,0.5,0.69,,,
ZSWIM1,,,0.0,,0.7,,,,0.8,,0.9,,,,0.9,0.75,,,0.6,,,0.7,
ZSWIM2,,,0.0,,0.9,,,0.5,0.4,,0.92,,,,0.7,,,,0.633,1.0,,,
ZSWIM3,,,0.0,,0.49,,,,0.6,,0.8,,,,0.7,0.5,,,0.5,,,,
ZSWIM4,,,0.0,,0.37,,,,0.8,,0.9,,,,0.9,0.75,,,0.7,,,,
ZSWIM5,,,0.8,,0.6,,,,,,,,0.9,,,,,,0.5,,,,
ZSWIM6,,,,1.0,0.0,,,,0.6,,0.7,,,,0.7,,,,0.5,,,0.6,
ZSWIM7,,,,,,,,,,,,,,,,,,,,,,,
ZSWIM8,,,,,,,,,,,,0.5,,,,,,,,,,,
ZSWIM9,,,0.0,,0.0,,,,0.6,,0.8,,,,0.9,,,,0.5,,,,
ZW10,,,0.0,,0.33,,,0.5,0.7,,0.9,,,,0.8,0.7,,,0.6,0.64,,,
ZWILCH,,,0.0,,0.72,,,0.4,0.8,,0.9,,,,0.7,,,,0.5,0.96,,,
ZWINT,,,0.0,,0.9,,,0.7,0.85,,0.9,,,,0.6,0.7,,,0.5,1.0,,,0.5
ZXDA,,,0.0,,0.54,,0.1,,0.8,,0.9,,,,0.7,0.6,,0.7,0.8,0.61,,,
ZXDB,,,,0.95,0.0,,,,0.7,,,,,,0.6,,,,0.8,,,0.52,
ZXDC,,,0.0,,0.65,,,,0.85,,0.9,,,,0.8,,,,0.7,0.61,,,
ZYG11A,,,0.0,,0.0,,,,0.6,,0.8,,,,0.5,0.5,0.7,,0.7,,,,
ZYG11B,,,,1.0,0.89,0.8,,,0.8,,0.9,,,,0.8,0.85,,,0.7,,,0.6,
ZYX,,,,,,,,,,,,0.5,,,,,,,,,,,
ZZEF1,,,,0.97,0.21,,0.5,,0.7,,0.8,,,,0.6,0.7,,0.9,0.85,0.6,,,
ZZZ3,,,,1.0,0.93,,0.7,,0.75,,0.6,,,,0.7,,,,,,,0.6,
